ISO-10303-21;
HEADER;
/* Generated by software containing ST-Developer
 * from STEP Tools, Inc. (www.steptools.com) 
 */

FILE_DESCRIPTION(
/* description */ (''),
/* implementation_level */ '2;1');

FILE_NAME(
/* name */ 'base bracelet.step',
/* time_stamp */ '2026-10-05T17:37:14+02:00',
/* author */ (''),
/* organization */ (''),
/* preprocessor_version */ 'ST-DEVELOPER v20.1',
/* originating_system */ 'Autodesk Translation Framework v15.8.0.0',
/* authorisation */ '');

FILE_SCHEMA (('AUTOMOTIVE_DESIGN { 1 0 10303 214 3 1 1 }'));
ENDSEC;

DATA;
#10=MECHANICAL_DESIGN_GEOMETRIC_PRESENTATION_REPRESENTATION('',(#13),#16861);
#11=SHAPE_REPRESENTATION_RELATIONSHIP('SRR','None',#16868,#12);
#12=ADVANCED_BREP_SHAPE_REPRESENTATION('',(#14),#16860);
#13=STYLED_ITEM('',(#16877),#14);
#14=MANIFOLD_SOLID_BREP('Corps1',#8609);
#15=SPHERICAL_SURFACE('',#8842,5.);
#16=SPHERICAL_SURFACE('',#8845,5.);
#17=SPHERICAL_SURFACE('',#8848,5.);
#18=SPHERICAL_SURFACE('',#8853,5.);
#19=CYLINDRICAL_SURFACE('',#8788,5.);
#20=CYLINDRICAL_SURFACE('',#8790,4.6);
#21=CYLINDRICAL_SURFACE('',#8807,7.68960337078578);
#22=CYLINDRICAL_SURFACE('',#8810,7.68960337078579);
#23=CYLINDRICAL_SURFACE('',#8815,7.68960337078578);
#24=CYLINDRICAL_SURFACE('',#8821,7.68960337078578);
#25=CYLINDRICAL_SURFACE('',#8837,5.);
#26=CYLINDRICAL_SURFACE('',#8858,5.);
#27=CYLINDRICAL_SURFACE('',#8859,5.);
#28=CYLINDRICAL_SURFACE('',#8860,5.);
#29=CYLINDRICAL_SURFACE('',#8861,5.);
#30=CYLINDRICAL_SURFACE('',#8862,5.);
#31=CYLINDRICAL_SURFACE('',#8864,2.4);
#32=CYLINDRICAL_SURFACE('',#8866,2.4);
#33=CYLINDRICAL_SURFACE('',#8871,2.4);
#34=CYLINDRICAL_SURFACE('',#8873,2.4);
#35=CYLINDRICAL_SURFACE('',#8875,5.);
#36=CYLINDRICAL_SURFACE('',#8877,5.);
#37=CYLINDRICAL_SURFACE('',#8880,1.2);
#38=CYLINDRICAL_SURFACE('',#8883,1.2);
#39=CYLINDRICAL_SURFACE('',#8886,1.2);
#40=CYLINDRICAL_SURFACE('',#8889,1.2);
#41=CYLINDRICAL_SURFACE('',#8905,5.5);
#42=CYLINDRICAL_SURFACE('',#8907,2.1);
#43=CYLINDRICAL_SURFACE('',#8909,2.1);
#44=CIRCLE('',#8786,5.);
#45=CIRCLE('',#8787,4.6);
#46=CIRCLE('',#8789,5.);
#47=CIRCLE('',#8791,4.6);
#48=CIRCLE('',#8808,7.68960337078578);
#49=CIRCLE('',#8809,7.68960337078578);
#50=CIRCLE('',#8811,7.68960337078579);
#51=CIRCLE('',#8812,7.68960337078579);
#52=CIRCLE('',#8816,7.68960337078578);
#53=CIRCLE('',#8817,7.68960337078578);
#54=CIRCLE('',#8819,7.68960337078578);
#55=CIRCLE('',#8822,7.68960337078578);
#56=CIRCLE('',#8826,5.);
#57=CIRCLE('',#8827,5.);
#58=CIRCLE('',#8828,5.);
#59=CIRCLE('',#8829,5.);
#60=CIRCLE('',#8830,1.2);
#61=CIRCLE('',#8831,1.2);
#62=CIRCLE('',#8832,1.2);
#63=CIRCLE('',#8833,1.2);
#64=CIRCLE('',#8834,5.5);
#65=CIRCLE('',#8838,5.);
#66=CIRCLE('',#8839,5.);
#67=CIRCLE('',#8840,5.);
#68=CIRCLE('',#8841,5.);
#69=CIRCLE('',#8843,5.);
#70=CIRCLE('',#8844,5.);
#71=CIRCLE('',#8846,5.);
#72=CIRCLE('',#8847,5.);
#73=CIRCLE('',#8849,5.);
#74=CIRCLE('',#8850,5.);
#75=CIRCLE('',#8851,5.);
#76=CIRCLE('',#8852,5.);
#77=CIRCLE('',#8854,5.);
#78=CIRCLE('',#8855,5.);
#79=CIRCLE('',#8856,5.);
#80=CIRCLE('',#8857,5.);
#81=CIRCLE('',#8865,2.4);
#82=CIRCLE('',#8867,2.4);
#83=CIRCLE('',#8869,2.1);
#84=CIRCLE('',#8870,2.1);
#85=CIRCLE('',#8872,2.4);
#86=CIRCLE('',#8874,2.4);
#87=CIRCLE('',#8879,1.2);
#88=CIRCLE('',#8882,1.2);
#89=CIRCLE('',#8885,1.2);
#90=CIRCLE('',#8888,1.2);
#91=CIRCLE('',#8899,5.5);
#92=CIRCLE('',#8900,2.1);
#93=CIRCLE('',#8901,2.1);
#94=B_SPLINE_SURFACE_WITH_KNOTS('',3,1,((#10328,#10329),(#10330,#10331),
(#10332,#10333),(#10334,#10335),(#10336,#10337)),.UNSPECIFIED.,.F.,.F.,
 .F.,(4,1,4),(2,2),(0.,0.0263560519337239,0.0625068493275886),(-0.04,0.),
 .UNSPECIFIED.);
#95=B_SPLINE_SURFACE_WITH_KNOTS('',3,1,((#10345,#10346),(#10347,#10348),
(#10349,#10350),(#10351,#10352),(#10353,#10354)),.UNSPECIFIED.,.F.,.F.,
 .F.,(4,1,4),(2,2),(0.,0.0238976637774844,0.046995733840031),(-0.04,0.),
 .UNSPECIFIED.);
#96=B_SPLINE_SURFACE_WITH_KNOTS('',3,1,((#10362,#10363),(#10364,#10365),
(#10366,#10367),(#10368,#10369),(#10370,#10371)),.UNSPECIFIED.,.F.,.F.,
 .F.,(4,1,4),(2,2),(0.,0.0138013542351473,0.0281383964856451),(-0.04,0.),
 .UNSPECIFIED.);
#97=B_SPLINE_SURFACE_WITH_KNOTS('',3,1,((#10379,#10380),(#10381,#10382),
(#10383,#10384),(#10385,#10386),(#10387,#10388)),.UNSPECIFIED.,.F.,.F.,
 .F.,(4,1,4),(2,2),(0.,0.0122136723615823,0.0253033373822755),(-0.04,0.),
 .UNSPECIFIED.);
#98=B_SPLINE_SURFACE_WITH_KNOTS('',3,1,((#10396,#10397),(#10398,#10399),
(#10400,#10401),(#10402,#10403),(#10404,#10405)),.UNSPECIFIED.,.F.,.F.,
 .F.,(4,1,4),(2,2),(0.,0.0140014333350317,0.02656349397196),(-0.04,0.),
 .UNSPECIFIED.);
#99=B_SPLINE_SURFACE_WITH_KNOTS('',3,1,((#10413,#10414),(#10415,#10416),
(#10417,#10418),(#10419,#10420),(#10421,#10422)),.UNSPECIFIED.,.F.,.F.,
 .F.,(4,1,4),(2,2),(0.,0.0175712626063669,0.030508962452887),(-0.04,0.),
 .UNSPECIFIED.);
#100=B_SPLINE_SURFACE_WITH_KNOTS('',3,1,((#10446,#10447),(#10448,#10449),
(#10450,#10451),(#10452,#10453),(#10454,#10455)),.UNSPECIFIED.,.F.,.F.,
 .F.,(4,1,4),(2,2),(0.,0.00960822059972304,0.0247920647359423),(-0.04,0.),
 .UNSPECIFIED.);
#101=B_SPLINE_SURFACE_WITH_KNOTS('',3,1,((#10463,#10464),(#10465,#10466),
(#10467,#10468),(#10469,#10470),(#10471,#10472)),.UNSPECIFIED.,.F.,.F.,
 .F.,(4,1,4),(2,2),(0.,0.0104427044288844,0.0207799689907181),(-0.04,0.),
 .UNSPECIFIED.);
#102=B_SPLINE_SURFACE_WITH_KNOTS('',3,1,((#10480,#10481),(#10482,#10483),
(#10484,#10485),(#10486,#10487),(#10488,#10489)),.UNSPECIFIED.,.F.,.F.,
 .F.,(4,1,4),(2,2),(0.,0.0117548084417033,0.0226844584708915),(-0.04,0.),
 .UNSPECIFIED.);
#103=B_SPLINE_SURFACE_WITH_KNOTS('',3,1,((#10497,#10498),(#10499,#10500),
(#10501,#10502),(#10503,#10504),(#10505,#10506)),.UNSPECIFIED.,.F.,.F.,
 .F.,(4,1,4),(2,2),(0.,0.0140515624628313,0.0296677450095356),(-0.04,0.),
 .UNSPECIFIED.);
#104=B_SPLINE_SURFACE_WITH_KNOTS('',3,1,((#10514,#10515),(#10516,#10517),
(#10518,#10519),(#10520,#10521),(#10522,#10523)),.UNSPECIFIED.,.F.,.F.,
 .F.,(4,1,4),(2,2),(0.,0.0220599684170753,0.0382281964166686),(-0.04,0.),
 .UNSPECIFIED.);
#105=B_SPLINE_SURFACE_WITH_KNOTS('',3,1,((#10604,#10605),(#10606,#10607),
(#10608,#10609),(#10610,#10611),(#10612,#10613)),.UNSPECIFIED.,.F.,.F.,
 .F.,(4,1,4),(2,2),(0.,0.0197130783552003,0.0397206347361504),(-0.04,0.),
 .UNSPECIFIED.);
#106=B_SPLINE_SURFACE_WITH_KNOTS('',3,1,((#10623,#10624),(#10625,#10626),
(#10627,#10628),(#10629,#10630),(#10631,#10632)),.UNSPECIFIED.,.F.,.F.,
 .F.,(4,1,4),(2,2),(0.,0.0244477088437506,0.0438418689464937),(-0.04,0.),
 .UNSPECIFIED.);
#107=B_SPLINE_SURFACE_WITH_KNOTS('',3,1,((#10853,#10854),(#10855,#10856),
(#10857,#10858),(#10859,#10860),(#10861,#10862)),.UNSPECIFIED.,.F.,.F.,
 .F.,(4,1,4),(2,2),(0.,0.0191358047627086,0.0377715216066507),(-0.04,0.),
 .UNSPECIFIED.);
#108=B_SPLINE_SURFACE_WITH_KNOTS('',3,1,((#10872,#10873),(#10874,#10875),
(#10876,#10877),(#10878,#10879),(#10880,#10881)),.UNSPECIFIED.,.F.,.F.,
 .F.,(4,1,4),(2,2),(0.,0.0250271426868236,0.0464160302640837),(-0.04,0.),
 .UNSPECIFIED.);
#109=B_SPLINE_SURFACE_WITH_KNOTS('',3,1,((#10889,#10890),(#10891,#10892),
(#10893,#10894),(#10895,#10896),(#10897,#10898)),.UNSPECIFIED.,.F.,.F.,
 .F.,(4,1,4),(2,2),(0.,0.0191232930157148,0.0395620688881959),(-0.04,0.),
 .UNSPECIFIED.);
#110=B_SPLINE_SURFACE_WITH_KNOTS('',3,1,((#10906,#10907),(#10908,#10909),
(#10910,#10911),(#10912,#10913),(#10914,#10915)),.UNSPECIFIED.,.F.,.F.,
 .F.,(4,1,4),(2,2),(0.,0.0167790445283972,0.03459512734249),(-0.04,0.),
 .UNSPECIFIED.);
#111=B_SPLINE_SURFACE_WITH_KNOTS('',3,1,((#10923,#10924),(#10925,#10926),
(#10927,#10928),(#10929,#10930),(#10931,#10932)),.UNSPECIFIED.,.F.,.F.,
 .F.,(4,1,4),(2,2),(0.,0.0156688919051667,0.0317805932255582),(-0.04,0.),
 .UNSPECIFIED.);
#112=B_SPLINE_SURFACE_WITH_KNOTS('',3,1,((#10940,#10941),(#10942,#10943),
(#10944,#10945),(#10946,#10947),(#10948,#10949)),.UNSPECIFIED.,.F.,.F.,
 .F.,(4,1,4),(2,2),(0.,0.0146776229286485,0.0299800193371209),(-0.04,0.),
 .UNSPECIFIED.);
#113=B_SPLINE_SURFACE_WITH_KNOTS('',3,1,((#10957,#10958),(#10959,#10960),
(#10961,#10962),(#10963,#10964),(#10965,#10966)),.UNSPECIFIED.,.F.,.F.,
 .F.,(4,1,4),(2,2),(0.,0.0177084687481466,0.0331865847413568),(-0.04,0.),
 .UNSPECIFIED.);
#114=B_SPLINE_SURFACE_WITH_KNOTS('',3,1,((#10974,#10975),(#10976,#10977),
(#10978,#10979),(#10980,#10981),(#10982,#10983)),.UNSPECIFIED.,.F.,.F.,
 .F.,(4,1,4),(2,2),(0.,0.0280463093824393,0.0461131220808344),(-0.04,0.),
 .UNSPECIFIED.);
#115=B_SPLINE_SURFACE_WITH_KNOTS('',3,1,((#10991,#10992),(#10993,#10994),
(#10995,#10996),(#10997,#10998),(#10999,#11000)),.UNSPECIFIED.,.F.,.F.,
 .F.,(4,1,4),(2,2),(0.,0.0154898154175762,0.0425764586159868),(-0.04,0.),
 .UNSPECIFIED.);
#116=B_SPLINE_SURFACE_WITH_KNOTS('',3,1,((#11008,#11009),(#11010,#11011),
(#11012,#11013),(#11014,#11015),(#11016,#11017)),.UNSPECIFIED.,.F.,.F.,
 .F.,(4,1,4),(2,2),(0.,0.0100131851261928,0.0198429874949278),(-0.04,0.),
 .UNSPECIFIED.);
#117=B_SPLINE_SURFACE_WITH_KNOTS('',3,1,((#11025,#11026),(#11027,#11028),
(#11029,#11030),(#11031,#11032),(#11033,#11034)),.UNSPECIFIED.,.F.,.F.,
 .F.,(4,1,4),(2,2),(0.,0.0127277858443899,0.0245616139338761),(-0.04,0.),
 .UNSPECIFIED.);
#118=B_SPLINE_SURFACE_WITH_KNOTS('',3,1,((#11042,#11043),(#11044,#11045),
(#11046,#11047),(#11048,#11049),(#11050,#11051)),.UNSPECIFIED.,.F.,.F.,
 .F.,(4,1,4),(2,2),(0.,0.0208700142693233,0.0365644706703919),(-0.04,0.),
 .UNSPECIFIED.);
#119=B_SPLINE_SURFACE_WITH_KNOTS('',3,1,((#11059,#11060),(#11061,#11062),
(#11063,#11064),(#11065,#11066),(#11067,#11068)),.UNSPECIFIED.,.F.,.F.,
 .F.,(4,1,4),(2,2),(0.,0.0163205983275831,0.0367070832001127),(-0.04,0.),
 .UNSPECIFIED.);
#120=B_SPLINE_SURFACE_WITH_KNOTS('',3,1,((#11076,#11077),(#11078,#11079),
(#11080,#11081),(#11082,#11083),(#11084,#11085)),.UNSPECIFIED.,.F.,.F.,
 .F.,(4,1,4),(2,2),(0.,0.0172376181733531,0.0324620080228324),(-0.04,0.),
 .UNSPECIFIED.);
#121=B_SPLINE_SURFACE_WITH_KNOTS('',3,1,((#11097,#11098),(#11099,#11100),
(#11101,#11102),(#11103,#11104),(#11105,#11106)),.UNSPECIFIED.,.F.,.F.,
 .F.,(4,1,4),(2,2),(0.,0.0164158126321344,0.033326712303486),(-0.04,0.),
 .UNSPECIFIED.);
#122=B_SPLINE_SURFACE_WITH_KNOTS('',3,1,((#11114,#11115),(#11116,#11117),
(#11118,#11119),(#11120,#11121),(#11122,#11123)),.UNSPECIFIED.,.F.,.F.,
 .F.,(4,1,4),(2,2),(0.,0.0174370352337024,0.0339521618124026),(-0.04,0.),
 .UNSPECIFIED.);
#123=B_SPLINE_SURFACE_WITH_KNOTS('',3,1,((#11131,#11132),(#11133,#11134),
(#11135,#11136),(#11137,#11138),(#11139,#11140)),.UNSPECIFIED.,.F.,.F.,
 .F.,(4,1,4),(2,2),(0.,0.0210007670842158,0.040071055262465),(-0.04,0.),
 .UNSPECIFIED.);
#124=B_SPLINE_SURFACE_WITH_KNOTS('',3,1,((#11148,#11149),(#11150,#11151),
(#11152,#11153),(#11154,#11155),(#11156,#11157)),.UNSPECIFIED.,.F.,.F.,
 .F.,(4,1,4),(2,2),(0.,0.0181637319675168,0.037509163358465),(-0.04,0.),
 .UNSPECIFIED.);
#125=B_SPLINE_SURFACE_WITH_KNOTS('',3,1,((#11165,#11166),(#11167,#11168),
(#11169,#11170),(#11171,#11172),(#11173,#11174)),.UNSPECIFIED.,.F.,.F.,
 .F.,(4,1,4),(2,2),(0.,0.0156800589399242,0.0324664554033789),(-0.04,0.),
 .UNSPECIFIED.);
#126=B_SPLINE_SURFACE_WITH_KNOTS('',3,1,((#11182,#11183),(#11184,#11185),
(#11186,#11187),(#11188,#11189),(#11190,#11191)),.UNSPECIFIED.,.F.,.F.,
 .F.,(4,1,4),(2,2),(0.,0.0148054551691372,0.0299096711804187),(-0.04,0.),
 .UNSPECIFIED.);
#127=B_SPLINE_SURFACE_WITH_KNOTS('',3,1,((#11199,#11200),(#11201,#11202),
(#11203,#11204),(#11205,#11206),(#11207,#11208)),.UNSPECIFIED.,.F.,.F.,
 .F.,(4,1,4),(2,2),(0.,0.0129082952113886,0.0261393200836246),(-0.04,0.),
 .UNSPECIFIED.);
#128=B_SPLINE_SURFACE_WITH_KNOTS('',3,1,((#11216,#11217),(#11218,#11219),
(#11220,#11221),(#11222,#11223),(#11224,#11225)),.UNSPECIFIED.,.F.,.F.,
 .F.,(4,1,4),(2,2),(0.,0.0150642485430385,0.0285800591695929),(-0.04,0.),
 .UNSPECIFIED.);
#129=B_SPLINE_SURFACE_WITH_KNOTS('',3,1,((#11233,#11234),(#11235,#11236),
(#11237,#11238),(#11239,#11240),(#11241,#11242)),.UNSPECIFIED.,.F.,.F.,
 .F.,(4,1,4),(2,2),(0.,0.0242971074737938,0.0406372913674645),(-0.04,0.),
 .UNSPECIFIED.);
#130=B_SPLINE_SURFACE_WITH_KNOTS('',3,1,((#11250,#11251),(#11252,#11253),
(#11254,#11255),(#11256,#11257),(#11258,#11259)),.UNSPECIFIED.,.F.,.F.,
 .F.,(4,1,4),(2,2),(0.,0.0135332981666788,0.0369308207357661),(-0.04,0.),
 .UNSPECIFIED.);
#131=B_SPLINE_SURFACE_WITH_KNOTS('',3,1,((#11267,#11268),(#11269,#11270),
(#11271,#11272),(#11273,#11274),(#11275,#11276)),.UNSPECIFIED.,.F.,.F.,
 .F.,(4,1,4),(2,2),(0.,0.00969812541882031,0.0217250831649887),(-0.04,0.),
 .UNSPECIFIED.);
#132=B_SPLINE_SURFACE_WITH_KNOTS('',3,1,((#11284,#11285),(#11286,#11287),
(#11288,#11289),(#11290,#11291),(#11292,#11293)),.UNSPECIFIED.,.F.,.F.,
 .F.,(4,1,4),(2,2),(0.,0.00892143617908568,0.0175734660736954),(-0.04,0.),
 .UNSPECIFIED.);
#133=B_SPLINE_SURFACE_WITH_KNOTS('',3,1,((#11301,#11302),(#11303,#11304),
(#11305,#11306),(#11307,#11308),(#11309,#11310)),.UNSPECIFIED.,.F.,.F.,
 .F.,(4,1,4),(2,2),(0.,0.00923651682454246,0.0182669535058568),(-0.04,0.),
 .UNSPECIFIED.);
#134=B_SPLINE_SURFACE_WITH_KNOTS('',3,1,((#11318,#11319),(#11320,#11321),
(#11322,#11323),(#11324,#11325),(#11326,#11327)),.UNSPECIFIED.,.F.,.F.,
 .F.,(4,1,4),(2,2),(0.,0.0114347716203868,0.0214437537604269),(-0.04,0.),
 .UNSPECIFIED.);
#135=B_SPLINE_SURFACE_WITH_KNOTS('',3,1,((#11335,#11336),(#11337,#11338),
(#11339,#11340),(#11341,#11342),(#11343,#11344)),.UNSPECIFIED.,.F.,.F.,
 .F.,(4,1,4),(2,2),(0.,0.0143008354988203,0.0272323880713657),(-0.04,0.),
 .UNSPECIFIED.);
#136=B_SPLINE_SURFACE_WITH_KNOTS('',3,1,((#11352,#11353),(#11354,#11355),
(#11356,#11357),(#11358,#11359),(#11360,#11361)),.UNSPECIFIED.,.F.,.F.,
 .F.,(4,1,4),(2,2),(0.,0.0151631805217479,0.0314315148446637),(-0.04,0.),
 .UNSPECIFIED.);
#137=B_SPLINE_SURFACE_WITH_KNOTS('',3,1,((#11369,#11370),(#11371,#11372),
(#11373,#11374),(#11375,#11376),(#11377,#11378)),.UNSPECIFIED.,.F.,.F.,
 .F.,(4,1,4),(2,2),(0.,0.0120019354221378,0.0256937484305408),(-0.04,0.),
 .UNSPECIFIED.);
#138=B_SPLINE_SURFACE_WITH_KNOTS('',3,1,((#11386,#11387),(#11388,#11389),
(#11390,#11391),(#11392,#11393),(#11394,#11395)),.UNSPECIFIED.,.F.,.F.,
 .F.,(4,1,4),(2,2),(0.,0.0139745871131303,0.0261550297077071),(-0.04,0.),
 .UNSPECIFIED.);
#139=B_SPLINE_SURFACE_WITH_KNOTS('',3,1,((#11407,#11408),(#11409,#11410),
(#11411,#11412),(#11413,#11414),(#11415,#11416)),.UNSPECIFIED.,.F.,.F.,
 .F.,(4,1,4),(2,2),(0.,0.0187130414518077,0.0379654432112415),(-0.04,0.),
 .UNSPECIFIED.);
#140=B_SPLINE_SURFACE_WITH_KNOTS('',3,1,((#11551,#11552),(#11553,#11554),
(#11555,#11556),(#11557,#11558),(#11559,#11560)),.UNSPECIFIED.,.F.,.F.,
 .F.,(4,1,4),(2,2),(0.,0.00597757206955603,0.0147802738092827),(-0.04,0.),
 .UNSPECIFIED.);
#141=B_SPLINE_SURFACE_WITH_KNOTS('',3,1,((#11568,#11569),(#11570,#11571),
(#11572,#11573),(#11574,#11575),(#11576,#11577)),.UNSPECIFIED.,.F.,.F.,
 .F.,(4,1,4),(2,2),(0.,0.00680637433870809,0.0132400328736346),(-0.04,0.),
 .UNSPECIFIED.);
#142=B_SPLINE_SURFACE_WITH_KNOTS('',3,1,((#11585,#11586),(#11587,#11588),
(#11589,#11590),(#11591,#11592),(#11593,#11594)),.UNSPECIFIED.,.F.,.F.,
 .F.,(4,1,4),(2,2),(0.,0.0107916701217912,0.0190145156314621),(-0.04,0.),
 .UNSPECIFIED.);
#143=B_SPLINE_SURFACE_WITH_KNOTS('',3,1,((#11602,#11603),(#11604,#11605),
(#11606,#11607),(#11608,#11609),(#11610,#11611)),.UNSPECIFIED.,.F.,.F.,
 .F.,(4,1,4),(2,2),(0.,0.0190891234771284,0.0335376685737411),(-0.04,0.),
 .UNSPECIFIED.);
#144=B_SPLINE_SURFACE_WITH_KNOTS('',3,1,((#11631,#11632),(#11633,#11634),
(#11635,#11636),(#11637,#11638),(#11639,#11640)),.UNSPECIFIED.,.F.,.F.,
 .F.,(4,1,4),(2,2),(0.,0.0164547734994351,0.0345668487477439),(-0.04,0.),
 .UNSPECIFIED.);
#145=B_SPLINE_SURFACE_WITH_KNOTS('',3,1,((#11648,#11649),(#11650,#11651),
(#11652,#11653),(#11654,#11655),(#11656,#11657)),.UNSPECIFIED.,.F.,.F.,
 .F.,(4,1,4),(2,2),(0.,0.0105150648463892,0.0188578293132849),(-0.04,0.),
 .UNSPECIFIED.);
#146=B_SPLINE_SURFACE_WITH_KNOTS('',3,1,((#11665,#11666),(#11667,#11668),
(#11669,#11670),(#11671,#11672),(#11673,#11674)),.UNSPECIFIED.,.F.,.F.,
 .F.,(4,1,4),(2,2),(0.,0.0212090124857377,0.0471027903031411),(-0.04,0.),
 .UNSPECIFIED.);
#147=B_SPLINE_SURFACE_WITH_KNOTS('',3,1,((#11682,#11683),(#11684,#11685),
(#11686,#11687),(#11688,#11689),(#11690,#11691)),.UNSPECIFIED.,.F.,.F.,
 .F.,(4,1,4),(2,2),(0.,0.0199114321939731,0.0391849721471609),(-0.04,0.),
 .UNSPECIFIED.);
#148=B_SPLINE_SURFACE_WITH_KNOTS('',3,1,((#11699,#11700),(#11701,#11702),
(#11703,#11704),(#11705,#11706),(#11707,#11708)),.UNSPECIFIED.,.F.,.F.,
 .F.,(4,1,4),(2,2),(0.,0.0156566780846253,0.0315843938206854),(-0.04,0.),
 .UNSPECIFIED.);
#149=B_SPLINE_SURFACE_WITH_KNOTS('',3,1,((#11716,#11717),(#11718,#11719),
(#11720,#11721),(#11722,#11723),(#11724,#11725)),.UNSPECIFIED.,.F.,.F.,
 .F.,(4,1,4),(2,2),(0.,0.0145675045354631,0.0296857348861384),(-0.04,0.),
 .UNSPECIFIED.);
#150=B_SPLINE_SURFACE_WITH_KNOTS('',3,1,((#11733,#11734),(#11735,#11736),
(#11737,#11738),(#11739,#11740),(#11741,#11742)),.UNSPECIFIED.,.F.,.F.,
 .F.,(4,1,4),(2,2),(0.,0.0235719338051219,0.0411639262576147),(-0.04,0.),
 .UNSPECIFIED.);
#151=B_SPLINE_SURFACE_WITH_KNOTS('',3,1,((#11766,#11767),(#11768,#11769),
(#11770,#11771),(#11772,#11773),(#11774,#11775)),.UNSPECIFIED.,.F.,.F.,
 .F.,(4,1,4),(2,2),(0.,0.0149490086352967,0.0343372195448647),(-0.04,0.),
 .UNSPECIFIED.);
#152=B_SPLINE_SURFACE_WITH_KNOTS('',3,1,((#11783,#11784),(#11785,#11786),
(#11787,#11788),(#11789,#11790),(#11791,#11792)),.UNSPECIFIED.,.F.,.F.,
 .F.,(4,1,4),(2,2),(0.,0.0131803153803926,0.0261374972492516),(-0.04,0.),
 .UNSPECIFIED.);
#153=B_SPLINE_SURFACE_WITH_KNOTS('',3,1,((#11800,#11801),(#11802,#11803),
(#11804,#11805),(#11806,#11807),(#11808,#11809)),.UNSPECIFIED.,.F.,.F.,
 .F.,(4,1,4),(2,2),(0.,0.00949150622367511,0.018913976107484),(-0.04,0.),
 .UNSPECIFIED.);
#154=B_SPLINE_SURFACE_WITH_KNOTS('',3,1,((#11817,#11818),(#11819,#11820),
(#11821,#11822),(#11823,#11824),(#11825,#11826)),.UNSPECIFIED.,.F.,.F.,
 .F.,(4,1,4),(2,2),(0.,0.0102401534855027,0.0199196881169526),(-0.04,0.),
 .UNSPECIFIED.);
#155=B_SPLINE_SURFACE_WITH_KNOTS('',3,1,((#11834,#11835),(#11836,#11837),
(#11838,#11839),(#11840,#11841),(#11842,#11843)),.UNSPECIFIED.,.F.,.F.,
 .F.,(4,1,4),(2,2),(0.,0.0161936333522976,0.0287237553344609),(-0.04,0.),
 .UNSPECIFIED.);
#156=B_SPLINE_SURFACE_WITH_KNOTS('',3,1,((#12002,#12003),(#12004,#12005),
(#12006,#12007),(#12008,#12009),(#12010,#12011)),.UNSPECIFIED.,.F.,.F.,
 .F.,(4,1,4),(2,2),(0.,0.0263560519337239,0.0625068493275886),(-0.04,0.),
 .UNSPECIFIED.);
#157=B_SPLINE_SURFACE_WITH_KNOTS('',3,1,((#12019,#12020),(#12021,#12022),
(#12023,#12024),(#12025,#12026),(#12027,#12028)),.UNSPECIFIED.,.F.,.F.,
 .F.,(4,1,4),(2,2),(0.,0.0238976637774844,0.046995733840031),(-0.04,0.),
 .UNSPECIFIED.);
#158=B_SPLINE_SURFACE_WITH_KNOTS('',3,1,((#12036,#12037),(#12038,#12039),
(#12040,#12041),(#12042,#12043),(#12044,#12045)),.UNSPECIFIED.,.F.,.F.,
 .F.,(4,1,4),(2,2),(0.,0.0138013542351473,0.0281383964856451),(-0.04,0.),
 .UNSPECIFIED.);
#159=B_SPLINE_SURFACE_WITH_KNOTS('',3,1,((#12053,#12054),(#12055,#12056),
(#12057,#12058),(#12059,#12060),(#12061,#12062)),.UNSPECIFIED.,.F.,.F.,
 .F.,(4,1,4),(2,2),(0.,0.0122136723615823,0.0253033373822755),(-0.04,0.),
 .UNSPECIFIED.);
#160=B_SPLINE_SURFACE_WITH_KNOTS('',3,1,((#12070,#12071),(#12072,#12073),
(#12074,#12075),(#12076,#12077),(#12078,#12079)),.UNSPECIFIED.,.F.,.F.,
 .F.,(4,1,4),(2,2),(0.,0.0140014333350317,0.02656349397196),(-0.04,0.),
 .UNSPECIFIED.);
#161=B_SPLINE_SURFACE_WITH_KNOTS('',3,1,((#12087,#12088),(#12089,#12090),
(#12091,#12092),(#12093,#12094),(#12095,#12096)),.UNSPECIFIED.,.F.,.F.,
 .F.,(4,1,4),(2,2),(0.,0.0175712626063669,0.030508962452887),(-0.04,0.),
 .UNSPECIFIED.);
#162=B_SPLINE_SURFACE_WITH_KNOTS('',3,1,((#12120,#12121),(#12122,#12123),
(#12124,#12125),(#12126,#12127),(#12128,#12129)),.UNSPECIFIED.,.F.,.F.,
 .F.,(4,1,4),(2,2),(0.,0.00960822059972304,0.0247920647359423),(-0.04,0.),
 .UNSPECIFIED.);
#163=B_SPLINE_SURFACE_WITH_KNOTS('',3,1,((#12137,#12138),(#12139,#12140),
(#12141,#12142),(#12143,#12144),(#12145,#12146)),.UNSPECIFIED.,.F.,.F.,
 .F.,(4,1,4),(2,2),(0.,0.0104427044288844,0.0207799689907181),(-0.04,0.),
 .UNSPECIFIED.);
#164=B_SPLINE_SURFACE_WITH_KNOTS('',3,1,((#12154,#12155),(#12156,#12157),
(#12158,#12159),(#12160,#12161),(#12162,#12163)),.UNSPECIFIED.,.F.,.F.,
 .F.,(4,1,4),(2,2),(0.,0.0117548084417033,0.0226844584708915),(-0.04,0.),
 .UNSPECIFIED.);
#165=B_SPLINE_SURFACE_WITH_KNOTS('',3,1,((#12171,#12172),(#12173,#12174),
(#12175,#12176),(#12177,#12178),(#12179,#12180)),.UNSPECIFIED.,.F.,.F.,
 .F.,(4,1,4),(2,2),(0.,0.0140515624628313,0.0296677450095356),(-0.04,0.),
 .UNSPECIFIED.);
#166=B_SPLINE_SURFACE_WITH_KNOTS('',3,1,((#12188,#12189),(#12190,#12191),
(#12192,#12193),(#12194,#12195),(#12196,#12197)),.UNSPECIFIED.,.F.,.F.,
 .F.,(4,1,4),(2,2),(0.,0.0220599684170753,0.0382281964166686),(-0.04,0.),
 .UNSPECIFIED.);
#167=B_SPLINE_SURFACE_WITH_KNOTS('',3,1,((#12278,#12279),(#12280,#12281),
(#12282,#12283),(#12284,#12285),(#12286,#12287)),.UNSPECIFIED.,.F.,.F.,
 .F.,(4,1,4),(2,2),(0.,0.0197130783552003,0.0397206347361504),(-0.04,0.),
 .UNSPECIFIED.);
#168=B_SPLINE_SURFACE_WITH_KNOTS('',3,1,((#12297,#12298),(#12299,#12300),
(#12301,#12302),(#12303,#12304),(#12305,#12306)),.UNSPECIFIED.,.F.,.F.,
 .F.,(4,1,4),(2,2),(0.,0.0244477088437506,0.0438418689464937),(-0.04,0.),
 .UNSPECIFIED.);
#169=B_SPLINE_SURFACE_WITH_KNOTS('',3,1,((#12527,#12528),(#12529,#12530),
(#12531,#12532),(#12533,#12534),(#12535,#12536)),.UNSPECIFIED.,.F.,.F.,
 .F.,(4,1,4),(2,2),(0.,0.0191358047627086,0.0377715216066507),(-0.04,0.),
 .UNSPECIFIED.);
#170=B_SPLINE_SURFACE_WITH_KNOTS('',3,1,((#12546,#12547),(#12548,#12549),
(#12550,#12551),(#12552,#12553),(#12554,#12555)),.UNSPECIFIED.,.F.,.F.,
 .F.,(4,1,4),(2,2),(0.,0.0250271426868236,0.0464160302640837),(-0.04,0.),
 .UNSPECIFIED.);
#171=B_SPLINE_SURFACE_WITH_KNOTS('',3,1,((#12563,#12564),(#12565,#12566),
(#12567,#12568),(#12569,#12570),(#12571,#12572)),.UNSPECIFIED.,.F.,.F.,
 .F.,(4,1,4),(2,2),(0.,0.0191232930157148,0.0395620688881959),(-0.04,0.),
 .UNSPECIFIED.);
#172=B_SPLINE_SURFACE_WITH_KNOTS('',3,1,((#12580,#12581),(#12582,#12583),
(#12584,#12585),(#12586,#12587),(#12588,#12589)),.UNSPECIFIED.,.F.,.F.,
 .F.,(4,1,4),(2,2),(0.,0.0167790445283972,0.03459512734249),(-0.04,0.),
 .UNSPECIFIED.);
#173=B_SPLINE_SURFACE_WITH_KNOTS('',3,1,((#12597,#12598),(#12599,#12600),
(#12601,#12602),(#12603,#12604),(#12605,#12606)),.UNSPECIFIED.,.F.,.F.,
 .F.,(4,1,4),(2,2),(0.,0.0156688919051667,0.0317805932255582),(-0.04,0.),
 .UNSPECIFIED.);
#174=B_SPLINE_SURFACE_WITH_KNOTS('',3,1,((#12614,#12615),(#12616,#12617),
(#12618,#12619),(#12620,#12621),(#12622,#12623)),.UNSPECIFIED.,.F.,.F.,
 .F.,(4,1,4),(2,2),(0.,0.0146776229286485,0.0299800193371209),(-0.04,0.),
 .UNSPECIFIED.);
#175=B_SPLINE_SURFACE_WITH_KNOTS('',3,1,((#12631,#12632),(#12633,#12634),
(#12635,#12636),(#12637,#12638),(#12639,#12640)),.UNSPECIFIED.,.F.,.F.,
 .F.,(4,1,4),(2,2),(0.,0.0177084687481466,0.0331865847413568),(-0.04,0.),
 .UNSPECIFIED.);
#176=B_SPLINE_SURFACE_WITH_KNOTS('',3,1,((#12648,#12649),(#12650,#12651),
(#12652,#12653),(#12654,#12655),(#12656,#12657)),.UNSPECIFIED.,.F.,.F.,
 .F.,(4,1,4),(2,2),(0.,0.0280463093824393,0.0461131220808344),(-0.04,0.),
 .UNSPECIFIED.);
#177=B_SPLINE_SURFACE_WITH_KNOTS('',3,1,((#12665,#12666),(#12667,#12668),
(#12669,#12670),(#12671,#12672),(#12673,#12674)),.UNSPECIFIED.,.F.,.F.,
 .F.,(4,1,4),(2,2),(0.,0.0154898154175762,0.0425764586159868),(-0.04,0.),
 .UNSPECIFIED.);
#178=B_SPLINE_SURFACE_WITH_KNOTS('',3,1,((#12682,#12683),(#12684,#12685),
(#12686,#12687),(#12688,#12689),(#12690,#12691)),.UNSPECIFIED.,.F.,.F.,
 .F.,(4,1,4),(2,2),(0.,0.0100131851261928,0.0198429874949278),(-0.04,0.),
 .UNSPECIFIED.);
#179=B_SPLINE_SURFACE_WITH_KNOTS('',3,1,((#12699,#12700),(#12701,#12702),
(#12703,#12704),(#12705,#12706),(#12707,#12708)),.UNSPECIFIED.,.F.,.F.,
 .F.,(4,1,4),(2,2),(0.,0.0127277858443899,0.0245616139338761),(-0.04,0.),
 .UNSPECIFIED.);
#180=B_SPLINE_SURFACE_WITH_KNOTS('',3,1,((#12716,#12717),(#12718,#12719),
(#12720,#12721),(#12722,#12723),(#12724,#12725)),.UNSPECIFIED.,.F.,.F.,
 .F.,(4,1,4),(2,2),(0.,0.0208700142693233,0.0365644706703919),(-0.04,0.),
 .UNSPECIFIED.);
#181=B_SPLINE_SURFACE_WITH_KNOTS('',3,1,((#12733,#12734),(#12735,#12736),
(#12737,#12738),(#12739,#12740),(#12741,#12742)),.UNSPECIFIED.,.F.,.F.,
 .F.,(4,1,4),(2,2),(0.,0.0163205983275831,0.0367070832001127),(-0.04,0.),
 .UNSPECIFIED.);
#182=B_SPLINE_SURFACE_WITH_KNOTS('',3,1,((#12750,#12751),(#12752,#12753),
(#12754,#12755),(#12756,#12757),(#12758,#12759)),.UNSPECIFIED.,.F.,.F.,
 .F.,(4,1,4),(2,2),(0.,0.0172376181733531,0.0324620080228324),(-0.04,0.),
 .UNSPECIFIED.);
#183=B_SPLINE_SURFACE_WITH_KNOTS('',3,1,((#12771,#12772),(#12773,#12774),
(#12775,#12776),(#12777,#12778),(#12779,#12780)),.UNSPECIFIED.,.F.,.F.,
 .F.,(4,1,4),(2,2),(0.,0.0164158126321344,0.033326712303486),(-0.04,0.),
 .UNSPECIFIED.);
#184=B_SPLINE_SURFACE_WITH_KNOTS('',3,1,((#12788,#12789),(#12790,#12791),
(#12792,#12793),(#12794,#12795),(#12796,#12797)),.UNSPECIFIED.,.F.,.F.,
 .F.,(4,1,4),(2,2),(0.,0.0174370352337024,0.0339521618124026),(-0.04,0.),
 .UNSPECIFIED.);
#185=B_SPLINE_SURFACE_WITH_KNOTS('',3,1,((#12805,#12806),(#12807,#12808),
(#12809,#12810),(#12811,#12812),(#12813,#12814)),.UNSPECIFIED.,.F.,.F.,
 .F.,(4,1,4),(2,2),(0.,0.0210007670842158,0.040071055262465),(-0.04,0.),
 .UNSPECIFIED.);
#186=B_SPLINE_SURFACE_WITH_KNOTS('',3,1,((#12822,#12823),(#12824,#12825),
(#12826,#12827),(#12828,#12829),(#12830,#12831)),.UNSPECIFIED.,.F.,.F.,
 .F.,(4,1,4),(2,2),(0.,0.0181637319675168,0.037509163358465),(-0.04,0.),
 .UNSPECIFIED.);
#187=B_SPLINE_SURFACE_WITH_KNOTS('',3,1,((#12839,#12840),(#12841,#12842),
(#12843,#12844),(#12845,#12846),(#12847,#12848)),.UNSPECIFIED.,.F.,.F.,
 .F.,(4,1,4),(2,2),(0.,0.0156800589399242,0.0324664554033789),(-0.04,0.),
 .UNSPECIFIED.);
#188=B_SPLINE_SURFACE_WITH_KNOTS('',3,1,((#12856,#12857),(#12858,#12859),
(#12860,#12861),(#12862,#12863),(#12864,#12865)),.UNSPECIFIED.,.F.,.F.,
 .F.,(4,1,4),(2,2),(0.,0.0148054551691372,0.0299096711804187),(-0.04,0.),
 .UNSPECIFIED.);
#189=B_SPLINE_SURFACE_WITH_KNOTS('',3,1,((#12873,#12874),(#12875,#12876),
(#12877,#12878),(#12879,#12880),(#12881,#12882)),.UNSPECIFIED.,.F.,.F.,
 .F.,(4,1,4),(2,2),(0.,0.0129082952113886,0.0261393200836246),(-0.04,0.),
 .UNSPECIFIED.);
#190=B_SPLINE_SURFACE_WITH_KNOTS('',3,1,((#12890,#12891),(#12892,#12893),
(#12894,#12895),(#12896,#12897),(#12898,#12899)),.UNSPECIFIED.,.F.,.F.,
 .F.,(4,1,4),(2,2),(0.,0.0150642485430385,0.0285800591695929),(-0.04,0.),
 .UNSPECIFIED.);
#191=B_SPLINE_SURFACE_WITH_KNOTS('',3,1,((#12907,#12908),(#12909,#12910),
(#12911,#12912),(#12913,#12914),(#12915,#12916)),.UNSPECIFIED.,.F.,.F.,
 .F.,(4,1,4),(2,2),(0.,0.0242971074737938,0.0406372913674645),(-0.04,0.),
 .UNSPECIFIED.);
#192=B_SPLINE_SURFACE_WITH_KNOTS('',3,1,((#12924,#12925),(#12926,#12927),
(#12928,#12929),(#12930,#12931),(#12932,#12933)),.UNSPECIFIED.,.F.,.F.,
 .F.,(4,1,4),(2,2),(0.,0.0135332981666788,0.0369308207357661),(-0.04,0.),
 .UNSPECIFIED.);
#193=B_SPLINE_SURFACE_WITH_KNOTS('',3,1,((#12941,#12942),(#12943,#12944),
(#12945,#12946),(#12947,#12948),(#12949,#12950)),.UNSPECIFIED.,.F.,.F.,
 .F.,(4,1,4),(2,2),(0.,0.00969812541882031,0.0217250831649887),(-0.04,0.),
 .UNSPECIFIED.);
#194=B_SPLINE_SURFACE_WITH_KNOTS('',3,1,((#12958,#12959),(#12960,#12961),
(#12962,#12963),(#12964,#12965),(#12966,#12967)),.UNSPECIFIED.,.F.,.F.,
 .F.,(4,1,4),(2,2),(0.,0.00892143617908568,0.0175734660736954),(-0.04,0.),
 .UNSPECIFIED.);
#195=B_SPLINE_SURFACE_WITH_KNOTS('',3,1,((#12975,#12976),(#12977,#12978),
(#12979,#12980),(#12981,#12982),(#12983,#12984)),.UNSPECIFIED.,.F.,.F.,
 .F.,(4,1,4),(2,2),(0.,0.00923651682454246,0.0182669535058568),(-0.04,0.),
 .UNSPECIFIED.);
#196=B_SPLINE_SURFACE_WITH_KNOTS('',3,1,((#12992,#12993),(#12994,#12995),
(#12996,#12997),(#12998,#12999),(#13000,#13001)),.UNSPECIFIED.,.F.,.F.,
 .F.,(4,1,4),(2,2),(0.,0.0114347716203868,0.0214437537604269),(-0.04,0.),
 .UNSPECIFIED.);
#197=B_SPLINE_SURFACE_WITH_KNOTS('',3,1,((#13009,#13010),(#13011,#13012),
(#13013,#13014),(#13015,#13016),(#13017,#13018)),.UNSPECIFIED.,.F.,.F.,
 .F.,(4,1,4),(2,2),(0.,0.0143008354988203,0.0272323880713657),(-0.04,0.),
 .UNSPECIFIED.);
#198=B_SPLINE_SURFACE_WITH_KNOTS('',3,1,((#13026,#13027),(#13028,#13029),
(#13030,#13031),(#13032,#13033),(#13034,#13035)),.UNSPECIFIED.,.F.,.F.,
 .F.,(4,1,4),(2,2),(0.,0.0151631805217479,0.0314315148446637),(-0.04,0.),
 .UNSPECIFIED.);
#199=B_SPLINE_SURFACE_WITH_KNOTS('',3,1,((#13043,#13044),(#13045,#13046),
(#13047,#13048),(#13049,#13050),(#13051,#13052)),.UNSPECIFIED.,.F.,.F.,
 .F.,(4,1,4),(2,2),(0.,0.0120019354221378,0.0256937484305408),(-0.04,0.),
 .UNSPECIFIED.);
#200=B_SPLINE_SURFACE_WITH_KNOTS('',3,1,((#13060,#13061),(#13062,#13063),
(#13064,#13065),(#13066,#13067),(#13068,#13069)),.UNSPECIFIED.,.F.,.F.,
 .F.,(4,1,4),(2,2),(0.,0.0139745871131303,0.0261550297077071),(-0.04,0.),
 .UNSPECIFIED.);
#201=B_SPLINE_SURFACE_WITH_KNOTS('',3,1,((#13081,#13082),(#13083,#13084),
(#13085,#13086),(#13087,#13088),(#13089,#13090)),.UNSPECIFIED.,.F.,.F.,
 .F.,(4,1,4),(2,2),(0.,0.0187130414518077,0.0379654432112415),(-0.04,0.),
 .UNSPECIFIED.);
#202=B_SPLINE_SURFACE_WITH_KNOTS('',3,1,((#13225,#13226),(#13227,#13228),
(#13229,#13230),(#13231,#13232),(#13233,#13234)),.UNSPECIFIED.,.F.,.F.,
 .F.,(4,1,4),(2,2),(0.,0.00597757206955603,0.0147802738092827),(-0.04,0.),
 .UNSPECIFIED.);
#203=B_SPLINE_SURFACE_WITH_KNOTS('',3,1,((#13242,#13243),(#13244,#13245),
(#13246,#13247),(#13248,#13249),(#13250,#13251)),.UNSPECIFIED.,.F.,.F.,
 .F.,(4,1,4),(2,2),(0.,0.00680637433870809,0.0132400328736346),(-0.04,0.),
 .UNSPECIFIED.);
#204=B_SPLINE_SURFACE_WITH_KNOTS('',3,1,((#13259,#13260),(#13261,#13262),
(#13263,#13264),(#13265,#13266),(#13267,#13268)),.UNSPECIFIED.,.F.,.F.,
 .F.,(4,1,4),(2,2),(0.,0.0107916701217912,0.0190145156314621),(-0.04,0.),
 .UNSPECIFIED.);
#205=B_SPLINE_SURFACE_WITH_KNOTS('',3,1,((#13276,#13277),(#13278,#13279),
(#13280,#13281),(#13282,#13283),(#13284,#13285)),.UNSPECIFIED.,.F.,.F.,
 .F.,(4,1,4),(2,2),(0.,0.0190891234771284,0.0335376685737411),(-0.04,0.),
 .UNSPECIFIED.);
#206=B_SPLINE_SURFACE_WITH_KNOTS('',3,1,((#13305,#13306),(#13307,#13308),
(#13309,#13310),(#13311,#13312),(#13313,#13314)),.UNSPECIFIED.,.F.,.F.,
 .F.,(4,1,4),(2,2),(0.,0.0164547734994351,0.0345668487477439),(-0.04,0.),
 .UNSPECIFIED.);
#207=B_SPLINE_SURFACE_WITH_KNOTS('',3,1,((#13322,#13323),(#13324,#13325),
(#13326,#13327),(#13328,#13329),(#13330,#13331)),.UNSPECIFIED.,.F.,.F.,
 .F.,(4,1,4),(2,2),(0.,0.0105150648463892,0.0188578293132849),(-0.04,0.),
 .UNSPECIFIED.);
#208=B_SPLINE_SURFACE_WITH_KNOTS('',3,1,((#13339,#13340),(#13341,#13342),
(#13343,#13344),(#13345,#13346),(#13347,#13348)),.UNSPECIFIED.,.F.,.F.,
 .F.,(4,1,4),(2,2),(0.,0.0212090124857377,0.0471027903031411),(-0.04,0.),
 .UNSPECIFIED.);
#209=B_SPLINE_SURFACE_WITH_KNOTS('',3,1,((#13356,#13357),(#13358,#13359),
(#13360,#13361),(#13362,#13363),(#13364,#13365)),.UNSPECIFIED.,.F.,.F.,
 .F.,(4,1,4),(2,2),(0.,0.0199114321939731,0.0391849721471609),(-0.04,0.),
 .UNSPECIFIED.);
#210=B_SPLINE_SURFACE_WITH_KNOTS('',3,1,((#13373,#13374),(#13375,#13376),
(#13377,#13378),(#13379,#13380),(#13381,#13382)),.UNSPECIFIED.,.F.,.F.,
 .F.,(4,1,4),(2,2),(0.,0.0156566780846253,0.0315843938206854),(-0.04,0.),
 .UNSPECIFIED.);
#211=B_SPLINE_SURFACE_WITH_KNOTS('',3,1,((#13390,#13391),(#13392,#13393),
(#13394,#13395),(#13396,#13397),(#13398,#13399)),.UNSPECIFIED.,.F.,.F.,
 .F.,(4,1,4),(2,2),(0.,0.0145675045354631,0.0296857348861384),(-0.04,0.),
 .UNSPECIFIED.);
#212=B_SPLINE_SURFACE_WITH_KNOTS('',3,1,((#13407,#13408),(#13409,#13410),
(#13411,#13412),(#13413,#13414),(#13415,#13416)),.UNSPECIFIED.,.F.,.F.,
 .F.,(4,1,4),(2,2),(0.,0.0235719338051219,0.0411639262576147),(-0.04,0.),
 .UNSPECIFIED.);
#213=B_SPLINE_SURFACE_WITH_KNOTS('',3,1,((#13440,#13441),(#13442,#13443),
(#13444,#13445),(#13446,#13447),(#13448,#13449)),.UNSPECIFIED.,.F.,.F.,
 .F.,(4,1,4),(2,2),(0.,0.0149490086352967,0.0343372195448647),(-0.04,0.),
 .UNSPECIFIED.);
#214=B_SPLINE_SURFACE_WITH_KNOTS('',3,1,((#13457,#13458),(#13459,#13460),
(#13461,#13462),(#13463,#13464),(#13465,#13466)),.UNSPECIFIED.,.F.,.F.,
 .F.,(4,1,4),(2,2),(0.,0.0131803153803926,0.0261374972492516),(-0.04,0.),
 .UNSPECIFIED.);
#215=B_SPLINE_SURFACE_WITH_KNOTS('',3,1,((#13474,#13475),(#13476,#13477),
(#13478,#13479),(#13480,#13481),(#13482,#13483)),.UNSPECIFIED.,.F.,.F.,
 .F.,(4,1,4),(2,2),(0.,0.00949150622367511,0.018913976107484),(-0.04,0.),
 .UNSPECIFIED.);
#216=B_SPLINE_SURFACE_WITH_KNOTS('',3,1,((#13491,#13492),(#13493,#13494),
(#13495,#13496),(#13497,#13498),(#13499,#13500)),.UNSPECIFIED.,.F.,.F.,
 .F.,(4,1,4),(2,2),(0.,0.0102401534855027,0.0199196881169526),(-0.04,0.),
 .UNSPECIFIED.);
#217=B_SPLINE_SURFACE_WITH_KNOTS('',3,1,((#13508,#13509),(#13510,#13511),
(#13512,#13513),(#13514,#13515),(#13516,#13517)),.UNSPECIFIED.,.F.,.F.,
 .F.,(4,1,4),(2,2),(0.,0.0161936333522976,0.0287237553344609),(-0.04,0.),
 .UNSPECIFIED.);
#218=B_SPLINE_SURFACE_WITH_KNOTS('',3,1,((#13740,#13741),(#13742,#13743),
(#13744,#13745),(#13746,#13747),(#13748,#13749)),.UNSPECIFIED.,.F.,.F.,
 .F.,(4,1,4),(2,2),(0.,0.015934828969296,0.0286606279589086),(-0.04,0.),
 .UNSPECIFIED.);
#219=B_SPLINE_SURFACE_WITH_KNOTS('',3,1,((#13757,#13758),(#13759,#13760),
(#13761,#13762),(#13763,#13764),(#13765,#13766)),.UNSPECIFIED.,.F.,.F.,
 .F.,(4,1,4),(2,2),(0.,0.0170653582552361,0.0343679529636005),(-0.04,0.),
 .UNSPECIFIED.);
#220=B_SPLINE_SURFACE_WITH_KNOTS('',3,1,((#13774,#13775),(#13776,#13777),
(#13778,#13779),(#13780,#13781),(#13782,#13783)),.UNSPECIFIED.,.F.,.F.,
 .F.,(4,1,4),(2,2),(0.,0.0192901161767599,0.0386495956825579),(-0.04,0.),
 .UNSPECIFIED.);
#221=B_SPLINE_SURFACE_WITH_KNOTS('',3,1,((#13791,#13792),(#13793,#13794),
(#13795,#13796),(#13797,#13798),(#13799,#13800)),.UNSPECIFIED.,.F.,.F.,
 .F.,(4,1,4),(2,2),(0.,0.0193384270194721,0.0383753867712367),(-0.04,0.),
 .UNSPECIFIED.);
#222=B_SPLINE_SURFACE_WITH_KNOTS('',3,1,((#13808,#13809),(#13810,#13811),
(#13812,#13813),(#13814,#13815),(#13816,#13817)),.UNSPECIFIED.,.F.,.F.,
 .F.,(4,1,4),(2,2),(0.,0.0246642994097879,0.0460038526086724),(-0.04,0.),
 .UNSPECIFIED.);
#223=B_SPLINE_SURFACE_WITH_KNOTS('',3,1,((#13825,#13826),(#13827,#13828),
(#13829,#13830),(#13831,#13832),(#13833,#13834)),.UNSPECIFIED.,.F.,.F.,
 .F.,(4,1,4),(2,2),(0.,0.0201693481625492,0.041163647297691),(-0.04,0.),
 .UNSPECIFIED.);
#224=B_SPLINE_SURFACE_WITH_KNOTS('',3,1,((#13842,#13843),(#13844,#13845),
(#13846,#13847),(#13848,#13849),(#13850,#13851)),.UNSPECIFIED.,.F.,.F.,
 .F.,(4,1,4),(2,2),(0.,0.011886518519067,0.0235492775004539),(-0.04,0.),
 .UNSPECIFIED.);
#225=B_SPLINE_SURFACE_WITH_KNOTS('',3,1,((#13859,#13860),(#13861,#13862),
(#13863,#13864),(#13865,#13866),(#13867,#13868)),.UNSPECIFIED.,.F.,.F.,
 .F.,(4,1,4),(2,2),(0.,0.0135573185800155,0.025985466718949),(-0.04,0.),
 .UNSPECIFIED.);
#226=B_SPLINE_SURFACE_WITH_KNOTS('',3,1,((#13876,#13877),(#13878,#13879),
(#13880,#13881),(#13882,#13883),(#13884,#13885)),.UNSPECIFIED.,.F.,.F.,
 .F.,(4,1,4),(2,2),(0.,0.0169730523152382,0.0320162070289742),(-0.04,0.),
 .UNSPECIFIED.);
#227=B_SPLINE_SURFACE_WITH_KNOTS('',3,1,((#13893,#13894),(#13895,#13896),
(#13897,#13898),(#13899,#13900),(#13901,#13902)),.UNSPECIFIED.,.F.,.F.,
 .F.,(4,1,4),(2,2),(0.,0.013676419415359,0.0281970724933872),(-0.04,0.),
 .UNSPECIFIED.);
#228=B_SPLINE_SURFACE_WITH_KNOTS('',3,1,((#13910,#13911),(#13912,#13913),
(#13914,#13915),(#13916,#13917),(#13918,#13919)),.UNSPECIFIED.,.F.,.F.,
 .F.,(4,1,4),(2,2),(0.,0.0113002010446606,0.0238736067824761),(-0.04,0.),
 .UNSPECIFIED.);
#229=B_SPLINE_SURFACE_WITH_KNOTS('',3,1,((#13927,#13928),(#13929,#13930),
(#13931,#13932),(#13933,#13934),(#13935,#13936)),.UNSPECIFIED.,.F.,.F.,
 .F.,(4,1,4),(2,2),(0.,0.0145464783835856,0.0265960320769694),(-0.04,0.),
 .UNSPECIFIED.);
#230=B_SPLINE_SURFACE_WITH_KNOTS('',3,1,((#13948,#13949),(#13950,#13951),
(#13952,#13953),(#13954,#13955),(#13956,#13957)),.UNSPECIFIED.,.F.,.F.,
 .F.,(4,1,4),(2,2),(0.,0.0169102049020564,0.0362718633393463),(-0.04,0.),
 .UNSPECIFIED.);
#231=B_SPLINE_SURFACE_WITH_KNOTS('',3,1,((#13965,#13966),(#13967,#13968),
(#13969,#13970),(#13971,#13972),(#13973,#13974)),.UNSPECIFIED.,.F.,.F.,
 .F.,(4,1,4),(2,2),(0.,0.0177544641303222,0.0340405344803824),(-0.04,0.),
 .UNSPECIFIED.);
#232=B_SPLINE_SURFACE_WITH_KNOTS('',3,1,((#13982,#13983),(#13984,#13985),
(#13986,#13987),(#13988,#13989),(#13990,#13991)),.UNSPECIFIED.,.F.,.F.,
 .F.,(4,1,4),(2,2),(0.,0.0207259629683688,0.0400300995972297),(-0.04,0.),
 .UNSPECIFIED.);
#233=B_SPLINE_SURFACE_WITH_KNOTS('',3,1,((#13999,#14000),(#14001,#14002),
(#14003,#14004),(#14005,#14006),(#14007,#14008)),.UNSPECIFIED.,.F.,.F.,
 .F.,(4,1,4),(2,2),(0.,0.0263223173376011,0.0546269972300472),(-0.04,0.),
 .UNSPECIFIED.);
#234=B_SPLINE_SURFACE_WITH_KNOTS('',3,1,((#14016,#14017),(#14018,#14019),
(#14020,#14021),(#14022,#14023),(#14024,#14025)),.UNSPECIFIED.,.F.,.F.,
 .F.,(4,1,4),(2,2),(0.,0.0266050726646794,0.0521216509952671),(-0.04,0.),
 .UNSPECIFIED.);
#235=B_SPLINE_SURFACE_WITH_KNOTS('',3,1,((#14033,#14034),(#14035,#14036),
(#14037,#14038),(#14039,#14040),(#14041,#14042)),.UNSPECIFIED.,.F.,.F.,
 .F.,(4,1,4),(2,2),(0.,0.0283876496906738,0.0562165239236581),(-0.04,0.),
 .UNSPECIFIED.);
#236=B_SPLINE_SURFACE_WITH_KNOTS('',3,1,((#14050,#14051),(#14052,#14053),
(#14054,#14055),(#14056,#14057),(#14058,#14059)),.UNSPECIFIED.,.F.,.F.,
 .F.,(4,1,4),(2,2),(0.,0.0268982969666208,0.055135207491651),(-0.04,0.),
 .UNSPECIFIED.);
#237=B_SPLINE_SURFACE_WITH_KNOTS('',3,1,((#14067,#14068),(#14069,#14070),
(#14071,#14072),(#14073,#14074),(#14075,#14076)),.UNSPECIFIED.,.F.,.F.,
 .F.,(4,1,4),(2,2),(0.,0.0261651095515584,0.0521547506496831),(-0.04,0.),
 .UNSPECIFIED.);
#238=B_SPLINE_SURFACE_WITH_KNOTS('',3,1,((#14084,#14085),(#14086,#14087),
(#14088,#14089),(#14090,#14091),(#14092,#14093)),.UNSPECIFIED.,.F.,.F.,
 .F.,(4,1,4),(2,2),(0.,0.0282971428104227,0.0554278548062534),(-0.04,0.),
 .UNSPECIFIED.);
#239=B_SPLINE_SURFACE_WITH_KNOTS('',3,1,((#14101,#14102),(#14103,#14104),
(#14105,#14106),(#14107,#14108),(#14109,#14110)),.UNSPECIFIED.,.F.,.F.,
 .F.,(4,1,4),(2,2),(0.,0.0218177860980579,0.0434620588749222),(-0.04,0.),
 .UNSPECIFIED.);
#240=B_SPLINE_SURFACE_WITH_KNOTS('',3,1,((#14118,#14119),(#14120,#14121),
(#14122,#14123),(#14124,#14125),(#14126,#14127)),.UNSPECIFIED.,.F.,.F.,
 .F.,(4,1,4),(2,2),(0.,0.0240483412030919,0.0466946658507159),(-0.04,0.),
 .UNSPECIFIED.);
#241=B_SPLINE_SURFACE_WITH_KNOTS('',3,1,((#14292,#14293),(#14294,#14295),
(#14296,#14297),(#14298,#14299),(#14300,#14301)),.UNSPECIFIED.,.F.,.F.,
 .F.,(4,1,4),(2,2),(0.,0.0263560261715499,0.0625068013811235),(-0.04,0.),
 .UNSPECIFIED.);
#242=B_SPLINE_SURFACE_WITH_KNOTS('',3,1,((#14309,#14310),(#14311,#14312),
(#14313,#14314),(#14315,#14316),(#14317,#14318)),.UNSPECIFIED.,.F.,.F.,
 .F.,(4,1,4),(2,2),(0.,0.0238976536544547,0.0469957708471187),(-0.04,0.),
 .UNSPECIFIED.);
#243=B_SPLINE_SURFACE_WITH_KNOTS('',3,1,((#14326,#14327),(#14328,#14329),
(#14330,#14331),(#14332,#14333),(#14334,#14335)),.UNSPECIFIED.,.F.,.F.,
 .F.,(4,1,4),(2,2),(0.,0.0138013542351473,0.0281383933306909),(-0.04,0.),
 .UNSPECIFIED.);
#244=B_SPLINE_SURFACE_WITH_KNOTS('',3,1,((#14343,#14344),(#14345,#14346),
(#14347,#14348),(#14349,#14350),(#14351,#14352)),.UNSPECIFIED.,.F.,.F.,
 .F.,(4,1,4),(2,2),(0.,0.0122136504324425,0.0253033314884136),(-0.04,0.),
 .UNSPECIFIED.);
#245=B_SPLINE_SURFACE_WITH_KNOTS('',3,1,((#14360,#14361),(#14362,#14363),
(#14364,#14365),(#14366,#14367),(#14368,#14369)),.UNSPECIFIED.,.F.,.F.,
 .F.,(4,1,4),(2,2),(0.,0.0140014621556298,0.0265635227925581),(-0.04,0.),
 .UNSPECIFIED.);
#246=B_SPLINE_SURFACE_WITH_KNOTS('',3,1,((#14377,#14378),(#14379,#14380),
(#14381,#14382),(#14383,#14384),(#14385,#14386)),.UNSPECIFIED.,.F.,.F.,
 .F.,(4,1,4),(2,2),(0.,0.0175712923976834,0.030508962625121),(-0.04,0.),
 .UNSPECIFIED.);
#247=B_SPLINE_SURFACE_WITH_KNOTS('',3,1,((#14410,#14411),(#14412,#14413),
(#14414,#14415),(#14416,#14417),(#14418,#14419)),.UNSPECIFIED.,.F.,.F.,
 .F.,(4,1,4),(2,2),(0.,0.00960820584204584,0.0247920350834583),(-0.04,0.),
 .UNSPECIFIED.);
#248=B_SPLINE_SURFACE_WITH_KNOTS('',3,1,((#14427,#14428),(#14429,#14430),
(#14431,#14432),(#14433,#14434),(#14435,#14436)),.UNSPECIFIED.,.F.,.F.,
 .F.,(4,1,4),(2,2),(0.,0.0104427254047306,0.0207799764709301),(-0.04,0.),
 .UNSPECIFIED.);
#249=B_SPLINE_SURFACE_WITH_KNOTS('',3,1,((#14444,#14445),(#14446,#14447),
(#14448,#14449),(#14450,#14451),(#14452,#14453)),.UNSPECIFIED.,.F.,.F.,
 .F.,(4,1,4),(2,2),(0.,0.0117548144729603,0.0226844515286729),(-0.04,0.),
 .UNSPECIFIED.);
#250=B_SPLINE_SURFACE_WITH_KNOTS('',3,1,((#14461,#14462),(#14463,#14464),
(#14465,#14466),(#14467,#14468),(#14469,#14470)),.UNSPECIFIED.,.F.,.F.,
 .F.,(4,1,4),(2,2),(0.,0.0140515967505022,0.0296677741551188),(-0.04,0.),
 .UNSPECIFIED.);
#251=B_SPLINE_SURFACE_WITH_KNOTS('',3,1,((#14478,#14479),(#14480,#14481),
(#14482,#14483),(#14484,#14485),(#14486,#14487)),.UNSPECIFIED.,.F.,.F.,
 .F.,(4,1,4),(2,2),(0.,0.0220599980443504,0.0382282060050059),(-0.04,0.),
 .UNSPECIFIED.);
#252=B_SPLINE_SURFACE_WITH_KNOTS('',3,1,((#14690,#14691),(#14692,#14693),
(#14694,#14695),(#14696,#14697),(#14698,#14699)),.UNSPECIFIED.,.F.,.F.,
 .F.,(4,1,4),(2,2),(0.,0.0253412795372315,0.0507588102917973),(-0.04,0.),
 .UNSPECIFIED.);
#253=B_SPLINE_SURFACE_WITH_KNOTS('',3,1,((#14709,#14710),(#14711,#14712),
(#14713,#14714),(#14715,#14716),(#14717,#14718)),.UNSPECIFIED.,.F.,.F.,
 .F.,(4,1,4),(2,2),(0.,0.0269561150203783,0.0528054136309349),(-0.04,0.),
 .UNSPECIFIED.);
#254=B_SPLINE_SURFACE_WITH_KNOTS('',3,1,((#14726,#14727),(#14728,#14729),
(#14730,#14731),(#14732,#14733),(#14734,#14735)),.UNSPECIFIED.,.F.,.F.,
 .F.,(4,1,4),(2,2),(0.,0.0251627462122679,0.0505217995788081),(-0.04,0.),
 .UNSPECIFIED.);
#255=B_SPLINE_SURFACE_WITH_KNOTS('',3,1,((#14743,#14744),(#14745,#14746),
(#14747,#14748),(#14749,#14750),(#14751,#14752)),.UNSPECIFIED.,.F.,.F.,
 .F.,(4,1,4),(2,2),(0.,0.0257896744739677,0.0509102177079966),(-0.04,0.),
 .UNSPECIFIED.);
#256=B_SPLINE_SURFACE_WITH_KNOTS('',3,1,((#14760,#14761),(#14762,#14763),
(#14764,#14765),(#14766,#14767),(#14768,#14769)),.UNSPECIFIED.,.F.,.F.,
 .F.,(4,1,4),(2,2),(0.,0.0289829265070487,0.0562019017639351),(-0.04,0.),
 .UNSPECIFIED.);
#257=B_SPLINE_SURFACE_WITH_KNOTS('',3,1,((#14777,#14778),(#14779,#14780),
(#14781,#14782),(#14783,#14784),(#14785,#14786)),.UNSPECIFIED.,.F.,.F.,
 .F.,(4,1,4),(2,2),(0.,0.0267280382187062,0.0553049029767632),(-0.04,0.),
 .UNSPECIFIED.);
#258=B_SPLINE_SURFACE_WITH_KNOTS('',3,1,((#14794,#14795),(#14796,#14797),
(#14798,#14799),(#14800,#14801),(#14802,#14803)),.UNSPECIFIED.,.F.,.F.,
 .F.,(4,1,4),(2,2),(0.,0.0251974729232616,0.0506584539253654),(-0.04,0.),
 .UNSPECIFIED.);
#259=B_SPLINE_SURFACE_WITH_KNOTS('',3,1,((#14811,#14812),(#14813,#14814),
(#14815,#14816),(#14817,#14818),(#14819,#14820)),.UNSPECIFIED.,.F.,.F.,
 .F.,(4,1,4),(2,2),(0.,0.0265371408387788,0.0521407086360326),(-0.04,0.),
 .UNSPECIFIED.);
#260=B_SPLINE_SURFACE_WITH_KNOTS('',3,1,((#14828,#14829),(#14830,#14831),
(#14832,#14833),(#14834,#14835),(#14836,#14837)),.UNSPECIFIED.,.F.,.F.,
 .F.,(4,1,4),(2,2),(0.,0.0372085694601726,0.0762529104432877),(-0.04,0.),
 .UNSPECIFIED.);
#261=B_SPLINE_SURFACE_WITH_KNOTS('',3,1,((#14845,#14846),(#14847,#14848),
(#14849,#14850),(#14851,#14852),(#14853,#14854)),.UNSPECIFIED.,.F.,.F.,
 .F.,(4,1,4),(2,2),(0.,0.0448900311894043,0.0840008067877971),(-0.04,0.),
 .UNSPECIFIED.);
#262=B_SPLINE_SURFACE_WITH_KNOTS('',3,1,((#14862,#14863),(#14864,#14865),
(#14866,#14867),(#14868,#14869),(#14870,#14871)),.UNSPECIFIED.,.F.,.F.,
 .F.,(4,1,4),(2,2),(0.,0.0257598792538158,0.0515674227354164),(-0.04,0.),
 .UNSPECIFIED.);
#263=B_SPLINE_SURFACE_WITH_KNOTS('',3,1,((#14877,#14878),(#14879,#14880),
(#14881,#14882),(#14883,#14884),(#14885,#14886)),.UNSPECIFIED.,.F.,.F.,
 .F.,(4,1,4),(2,2),(0.,0.0265842635563684,0.0531051975256342),(-0.04,0.),
 .UNSPECIFIED.);
#264=B_SPLINE_SURFACE_WITH_KNOTS('',3,1,((#14896,#14897),(#14898,#14899),
(#14900,#14901),(#14902,#14903),(#14904,#14905)),.UNSPECIFIED.,.F.,.F.,
 .F.,(4,1,4),(2,2),(0.,0.0184663548520697,0.0374423416753164),(-0.04,0.),
 .UNSPECIFIED.);
#265=B_SPLINE_SURFACE_WITH_KNOTS('',3,1,((#14913,#14914),(#14915,#14916),
(#14917,#14918),(#14919,#14920),(#14921,#14922)),.UNSPECIFIED.,.F.,.F.,
 .F.,(4,1,4),(2,2),(0.,0.0190959766695854,0.0375706853289275),(-0.04,0.),
 .UNSPECIFIED.);
#266=B_SPLINE_SURFACE_WITH_KNOTS('',3,1,((#14930,#14931),(#14932,#14933),
(#14934,#14935),(#14936,#14937),(#14938,#14939)),.UNSPECIFIED.,.F.,.F.,
 .F.,(4,1,4),(2,2),(0.,0.0229612560109179,0.0436726458621584),(-0.04,0.),
 .UNSPECIFIED.);
#267=B_SPLINE_SURFACE_WITH_KNOTS('',3,1,((#14947,#14948),(#14949,#14950),
(#14951,#14952),(#14953,#14954),(#14955,#14956)),.UNSPECIFIED.,.F.,.F.,
 .F.,(4,1,4),(2,2),(0.,0.0292446288274306,0.0637921054309106),(-0.04,0.),
 .UNSPECIFIED.);
#268=B_SPLINE_SURFACE_WITH_KNOTS('',3,1,((#14964,#14965),(#14966,#14967),
(#14968,#14969),(#14970,#14971),(#14972,#14973)),.UNSPECIFIED.,.F.,.F.,
 .F.,(4,1,4),(2,2),(0.,0.0277358240798243,0.0547539920836134),(-0.04,0.),
 .UNSPECIFIED.);
#269=B_SPLINE_SURFACE_WITH_KNOTS('',3,1,((#14981,#14982),(#14983,#14984),
(#14985,#14986),(#14987,#14988),(#14989,#14990)),.UNSPECIFIED.,.F.,.F.,
 .F.,(4,1,4),(2,2),(0.,0.0269011079758951,0.054258891920256),(-0.04,0.),
 .UNSPECIFIED.);
#270=B_SPLINE_SURFACE_WITH_KNOTS('',3,1,((#14998,#14999),(#15000,#15001),
(#15002,#15003),(#15004,#15005),(#15006,#15007)),.UNSPECIFIED.,.F.,.F.,
 .F.,(4,1,4),(2,2),(0.,0.0326792655457965,0.0613116633339889),(-0.04,0.),
 .UNSPECIFIED.);
#271=B_SPLINE_SURFACE_WITH_KNOTS('',3,1,((#15015,#15016),(#15017,#15018),
(#15019,#15020),(#15021,#15022),(#15023,#15024)),.UNSPECIFIED.,.F.,.F.,
 .F.,(4,1,4),(2,2),(0.,0.0299136962962408,0.0689374979095839),(-0.04,0.),
 .UNSPECIFIED.);
#272=B_SPLINE_SURFACE_WITH_KNOTS('',3,1,((#15151,#15152),(#15153,#15154),
(#15155,#15156),(#15157,#15158),(#15159,#15160)),.UNSPECIFIED.,.F.,.F.,
 .F.,(4,1,4),(2,2),(0.,0.0253412680455769,0.0507588153960284),(-0.04,0.),
 .UNSPECIFIED.);
#273=B_SPLINE_SURFACE_WITH_KNOTS('',3,1,((#15170,#15171),(#15172,#15173),
(#15174,#15175),(#15176,#15177),(#15178,#15179)),.UNSPECIFIED.,.F.,.F.,
 .F.,(4,1,4),(2,2),(0.,0.0269560558947564,0.0528053818734981),(-0.04,0.),
 .UNSPECIFIED.);
#274=B_SPLINE_SURFACE_WITH_KNOTS('',3,1,((#15187,#15188),(#15189,#15190),
(#15191,#15192),(#15193,#15194),(#15195,#15196)),.UNSPECIFIED.,.F.,.F.,
 .F.,(4,1,4),(2,2),(0.,0.0251627739232365,0.0505218568705146),(-0.04,0.),
 .UNSPECIFIED.);
#275=B_SPLINE_SURFACE_WITH_KNOTS('',3,1,((#15204,#15205),(#15206,#15207),
(#15208,#15209),(#15210,#15211),(#15212,#15213)),.UNSPECIFIED.,.F.,.F.,
 .F.,(4,1,4),(2,2),(0.,0.0257896744739677,0.0509101703663081),(-0.04,0.),
 .UNSPECIFIED.);
#276=B_SPLINE_SURFACE_WITH_KNOTS('',3,1,((#15221,#15222),(#15223,#15224),
(#15225,#15226),(#15227,#15228),(#15229,#15230)),.UNSPECIFIED.,.F.,.F.,
 .F.,(4,1,4),(2,2),(0.,0.0289829265070487,0.0562019219293388),(-0.04,0.),
 .UNSPECIFIED.);
#277=B_SPLINE_SURFACE_WITH_KNOTS('',3,1,((#15238,#15239),(#15240,#15241),
(#15242,#15243),(#15244,#15245),(#15246,#15247)),.UNSPECIFIED.,.F.,.F.,
 .F.,(4,1,4),(2,2),(0.,0.0267280382187062,0.0553049029767632),(-0.04,0.),
 .UNSPECIFIED.);
#278=B_SPLINE_SURFACE_WITH_KNOTS('',3,1,((#15255,#15256),(#15257,#15258),
(#15259,#15260),(#15261,#15262),(#15263,#15264)),.UNSPECIFIED.,.F.,.F.,
 .F.,(4,1,4),(2,2),(0.,0.025197496098238,0.0506584938475579),(-0.04,0.),
 .UNSPECIFIED.);
#279=B_SPLINE_SURFACE_WITH_KNOTS('',3,1,((#15272,#15273),(#15274,#15275),
(#15276,#15277),(#15278,#15279),(#15280,#15281)),.UNSPECIFIED.,.F.,.F.,
 .F.,(4,1,4),(2,2),(0.,0.0265371704086009,0.0521407107337479),(-0.04,0.),
 .UNSPECIFIED.);
#280=B_SPLINE_SURFACE_WITH_KNOTS('',3,1,((#15289,#15290),(#15291,#15292),
(#15293,#15294),(#15295,#15296),(#15297,#15298)),.UNSPECIFIED.,.F.,.F.,
 .F.,(4,1,4),(2,2),(0.,0.0372085939914093,0.0762528763476188),(-0.04,0.),
 .UNSPECIFIED.);
#281=B_SPLINE_SURFACE_WITH_KNOTS('',3,1,((#15306,#15307),(#15308,#15309),
(#15310,#15311),(#15312,#15313),(#15314,#15315)),.UNSPECIFIED.,.F.,.F.,
 .F.,(4,1,4),(2,2),(0.,0.0448900356274538,0.0840007959443115),(-0.04,0.),
 .UNSPECIFIED.);
#282=B_SPLINE_SURFACE_WITH_KNOTS('',3,1,((#15323,#15324),(#15325,#15326),
(#15327,#15328),(#15329,#15330),(#15331,#15332)),.UNSPECIFIED.,.F.,.F.,
 .F.,(4,1,4),(2,2),(0.,0.0257598842256078,0.0515674243987986),(-0.04,0.),
 .UNSPECIFIED.);
#283=B_SPLINE_SURFACE_WITH_KNOTS('',3,1,((#15338,#15339),(#15340,#15341),
(#15342,#15343),(#15344,#15345),(#15346,#15347)),.UNSPECIFIED.,.F.,.F.,
 .F.,(4,1,4),(2,2),(0.,0.0265843221706205,0.0531052561398863),(-0.04,0.),
 .UNSPECIFIED.);
#284=B_SPLINE_SURFACE_WITH_KNOTS('',3,1,((#15357,#15358),(#15359,#15360),
(#15361,#15362),(#15363,#15364),(#15365,#15366)),.UNSPECIFIED.,.F.,.F.,
 .F.,(4,1,4),(2,2),(0.,0.0184663548520697,0.0374423416753164),(-0.04,0.),
 .UNSPECIFIED.);
#285=B_SPLINE_SURFACE_WITH_KNOTS('',3,1,((#15374,#15375),(#15376,#15377),
(#15378,#15379),(#15380,#15381),(#15382,#15383)),.UNSPECIFIED.,.F.,.F.,
 .F.,(4,1,4),(2,2),(0.,0.0190959449452346,0.0375706536045767),(-0.04,0.),
 .UNSPECIFIED.);
#286=B_SPLINE_SURFACE_WITH_KNOTS('',3,1,((#15391,#15392),(#15393,#15394),
(#15395,#15396),(#15397,#15398),(#15399,#15400)),.UNSPECIFIED.,.F.,.F.,
 .F.,(4,1,4),(2,2),(0.,0.0229612560109179,0.0436726458621584),(-0.04,0.),
 .UNSPECIFIED.);
#287=B_SPLINE_SURFACE_WITH_KNOTS('',3,1,((#15408,#15409),(#15410,#15411),
(#15412,#15413),(#15414,#15415),(#15416,#15417)),.UNSPECIFIED.,.F.,.F.,
 .F.,(4,1,4),(2,2),(0.,0.0292446288274306,0.0637921054309106),(-0.04,0.),
 .UNSPECIFIED.);
#288=B_SPLINE_SURFACE_WITH_KNOTS('',3,1,((#15425,#15426),(#15427,#15428),
(#15429,#15430),(#15431,#15432),(#15433,#15434)),.UNSPECIFIED.,.F.,.F.,
 .F.,(4,1,4),(2,2),(0.,0.0277358533428891,0.0547539971375457),(-0.04,0.),
 .UNSPECIFIED.);
#289=B_SPLINE_SURFACE_WITH_KNOTS('',3,1,((#15442,#15443),(#15444,#15445),
(#15446,#15447),(#15448,#15449),(#15450,#15451)),.UNSPECIFIED.,.F.,.F.,
 .F.,(4,1,4),(2,2),(0.,0.0269011079758951,0.054258891920256),(-0.04,0.),
 .UNSPECIFIED.);
#290=B_SPLINE_SURFACE_WITH_KNOTS('',3,1,((#15459,#15460),(#15461,#15462),
(#15463,#15464),(#15465,#15466),(#15467,#15468)),.UNSPECIFIED.,.F.,.F.,
 .F.,(4,1,4),(2,2),(0.,0.0326792655457965,0.061311632981412),(-0.04,0.),
 .UNSPECIFIED.);
#291=B_SPLINE_SURFACE_WITH_KNOTS('',3,1,((#15476,#15477),(#15478,#15479),
(#15480,#15481),(#15482,#15483),(#15484,#15485)),.UNSPECIFIED.,.F.,.F.,
 .F.,(4,1,4),(2,2),(0.,0.0299136887273213,0.0689374845386864),(-0.04,0.),
 .UNSPECIFIED.);
#292=B_SPLINE_SURFACE_WITH_KNOTS('',3,1,((#15539,#15540),(#15541,#15542),
(#15543,#15544),(#15545,#15546),(#15547,#15548)),.UNSPECIFIED.,.F.,.F.,
 .F.,(4,1,4),(2,2),(0.,0.0320447784965879,0.0619965042118865),(-0.04,0.),
 .UNSPECIFIED.);
#293=B_SPLINE_SURFACE_WITH_KNOTS('',3,1,((#15580,#15581),(#15582,#15583),
(#15584,#15585),(#15586,#15587),(#15588,#15589)),.UNSPECIFIED.,.F.,.F.,
 .F.,(4,1,4),(2,2),(0.,0.0295616375769488,0.0554175572108528),(-0.04,0.),
 .UNSPECIFIED.);
#294=B_SPLINE_SURFACE_WITH_KNOTS('',3,1,((#15770,#15771),(#15772,#15773),
(#15774,#15775),(#15776,#15777),(#15778,#15779)),.UNSPECIFIED.,.F.,.F.,
 .F.,(4,1,4),(2,2),(0.,0.0297232968566331,0.0649948285158973),(-0.04,0.),
 .UNSPECIFIED.);
#295=B_SPLINE_SURFACE_WITH_KNOTS('',3,1,((#15789,#15790),(#15791,#15792),
(#15793,#15794),(#15795,#15796),(#15797,#15798)),.UNSPECIFIED.,.F.,.F.,
 .F.,(4,1,4),(2,2),(0.,0.0227901011195797,0.0482878784458627),(-0.04,0.),
 .UNSPECIFIED.);
#296=B_SPLINE_SURFACE_WITH_KNOTS('',3,1,((#15806,#15807),(#15808,#15809),
(#15810,#15811),(#15812,#15813),(#15814,#15815)),.UNSPECIFIED.,.F.,.F.,
 .F.,(4,1,4),(2,2),(0.,0.0251660470947067,0.0477398992519641),(-0.04,0.),
 .UNSPECIFIED.);
#297=B_SPLINE_SURFACE_WITH_KNOTS('',3,1,((#15823,#15824),(#15825,#15826),
(#15827,#15828),(#15829,#15830),(#15831,#15832)),.UNSPECIFIED.,.F.,.F.,
 .F.,(4,1,4),(2,2),(0.,0.0272764740015207,0.0539425716460362),(-0.04,0.),
 .UNSPECIFIED.);
#298=B_SPLINE_SURFACE_WITH_KNOTS('',3,1,((#15840,#15841),(#15842,#15843),
(#15844,#15845),(#15846,#15847),(#15848,#15849)),.UNSPECIFIED.,.F.,.F.,
 .F.,(4,1,4),(2,2),(0.,0.0315634492014097,0.0645319385300329),(-0.04,0.),
 .UNSPECIFIED.);
#299=B_SPLINE_SURFACE_WITH_KNOTS('',3,1,((#15857,#15858),(#15859,#15860),
(#15861,#15862),(#15863,#15864),(#15865,#15866)),.UNSPECIFIED.,.F.,.F.,
 .F.,(4,1,4),(2,2),(0.,0.0351736786611132,0.0674433026313272),(-0.04,0.),
 .UNSPECIFIED.);
#300=B_SPLINE_SURFACE_WITH_KNOTS('',3,1,((#15874,#15875),(#15876,#15877),
(#15878,#15879),(#15880,#15881),(#15882,#15883)),.UNSPECIFIED.,.F.,.F.,
 .F.,(4,1,4),(2,2),(0.,0.0269018205713325,0.0562647471156648),(-0.04,0.),
 .UNSPECIFIED.);
#301=B_SPLINE_SURFACE_WITH_KNOTS('',3,1,((#15891,#15892),(#15893,#15894),
(#15895,#15896),(#15897,#15898),(#15899,#15900)),.UNSPECIFIED.,.F.,.F.,
 .F.,(4,1,4),(2,2),(0.,0.0251395588625912,0.0507587080654077),(-0.04,0.),
 .UNSPECIFIED.);
#302=B_SPLINE_SURFACE_WITH_KNOTS('',3,1,((#15908,#15909),(#15910,#15911),
(#15912,#15913),(#15914,#15915),(#15916,#15917)),.UNSPECIFIED.,.F.,.F.,
 .F.,(4,1,4),(2,2),(0.,0.0283734459538774,0.0556352364937025),(-0.04,0.),
 .UNSPECIFIED.);
#303=B_SPLINE_SURFACE_WITH_KNOTS('',3,1,((#15925,#15926),(#15927,#15928),
(#15929,#15930),(#15931,#15932),(#15933,#15934)),.UNSPECIFIED.,.F.,.F.,
 .F.,(4,1,4),(2,2),(0.,0.0291101783496174,0.0579505803052718),(-0.04,0.),
 .UNSPECIFIED.);
#304=B_SPLINE_SURFACE_WITH_KNOTS('',3,1,((#15942,#15943),(#15944,#15945),
(#15946,#15947),(#15948,#15949),(#15950,#15951)),.UNSPECIFIED.,.F.,.F.,
 .F.,(4,1,4),(2,2),(0.,0.0414142524924576,0.0749066010372876),(-0.04,0.),
 .UNSPECIFIED.);
#305=B_SPLINE_SURFACE_WITH_KNOTS('',3,1,((#15975,#15976),(#15977,#15978),
(#15979,#15980),(#15981,#15982),(#15983,#15984)),.UNSPECIFIED.,.F.,.F.,
 .F.,(4,1,4),(2,2),(0.,0.025297163533192,0.0590697744185449),(-0.04,0.),
 .UNSPECIFIED.);
#306=B_SPLINE_SURFACE_WITH_KNOTS('',3,1,((#15992,#15993),(#15994,#15995),
(#15996,#15997),(#15998,#15999),(#16000,#16001)),.UNSPECIFIED.,.F.,.F.,
 .F.,(4,1,4),(2,2),(0.,0.0196088247250779,0.0398952826505595),(-0.04,0.),
 .UNSPECIFIED.);
#307=B_SPLINE_SURFACE_WITH_KNOTS('',3,1,((#16009,#16010),(#16011,#16012),
(#16013,#16014),(#16015,#16016),(#16017,#16018)),.UNSPECIFIED.,.F.,.F.,
 .F.,(4,1,4),(2,2),(0.,0.0211026014980741,0.0410259114386691),(-0.04,0.),
 .UNSPECIFIED.);
#308=B_SPLINE_SURFACE_WITH_KNOTS('',3,1,((#16026,#16027),(#16028,#16029),
(#16030,#16031),(#16032,#16033),(#16034,#16035)),.UNSPECIFIED.,.F.,.F.,
 .F.,(4,1,4),(2,2),(0.,0.0168057434516511,0.0348883488042962),(-0.04,0.),
 .UNSPECIFIED.);
#309=B_SPLINE_SURFACE_WITH_KNOTS('',3,1,((#16043,#16044),(#16045,#16046),
(#16047,#16048),(#16049,#16050),(#16051,#16052)),.UNSPECIFIED.,.F.,.F.,
 .F.,(4,1,4),(2,2),(0.,0.0145985390989042,0.0302958282207093),(-0.04,0.),
 .UNSPECIFIED.);
#310=B_SPLINE_SURFACE_WITH_KNOTS('',3,1,((#16060,#16061),(#16062,#16063),
(#16064,#16065),(#16066,#16067),(#16068,#16069)),.UNSPECIFIED.,.F.,.F.,
 .F.,(4,1,4),(2,2),(0.,0.0173389283704067,0.0325948393602666),(-0.04,0.),
 .UNSPECIFIED.);
#311=B_SPLINE_SURFACE_WITH_KNOTS('',3,1,((#16077,#16078),(#16079,#16080),
(#16081,#16082),(#16083,#16084),(#16085,#16086)),.UNSPECIFIED.,.F.,.F.,
 .F.,(4,1,4),(2,2),(0.,0.0218333220723506,0.0360937265048119),(-0.04,0.),
 .UNSPECIFIED.);
#312=B_SPLINE_SURFACE_WITH_KNOTS('',3,1,((#16106,#16107),(#16108,#16109),
(#16110,#16111),(#16112,#16113),(#16114,#16115)),.UNSPECIFIED.,.F.,.F.,
 .F.,(4,1,4),(2,2),(0.,0.0244418517184124,0.0612351425107669),(-0.04,0.),
 .UNSPECIFIED.);
#313=B_SPLINE_SURFACE_WITH_KNOTS('',3,1,((#16123,#16124),(#16125,#16126),
(#16127,#16128),(#16129,#16130),(#16131,#16132)),.UNSPECIFIED.,.F.,.F.,
 .F.,(4,1,4),(2,2),(0.,0.0172389549841528,0.0348411859337489),(-0.04,0.),
 .UNSPECIFIED.);
#314=B_SPLINE_SURFACE_WITH_KNOTS('',3,1,((#16140,#16141),(#16142,#16143),
(#16144,#16145),(#16146,#16147),(#16148,#16149)),.UNSPECIFIED.,.F.,.F.,
 .F.,(4,1,4),(2,2),(0.,0.0188760016093148,0.0367140463615046),(-0.04,0.),
 .UNSPECIFIED.);
#315=B_SPLINE_SURFACE_WITH_KNOTS('',3,1,((#16157,#16158),(#16159,#16160),
(#16161,#16162),(#16163,#16164),(#16165,#16166)),.UNSPECIFIED.,.F.,.F.,
 .F.,(4,1,4),(2,2),(0.,0.0174651759077689,0.0368705092467637),(-0.04,0.),
 .UNSPECIFIED.);
#316=B_SPLINE_SURFACE_WITH_KNOTS('',3,1,((#16174,#16175),(#16176,#16177),
(#16178,#16179),(#16180,#16181),(#16182,#16183)),.UNSPECIFIED.,.F.,.F.,
 .F.,(4,1,4),(2,2),(0.,0.0194172175162264,0.0368625471362066),(-0.04,0.),
 .UNSPECIFIED.);
#317=B_SPLINE_SURFACE_WITH_KNOTS('',3,1,((#16191,#16192),(#16193,#16194),
(#16195,#16196),(#16197,#16198),(#16199,#16200)),.UNSPECIFIED.,.F.,.F.,
 .F.,(4,1,4),(2,2),(0.,0.0302405297487721,0.0507962560855337),(-0.04,0.),
 .UNSPECIFIED.);
#318=B_SPLINE_SURFACE_WITH_KNOTS('',3,1,((#16272,#16273),(#16274,#16275),
(#16276,#16277),(#16278,#16279),(#16280,#16281)),.UNSPECIFIED.,.F.,.F.,
 .F.,(4,1,4),(2,2),(0.,0.0320448082496482,0.0619965339649467),(-0.04,0.),
 .UNSPECIFIED.);
#319=B_SPLINE_SURFACE_WITH_KNOTS('',3,1,((#16313,#16314),(#16315,#16316),
(#16317,#16318),(#16319,#16320),(#16321,#16322)),.UNSPECIFIED.,.F.,.F.,
 .F.,(4,1,4),(2,2),(0.,0.0295616375769488,0.0554175572108528),(-0.04,0.),
 .UNSPECIFIED.);
#320=FACE_BOUND('',#829,.T.);
#321=FACE_BOUND('',#850,.T.);
#322=FACE_BOUND('',#901,.T.);
#323=FACE_BOUND('',#942,.T.);
#324=FACE_BOUND('',#963,.T.);
#325=FACE_BOUND('',#1014,.T.);
#326=FACE_BOUND('',#1095,.T.);
#327=FACE_BOUND('',#1129,.T.);
#328=FACE_BOUND('',#1151,.T.);
#329=FACE_BOUND('',#1190,.T.);
#330=FACE_BOUND('',#1191,.T.);
#331=FACE_BOUND('',#1226,.T.);
#332=FACE_BOUND('',#1250,.T.);
#333=FACE_BOUND('',#1251,.T.);
#334=FACE_BOUND('',#1252,.T.);
#335=FACE_BOUND('',#1253,.T.);
#336=FACE_BOUND('',#1254,.T.);
#337=FACE_BOUND('',#1257,.T.);
#338=FACE_BOUND('',#1258,.T.);
#339=FACE_BOUND('',#1259,.T.);
#340=FACE_BOUND('',#1260,.T.);
#341=FACE_BOUND('',#1261,.T.);
#342=FACE_BOUND('',#1267,.T.);
#343=FACE_BOUND('',#1268,.T.);
#344=FACE_BOUND('',#1269,.T.);
#345=FACE_BOUND('',#1270,.T.);
#346=FACE_BOUND('',#1271,.T.);
#347=FACE_BOUND('',#1288,.T.);
#348=FACE_BOUND('',#1295,.T.);
#349=FACE_BOUND('',#1298,.T.);
#350=FACE_BOUND('',#1301,.T.);
#351=FACE_BOUND('',#1304,.T.);
#352=FACE_BOUND('',#1315,.T.);
#353=FACE_BOUND('',#1316,.T.);
#354=FACE_BOUND('',#1317,.T.);
#355=FACE_BOUND('',#1318,.T.);
#356=FACE_BOUND('',#1319,.T.);
#357=FACE_BOUND('',#1320,.T.);
#358=FACE_BOUND('',#1321,.T.);
#359=FACE_BOUND('',#1322,.T.);
#360=FACE_BOUND('',#1323,.T.);
#361=FACE_BOUND('',#1324,.T.);
#362=FACE_BOUND('',#1325,.T.);
#363=FACE_BOUND('',#1326,.T.);
#364=FACE_BOUND('',#1327,.T.);
#365=FACE_OUTER_BOUND('',#828,.T.);
#366=FACE_OUTER_BOUND('',#830,.T.);
#367=FACE_OUTER_BOUND('',#831,.T.);
#368=FACE_OUTER_BOUND('',#832,.T.);
#369=FACE_OUTER_BOUND('',#833,.T.);
#370=FACE_OUTER_BOUND('',#834,.T.);
#371=FACE_OUTER_BOUND('',#835,.T.);
#372=FACE_OUTER_BOUND('',#836,.T.);
#373=FACE_OUTER_BOUND('',#837,.T.);
#374=FACE_OUTER_BOUND('',#838,.T.);
#375=FACE_OUTER_BOUND('',#839,.T.);
#376=FACE_OUTER_BOUND('',#840,.T.);
#377=FACE_OUTER_BOUND('',#841,.T.);
#378=FACE_OUTER_BOUND('',#842,.T.);
#379=FACE_OUTER_BOUND('',#843,.T.);
#380=FACE_OUTER_BOUND('',#844,.T.);
#381=FACE_OUTER_BOUND('',#845,.T.);
#382=FACE_OUTER_BOUND('',#846,.T.);
#383=FACE_OUTER_BOUND('',#847,.T.);
#384=FACE_OUTER_BOUND('',#848,.T.);
#385=FACE_OUTER_BOUND('',#849,.T.);
#386=FACE_OUTER_BOUND('',#851,.T.);
#387=FACE_OUTER_BOUND('',#852,.T.);
#388=FACE_OUTER_BOUND('',#853,.T.);
#389=FACE_OUTER_BOUND('',#854,.T.);
#390=FACE_OUTER_BOUND('',#855,.T.);
#391=FACE_OUTER_BOUND('',#856,.T.);
#392=FACE_OUTER_BOUND('',#857,.T.);
#393=FACE_OUTER_BOUND('',#858,.T.);
#394=FACE_OUTER_BOUND('',#859,.T.);
#395=FACE_OUTER_BOUND('',#860,.T.);
#396=FACE_OUTER_BOUND('',#861,.T.);
#397=FACE_OUTER_BOUND('',#862,.T.);
#398=FACE_OUTER_BOUND('',#863,.T.);
#399=FACE_OUTER_BOUND('',#864,.T.);
#400=FACE_OUTER_BOUND('',#865,.T.);
#401=FACE_OUTER_BOUND('',#866,.T.);
#402=FACE_OUTER_BOUND('',#867,.T.);
#403=FACE_OUTER_BOUND('',#868,.T.);
#404=FACE_OUTER_BOUND('',#869,.T.);
#405=FACE_OUTER_BOUND('',#870,.T.);
#406=FACE_OUTER_BOUND('',#871,.T.);
#407=FACE_OUTER_BOUND('',#872,.T.);
#408=FACE_OUTER_BOUND('',#873,.T.);
#409=FACE_OUTER_BOUND('',#874,.T.);
#410=FACE_OUTER_BOUND('',#875,.T.);
#411=FACE_OUTER_BOUND('',#876,.T.);
#412=FACE_OUTER_BOUND('',#877,.T.);
#413=FACE_OUTER_BOUND('',#878,.T.);
#414=FACE_OUTER_BOUND('',#879,.T.);
#415=FACE_OUTER_BOUND('',#880,.T.);
#416=FACE_OUTER_BOUND('',#881,.T.);
#417=FACE_OUTER_BOUND('',#882,.T.);
#418=FACE_OUTER_BOUND('',#883,.T.);
#419=FACE_OUTER_BOUND('',#884,.T.);
#420=FACE_OUTER_BOUND('',#885,.T.);
#421=FACE_OUTER_BOUND('',#886,.T.);
#422=FACE_OUTER_BOUND('',#887,.T.);
#423=FACE_OUTER_BOUND('',#888,.T.);
#424=FACE_OUTER_BOUND('',#889,.T.);
#425=FACE_OUTER_BOUND('',#890,.T.);
#426=FACE_OUTER_BOUND('',#891,.T.);
#427=FACE_OUTER_BOUND('',#892,.T.);
#428=FACE_OUTER_BOUND('',#893,.T.);
#429=FACE_OUTER_BOUND('',#894,.T.);
#430=FACE_OUTER_BOUND('',#895,.T.);
#431=FACE_OUTER_BOUND('',#896,.T.);
#432=FACE_OUTER_BOUND('',#897,.T.);
#433=FACE_OUTER_BOUND('',#898,.T.);
#434=FACE_OUTER_BOUND('',#899,.T.);
#435=FACE_OUTER_BOUND('',#900,.T.);
#436=FACE_OUTER_BOUND('',#902,.T.);
#437=FACE_OUTER_BOUND('',#903,.T.);
#438=FACE_OUTER_BOUND('',#904,.T.);
#439=FACE_OUTER_BOUND('',#905,.T.);
#440=FACE_OUTER_BOUND('',#906,.T.);
#441=FACE_OUTER_BOUND('',#907,.T.);
#442=FACE_OUTER_BOUND('',#908,.T.);
#443=FACE_OUTER_BOUND('',#909,.T.);
#444=FACE_OUTER_BOUND('',#910,.T.);
#445=FACE_OUTER_BOUND('',#911,.T.);
#446=FACE_OUTER_BOUND('',#912,.T.);
#447=FACE_OUTER_BOUND('',#913,.T.);
#448=FACE_OUTER_BOUND('',#914,.T.);
#449=FACE_OUTER_BOUND('',#915,.T.);
#450=FACE_OUTER_BOUND('',#916,.T.);
#451=FACE_OUTER_BOUND('',#917,.T.);
#452=FACE_OUTER_BOUND('',#918,.T.);
#453=FACE_OUTER_BOUND('',#919,.T.);
#454=FACE_OUTER_BOUND('',#920,.T.);
#455=FACE_OUTER_BOUND('',#921,.T.);
#456=FACE_OUTER_BOUND('',#922,.T.);
#457=FACE_OUTER_BOUND('',#923,.T.);
#458=FACE_OUTER_BOUND('',#924,.T.);
#459=FACE_OUTER_BOUND('',#925,.T.);
#460=FACE_OUTER_BOUND('',#926,.T.);
#461=FACE_OUTER_BOUND('',#927,.T.);
#462=FACE_OUTER_BOUND('',#928,.T.);
#463=FACE_OUTER_BOUND('',#929,.T.);
#464=FACE_OUTER_BOUND('',#930,.T.);
#465=FACE_OUTER_BOUND('',#931,.T.);
#466=FACE_OUTER_BOUND('',#932,.T.);
#467=FACE_OUTER_BOUND('',#933,.T.);
#468=FACE_OUTER_BOUND('',#934,.T.);
#469=FACE_OUTER_BOUND('',#935,.T.);
#470=FACE_OUTER_BOUND('',#936,.T.);
#471=FACE_OUTER_BOUND('',#937,.T.);
#472=FACE_OUTER_BOUND('',#938,.T.);
#473=FACE_OUTER_BOUND('',#939,.T.);
#474=FACE_OUTER_BOUND('',#940,.T.);
#475=FACE_OUTER_BOUND('',#941,.T.);
#476=FACE_OUTER_BOUND('',#943,.T.);
#477=FACE_OUTER_BOUND('',#944,.T.);
#478=FACE_OUTER_BOUND('',#945,.T.);
#479=FACE_OUTER_BOUND('',#946,.T.);
#480=FACE_OUTER_BOUND('',#947,.T.);
#481=FACE_OUTER_BOUND('',#948,.T.);
#482=FACE_OUTER_BOUND('',#949,.T.);
#483=FACE_OUTER_BOUND('',#950,.T.);
#484=FACE_OUTER_BOUND('',#951,.T.);
#485=FACE_OUTER_BOUND('',#952,.T.);
#486=FACE_OUTER_BOUND('',#953,.T.);
#487=FACE_OUTER_BOUND('',#954,.T.);
#488=FACE_OUTER_BOUND('',#955,.T.);
#489=FACE_OUTER_BOUND('',#956,.T.);
#490=FACE_OUTER_BOUND('',#957,.T.);
#491=FACE_OUTER_BOUND('',#958,.T.);
#492=FACE_OUTER_BOUND('',#959,.T.);
#493=FACE_OUTER_BOUND('',#960,.T.);
#494=FACE_OUTER_BOUND('',#961,.T.);
#495=FACE_OUTER_BOUND('',#962,.T.);
#496=FACE_OUTER_BOUND('',#964,.T.);
#497=FACE_OUTER_BOUND('',#965,.T.);
#498=FACE_OUTER_BOUND('',#966,.T.);
#499=FACE_OUTER_BOUND('',#967,.T.);
#500=FACE_OUTER_BOUND('',#968,.T.);
#501=FACE_OUTER_BOUND('',#969,.T.);
#502=FACE_OUTER_BOUND('',#970,.T.);
#503=FACE_OUTER_BOUND('',#971,.T.);
#504=FACE_OUTER_BOUND('',#972,.T.);
#505=FACE_OUTER_BOUND('',#973,.T.);
#506=FACE_OUTER_BOUND('',#974,.T.);
#507=FACE_OUTER_BOUND('',#975,.T.);
#508=FACE_OUTER_BOUND('',#976,.T.);
#509=FACE_OUTER_BOUND('',#977,.T.);
#510=FACE_OUTER_BOUND('',#978,.T.);
#511=FACE_OUTER_BOUND('',#979,.T.);
#512=FACE_OUTER_BOUND('',#980,.T.);
#513=FACE_OUTER_BOUND('',#981,.T.);
#514=FACE_OUTER_BOUND('',#982,.T.);
#515=FACE_OUTER_BOUND('',#983,.T.);
#516=FACE_OUTER_BOUND('',#984,.T.);
#517=FACE_OUTER_BOUND('',#985,.T.);
#518=FACE_OUTER_BOUND('',#986,.T.);
#519=FACE_OUTER_BOUND('',#987,.T.);
#520=FACE_OUTER_BOUND('',#988,.T.);
#521=FACE_OUTER_BOUND('',#989,.T.);
#522=FACE_OUTER_BOUND('',#990,.T.);
#523=FACE_OUTER_BOUND('',#991,.T.);
#524=FACE_OUTER_BOUND('',#992,.T.);
#525=FACE_OUTER_BOUND('',#993,.T.);
#526=FACE_OUTER_BOUND('',#994,.T.);
#527=FACE_OUTER_BOUND('',#995,.T.);
#528=FACE_OUTER_BOUND('',#996,.T.);
#529=FACE_OUTER_BOUND('',#997,.T.);
#530=FACE_OUTER_BOUND('',#998,.T.);
#531=FACE_OUTER_BOUND('',#999,.T.);
#532=FACE_OUTER_BOUND('',#1000,.T.);
#533=FACE_OUTER_BOUND('',#1001,.T.);
#534=FACE_OUTER_BOUND('',#1002,.T.);
#535=FACE_OUTER_BOUND('',#1003,.T.);
#536=FACE_OUTER_BOUND('',#1004,.T.);
#537=FACE_OUTER_BOUND('',#1005,.T.);
#538=FACE_OUTER_BOUND('',#1006,.T.);
#539=FACE_OUTER_BOUND('',#1007,.T.);
#540=FACE_OUTER_BOUND('',#1008,.T.);
#541=FACE_OUTER_BOUND('',#1009,.T.);
#542=FACE_OUTER_BOUND('',#1010,.T.);
#543=FACE_OUTER_BOUND('',#1011,.T.);
#544=FACE_OUTER_BOUND('',#1012,.T.);
#545=FACE_OUTER_BOUND('',#1013,.T.);
#546=FACE_OUTER_BOUND('',#1015,.T.);
#547=FACE_OUTER_BOUND('',#1016,.T.);
#548=FACE_OUTER_BOUND('',#1017,.T.);
#549=FACE_OUTER_BOUND('',#1018,.T.);
#550=FACE_OUTER_BOUND('',#1019,.T.);
#551=FACE_OUTER_BOUND('',#1020,.T.);
#552=FACE_OUTER_BOUND('',#1021,.T.);
#553=FACE_OUTER_BOUND('',#1022,.T.);
#554=FACE_OUTER_BOUND('',#1023,.T.);
#555=FACE_OUTER_BOUND('',#1024,.T.);
#556=FACE_OUTER_BOUND('',#1025,.T.);
#557=FACE_OUTER_BOUND('',#1026,.T.);
#558=FACE_OUTER_BOUND('',#1027,.T.);
#559=FACE_OUTER_BOUND('',#1028,.T.);
#560=FACE_OUTER_BOUND('',#1029,.T.);
#561=FACE_OUTER_BOUND('',#1030,.T.);
#562=FACE_OUTER_BOUND('',#1031,.T.);
#563=FACE_OUTER_BOUND('',#1032,.T.);
#564=FACE_OUTER_BOUND('',#1033,.T.);
#565=FACE_OUTER_BOUND('',#1034,.T.);
#566=FACE_OUTER_BOUND('',#1035,.T.);
#567=FACE_OUTER_BOUND('',#1036,.T.);
#568=FACE_OUTER_BOUND('',#1037,.T.);
#569=FACE_OUTER_BOUND('',#1038,.T.);
#570=FACE_OUTER_BOUND('',#1039,.T.);
#571=FACE_OUTER_BOUND('',#1040,.T.);
#572=FACE_OUTER_BOUND('',#1041,.T.);
#573=FACE_OUTER_BOUND('',#1042,.T.);
#574=FACE_OUTER_BOUND('',#1043,.T.);
#575=FACE_OUTER_BOUND('',#1044,.T.);
#576=FACE_OUTER_BOUND('',#1045,.T.);
#577=FACE_OUTER_BOUND('',#1046,.T.);
#578=FACE_OUTER_BOUND('',#1047,.T.);
#579=FACE_OUTER_BOUND('',#1048,.T.);
#580=FACE_OUTER_BOUND('',#1049,.T.);
#581=FACE_OUTER_BOUND('',#1050,.T.);
#582=FACE_OUTER_BOUND('',#1051,.T.);
#583=FACE_OUTER_BOUND('',#1052,.T.);
#584=FACE_OUTER_BOUND('',#1053,.T.);
#585=FACE_OUTER_BOUND('',#1054,.T.);
#586=FACE_OUTER_BOUND('',#1055,.T.);
#587=FACE_OUTER_BOUND('',#1056,.T.);
#588=FACE_OUTER_BOUND('',#1057,.T.);
#589=FACE_OUTER_BOUND('',#1058,.T.);
#590=FACE_OUTER_BOUND('',#1059,.T.);
#591=FACE_OUTER_BOUND('',#1060,.T.);
#592=FACE_OUTER_BOUND('',#1061,.T.);
#593=FACE_OUTER_BOUND('',#1062,.T.);
#594=FACE_OUTER_BOUND('',#1063,.T.);
#595=FACE_OUTER_BOUND('',#1064,.T.);
#596=FACE_OUTER_BOUND('',#1065,.T.);
#597=FACE_OUTER_BOUND('',#1066,.T.);
#598=FACE_OUTER_BOUND('',#1067,.T.);
#599=FACE_OUTER_BOUND('',#1068,.T.);
#600=FACE_OUTER_BOUND('',#1069,.T.);
#601=FACE_OUTER_BOUND('',#1070,.T.);
#602=FACE_OUTER_BOUND('',#1071,.T.);
#603=FACE_OUTER_BOUND('',#1072,.T.);
#604=FACE_OUTER_BOUND('',#1073,.T.);
#605=FACE_OUTER_BOUND('',#1074,.T.);
#606=FACE_OUTER_BOUND('',#1075,.T.);
#607=FACE_OUTER_BOUND('',#1076,.T.);
#608=FACE_OUTER_BOUND('',#1077,.T.);
#609=FACE_OUTER_BOUND('',#1078,.T.);
#610=FACE_OUTER_BOUND('',#1079,.T.);
#611=FACE_OUTER_BOUND('',#1080,.T.);
#612=FACE_OUTER_BOUND('',#1081,.T.);
#613=FACE_OUTER_BOUND('',#1082,.T.);
#614=FACE_OUTER_BOUND('',#1083,.T.);
#615=FACE_OUTER_BOUND('',#1084,.T.);
#616=FACE_OUTER_BOUND('',#1085,.T.);
#617=FACE_OUTER_BOUND('',#1086,.T.);
#618=FACE_OUTER_BOUND('',#1087,.T.);
#619=FACE_OUTER_BOUND('',#1088,.T.);
#620=FACE_OUTER_BOUND('',#1089,.T.);
#621=FACE_OUTER_BOUND('',#1090,.T.);
#622=FACE_OUTER_BOUND('',#1091,.T.);
#623=FACE_OUTER_BOUND('',#1092,.T.);
#624=FACE_OUTER_BOUND('',#1093,.T.);
#625=FACE_OUTER_BOUND('',#1094,.T.);
#626=FACE_OUTER_BOUND('',#1096,.T.);
#627=FACE_OUTER_BOUND('',#1097,.T.);
#628=FACE_OUTER_BOUND('',#1098,.T.);
#629=FACE_OUTER_BOUND('',#1099,.T.);
#630=FACE_OUTER_BOUND('',#1100,.T.);
#631=FACE_OUTER_BOUND('',#1101,.T.);
#632=FACE_OUTER_BOUND('',#1102,.T.);
#633=FACE_OUTER_BOUND('',#1103,.T.);
#634=FACE_OUTER_BOUND('',#1104,.T.);
#635=FACE_OUTER_BOUND('',#1105,.T.);
#636=FACE_OUTER_BOUND('',#1106,.T.);
#637=FACE_OUTER_BOUND('',#1107,.T.);
#638=FACE_OUTER_BOUND('',#1108,.T.);
#639=FACE_OUTER_BOUND('',#1109,.T.);
#640=FACE_OUTER_BOUND('',#1110,.T.);
#641=FACE_OUTER_BOUND('',#1111,.T.);
#642=FACE_OUTER_BOUND('',#1112,.T.);
#643=FACE_OUTER_BOUND('',#1113,.T.);
#644=FACE_OUTER_BOUND('',#1114,.T.);
#645=FACE_OUTER_BOUND('',#1115,.T.);
#646=FACE_OUTER_BOUND('',#1116,.T.);
#647=FACE_OUTER_BOUND('',#1117,.T.);
#648=FACE_OUTER_BOUND('',#1118,.T.);
#649=FACE_OUTER_BOUND('',#1119,.T.);
#650=FACE_OUTER_BOUND('',#1120,.T.);
#651=FACE_OUTER_BOUND('',#1121,.T.);
#652=FACE_OUTER_BOUND('',#1122,.T.);
#653=FACE_OUTER_BOUND('',#1123,.T.);
#654=FACE_OUTER_BOUND('',#1124,.T.);
#655=FACE_OUTER_BOUND('',#1125,.T.);
#656=FACE_OUTER_BOUND('',#1126,.T.);
#657=FACE_OUTER_BOUND('',#1127,.T.);
#658=FACE_OUTER_BOUND('',#1128,.T.);
#659=FACE_OUTER_BOUND('',#1130,.T.);
#660=FACE_OUTER_BOUND('',#1131,.T.);
#661=FACE_OUTER_BOUND('',#1132,.T.);
#662=FACE_OUTER_BOUND('',#1133,.T.);
#663=FACE_OUTER_BOUND('',#1134,.T.);
#664=FACE_OUTER_BOUND('',#1135,.T.);
#665=FACE_OUTER_BOUND('',#1136,.T.);
#666=FACE_OUTER_BOUND('',#1137,.T.);
#667=FACE_OUTER_BOUND('',#1138,.T.);
#668=FACE_OUTER_BOUND('',#1139,.T.);
#669=FACE_OUTER_BOUND('',#1140,.T.);
#670=FACE_OUTER_BOUND('',#1141,.T.);
#671=FACE_OUTER_BOUND('',#1142,.T.);
#672=FACE_OUTER_BOUND('',#1143,.T.);
#673=FACE_OUTER_BOUND('',#1144,.T.);
#674=FACE_OUTER_BOUND('',#1145,.T.);
#675=FACE_OUTER_BOUND('',#1146,.T.);
#676=FACE_OUTER_BOUND('',#1147,.T.);
#677=FACE_OUTER_BOUND('',#1148,.T.);
#678=FACE_OUTER_BOUND('',#1149,.T.);
#679=FACE_OUTER_BOUND('',#1150,.T.);
#680=FACE_OUTER_BOUND('',#1152,.T.);
#681=FACE_OUTER_BOUND('',#1153,.T.);
#682=FACE_OUTER_BOUND('',#1154,.T.);
#683=FACE_OUTER_BOUND('',#1155,.T.);
#684=FACE_OUTER_BOUND('',#1156,.T.);
#685=FACE_OUTER_BOUND('',#1157,.T.);
#686=FACE_OUTER_BOUND('',#1158,.T.);
#687=FACE_OUTER_BOUND('',#1159,.T.);
#688=FACE_OUTER_BOUND('',#1160,.T.);
#689=FACE_OUTER_BOUND('',#1161,.T.);
#690=FACE_OUTER_BOUND('',#1162,.T.);
#691=FACE_OUTER_BOUND('',#1163,.T.);
#692=FACE_OUTER_BOUND('',#1164,.T.);
#693=FACE_OUTER_BOUND('',#1165,.T.);
#694=FACE_OUTER_BOUND('',#1166,.T.);
#695=FACE_OUTER_BOUND('',#1167,.T.);
#696=FACE_OUTER_BOUND('',#1168,.T.);
#697=FACE_OUTER_BOUND('',#1169,.T.);
#698=FACE_OUTER_BOUND('',#1170,.T.);
#699=FACE_OUTER_BOUND('',#1171,.T.);
#700=FACE_OUTER_BOUND('',#1172,.T.);
#701=FACE_OUTER_BOUND('',#1173,.T.);
#702=FACE_OUTER_BOUND('',#1174,.T.);
#703=FACE_OUTER_BOUND('',#1175,.T.);
#704=FACE_OUTER_BOUND('',#1176,.T.);
#705=FACE_OUTER_BOUND('',#1177,.T.);
#706=FACE_OUTER_BOUND('',#1178,.T.);
#707=FACE_OUTER_BOUND('',#1179,.T.);
#708=FACE_OUTER_BOUND('',#1180,.T.);
#709=FACE_OUTER_BOUND('',#1181,.T.);
#710=FACE_OUTER_BOUND('',#1182,.T.);
#711=FACE_OUTER_BOUND('',#1183,.T.);
#712=FACE_OUTER_BOUND('',#1184,.T.);
#713=FACE_OUTER_BOUND('',#1185,.T.);
#714=FACE_OUTER_BOUND('',#1186,.T.);
#715=FACE_OUTER_BOUND('',#1187,.T.);
#716=FACE_OUTER_BOUND('',#1188,.T.);
#717=FACE_OUTER_BOUND('',#1189,.T.);
#718=FACE_OUTER_BOUND('',#1192,.T.);
#719=FACE_OUTER_BOUND('',#1193,.T.);
#720=FACE_OUTER_BOUND('',#1194,.T.);
#721=FACE_OUTER_BOUND('',#1195,.T.);
#722=FACE_OUTER_BOUND('',#1196,.T.);
#723=FACE_OUTER_BOUND('',#1197,.T.);
#724=FACE_OUTER_BOUND('',#1198,.T.);
#725=FACE_OUTER_BOUND('',#1199,.T.);
#726=FACE_OUTER_BOUND('',#1200,.T.);
#727=FACE_OUTER_BOUND('',#1201,.T.);
#728=FACE_OUTER_BOUND('',#1202,.T.);
#729=FACE_OUTER_BOUND('',#1203,.T.);
#730=FACE_OUTER_BOUND('',#1204,.T.);
#731=FACE_OUTER_BOUND('',#1205,.T.);
#732=FACE_OUTER_BOUND('',#1206,.T.);
#733=FACE_OUTER_BOUND('',#1207,.T.);
#734=FACE_OUTER_BOUND('',#1208,.T.);
#735=FACE_OUTER_BOUND('',#1209,.T.);
#736=FACE_OUTER_BOUND('',#1210,.T.);
#737=FACE_OUTER_BOUND('',#1211,.T.);
#738=FACE_OUTER_BOUND('',#1212,.T.);
#739=FACE_OUTER_BOUND('',#1213,.T.);
#740=FACE_OUTER_BOUND('',#1214,.T.);
#741=FACE_OUTER_BOUND('',#1215,.T.);
#742=FACE_OUTER_BOUND('',#1216,.T.);
#743=FACE_OUTER_BOUND('',#1217,.T.);
#744=FACE_OUTER_BOUND('',#1218,.T.);
#745=FACE_OUTER_BOUND('',#1219,.T.);
#746=FACE_OUTER_BOUND('',#1220,.T.);
#747=FACE_OUTER_BOUND('',#1221,.T.);
#748=FACE_OUTER_BOUND('',#1222,.T.);
#749=FACE_OUTER_BOUND('',#1223,.T.);
#750=FACE_OUTER_BOUND('',#1224,.T.);
#751=FACE_OUTER_BOUND('',#1225,.T.);
#752=FACE_OUTER_BOUND('',#1227,.T.);
#753=FACE_OUTER_BOUND('',#1228,.T.);
#754=FACE_OUTER_BOUND('',#1229,.T.);
#755=FACE_OUTER_BOUND('',#1230,.T.);
#756=FACE_OUTER_BOUND('',#1231,.T.);
#757=FACE_OUTER_BOUND('',#1232,.T.);
#758=FACE_OUTER_BOUND('',#1233,.T.);
#759=FACE_OUTER_BOUND('',#1234,.T.);
#760=FACE_OUTER_BOUND('',#1235,.T.);
#761=FACE_OUTER_BOUND('',#1236,.T.);
#762=FACE_OUTER_BOUND('',#1237,.T.);
#763=FACE_OUTER_BOUND('',#1238,.T.);
#764=FACE_OUTER_BOUND('',#1239,.T.);
#765=FACE_OUTER_BOUND('',#1240,.T.);
#766=FACE_OUTER_BOUND('',#1241,.T.);
#767=FACE_OUTER_BOUND('',#1242,.T.);
#768=FACE_OUTER_BOUND('',#1243,.T.);
#769=FACE_OUTER_BOUND('',#1244,.T.);
#770=FACE_OUTER_BOUND('',#1245,.T.);
#771=FACE_OUTER_BOUND('',#1246,.T.);
#772=FACE_OUTER_BOUND('',#1247,.T.);
#773=FACE_OUTER_BOUND('',#1248,.T.);
#774=FACE_OUTER_BOUND('',#1249,.T.);
#775=FACE_OUTER_BOUND('',#1255,.T.);
#776=FACE_OUTER_BOUND('',#1256,.T.);
#777=FACE_OUTER_BOUND('',#1262,.T.);
#778=FACE_OUTER_BOUND('',#1263,.T.);
#779=FACE_OUTER_BOUND('',#1264,.T.);
#780=FACE_OUTER_BOUND('',#1265,.T.);
#781=FACE_OUTER_BOUND('',#1266,.T.);
#782=FACE_OUTER_BOUND('',#1272,.T.);
#783=FACE_OUTER_BOUND('',#1273,.T.);
#784=FACE_OUTER_BOUND('',#1274,.T.);
#785=FACE_OUTER_BOUND('',#1275,.T.);
#786=FACE_OUTER_BOUND('',#1276,.T.);
#787=FACE_OUTER_BOUND('',#1277,.T.);
#788=FACE_OUTER_BOUND('',#1278,.T.);
#789=FACE_OUTER_BOUND('',#1279,.T.);
#790=FACE_OUTER_BOUND('',#1280,.T.);
#791=FACE_OUTER_BOUND('',#1281,.T.);
#792=FACE_OUTER_BOUND('',#1282,.T.);
#793=FACE_OUTER_BOUND('',#1283,.T.);
#794=FACE_OUTER_BOUND('',#1284,.T.);
#795=FACE_OUTER_BOUND('',#1285,.T.);
#796=FACE_OUTER_BOUND('',#1286,.T.);
#797=FACE_OUTER_BOUND('',#1287,.T.);
#798=FACE_OUTER_BOUND('',#1289,.T.);
#799=FACE_OUTER_BOUND('',#1290,.T.);
#800=FACE_OUTER_BOUND('',#1291,.T.);
#801=FACE_OUTER_BOUND('',#1292,.T.);
#802=FACE_OUTER_BOUND('',#1293,.T.);
#803=FACE_OUTER_BOUND('',#1294,.T.);
#804=FACE_OUTER_BOUND('',#1296,.T.);
#805=FACE_OUTER_BOUND('',#1297,.T.);
#806=FACE_OUTER_BOUND('',#1299,.T.);
#807=FACE_OUTER_BOUND('',#1300,.T.);
#808=FACE_OUTER_BOUND('',#1302,.T.);
#809=FACE_OUTER_BOUND('',#1303,.T.);
#810=FACE_OUTER_BOUND('',#1305,.T.);
#811=FACE_OUTER_BOUND('',#1306,.T.);
#812=FACE_OUTER_BOUND('',#1307,.T.);
#813=FACE_OUTER_BOUND('',#1308,.T.);
#814=FACE_OUTER_BOUND('',#1309,.T.);
#815=FACE_OUTER_BOUND('',#1310,.T.);
#816=FACE_OUTER_BOUND('',#1311,.T.);
#817=FACE_OUTER_BOUND('',#1312,.T.);
#818=FACE_OUTER_BOUND('',#1313,.T.);
#819=FACE_OUTER_BOUND('',#1314,.T.);
#820=FACE_OUTER_BOUND('',#1328,.T.);
#821=FACE_OUTER_BOUND('',#1329,.T.);
#822=FACE_OUTER_BOUND('',#1330,.T.);
#823=FACE_OUTER_BOUND('',#1331,.T.);
#824=FACE_OUTER_BOUND('',#1332,.T.);
#825=FACE_OUTER_BOUND('',#1333,.T.);
#826=FACE_OUTER_BOUND('',#1334,.T.);
#827=FACE_OUTER_BOUND('',#1335,.T.);
#828=EDGE_LOOP('',(#5406,#5407,#5408,#5409,#5410,#5411,#5412,#5413,#5414,
#5415,#5416));
#829=EDGE_LOOP('',(#5417,#5418,#5419,#5420,#5421,#5422,#5423,#5424));
#830=EDGE_LOOP('',(#5425,#5426,#5427,#5428));
#831=EDGE_LOOP('',(#5429,#5430,#5431,#5432));
#832=EDGE_LOOP('',(#5433,#5434,#5435,#5436));
#833=EDGE_LOOP('',(#5437,#5438,#5439,#5440));
#834=EDGE_LOOP('',(#5441,#5442,#5443,#5444));
#835=EDGE_LOOP('',(#5445,#5446,#5447,#5448));
#836=EDGE_LOOP('',(#5449,#5450,#5451,#5452));
#837=EDGE_LOOP('',(#5453,#5454,#5455,#5456));
#838=EDGE_LOOP('',(#5457,#5458,#5459,#5460));
#839=EDGE_LOOP('',(#5461,#5462,#5463,#5464));
#840=EDGE_LOOP('',(#5465,#5466,#5467,#5468));
#841=EDGE_LOOP('',(#5469,#5470,#5471,#5472));
#842=EDGE_LOOP('',(#5473,#5474,#5475,#5476));
#843=EDGE_LOOP('',(#5477,#5478,#5479,#5480));
#844=EDGE_LOOP('',(#5481,#5482,#5483,#5484));
#845=EDGE_LOOP('',(#5485,#5486,#5487,#5488));
#846=EDGE_LOOP('',(#5489,#5490,#5491,#5492));
#847=EDGE_LOOP('',(#5493,#5494,#5495,#5496));
#848=EDGE_LOOP('',(#5497,#5498,#5499,#5500));
#849=EDGE_LOOP('',(#5501,#5502,#5503,#5504,#5505,#5506,#5507,#5508));
#850=EDGE_LOOP('',(#5509,#5510,#5511,#5512,#5513));
#851=EDGE_LOOP('',(#5514,#5515,#5516,#5517));
#852=EDGE_LOOP('',(#5518,#5519,#5520,#5521));
#853=EDGE_LOOP('',(#5522,#5523,#5524,#5525));
#854=EDGE_LOOP('',(#5526,#5527,#5528,#5529));
#855=EDGE_LOOP('',(#5530,#5531,#5532,#5533));
#856=EDGE_LOOP('',(#5534,#5535,#5536,#5537));
#857=EDGE_LOOP('',(#5538,#5539,#5540,#5541));
#858=EDGE_LOOP('',(#5542,#5543,#5544,#5545));
#859=EDGE_LOOP('',(#5546,#5547,#5548,#5549));
#860=EDGE_LOOP('',(#5550,#5551,#5552,#5553));
#861=EDGE_LOOP('',(#5554,#5555,#5556,#5557));
#862=EDGE_LOOP('',(#5558,#5559,#5560,#5561));
#863=EDGE_LOOP('',(#5562,#5563,#5564,#5565));
#864=EDGE_LOOP('',(#5566,#5567,#5568,#5569,#5570,#5571,#5572,#5573,#5574,
#5575,#5576,#5577,#5578,#5579,#5580,#5581,#5582,#5583,#5584,#5585,#5586,
#5587,#5588,#5589,#5590,#5591,#5592,#5593,#5594,#5595,#5596,#5597,#5598,
#5599,#5600));
#865=EDGE_LOOP('',(#5601,#5602,#5603,#5604));
#866=EDGE_LOOP('',(#5605,#5606,#5607,#5608));
#867=EDGE_LOOP('',(#5609,#5610,#5611,#5612));
#868=EDGE_LOOP('',(#5613,#5614,#5615,#5616));
#869=EDGE_LOOP('',(#5617,#5618,#5619,#5620));
#870=EDGE_LOOP('',(#5621,#5622,#5623,#5624));
#871=EDGE_LOOP('',(#5625,#5626,#5627,#5628));
#872=EDGE_LOOP('',(#5629,#5630,#5631,#5632));
#873=EDGE_LOOP('',(#5633,#5634,#5635,#5636));
#874=EDGE_LOOP('',(#5637,#5638,#5639,#5640));
#875=EDGE_LOOP('',(#5641,#5642,#5643,#5644));
#876=EDGE_LOOP('',(#5645,#5646,#5647,#5648));
#877=EDGE_LOOP('',(#5649,#5650,#5651,#5652));
#878=EDGE_LOOP('',(#5653,#5654,#5655,#5656));
#879=EDGE_LOOP('',(#5657,#5658,#5659,#5660));
#880=EDGE_LOOP('',(#5661,#5662,#5663,#5664));
#881=EDGE_LOOP('',(#5665,#5666,#5667,#5668));
#882=EDGE_LOOP('',(#5669,#5670,#5671,#5672));
#883=EDGE_LOOP('',(#5673,#5674,#5675,#5676));
#884=EDGE_LOOP('',(#5677,#5678,#5679,#5680));
#885=EDGE_LOOP('',(#5681,#5682,#5683,#5684));
#886=EDGE_LOOP('',(#5685,#5686,#5687,#5688));
#887=EDGE_LOOP('',(#5689,#5690,#5691,#5692));
#888=EDGE_LOOP('',(#5693,#5694,#5695,#5696));
#889=EDGE_LOOP('',(#5697,#5698,#5699,#5700));
#890=EDGE_LOOP('',(#5701,#5702,#5703,#5704));
#891=EDGE_LOOP('',(#5705,#5706,#5707,#5708));
#892=EDGE_LOOP('',(#5709,#5710,#5711,#5712));
#893=EDGE_LOOP('',(#5713,#5714,#5715,#5716));
#894=EDGE_LOOP('',(#5717,#5718,#5719,#5720));
#895=EDGE_LOOP('',(#5721,#5722,#5723,#5724));
#896=EDGE_LOOP('',(#5725,#5726,#5727,#5728));
#897=EDGE_LOOP('',(#5729,#5730,#5731,#5732));
#898=EDGE_LOOP('',(#5733,#5734,#5735,#5736));
#899=EDGE_LOOP('',(#5737,#5738,#5739,#5740));
#900=EDGE_LOOP('',(#5741,#5742,#5743,#5744,#5745,#5746,#5747,#5748,#5749,
#5750,#5751,#5752,#5753,#5754,#5755,#5756,#5757,#5758,#5759));
#901=EDGE_LOOP('',(#5760,#5761,#5762,#5763,#5764,#5765,#5766,#5767));
#902=EDGE_LOOP('',(#5768,#5769,#5770,#5771));
#903=EDGE_LOOP('',(#5772,#5773,#5774,#5775));
#904=EDGE_LOOP('',(#5776,#5777,#5778,#5779));
#905=EDGE_LOOP('',(#5780,#5781,#5782,#5783));
#906=EDGE_LOOP('',(#5784,#5785,#5786,#5787));
#907=EDGE_LOOP('',(#5788,#5789,#5790,#5791));
#908=EDGE_LOOP('',(#5792,#5793,#5794,#5795));
#909=EDGE_LOOP('',(#5796,#5797,#5798,#5799));
#910=EDGE_LOOP('',(#5800,#5801,#5802,#5803));
#911=EDGE_LOOP('',(#5804,#5805,#5806,#5807));
#912=EDGE_LOOP('',(#5808,#5809,#5810,#5811));
#913=EDGE_LOOP('',(#5812,#5813,#5814,#5815));
#914=EDGE_LOOP('',(#5816,#5817,#5818,#5819));
#915=EDGE_LOOP('',(#5820,#5821,#5822,#5823));
#916=EDGE_LOOP('',(#5824,#5825,#5826,#5827));
#917=EDGE_LOOP('',(#5828,#5829,#5830,#5831));
#918=EDGE_LOOP('',(#5832,#5833,#5834,#5835));
#919=EDGE_LOOP('',(#5836,#5837,#5838,#5839));
#920=EDGE_LOOP('',(#5840,#5841,#5842,#5843));
#921=EDGE_LOOP('',(#5844,#5845,#5846,#5847));
#922=EDGE_LOOP('',(#5848,#5849,#5850,#5851));
#923=EDGE_LOOP('',(#5852,#5853,#5854,#5855));
#924=EDGE_LOOP('',(#5856,#5857,#5858,#5859));
#925=EDGE_LOOP('',(#5860,#5861,#5862,#5863));
#926=EDGE_LOOP('',(#5864,#5865,#5866,#5867));
#927=EDGE_LOOP('',(#5868,#5869,#5870,#5871));
#928=EDGE_LOOP('',(#5872,#5873,#5874,#5875));
#929=EDGE_LOOP('',(#5876,#5877,#5878,#5879,#5880,#5881,#5882,#5883));
#930=EDGE_LOOP('',(#5884,#5885,#5886,#5887));
#931=EDGE_LOOP('',(#5888,#5889,#5890,#5891));
#932=EDGE_LOOP('',(#5892,#5893,#5894,#5895));
#933=EDGE_LOOP('',(#5896,#5897,#5898,#5899));
#934=EDGE_LOOP('',(#5900,#5901,#5902,#5903));
#935=EDGE_LOOP('',(#5904,#5905,#5906,#5907));
#936=EDGE_LOOP('',(#5908,#5909,#5910,#5911));
#937=EDGE_LOOP('',(#5912,#5913,#5914,#5915));
#938=EDGE_LOOP('',(#5916,#5917,#5918,#5919,#5920,#5921,#5922,#5923));
#939=EDGE_LOOP('',(#5924,#5925,#5926,#5927,#5928));
#940=EDGE_LOOP('',(#5929,#5930,#5931,#5932,#5933,#5934,#5935,#5936));
#941=EDGE_LOOP('',(#5937,#5938,#5939,#5940,#5941,#5942,#5943,#5944,#5945,
#5946,#5947));
#942=EDGE_LOOP('',(#5948,#5949,#5950,#5951,#5952,#5953,#5954,#5955));
#943=EDGE_LOOP('',(#5956,#5957,#5958,#5959));
#944=EDGE_LOOP('',(#5960,#5961,#5962,#5963));
#945=EDGE_LOOP('',(#5964,#5965,#5966,#5967));
#946=EDGE_LOOP('',(#5968,#5969,#5970,#5971));
#947=EDGE_LOOP('',(#5972,#5973,#5974,#5975));
#948=EDGE_LOOP('',(#5976,#5977,#5978,#5979));
#949=EDGE_LOOP('',(#5980,#5981,#5982,#5983));
#950=EDGE_LOOP('',(#5984,#5985,#5986,#5987));
#951=EDGE_LOOP('',(#5988,#5989,#5990,#5991));
#952=EDGE_LOOP('',(#5992,#5993,#5994,#5995));
#953=EDGE_LOOP('',(#5996,#5997,#5998,#5999));
#954=EDGE_LOOP('',(#6000,#6001,#6002,#6003));
#955=EDGE_LOOP('',(#6004,#6005,#6006,#6007));
#956=EDGE_LOOP('',(#6008,#6009,#6010,#6011));
#957=EDGE_LOOP('',(#6012,#6013,#6014,#6015));
#958=EDGE_LOOP('',(#6016,#6017,#6018,#6019));
#959=EDGE_LOOP('',(#6020,#6021,#6022,#6023));
#960=EDGE_LOOP('',(#6024,#6025,#6026,#6027));
#961=EDGE_LOOP('',(#6028,#6029,#6030,#6031));
#962=EDGE_LOOP('',(#6032,#6033,#6034,#6035,#6036,#6037,#6038,#6039));
#963=EDGE_LOOP('',(#6040,#6041,#6042,#6043,#6044));
#964=EDGE_LOOP('',(#6045,#6046,#6047,#6048));
#965=EDGE_LOOP('',(#6049,#6050,#6051,#6052));
#966=EDGE_LOOP('',(#6053,#6054,#6055,#6056));
#967=EDGE_LOOP('',(#6057,#6058,#6059,#6060));
#968=EDGE_LOOP('',(#6061,#6062,#6063,#6064));
#969=EDGE_LOOP('',(#6065,#6066,#6067,#6068));
#970=EDGE_LOOP('',(#6069,#6070,#6071,#6072));
#971=EDGE_LOOP('',(#6073,#6074,#6075,#6076));
#972=EDGE_LOOP('',(#6077,#6078,#6079,#6080));
#973=EDGE_LOOP('',(#6081,#6082,#6083,#6084));
#974=EDGE_LOOP('',(#6085,#6086,#6087,#6088));
#975=EDGE_LOOP('',(#6089,#6090,#6091,#6092));
#976=EDGE_LOOP('',(#6093,#6094,#6095,#6096));
#977=EDGE_LOOP('',(#6097,#6098,#6099,#6100,#6101,#6102,#6103,#6104,#6105,
#6106,#6107,#6108,#6109,#6110,#6111,#6112,#6113,#6114,#6115,#6116,#6117,
#6118,#6119,#6120,#6121,#6122,#6123,#6124,#6125,#6126,#6127,#6128,#6129,
#6130,#6131));
#978=EDGE_LOOP('',(#6132,#6133,#6134,#6135));
#979=EDGE_LOOP('',(#6136,#6137,#6138,#6139));
#980=EDGE_LOOP('',(#6140,#6141,#6142,#6143));
#981=EDGE_LOOP('',(#6144,#6145,#6146,#6147));
#982=EDGE_LOOP('',(#6148,#6149,#6150,#6151));
#983=EDGE_LOOP('',(#6152,#6153,#6154,#6155));
#984=EDGE_LOOP('',(#6156,#6157,#6158,#6159));
#985=EDGE_LOOP('',(#6160,#6161,#6162,#6163));
#986=EDGE_LOOP('',(#6164,#6165,#6166,#6167));
#987=EDGE_LOOP('',(#6168,#6169,#6170,#6171));
#988=EDGE_LOOP('',(#6172,#6173,#6174,#6175));
#989=EDGE_LOOP('',(#6176,#6177,#6178,#6179));
#990=EDGE_LOOP('',(#6180,#6181,#6182,#6183));
#991=EDGE_LOOP('',(#6184,#6185,#6186,#6187));
#992=EDGE_LOOP('',(#6188,#6189,#6190,#6191));
#993=EDGE_LOOP('',(#6192,#6193,#6194,#6195));
#994=EDGE_LOOP('',(#6196,#6197,#6198,#6199));
#995=EDGE_LOOP('',(#6200,#6201,#6202,#6203));
#996=EDGE_LOOP('',(#6204,#6205,#6206,#6207));
#997=EDGE_LOOP('',(#6208,#6209,#6210,#6211));
#998=EDGE_LOOP('',(#6212,#6213,#6214,#6215));
#999=EDGE_LOOP('',(#6216,#6217,#6218,#6219));
#1000=EDGE_LOOP('',(#6220,#6221,#6222,#6223));
#1001=EDGE_LOOP('',(#6224,#6225,#6226,#6227));
#1002=EDGE_LOOP('',(#6228,#6229,#6230,#6231));
#1003=EDGE_LOOP('',(#6232,#6233,#6234,#6235));
#1004=EDGE_LOOP('',(#6236,#6237,#6238,#6239));
#1005=EDGE_LOOP('',(#6240,#6241,#6242,#6243));
#1006=EDGE_LOOP('',(#6244,#6245,#6246,#6247));
#1007=EDGE_LOOP('',(#6248,#6249,#6250,#6251));
#1008=EDGE_LOOP('',(#6252,#6253,#6254,#6255));
#1009=EDGE_LOOP('',(#6256,#6257,#6258,#6259));
#1010=EDGE_LOOP('',(#6260,#6261,#6262,#6263));
#1011=EDGE_LOOP('',(#6264,#6265,#6266,#6267));
#1012=EDGE_LOOP('',(#6268,#6269,#6270,#6271));
#1013=EDGE_LOOP('',(#6272,#6273,#6274,#6275,#6276,#6277,#6278,#6279,#6280,
#6281,#6282,#6283,#6284,#6285,#6286,#6287,#6288,#6289,#6290));
#1014=EDGE_LOOP('',(#6291,#6292,#6293,#6294,#6295,#6296,#6297,#6298));
#1015=EDGE_LOOP('',(#6299,#6300,#6301,#6302));
#1016=EDGE_LOOP('',(#6303,#6304,#6305,#6306));
#1017=EDGE_LOOP('',(#6307,#6308,#6309,#6310));
#1018=EDGE_LOOP('',(#6311,#6312,#6313,#6314));
#1019=EDGE_LOOP('',(#6315,#6316,#6317,#6318));
#1020=EDGE_LOOP('',(#6319,#6320,#6321,#6322));
#1021=EDGE_LOOP('',(#6323,#6324,#6325,#6326));
#1022=EDGE_LOOP('',(#6327,#6328,#6329,#6330));
#1023=EDGE_LOOP('',(#6331,#6332,#6333,#6334));
#1024=EDGE_LOOP('',(#6335,#6336,#6337,#6338));
#1025=EDGE_LOOP('',(#6339,#6340,#6341,#6342));
#1026=EDGE_LOOP('',(#6343,#6344,#6345,#6346));
#1027=EDGE_LOOP('',(#6347,#6348,#6349,#6350));
#1028=EDGE_LOOP('',(#6351,#6352,#6353,#6354));
#1029=EDGE_LOOP('',(#6355,#6356,#6357,#6358));
#1030=EDGE_LOOP('',(#6359,#6360,#6361,#6362));
#1031=EDGE_LOOP('',(#6363,#6364,#6365,#6366));
#1032=EDGE_LOOP('',(#6367,#6368,#6369,#6370));
#1033=EDGE_LOOP('',(#6371,#6372,#6373,#6374));
#1034=EDGE_LOOP('',(#6375,#6376,#6377,#6378));
#1035=EDGE_LOOP('',(#6379,#6380,#6381,#6382));
#1036=EDGE_LOOP('',(#6383,#6384,#6385,#6386));
#1037=EDGE_LOOP('',(#6387,#6388,#6389,#6390));
#1038=EDGE_LOOP('',(#6391,#6392,#6393,#6394));
#1039=EDGE_LOOP('',(#6395,#6396,#6397,#6398));
#1040=EDGE_LOOP('',(#6399,#6400,#6401,#6402));
#1041=EDGE_LOOP('',(#6403,#6404,#6405,#6406));
#1042=EDGE_LOOP('',(#6407,#6408,#6409,#6410,#6411,#6412,#6413,#6414));
#1043=EDGE_LOOP('',(#6415,#6416,#6417,#6418));
#1044=EDGE_LOOP('',(#6419,#6420,#6421,#6422));
#1045=EDGE_LOOP('',(#6423,#6424,#6425,#6426));
#1046=EDGE_LOOP('',(#6427,#6428,#6429,#6430));
#1047=EDGE_LOOP('',(#6431,#6432,#6433,#6434));
#1048=EDGE_LOOP('',(#6435,#6436,#6437,#6438));
#1049=EDGE_LOOP('',(#6439,#6440,#6441,#6442));
#1050=EDGE_LOOP('',(#6443,#6444,#6445,#6446));
#1051=EDGE_LOOP('',(#6447,#6448,#6449,#6450,#6451,#6452,#6453,#6454));
#1052=EDGE_LOOP('',(#6455,#6456,#6457,#6458,#6459));
#1053=EDGE_LOOP('',(#6460,#6461,#6462,#6463,#6464,#6465,#6466,#6467));
#1054=EDGE_LOOP('',(#6468,#6469,#6470,#6471,#6472,#6473,#6474,#6475,#6476,
#6477,#6478,#6479,#6480,#6481,#6482,#6483,#6484,#6485,#6486,#6487,#6488,
#6489,#6490,#6491,#6492,#6493,#6494,#6495,#6496));
#1055=EDGE_LOOP('',(#6497,#6498,#6499,#6500));
#1056=EDGE_LOOP('',(#6501,#6502,#6503,#6504));
#1057=EDGE_LOOP('',(#6505,#6506,#6507,#6508));
#1058=EDGE_LOOP('',(#6509,#6510,#6511,#6512));
#1059=EDGE_LOOP('',(#6513,#6514,#6515,#6516));
#1060=EDGE_LOOP('',(#6517,#6518,#6519,#6520));
#1061=EDGE_LOOP('',(#6521,#6522,#6523,#6524));
#1062=EDGE_LOOP('',(#6525,#6526,#6527,#6528));
#1063=EDGE_LOOP('',(#6529,#6530,#6531,#6532));
#1064=EDGE_LOOP('',(#6533,#6534,#6535,#6536));
#1065=EDGE_LOOP('',(#6537,#6538,#6539,#6540));
#1066=EDGE_LOOP('',(#6541,#6542,#6543,#6544));
#1067=EDGE_LOOP('',(#6545,#6546,#6547,#6548));
#1068=EDGE_LOOP('',(#6549,#6550,#6551,#6552));
#1069=EDGE_LOOP('',(#6553,#6554,#6555,#6556));
#1070=EDGE_LOOP('',(#6557,#6558,#6559,#6560));
#1071=EDGE_LOOP('',(#6561,#6562,#6563,#6564));
#1072=EDGE_LOOP('',(#6565,#6566,#6567,#6568));
#1073=EDGE_LOOP('',(#6569,#6570,#6571,#6572));
#1074=EDGE_LOOP('',(#6573,#6574,#6575,#6576));
#1075=EDGE_LOOP('',(#6577,#6578,#6579,#6580));
#1076=EDGE_LOOP('',(#6581,#6582,#6583,#6584));
#1077=EDGE_LOOP('',(#6585,#6586,#6587,#6588));
#1078=EDGE_LOOP('',(#6589,#6590,#6591,#6592));
#1079=EDGE_LOOP('',(#6593,#6594,#6595,#6596));
#1080=EDGE_LOOP('',(#6597,#6598,#6599,#6600));
#1081=EDGE_LOOP('',(#6601,#6602,#6603,#6604));
#1082=EDGE_LOOP('',(#6605,#6606,#6607,#6608));
#1083=EDGE_LOOP('',(#6609,#6610,#6611,#6612));
#1084=EDGE_LOOP('',(#6613,#6614,#6615,#6616));
#1085=EDGE_LOOP('',(#6617,#6618,#6619,#6620));
#1086=EDGE_LOOP('',(#6621,#6622,#6623,#6624));
#1087=EDGE_LOOP('',(#6625,#6626,#6627,#6628));
#1088=EDGE_LOOP('',(#6629,#6630,#6631,#6632));
#1089=EDGE_LOOP('',(#6633,#6634,#6635,#6636));
#1090=EDGE_LOOP('',(#6637,#6638,#6639,#6640));
#1091=EDGE_LOOP('',(#6641,#6642,#6643,#6644));
#1092=EDGE_LOOP('',(#6645,#6646,#6647,#6648));
#1093=EDGE_LOOP('',(#6649,#6650,#6651,#6652));
#1094=EDGE_LOOP('',(#6653,#6654,#6655,#6656,#6657,#6658,#6659,#6660,#6661,
#6662,#6663));
#1095=EDGE_LOOP('',(#6664,#6665,#6666,#6667,#6668,#6669,#6670,#6671));
#1096=EDGE_LOOP('',(#6672,#6673,#6674,#6675));
#1097=EDGE_LOOP('',(#6676,#6677,#6678,#6679));
#1098=EDGE_LOOP('',(#6680,#6681,#6682,#6683));
#1099=EDGE_LOOP('',(#6684,#6685,#6686,#6687));
#1100=EDGE_LOOP('',(#6688,#6689,#6690,#6691));
#1101=EDGE_LOOP('',(#6692,#6693,#6694,#6695));
#1102=EDGE_LOOP('',(#6696,#6697,#6698,#6699));
#1103=EDGE_LOOP('',(#6700,#6701,#6702,#6703));
#1104=EDGE_LOOP('',(#6704,#6705,#6706,#6707));
#1105=EDGE_LOOP('',(#6708,#6709,#6710,#6711));
#1106=EDGE_LOOP('',(#6712,#6713,#6714,#6715));
#1107=EDGE_LOOP('',(#6716,#6717,#6718,#6719));
#1108=EDGE_LOOP('',(#6720,#6721,#6722,#6723));
#1109=EDGE_LOOP('',(#6724,#6725,#6726,#6727));
#1110=EDGE_LOOP('',(#6728,#6729,#6730,#6731));
#1111=EDGE_LOOP('',(#6732,#6733,#6734,#6735));
#1112=EDGE_LOOP('',(#6736,#6737,#6738,#6739));
#1113=EDGE_LOOP('',(#6740,#6741,#6742,#6743));
#1114=EDGE_LOOP('',(#6744,#6745,#6746,#6747));
#1115=EDGE_LOOP('',(#6748,#6749,#6750,#6751));
#1116=EDGE_LOOP('',(#6752,#6753,#6754,#6755));
#1117=EDGE_LOOP('',(#6756,#6757,#6758,#6759));
#1118=EDGE_LOOP('',(#6760,#6761,#6762,#6763));
#1119=EDGE_LOOP('',(#6764,#6765,#6766,#6767));
#1120=EDGE_LOOP('',(#6768,#6769,#6770,#6771,#6772,#6773,#6774));
#1121=EDGE_LOOP('',(#6775,#6776,#6777,#6778));
#1122=EDGE_LOOP('',(#6779,#6780,#6781,#6782));
#1123=EDGE_LOOP('',(#6783,#6784,#6785,#6786));
#1124=EDGE_LOOP('',(#6787,#6788,#6789,#6790));
#1125=EDGE_LOOP('',(#6791,#6792,#6793,#6794));
#1126=EDGE_LOOP('',(#6795,#6796,#6797,#6798));
#1127=EDGE_LOOP('',(#6799,#6800,#6801,#6802));
#1128=EDGE_LOOP('',(#6803,#6804,#6805,#6806,#6807,#6808,#6809,#6810,#6811,
#6812,#6813));
#1129=EDGE_LOOP('',(#6814,#6815,#6816,#6817,#6818,#6819,#6820,#6821,#6822));
#1130=EDGE_LOOP('',(#6823,#6824,#6825,#6826));
#1131=EDGE_LOOP('',(#6827,#6828,#6829,#6830));
#1132=EDGE_LOOP('',(#6831,#6832,#6833,#6834));
#1133=EDGE_LOOP('',(#6835,#6836,#6837,#6838));
#1134=EDGE_LOOP('',(#6839,#6840,#6841,#6842));
#1135=EDGE_LOOP('',(#6843,#6844,#6845,#6846));
#1136=EDGE_LOOP('',(#6847,#6848,#6849,#6850));
#1137=EDGE_LOOP('',(#6851,#6852,#6853,#6854));
#1138=EDGE_LOOP('',(#6855,#6856,#6857,#6858));
#1139=EDGE_LOOP('',(#6859,#6860,#6861,#6862));
#1140=EDGE_LOOP('',(#6863,#6864,#6865,#6866));
#1141=EDGE_LOOP('',(#6867,#6868,#6869,#6870));
#1142=EDGE_LOOP('',(#6871,#6872,#6873,#6874));
#1143=EDGE_LOOP('',(#6875,#6876,#6877,#6878));
#1144=EDGE_LOOP('',(#6879,#6880,#6881,#6882));
#1145=EDGE_LOOP('',(#6883,#6884,#6885,#6886));
#1146=EDGE_LOOP('',(#6887,#6888,#6889,#6890));
#1147=EDGE_LOOP('',(#6891,#6892,#6893,#6894));
#1148=EDGE_LOOP('',(#6895,#6896,#6897,#6898));
#1149=EDGE_LOOP('',(#6899,#6900,#6901,#6902));
#1150=EDGE_LOOP('',(#6903,#6904,#6905,#6906,#6907,#6908,#6909,#6910,#6911,
#6912,#6913));
#1151=EDGE_LOOP('',(#6914,#6915,#6916,#6917,#6918,#6919,#6920,#6921,#6922));
#1152=EDGE_LOOP('',(#6923,#6924,#6925,#6926));
#1153=EDGE_LOOP('',(#6927,#6928,#6929,#6930));
#1154=EDGE_LOOP('',(#6931,#6932,#6933,#6934));
#1155=EDGE_LOOP('',(#6935,#6936,#6937,#6938));
#1156=EDGE_LOOP('',(#6939,#6940,#6941,#6942));
#1157=EDGE_LOOP('',(#6943,#6944,#6945,#6946));
#1158=EDGE_LOOP('',(#6947,#6948,#6949,#6950));
#1159=EDGE_LOOP('',(#6951,#6952,#6953,#6954));
#1160=EDGE_LOOP('',(#6955,#6956,#6957,#6958));
#1161=EDGE_LOOP('',(#6959,#6960,#6961,#6962));
#1162=EDGE_LOOP('',(#6963,#6964,#6965,#6966));
#1163=EDGE_LOOP('',(#6967,#6968,#6969,#6970));
#1164=EDGE_LOOP('',(#6971,#6972,#6973,#6974));
#1165=EDGE_LOOP('',(#6975,#6976,#6977,#6978));
#1166=EDGE_LOOP('',(#6979,#6980,#6981,#6982));
#1167=EDGE_LOOP('',(#6983,#6984,#6985,#6986));
#1168=EDGE_LOOP('',(#6987,#6988,#6989,#6990));
#1169=EDGE_LOOP('',(#6991,#6992,#6993,#6994));
#1170=EDGE_LOOP('',(#6995,#6996,#6997,#6998));
#1171=EDGE_LOOP('',(#6999,#7000,#7001,#7002));
#1172=EDGE_LOOP('',(#7003,#7004,#7005,#7006,#7007,#7008,#7009,#7010,#7011));
#1173=EDGE_LOOP('',(#7012,#7013,#7014,#7015,#7016,#7017,#7018,#7019,#7020));
#1174=EDGE_LOOP('',(#7021,#7022,#7023,#7024,#7025,#7026,#7027,#7028));
#1175=EDGE_LOOP('',(#7029,#7030,#7031,#7032,#7033,#7034,#7035,#7036,#7037,
#7038,#7039,#7040,#7041));
#1176=EDGE_LOOP('',(#7042,#7043,#7044,#7045));
#1177=EDGE_LOOP('',(#7046,#7047,#7048,#7049));
#1178=EDGE_LOOP('',(#7050,#7051,#7052,#7053));
#1179=EDGE_LOOP('',(#7054,#7055,#7056,#7057));
#1180=EDGE_LOOP('',(#7058,#7059,#7060,#7061));
#1181=EDGE_LOOP('',(#7062,#7063,#7064,#7065));
#1182=EDGE_LOOP('',(#7066,#7067,#7068,#7069));
#1183=EDGE_LOOP('',(#7070,#7071,#7072,#7073));
#1184=EDGE_LOOP('',(#7074,#7075,#7076,#7077));
#1185=EDGE_LOOP('',(#7078,#7079,#7080,#7081));
#1186=EDGE_LOOP('',(#7082,#7083,#7084,#7085));
#1187=EDGE_LOOP('',(#7086,#7087,#7088,#7089));
#1188=EDGE_LOOP('',(#7090,#7091,#7092,#7093));
#1189=EDGE_LOOP('',(#7094,#7095,#7096,#7097,#7098,#7099,#7100,#7101,#7102,
#7103,#7104,#7105,#7106,#7107));
#1190=EDGE_LOOP('',(#7108,#7109,#7110,#7111,#7112,#7113,#7114,#7115,#7116,
#7117));
#1191=EDGE_LOOP('',(#7118,#7119,#7120,#7121,#7122,#7123,#7124,#7125,#7126));
#1192=EDGE_LOOP('',(#7127,#7128,#7129,#7130));
#1193=EDGE_LOOP('',(#7131,#7132,#7133,#7134));
#1194=EDGE_LOOP('',(#7135,#7136,#7137,#7138));
#1195=EDGE_LOOP('',(#7139,#7140,#7141,#7142));
#1196=EDGE_LOOP('',(#7143,#7144,#7145,#7146));
#1197=EDGE_LOOP('',(#7147,#7148,#7149,#7150));
#1198=EDGE_LOOP('',(#7151,#7152,#7153,#7154));
#1199=EDGE_LOOP('',(#7155,#7156,#7157,#7158));
#1200=EDGE_LOOP('',(#7159,#7160,#7161,#7162));
#1201=EDGE_LOOP('',(#7163,#7164,#7165,#7166));
#1202=EDGE_LOOP('',(#7167,#7168,#7169,#7170));
#1203=EDGE_LOOP('',(#7171,#7172,#7173,#7174));
#1204=EDGE_LOOP('',(#7175,#7176,#7177,#7178));
#1205=EDGE_LOOP('',(#7179,#7180,#7181,#7182));
#1206=EDGE_LOOP('',(#7183,#7184,#7185,#7186));
#1207=EDGE_LOOP('',(#7187,#7188,#7189,#7190));
#1208=EDGE_LOOP('',(#7191,#7192,#7193,#7194));
#1209=EDGE_LOOP('',(#7195,#7196,#7197,#7198));
#1210=EDGE_LOOP('',(#7199,#7200,#7201,#7202));
#1211=EDGE_LOOP('',(#7203,#7204,#7205,#7206));
#1212=EDGE_LOOP('',(#7207,#7208,#7209,#7210));
#1213=EDGE_LOOP('',(#7211,#7212,#7213,#7214));
#1214=EDGE_LOOP('',(#7215,#7216,#7217,#7218));
#1215=EDGE_LOOP('',(#7219,#7220,#7221,#7222));
#1216=EDGE_LOOP('',(#7223,#7224,#7225,#7226));
#1217=EDGE_LOOP('',(#7227,#7228,#7229,#7230));
#1218=EDGE_LOOP('',(#7231,#7232,#7233,#7234));
#1219=EDGE_LOOP('',(#7235,#7236,#7237,#7238));
#1220=EDGE_LOOP('',(#7239,#7240,#7241,#7242));
#1221=EDGE_LOOP('',(#7243,#7244,#7245,#7246));
#1222=EDGE_LOOP('',(#7247,#7248,#7249,#7250));
#1223=EDGE_LOOP('',(#7251,#7252,#7253,#7254));
#1224=EDGE_LOOP('',(#7255,#7256,#7257,#7258));
#1225=EDGE_LOOP('',(#7259));
#1226=EDGE_LOOP('',(#7260));
#1227=EDGE_LOOP('',(#7261,#7262,#7263,#7264));
#1228=EDGE_LOOP('',(#7265,#7266,#7267,#7268));
#1229=EDGE_LOOP('',(#7269,#7270,#7271,#7272,#7273,#7274,#7275,#7276,#7277,
#7278,#7279,#7280,#7281));
#1230=EDGE_LOOP('',(#7282,#7283,#7284,#7285));
#1231=EDGE_LOOP('',(#7286,#7287,#7288,#7289));
#1232=EDGE_LOOP('',(#7290,#7291,#7292,#7293));
#1233=EDGE_LOOP('',(#7294,#7295,#7296,#7297));
#1234=EDGE_LOOP('',(#7298,#7299,#7300,#7301));
#1235=EDGE_LOOP('',(#7302,#7303,#7304,#7305));
#1236=EDGE_LOOP('',(#7306,#7307,#7308,#7309));
#1237=EDGE_LOOP('',(#7310,#7311,#7312,#7313));
#1238=EDGE_LOOP('',(#7314,#7315,#7316,#7317));
#1239=EDGE_LOOP('',(#7318,#7319,#7320,#7321));
#1240=EDGE_LOOP('',(#7322,#7323,#7324,#7325));
#1241=EDGE_LOOP('',(#7326,#7327,#7328,#7329));
#1242=EDGE_LOOP('',(#7330,#7331,#7332,#7333));
#1243=EDGE_LOOP('',(#7334));
#1244=EDGE_LOOP('',(#7335,#7336,#7337,#7338,#7339,#7340,#7341,#7342,#7343));
#1245=EDGE_LOOP('',(#7344,#7345,#7346,#7347,#7348,#7349,#7350,#7351,#7352,
#7353));
#1246=EDGE_LOOP('',(#7354,#7355,#7356,#7357,#7358));
#1247=EDGE_LOOP('',(#7359,#7360,#7361,#7362,#7363));
#1248=EDGE_LOOP('',(#7364,#7365,#7366,#7367));
#1249=EDGE_LOOP('',(#7368,#7369,#7370,#7371));
#1250=EDGE_LOOP('',(#7372,#7373,#7374,#7375,#7376,#7377,#7378,#7379));
#1251=EDGE_LOOP('',(#7380,#7381,#7382,#7383,#7384,#7385,#7386,#7387,#7388,
#7389,#7390,#7391,#7392,#7393,#7394,#7395,#7396,#7397,#7398));
#1252=EDGE_LOOP('',(#7399,#7400,#7401,#7402,#7403,#7404,#7405,#7406,#7407,
#7408,#7409,#7410,#7411,#7412,#7413,#7414,#7415,#7416,#7417,#7418,#7419,
#7420,#7421,#7422,#7423,#7424,#7425,#7426,#7427,#7428,#7429,#7430,#7431,
#7432,#7433));
#1253=EDGE_LOOP('',(#7434,#7435,#7436,#7437,#7438,#7439,#7440,#7441));
#1254=EDGE_LOOP('',(#7442,#7443,#7444,#7445,#7446,#7447,#7448,#7449,#7450,
#7451,#7452));
#1255=EDGE_LOOP('',(#7453,#7454,#7455,#7456,#7457));
#1256=EDGE_LOOP('',(#7458,#7459,#7460,#7461));
#1257=EDGE_LOOP('',(#7462,#7463,#7464,#7465,#7466,#7467,#7468,#7469));
#1258=EDGE_LOOP('',(#7470,#7471,#7472,#7473,#7474,#7475,#7476,#7477,#7478,
#7479,#7480,#7481,#7482,#7483,#7484,#7485,#7486,#7487,#7488));
#1259=EDGE_LOOP('',(#7489,#7490,#7491,#7492,#7493,#7494,#7495,#7496,#7497,
#7498,#7499,#7500,#7501,#7502,#7503,#7504,#7505,#7506,#7507,#7508,#7509,
#7510,#7511,#7512,#7513,#7514,#7515,#7516,#7517,#7518,#7519,#7520,#7521,
#7522,#7523));
#1260=EDGE_LOOP('',(#7524,#7525,#7526,#7527,#7528,#7529,#7530,#7531));
#1261=EDGE_LOOP('',(#7532,#7533,#7534,#7535,#7536,#7537,#7538,#7539,#7540,
#7541,#7542));
#1262=EDGE_LOOP('',(#7543,#7544,#7545,#7546));
#1263=EDGE_LOOP('',(#7547,#7548,#7549,#7550,#7551));
#1264=EDGE_LOOP('',(#7552,#7553,#7554,#7555));
#1265=EDGE_LOOP('',(#7556,#7557,#7558,#7559));
#1266=EDGE_LOOP('',(#7560,#7561,#7562,#7563,#7564,#7565,#7566,#7567,#7568,
#7569,#7570,#7571,#7572,#7573,#7574,#7575));
#1267=EDGE_LOOP('',(#7576));
#1268=EDGE_LOOP('',(#7577));
#1269=EDGE_LOOP('',(#7578));
#1270=EDGE_LOOP('',(#7579));
#1271=EDGE_LOOP('',(#7580,#7581,#7582,#7583,#7584,#7585,#7586,#7587,#7588,
#7589,#7590,#7591));
#1272=EDGE_LOOP('',(#7592,#7593,#7594,#7595));
#1273=EDGE_LOOP('',(#7596,#7597,#7598,#7599));
#1274=EDGE_LOOP('',(#7600,#7601,#7602,#7603,#7604,#7605,#7606,#7607,#7608,
#7609,#7610,#7611,#7612));
#1275=EDGE_LOOP('',(#7613,#7614,#7615,#7616,#7617,#7618));
#1276=EDGE_LOOP('',(#7619,#7620,#7621,#7622,#7623));
#1277=EDGE_LOOP('',(#7624,#7625,#7626,#7627,#7628));
#1278=EDGE_LOOP('',(#7629,#7630,#7631,#7632,#7633,#7634));
#1279=EDGE_LOOP('',(#7635,#7636,#7637,#7638));
#1280=EDGE_LOOP('',(#7639,#7640,#7641,#7642,#7643,#7644,#7645,#7646,#7647,
#7648,#7649,#7650,#7651));
#1281=EDGE_LOOP('',(#7652,#7653,#7654,#7655));
#1282=EDGE_LOOP('',(#7656,#7657,#7658,#7659));
#1283=EDGE_LOOP('',(#7660,#7661,#7662,#7663));
#1284=EDGE_LOOP('',(#7664,#7665,#7666,#7667));
#1285=EDGE_LOOP('',(#7668,#7669,#7670,#7671,#7672,#7673));
#1286=EDGE_LOOP('',(#7674,#7675,#7676,#7677,#7678,#7679));
#1287=EDGE_LOOP('',(#7680,#7681,#7682,#7683));
#1288=EDGE_LOOP('',(#7684,#7685,#7686,#7687));
#1289=EDGE_LOOP('',(#7688,#7689,#7690,#7691,#7692,#7693));
#1290=EDGE_LOOP('',(#7694,#7695,#7696,#7697,#7698,#7699));
#1291=EDGE_LOOP('',(#7700,#7701,#7702,#7703));
#1292=EDGE_LOOP('',(#7704,#7705,#7706,#7707));
#1293=EDGE_LOOP('',(#7708,#7709,#7710,#7711));
#1294=EDGE_LOOP('',(#7712));
#1295=EDGE_LOOP('',(#7713));
#1296=EDGE_LOOP('',(#7714,#7715,#7716,#7717));
#1297=EDGE_LOOP('',(#7718));
#1298=EDGE_LOOP('',(#7719));
#1299=EDGE_LOOP('',(#7720,#7721,#7722,#7723));
#1300=EDGE_LOOP('',(#7724));
#1301=EDGE_LOOP('',(#7725));
#1302=EDGE_LOOP('',(#7726,#7727,#7728,#7729));
#1303=EDGE_LOOP('',(#7730));
#1304=EDGE_LOOP('',(#7731));
#1305=EDGE_LOOP('',(#7732,#7733,#7734,#7735));
#1306=EDGE_LOOP('',(#7736,#7737,#7738,#7739));
#1307=EDGE_LOOP('',(#7740,#7741,#7742,#7743));
#1308=EDGE_LOOP('',(#7744,#7745,#7746,#7747));
#1309=EDGE_LOOP('',(#7748,#7749,#7750,#7751));
#1310=EDGE_LOOP('',(#7752,#7753,#7754,#7755));
#1311=EDGE_LOOP('',(#7756,#7757,#7758,#7759));
#1312=EDGE_LOOP('',(#7760,#7761,#7762,#7763));
#1313=EDGE_LOOP('',(#7764,#7765,#7766,#7767));
#1314=EDGE_LOOP('',(#7768,#7769,#7770,#7771,#7772,#7773,#7774,#7775,#7776,
#7777,#7778,#7779));
#1315=EDGE_LOOP('',(#7780,#7781,#7782,#7783,#7784,#7785,#7786,#7787,#7788,
#7789,#7790,#7791,#7792));
#1316=EDGE_LOOP('',(#7793,#7794,#7795,#7796,#7797,#7798,#7799,#7800,#7801,
#7802,#7803,#7804,#7805,#7806));
#1317=EDGE_LOOP('',(#7807));
#1318=EDGE_LOOP('',(#7808,#7809,#7810,#7811,#7812,#7813,#7814,#7815,#7816,
#7817,#7818,#7819,#7820));
#1319=EDGE_LOOP('',(#7821,#7822,#7823,#7824));
#1320=EDGE_LOOP('',(#7825,#7826,#7827,#7828,#7829,#7830,#7831,#7832,#7833,
#7834,#7835));
#1321=EDGE_LOOP('',(#7836,#7837,#7838,#7839,#7840,#7841,#7842,#7843,#7844,
#7845,#7846));
#1322=EDGE_LOOP('',(#7847,#7848,#7849,#7850,#7851,#7852,#7853));
#1323=EDGE_LOOP('',(#7854,#7855,#7856,#7857));
#1324=EDGE_LOOP('',(#7858,#7859,#7860,#7861,#7862,#7863,#7864,#7865,#7866,
#7867,#7868));
#1325=EDGE_LOOP('',(#7869,#7870,#7871,#7872));
#1326=EDGE_LOOP('',(#7873,#7874,#7875,#7876));
#1327=EDGE_LOOP('',(#7877,#7878,#7879,#7880,#7881,#7882,#7883,#7884,#7885,
#7886,#7887,#7888,#7889,#7890,#7891,#7892,#7893,#7894,#7895,#7896,#7897,
#7898,#7899,#7900,#7901,#7902,#7903,#7904,#7905));
#1328=EDGE_LOOP('',(#7906,#7907,#7908,#7909));
#1329=EDGE_LOOP('',(#7910,#7911,#7912,#7913));
#1330=EDGE_LOOP('',(#7914,#7915,#7916,#7917));
#1331=EDGE_LOOP('',(#7918,#7919,#7920,#7921));
#1332=EDGE_LOOP('',(#7922,#7923,#7924,#7925));
#1333=EDGE_LOOP('',(#7926,#7927,#7928,#7929));
#1334=EDGE_LOOP('',(#7930,#7931,#7932,#7933));
#1335=EDGE_LOOP('',(#7934,#7935,#7936,#7937));
#1336=B_SPLINE_CURVE_WITH_KNOTS('',3,(#10242,#10243,#10244,#10245,#10246),
 .UNSPECIFIED.,.F.,.F.,(4,1,4),(0.,0.0263560519337239,0.0625068493275886),
 .UNSPECIFIED.);
#1337=B_SPLINE_CURVE_WITH_KNOTS('',3,(#10248,#10249,#10250,#10251,#10252),
 .UNSPECIFIED.,.F.,.F.,(4,1,4),(0.,0.0238976637774844,0.046995733840031),
 .UNSPECIFIED.);
#1338=B_SPLINE_CURVE_WITH_KNOTS('',3,(#10254,#10255,#10256,#10257,#10258),
 .UNSPECIFIED.,.F.,.F.,(4,1,4),(0.,0.0138013542351473,0.0281383964856451),
 .UNSPECIFIED.);
#1339=B_SPLINE_CURVE_WITH_KNOTS('',3,(#10260,#10261,#10262,#10263,#10264),
 .UNSPECIFIED.,.F.,.F.,(4,1,4),(0.,0.0122136723615823,0.0253033373822755),
 .UNSPECIFIED.);
#1340=B_SPLINE_CURVE_WITH_KNOTS('',3,(#10266,#10267,#10268,#10269,#10270),
 .UNSPECIFIED.,.F.,.F.,(4,1,4),(0.,0.0140014333350317,0.02656349397196),
 .UNSPECIFIED.);
#1341=B_SPLINE_CURVE_WITH_KNOTS('',3,(#10272,#10273,#10274,#10275,#10276),
 .UNSPECIFIED.,.F.,.F.,(4,1,4),(0.,0.0175712626063669,0.030508962452887),
 .UNSPECIFIED.);
#1342=B_SPLINE_CURVE_WITH_KNOTS('',3,(#10286,#10287,#10288,#10289,#10290),
 .UNSPECIFIED.,.F.,.F.,(4,1,4),(0.,0.00960822059972304,0.0247920647359423),
 .UNSPECIFIED.);
#1343=B_SPLINE_CURVE_WITH_KNOTS('',3,(#10292,#10293,#10294,#10295,#10296),
 .UNSPECIFIED.,.F.,.F.,(4,1,4),(0.,0.0104427044288844,0.0207799689907181),
 .UNSPECIFIED.);
#1344=B_SPLINE_CURVE_WITH_KNOTS('',3,(#10298,#10299,#10300,#10301,#10302),
 .UNSPECIFIED.,.F.,.F.,(4,1,4),(0.,0.0117548084417033,0.0226844584708915),
 .UNSPECIFIED.);
#1345=B_SPLINE_CURVE_WITH_KNOTS('',3,(#10304,#10305,#10306,#10307,#10308),
 .UNSPECIFIED.,.F.,.F.,(4,1,4),(0.,0.0140515624628313,0.0296677450095356),
 .UNSPECIFIED.);
#1346=B_SPLINE_CURVE_WITH_KNOTS('',3,(#10310,#10311,#10312,#10313,#10314),
 .UNSPECIFIED.,.F.,.F.,(4,1,4),(0.,0.0220599684170753,0.0382281964166686),
 .UNSPECIFIED.);
#1347=B_SPLINE_CURVE_WITH_KNOTS('',3,(#10339,#10340,#10341,#10342,#10343),
 .UNSPECIFIED.,.F.,.F.,(4,1,4),(0.,0.0263560519337239,0.0625068493275886),
 .UNSPECIFIED.);
#1348=B_SPLINE_CURVE_WITH_KNOTS('',3,(#10356,#10357,#10358,#10359,#10360),
 .UNSPECIFIED.,.F.,.F.,(4,1,4),(0.,0.0238976637774844,0.046995733840031),
 .UNSPECIFIED.);
#1349=B_SPLINE_CURVE_WITH_KNOTS('',3,(#10373,#10374,#10375,#10376,#10377),
 .UNSPECIFIED.,.F.,.F.,(4,1,4),(0.,0.0138013542351473,0.0281383964856451),
 .UNSPECIFIED.);
#1350=B_SPLINE_CURVE_WITH_KNOTS('',3,(#10390,#10391,#10392,#10393,#10394),
 .UNSPECIFIED.,.F.,.F.,(4,1,4),(0.,0.0122136723615823,0.0253033373822755),
 .UNSPECIFIED.);
#1351=B_SPLINE_CURVE_WITH_KNOTS('',3,(#10407,#10408,#10409,#10410,#10411),
 .UNSPECIFIED.,.F.,.F.,(4,1,4),(0.,0.0140014333350317,0.02656349397196),
 .UNSPECIFIED.);
#1352=B_SPLINE_CURVE_WITH_KNOTS('',3,(#10424,#10425,#10426,#10427,#10428),
 .UNSPECIFIED.,.F.,.F.,(4,1,4),(0.,0.0175712626063669,0.030508962452887),
 .UNSPECIFIED.);
#1353=B_SPLINE_CURVE_WITH_KNOTS('',3,(#10457,#10458,#10459,#10460,#10461),
 .UNSPECIFIED.,.F.,.F.,(4,1,4),(0.,0.00960822059972304,0.0247920647359423),
 .UNSPECIFIED.);
#1354=B_SPLINE_CURVE_WITH_KNOTS('',3,(#10474,#10475,#10476,#10477,#10478),
 .UNSPECIFIED.,.F.,.F.,(4,1,4),(0.,0.0104427044288844,0.0207799689907181),
 .UNSPECIFIED.);
#1355=B_SPLINE_CURVE_WITH_KNOTS('',3,(#10491,#10492,#10493,#10494,#10495),
 .UNSPECIFIED.,.F.,.F.,(4,1,4),(0.,0.0117548084417033,0.0226844584708915),
 .UNSPECIFIED.);
#1356=B_SPLINE_CURVE_WITH_KNOTS('',3,(#10508,#10509,#10510,#10511,#10512),
 .UNSPECIFIED.,.F.,.F.,(4,1,4),(0.,0.0140515624628313,0.0296677450095356),
 .UNSPECIFIED.);
#1357=B_SPLINE_CURVE_WITH_KNOTS('',3,(#10525,#10526,#10527,#10528,#10529),
 .UNSPECIFIED.,.F.,.F.,(4,1,4),(0.,0.0220599684170753,0.0382281964166686),
 .UNSPECIFIED.);
#1358=B_SPLINE_CURVE_WITH_KNOTS('',3,(#10556,#10557,#10558,#10559,#10560),
 .UNSPECIFIED.,.F.,.F.,(4,1,4),(0.,0.0197130783552003,0.0397206347361504),
 .UNSPECIFIED.);
#1359=B_SPLINE_CURVE_WITH_KNOTS('',3,(#10562,#10563,#10564,#10565,#10566),
 .UNSPECIFIED.,.F.,.F.,(4,1,4),(0.,0.0244477088437506,0.0438418689464937),
 .UNSPECIFIED.);
#1360=B_SPLINE_CURVE_WITH_KNOTS('',3,(#10617,#10618,#10619,#10620,#10621),
 .UNSPECIFIED.,.F.,.F.,(4,1,4),(0.,0.0197130783552003,0.0397206347361504),
 .UNSPECIFIED.);
#1361=B_SPLINE_CURVE_WITH_KNOTS('',3,(#10634,#10635,#10636,#10637,#10638),
 .UNSPECIFIED.,.F.,.F.,(4,1,4),(0.,0.0244477088437506,0.0438418689464937),
 .UNSPECIFIED.);
#1362=B_SPLINE_CURVE_WITH_KNOTS('',3,(#10653,#10654,#10655,#10656,#10657),
 .UNSPECIFIED.,.F.,.F.,(4,1,4),(0.,0.0191358047627086,0.0377715216066507),
 .UNSPECIFIED.);
#1363=B_SPLINE_CURVE_WITH_KNOTS('',3,(#10659,#10660,#10661,#10662,#10663),
 .UNSPECIFIED.,.F.,.F.,(4,1,4),(0.,0.0250271426868236,0.0464160302640837),
 .UNSPECIFIED.);
#1364=B_SPLINE_CURVE_WITH_KNOTS('',3,(#10665,#10666,#10667,#10668,#10669),
 .UNSPECIFIED.,.F.,.F.,(4,1,4),(0.,0.0191232930157148,0.0395620688881959),
 .UNSPECIFIED.);
#1365=B_SPLINE_CURVE_WITH_KNOTS('',3,(#10671,#10672,#10673,#10674,#10675),
 .UNSPECIFIED.,.F.,.F.,(4,1,4),(0.,0.0167790445283972,0.03459512734249),
 .UNSPECIFIED.);
#1366=B_SPLINE_CURVE_WITH_KNOTS('',3,(#10677,#10678,#10679,#10680,#10681),
 .UNSPECIFIED.,.F.,.F.,(4,1,4),(0.,0.0156688919051667,0.0317805932255582),
 .UNSPECIFIED.);
#1367=B_SPLINE_CURVE_WITH_KNOTS('',3,(#10683,#10684,#10685,#10686,#10687),
 .UNSPECIFIED.,.F.,.F.,(4,1,4),(0.,0.0146776229286485,0.0299800193371209),
 .UNSPECIFIED.);
#1368=B_SPLINE_CURVE_WITH_KNOTS('',3,(#10689,#10690,#10691,#10692,#10693),
 .UNSPECIFIED.,.F.,.F.,(4,1,4),(0.,0.0177084687481466,0.0331865847413568),
 .UNSPECIFIED.);
#1369=B_SPLINE_CURVE_WITH_KNOTS('',3,(#10695,#10696,#10697,#10698,#10699),
 .UNSPECIFIED.,.F.,.F.,(4,1,4),(0.,0.0280463093824393,0.0461131220808344),
 .UNSPECIFIED.);
#1370=B_SPLINE_CURVE_WITH_KNOTS('',3,(#10701,#10702,#10703,#10704,#10705),
 .UNSPECIFIED.,.F.,.F.,(4,1,4),(0.,0.0154898154175762,0.0425764586159868),
 .UNSPECIFIED.);
#1371=B_SPLINE_CURVE_WITH_KNOTS('',3,(#10707,#10708,#10709,#10710,#10711),
 .UNSPECIFIED.,.F.,.F.,(4,1,4),(0.,0.0100131851261928,0.0198429874949278),
 .UNSPECIFIED.);
#1372=B_SPLINE_CURVE_WITH_KNOTS('',3,(#10713,#10714,#10715,#10716,#10717),
 .UNSPECIFIED.,.F.,.F.,(4,1,4),(0.,0.0127277858443899,0.0245616139338761),
 .UNSPECIFIED.);
#1373=B_SPLINE_CURVE_WITH_KNOTS('',3,(#10719,#10720,#10721,#10722,#10723),
 .UNSPECIFIED.,.F.,.F.,(4,1,4),(0.,0.0208700142693233,0.0365644706703919),
 .UNSPECIFIED.);
#1374=B_SPLINE_CURVE_WITH_KNOTS('',3,(#10725,#10726,#10727,#10728,#10729),
 .UNSPECIFIED.,.F.,.F.,(4,1,4),(0.,0.0163205983275831,0.0367070832001127),
 .UNSPECIFIED.);
#1375=B_SPLINE_CURVE_WITH_KNOTS('',3,(#10731,#10732,#10733,#10734,#10735),
 .UNSPECIFIED.,.F.,.F.,(4,1,4),(0.,0.0172376181733531,0.0324620080228324),
 .UNSPECIFIED.);
#1376=B_SPLINE_CURVE_WITH_KNOTS('',3,(#10739,#10740,#10741,#10742,#10743),
 .UNSPECIFIED.,.F.,.F.,(4,1,4),(0.,0.0164158126321344,0.033326712303486),
 .UNSPECIFIED.);
#1377=B_SPLINE_CURVE_WITH_KNOTS('',3,(#10745,#10746,#10747,#10748,#10749),
 .UNSPECIFIED.,.F.,.F.,(4,1,4),(0.,0.0174370352337024,0.0339521618124026),
 .UNSPECIFIED.);
#1378=B_SPLINE_CURVE_WITH_KNOTS('',3,(#10751,#10752,#10753,#10754,#10755),
 .UNSPECIFIED.,.F.,.F.,(4,1,4),(0.,0.0210007670842158,0.040071055262465),
 .UNSPECIFIED.);
#1379=B_SPLINE_CURVE_WITH_KNOTS('',3,(#10757,#10758,#10759,#10760,#10761),
 .UNSPECIFIED.,.F.,.F.,(4,1,4),(0.,0.0181637319675168,0.037509163358465),
 .UNSPECIFIED.);
#1380=B_SPLINE_CURVE_WITH_KNOTS('',3,(#10763,#10764,#10765,#10766,#10767),
 .UNSPECIFIED.,.F.,.F.,(4,1,4),(0.,0.0156800589399242,0.0324664554033789),
 .UNSPECIFIED.);
#1381=B_SPLINE_CURVE_WITH_KNOTS('',3,(#10769,#10770,#10771,#10772,#10773),
 .UNSPECIFIED.,.F.,.F.,(4,1,4),(0.,0.0148054551691372,0.0299096711804187),
 .UNSPECIFIED.);
#1382=B_SPLINE_CURVE_WITH_KNOTS('',3,(#10775,#10776,#10777,#10778,#10779),
 .UNSPECIFIED.,.F.,.F.,(4,1,4),(0.,0.0129082952113886,0.0261393200836246),
 .UNSPECIFIED.);
#1383=B_SPLINE_CURVE_WITH_KNOTS('',3,(#10781,#10782,#10783,#10784,#10785),
 .UNSPECIFIED.,.F.,.F.,(4,1,4),(0.,0.0150642485430385,0.0285800591695929),
 .UNSPECIFIED.);
#1384=B_SPLINE_CURVE_WITH_KNOTS('',3,(#10787,#10788,#10789,#10790,#10791),
 .UNSPECIFIED.,.F.,.F.,(4,1,4),(0.,0.0242971074737938,0.0406372913674645),
 .UNSPECIFIED.);
#1385=B_SPLINE_CURVE_WITH_KNOTS('',3,(#10793,#10794,#10795,#10796,#10797),
 .UNSPECIFIED.,.F.,.F.,(4,1,4),(0.,0.0135332981666788,0.0369308207357661),
 .UNSPECIFIED.);
#1386=B_SPLINE_CURVE_WITH_KNOTS('',3,(#10799,#10800,#10801,#10802,#10803),
 .UNSPECIFIED.,.F.,.F.,(4,1,4),(0.,0.00969812541882031,0.0217250831649887),
 .UNSPECIFIED.);
#1387=B_SPLINE_CURVE_WITH_KNOTS('',3,(#10805,#10806,#10807,#10808,#10809),
 .UNSPECIFIED.,.F.,.F.,(4,1,4),(0.,0.00892143617908568,0.0175734660736954),
 .UNSPECIFIED.);
#1388=B_SPLINE_CURVE_WITH_KNOTS('',3,(#10811,#10812,#10813,#10814,#10815),
 .UNSPECIFIED.,.F.,.F.,(4,1,4),(0.,0.00923651682454246,0.0182669535058568),
 .UNSPECIFIED.);
#1389=B_SPLINE_CURVE_WITH_KNOTS('',3,(#10817,#10818,#10819,#10820,#10821),
 .UNSPECIFIED.,.F.,.F.,(4,1,4),(0.,0.0114347716203868,0.0214437537604269),
 .UNSPECIFIED.);
#1390=B_SPLINE_CURVE_WITH_KNOTS('',3,(#10823,#10824,#10825,#10826,#10827),
 .UNSPECIFIED.,.F.,.F.,(4,1,4),(0.,0.0143008354988203,0.0272323880713657),
 .UNSPECIFIED.);
#1391=B_SPLINE_CURVE_WITH_KNOTS('',3,(#10829,#10830,#10831,#10832,#10833),
 .UNSPECIFIED.,.F.,.F.,(4,1,4),(0.,0.0151631805217479,0.0314315148446637),
 .UNSPECIFIED.);
#1392=B_SPLINE_CURVE_WITH_KNOTS('',3,(#10835,#10836,#10837,#10838,#10839),
 .UNSPECIFIED.,.F.,.F.,(4,1,4),(0.,0.0120019354221378,0.0256937484305408),
 .UNSPECIFIED.);
#1393=B_SPLINE_CURVE_WITH_KNOTS('',3,(#10841,#10842,#10843,#10844,#10845),
 .UNSPECIFIED.,.F.,.F.,(4,1,4),(0.,0.0139745871131303,0.0261550297077071),
 .UNSPECIFIED.);
#1394=B_SPLINE_CURVE_WITH_KNOTS('',3,(#10848,#10849,#10850,#10851,#10852),
 .UNSPECIFIED.,.F.,.F.,(4,1,4),(0.,0.0187130414518077,0.0379654432112415),
 .UNSPECIFIED.);
#1395=B_SPLINE_CURVE_WITH_KNOTS('',3,(#10866,#10867,#10868,#10869,#10870),
 .UNSPECIFIED.,.F.,.F.,(4,1,4),(0.,0.0191358047627086,0.0377715216066507),
 .UNSPECIFIED.);
#1396=B_SPLINE_CURVE_WITH_KNOTS('',3,(#10883,#10884,#10885,#10886,#10887),
 .UNSPECIFIED.,.F.,.F.,(4,1,4),(0.,0.0250271426868236,0.0464160302640837),
 .UNSPECIFIED.);
#1397=B_SPLINE_CURVE_WITH_KNOTS('',3,(#10900,#10901,#10902,#10903,#10904),
 .UNSPECIFIED.,.F.,.F.,(4,1,4),(0.,0.0191232930157148,0.0395620688881959),
 .UNSPECIFIED.);
#1398=B_SPLINE_CURVE_WITH_KNOTS('',3,(#10917,#10918,#10919,#10920,#10921),
 .UNSPECIFIED.,.F.,.F.,(4,1,4),(0.,0.0167790445283972,0.03459512734249),
 .UNSPECIFIED.);
#1399=B_SPLINE_CURVE_WITH_KNOTS('',3,(#10934,#10935,#10936,#10937,#10938),
 .UNSPECIFIED.,.F.,.F.,(4,1,4),(0.,0.0156688919051667,0.0317805932255582),
 .UNSPECIFIED.);
#1400=B_SPLINE_CURVE_WITH_KNOTS('',3,(#10951,#10952,#10953,#10954,#10955),
 .UNSPECIFIED.,.F.,.F.,(4,1,4),(0.,0.0146776229286485,0.0299800193371209),
 .UNSPECIFIED.);
#1401=B_SPLINE_CURVE_WITH_KNOTS('',3,(#10968,#10969,#10970,#10971,#10972),
 .UNSPECIFIED.,.F.,.F.,(4,1,4),(0.,0.0177084687481466,0.0331865847413568),
 .UNSPECIFIED.);
#1402=B_SPLINE_CURVE_WITH_KNOTS('',3,(#10985,#10986,#10987,#10988,#10989),
 .UNSPECIFIED.,.F.,.F.,(4,1,4),(0.,0.0280463093824393,0.0461131220808344),
 .UNSPECIFIED.);
#1403=B_SPLINE_CURVE_WITH_KNOTS('',3,(#11002,#11003,#11004,#11005,#11006),
 .UNSPECIFIED.,.F.,.F.,(4,1,4),(0.,0.0154898154175762,0.0425764586159868),
 .UNSPECIFIED.);
#1404=B_SPLINE_CURVE_WITH_KNOTS('',3,(#11019,#11020,#11021,#11022,#11023),
 .UNSPECIFIED.,.F.,.F.,(4,1,4),(0.,0.0100131851261928,0.0198429874949278),
 .UNSPECIFIED.);
#1405=B_SPLINE_CURVE_WITH_KNOTS('',3,(#11036,#11037,#11038,#11039,#11040),
 .UNSPECIFIED.,.F.,.F.,(4,1,4),(0.,0.0127277858443899,0.0245616139338761),
 .UNSPECIFIED.);
#1406=B_SPLINE_CURVE_WITH_KNOTS('',3,(#11053,#11054,#11055,#11056,#11057),
 .UNSPECIFIED.,.F.,.F.,(4,1,4),(0.,0.0208700142693233,0.0365644706703919),
 .UNSPECIFIED.);
#1407=B_SPLINE_CURVE_WITH_KNOTS('',3,(#11070,#11071,#11072,#11073,#11074),
 .UNSPECIFIED.,.F.,.F.,(4,1,4),(0.,0.0163205983275831,0.0367070832001127),
 .UNSPECIFIED.);
#1408=B_SPLINE_CURVE_WITH_KNOTS('',3,(#11087,#11088,#11089,#11090,#11091),
 .UNSPECIFIED.,.F.,.F.,(4,1,4),(0.,0.0172376181733531,0.0324620080228324),
 .UNSPECIFIED.);
#1409=B_SPLINE_CURVE_WITH_KNOTS('',3,(#11108,#11109,#11110,#11111,#11112),
 .UNSPECIFIED.,.F.,.F.,(4,1,4),(0.,0.0164158126321344,0.033326712303486),
 .UNSPECIFIED.);
#1410=B_SPLINE_CURVE_WITH_KNOTS('',3,(#11125,#11126,#11127,#11128,#11129),
 .UNSPECIFIED.,.F.,.F.,(4,1,4),(0.,0.0174370352337024,0.0339521618124026),
 .UNSPECIFIED.);
#1411=B_SPLINE_CURVE_WITH_KNOTS('',3,(#11142,#11143,#11144,#11145,#11146),
 .UNSPECIFIED.,.F.,.F.,(4,1,4),(0.,0.0210007670842158,0.040071055262465),
 .UNSPECIFIED.);
#1412=B_SPLINE_CURVE_WITH_KNOTS('',3,(#11159,#11160,#11161,#11162,#11163),
 .UNSPECIFIED.,.F.,.F.,(4,1,4),(0.,0.0181637319675168,0.037509163358465),
 .UNSPECIFIED.);
#1413=B_SPLINE_CURVE_WITH_KNOTS('',3,(#11176,#11177,#11178,#11179,#11180),
 .UNSPECIFIED.,.F.,.F.,(4,1,4),(0.,0.0156800589399242,0.0324664554033789),
 .UNSPECIFIED.);
#1414=B_SPLINE_CURVE_WITH_KNOTS('',3,(#11193,#11194,#11195,#11196,#11197),
 .UNSPECIFIED.,.F.,.F.,(4,1,4),(0.,0.0148054551691372,0.0299096711804187),
 .UNSPECIFIED.);
#1415=B_SPLINE_CURVE_WITH_KNOTS('',3,(#11210,#11211,#11212,#11213,#11214),
 .UNSPECIFIED.,.F.,.F.,(4,1,4),(0.,0.0129082952113886,0.0261393200836246),
 .UNSPECIFIED.);
#1416=B_SPLINE_CURVE_WITH_KNOTS('',3,(#11227,#11228,#11229,#11230,#11231),
 .UNSPECIFIED.,.F.,.F.,(4,1,4),(0.,0.0150642485430385,0.0285800591695929),
 .UNSPECIFIED.);
#1417=B_SPLINE_CURVE_WITH_KNOTS('',3,(#11244,#11245,#11246,#11247,#11248),
 .UNSPECIFIED.,.F.,.F.,(4,1,4),(0.,0.0242971074737938,0.0406372913674645),
 .UNSPECIFIED.);
#1418=B_SPLINE_CURVE_WITH_KNOTS('',3,(#11261,#11262,#11263,#11264,#11265),
 .UNSPECIFIED.,.F.,.F.,(4,1,4),(0.,0.0135332981666788,0.0369308207357661),
 .UNSPECIFIED.);
#1419=B_SPLINE_CURVE_WITH_KNOTS('',3,(#11278,#11279,#11280,#11281,#11282),
 .UNSPECIFIED.,.F.,.F.,(4,1,4),(0.,0.00969812541882031,0.0217250831649887),
 .UNSPECIFIED.);
#1420=B_SPLINE_CURVE_WITH_KNOTS('',3,(#11295,#11296,#11297,#11298,#11299),
 .UNSPECIFIED.,.F.,.F.,(4,1,4),(0.,0.00892143617908568,0.0175734660736954),
 .UNSPECIFIED.);
#1421=B_SPLINE_CURVE_WITH_KNOTS('',3,(#11312,#11313,#11314,#11315,#11316),
 .UNSPECIFIED.,.F.,.F.,(4,1,4),(0.,0.00923651682454246,0.0182669535058568),
 .UNSPECIFIED.);
#1422=B_SPLINE_CURVE_WITH_KNOTS('',3,(#11329,#11330,#11331,#11332,#11333),
 .UNSPECIFIED.,.F.,.F.,(4,1,4),(0.,0.0114347716203868,0.0214437537604269),
 .UNSPECIFIED.);
#1423=B_SPLINE_CURVE_WITH_KNOTS('',3,(#11346,#11347,#11348,#11349,#11350),
 .UNSPECIFIED.,.F.,.F.,(4,1,4),(0.,0.0143008354988203,0.0272323880713657),
 .UNSPECIFIED.);
#1424=B_SPLINE_CURVE_WITH_KNOTS('',3,(#11363,#11364,#11365,#11366,#11367),
 .UNSPECIFIED.,.F.,.F.,(4,1,4),(0.,0.0151631805217479,0.0314315148446637),
 .UNSPECIFIED.);
#1425=B_SPLINE_CURVE_WITH_KNOTS('',3,(#11380,#11381,#11382,#11383,#11384),
 .UNSPECIFIED.,.F.,.F.,(4,1,4),(0.,0.0120019354221378,0.0256937484305408),
 .UNSPECIFIED.);
#1426=B_SPLINE_CURVE_WITH_KNOTS('',3,(#11397,#11398,#11399,#11400,#11401),
 .UNSPECIFIED.,.F.,.F.,(4,1,4),(0.,0.0139745871131303,0.0261550297077071),
 .UNSPECIFIED.);
#1427=B_SPLINE_CURVE_WITH_KNOTS('',3,(#11417,#11418,#11419,#11420,#11421),
 .UNSPECIFIED.,.F.,.F.,(4,1,4),(0.,0.0187130414518077,0.0379654432112415),
 .UNSPECIFIED.);
#1428=B_SPLINE_CURVE_WITH_KNOTS('',3,(#11429,#11430,#11431,#11432,#11433),
 .UNSPECIFIED.,.F.,.F.,(4,1,4),(0.,0.00597757206955603,0.0147802738092827),
 .UNSPECIFIED.);
#1429=B_SPLINE_CURVE_WITH_KNOTS('',3,(#11435,#11436,#11437,#11438,#11439),
 .UNSPECIFIED.,.F.,.F.,(4,1,4),(0.,0.00680637433870809,0.0132400328736346),
 .UNSPECIFIED.);
#1430=B_SPLINE_CURVE_WITH_KNOTS('',3,(#11441,#11442,#11443,#11444,#11445),
 .UNSPECIFIED.,.F.,.F.,(4,1,4),(0.,0.0107916701217912,0.0190145156314621),
 .UNSPECIFIED.);
#1431=B_SPLINE_CURVE_WITH_KNOTS('',3,(#11447,#11448,#11449,#11450,#11451),
 .UNSPECIFIED.,.F.,.F.,(4,1,4),(0.,0.0190891234771284,0.0335376685737411),
 .UNSPECIFIED.);
#1432=B_SPLINE_CURVE_WITH_KNOTS('',3,(#11459,#11460,#11461,#11462,#11463),
 .UNSPECIFIED.,.F.,.F.,(4,1,4),(0.,0.0164547734994351,0.0345668487477439),
 .UNSPECIFIED.);
#1433=B_SPLINE_CURVE_WITH_KNOTS('',3,(#11465,#11466,#11467,#11468,#11469),
 .UNSPECIFIED.,.F.,.F.,(4,1,4),(0.,0.0105150648463892,0.0188578293132849),
 .UNSPECIFIED.);
#1434=B_SPLINE_CURVE_WITH_KNOTS('',3,(#11471,#11472,#11473,#11474,#11475),
 .UNSPECIFIED.,.F.,.F.,(4,1,4),(0.,0.0212090124857377,0.0471027903031411),
 .UNSPECIFIED.);
#1435=B_SPLINE_CURVE_WITH_KNOTS('',3,(#11477,#11478,#11479,#11480,#11481),
 .UNSPECIFIED.,.F.,.F.,(4,1,4),(0.,0.0199114321939731,0.0391849721471609),
 .UNSPECIFIED.);
#1436=B_SPLINE_CURVE_WITH_KNOTS('',3,(#11483,#11484,#11485,#11486,#11487),
 .UNSPECIFIED.,.F.,.F.,(4,1,4),(0.,0.0156566780846253,0.0315843938206854),
 .UNSPECIFIED.);
#1437=B_SPLINE_CURVE_WITH_KNOTS('',3,(#11489,#11490,#11491,#11492,#11493),
 .UNSPECIFIED.,.F.,.F.,(4,1,4),(0.,0.0145675045354631,0.0296857348861384),
 .UNSPECIFIED.);
#1438=B_SPLINE_CURVE_WITH_KNOTS('',3,(#11495,#11496,#11497,#11498,#11499),
 .UNSPECIFIED.,.F.,.F.,(4,1,4),(0.,0.0235719338051219,0.0411639262576147),
 .UNSPECIFIED.);
#1439=B_SPLINE_CURVE_WITH_KNOTS('',3,(#11509,#11510,#11511,#11512,#11513),
 .UNSPECIFIED.,.F.,.F.,(4,1,4),(0.,0.0149490086352967,0.0343372195448647),
 .UNSPECIFIED.);
#1440=B_SPLINE_CURVE_WITH_KNOTS('',3,(#11515,#11516,#11517,#11518,#11519),
 .UNSPECIFIED.,.F.,.F.,(4,1,4),(0.,0.0131803153803926,0.0261374972492516),
 .UNSPECIFIED.);
#1441=B_SPLINE_CURVE_WITH_KNOTS('',3,(#11521,#11522,#11523,#11524,#11525),
 .UNSPECIFIED.,.F.,.F.,(4,1,4),(0.,0.00949150622367511,0.018913976107484),
 .UNSPECIFIED.);
#1442=B_SPLINE_CURVE_WITH_KNOTS('',3,(#11527,#11528,#11529,#11530,#11531),
 .UNSPECIFIED.,.F.,.F.,(4,1,4),(0.,0.0102401534855027,0.0199196881169526),
 .UNSPECIFIED.);
#1443=B_SPLINE_CURVE_WITH_KNOTS('',3,(#11533,#11534,#11535,#11536,#11537),
 .UNSPECIFIED.,.F.,.F.,(4,1,4),(0.,0.0161936333522976,0.0287237553344609),
 .UNSPECIFIED.);
#1444=B_SPLINE_CURVE_WITH_KNOTS('',3,(#11562,#11563,#11564,#11565,#11566),
 .UNSPECIFIED.,.F.,.F.,(4,1,4),(0.,0.00597757206955603,0.0147802738092827),
 .UNSPECIFIED.);
#1445=B_SPLINE_CURVE_WITH_KNOTS('',3,(#11579,#11580,#11581,#11582,#11583),
 .UNSPECIFIED.,.F.,.F.,(4,1,4),(0.,0.00680637433870809,0.0132400328736346),
 .UNSPECIFIED.);
#1446=B_SPLINE_CURVE_WITH_KNOTS('',3,(#11596,#11597,#11598,#11599,#11600),
 .UNSPECIFIED.,.F.,.F.,(4,1,4),(0.,0.0107916701217912,0.0190145156314621),
 .UNSPECIFIED.);
#1447=B_SPLINE_CURVE_WITH_KNOTS('',3,(#11613,#11614,#11615,#11616,#11617),
 .UNSPECIFIED.,.F.,.F.,(4,1,4),(0.,0.0190891234771284,0.0335376685737411),
 .UNSPECIFIED.);
#1448=B_SPLINE_CURVE_WITH_KNOTS('',3,(#11642,#11643,#11644,#11645,#11646),
 .UNSPECIFIED.,.F.,.F.,(4,1,4),(0.,0.0164547734994351,0.0345668487477439),
 .UNSPECIFIED.);
#1449=B_SPLINE_CURVE_WITH_KNOTS('',3,(#11659,#11660,#11661,#11662,#11663),
 .UNSPECIFIED.,.F.,.F.,(4,1,4),(0.,0.0105150648463892,0.0188578293132849),
 .UNSPECIFIED.);
#1450=B_SPLINE_CURVE_WITH_KNOTS('',3,(#11676,#11677,#11678,#11679,#11680),
 .UNSPECIFIED.,.F.,.F.,(4,1,4),(0.,0.0212090124857377,0.0471027903031411),
 .UNSPECIFIED.);
#1451=B_SPLINE_CURVE_WITH_KNOTS('',3,(#11693,#11694,#11695,#11696,#11697),
 .UNSPECIFIED.,.F.,.F.,(4,1,4),(0.,0.0199114321939731,0.0391849721471609),
 .UNSPECIFIED.);
#1452=B_SPLINE_CURVE_WITH_KNOTS('',3,(#11710,#11711,#11712,#11713,#11714),
 .UNSPECIFIED.,.F.,.F.,(4,1,4),(0.,0.0156566780846253,0.0315843938206854),
 .UNSPECIFIED.);
#1453=B_SPLINE_CURVE_WITH_KNOTS('',3,(#11727,#11728,#11729,#11730,#11731),
 .UNSPECIFIED.,.F.,.F.,(4,1,4),(0.,0.0145675045354631,0.0296857348861384),
 .UNSPECIFIED.);
#1454=B_SPLINE_CURVE_WITH_KNOTS('',3,(#11744,#11745,#11746,#11747,#11748),
 .UNSPECIFIED.,.F.,.F.,(4,1,4),(0.,0.0235719338051219,0.0411639262576147),
 .UNSPECIFIED.);
#1455=B_SPLINE_CURVE_WITH_KNOTS('',3,(#11777,#11778,#11779,#11780,#11781),
 .UNSPECIFIED.,.F.,.F.,(4,1,4),(0.,0.0149490086352967,0.0343372195448647),
 .UNSPECIFIED.);
#1456=B_SPLINE_CURVE_WITH_KNOTS('',3,(#11794,#11795,#11796,#11797,#11798),
 .UNSPECIFIED.,.F.,.F.,(4,1,4),(0.,0.0131803153803926,0.0261374972492516),
 .UNSPECIFIED.);
#1457=B_SPLINE_CURVE_WITH_KNOTS('',3,(#11811,#11812,#11813,#11814,#11815),
 .UNSPECIFIED.,.F.,.F.,(4,1,4),(0.,0.00949150622367511,0.018913976107484),
 .UNSPECIFIED.);
#1458=B_SPLINE_CURVE_WITH_KNOTS('',3,(#11828,#11829,#11830,#11831,#11832),
 .UNSPECIFIED.,.F.,.F.,(4,1,4),(0.,0.0102401534855027,0.0199196881169526),
 .UNSPECIFIED.);
#1459=B_SPLINE_CURVE_WITH_KNOTS('',3,(#11845,#11846,#11847,#11848,#11849),
 .UNSPECIFIED.,.F.,.F.,(4,1,4),(0.,0.0161936333522976,0.0287237553344609),
 .UNSPECIFIED.);
#1460=B_SPLINE_CURVE_WITH_KNOTS('',3,(#11916,#11917,#11918,#11919,#11920),
 .UNSPECIFIED.,.F.,.F.,(4,1,4),(0.,0.0263560519337239,0.0625068493275886),
 .UNSPECIFIED.);
#1461=B_SPLINE_CURVE_WITH_KNOTS('',3,(#11922,#11923,#11924,#11925,#11926),
 .UNSPECIFIED.,.F.,.F.,(4,1,4),(0.,0.0238976637774844,0.046995733840031),
 .UNSPECIFIED.);
#1462=B_SPLINE_CURVE_WITH_KNOTS('',3,(#11928,#11929,#11930,#11931,#11932),
 .UNSPECIFIED.,.F.,.F.,(4,1,4),(0.,0.0138013542351473,0.0281383964856451),
 .UNSPECIFIED.);
#1463=B_SPLINE_CURVE_WITH_KNOTS('',3,(#11934,#11935,#11936,#11937,#11938),
 .UNSPECIFIED.,.F.,.F.,(4,1,4),(0.,0.0122136723615823,0.0253033373822755),
 .UNSPECIFIED.);
#1464=B_SPLINE_CURVE_WITH_KNOTS('',3,(#11940,#11941,#11942,#11943,#11944),
 .UNSPECIFIED.,.F.,.F.,(4,1,4),(0.,0.0140014333350317,0.02656349397196),
 .UNSPECIFIED.);
#1465=B_SPLINE_CURVE_WITH_KNOTS('',3,(#11946,#11947,#11948,#11949,#11950),
 .UNSPECIFIED.,.F.,.F.,(4,1,4),(0.,0.0175712626063669,0.030508962452887),
 .UNSPECIFIED.);
#1466=B_SPLINE_CURVE_WITH_KNOTS('',3,(#11960,#11961,#11962,#11963,#11964),
 .UNSPECIFIED.,.F.,.F.,(4,1,4),(0.,0.00960822059972304,0.0247920647359423),
 .UNSPECIFIED.);
#1467=B_SPLINE_CURVE_WITH_KNOTS('',3,(#11966,#11967,#11968,#11969,#11970),
 .UNSPECIFIED.,.F.,.F.,(4,1,4),(0.,0.0104427044288844,0.0207799689907181),
 .UNSPECIFIED.);
#1468=B_SPLINE_CURVE_WITH_KNOTS('',3,(#11972,#11973,#11974,#11975,#11976),
 .UNSPECIFIED.,.F.,.F.,(4,1,4),(0.,0.0117548084417033,0.0226844584708915),
 .UNSPECIFIED.);
#1469=B_SPLINE_CURVE_WITH_KNOTS('',3,(#11978,#11979,#11980,#11981,#11982),
 .UNSPECIFIED.,.F.,.F.,(4,1,4),(0.,0.0140515624628313,0.0296677450095356),
 .UNSPECIFIED.);
#1470=B_SPLINE_CURVE_WITH_KNOTS('',3,(#11984,#11985,#11986,#11987,#11988),
 .UNSPECIFIED.,.F.,.F.,(4,1,4),(0.,0.0220599684170753,0.0382281964166686),
 .UNSPECIFIED.);
#1471=B_SPLINE_CURVE_WITH_KNOTS('',3,(#12013,#12014,#12015,#12016,#12017),
 .UNSPECIFIED.,.F.,.F.,(4,1,4),(0.,0.0263560519337239,0.0625068493275886),
 .UNSPECIFIED.);
#1472=B_SPLINE_CURVE_WITH_KNOTS('',3,(#12030,#12031,#12032,#12033,#12034),
 .UNSPECIFIED.,.F.,.F.,(4,1,4),(0.,0.0238976637774844,0.046995733840031),
 .UNSPECIFIED.);
#1473=B_SPLINE_CURVE_WITH_KNOTS('',3,(#12047,#12048,#12049,#12050,#12051),
 .UNSPECIFIED.,.F.,.F.,(4,1,4),(0.,0.0138013542351473,0.0281383964856451),
 .UNSPECIFIED.);
#1474=B_SPLINE_CURVE_WITH_KNOTS('',3,(#12064,#12065,#12066,#12067,#12068),
 .UNSPECIFIED.,.F.,.F.,(4,1,4),(0.,0.0122136723615823,0.0253033373822755),
 .UNSPECIFIED.);
#1475=B_SPLINE_CURVE_WITH_KNOTS('',3,(#12081,#12082,#12083,#12084,#12085),
 .UNSPECIFIED.,.F.,.F.,(4,1,4),(0.,0.0140014333350317,0.02656349397196),
 .UNSPECIFIED.);
#1476=B_SPLINE_CURVE_WITH_KNOTS('',3,(#12098,#12099,#12100,#12101,#12102),
 .UNSPECIFIED.,.F.,.F.,(4,1,4),(0.,0.0175712626063669,0.030508962452887),
 .UNSPECIFIED.);
#1477=B_SPLINE_CURVE_WITH_KNOTS('',3,(#12131,#12132,#12133,#12134,#12135),
 .UNSPECIFIED.,.F.,.F.,(4,1,4),(0.,0.00960822059972304,0.0247920647359423),
 .UNSPECIFIED.);
#1478=B_SPLINE_CURVE_WITH_KNOTS('',3,(#12148,#12149,#12150,#12151,#12152),
 .UNSPECIFIED.,.F.,.F.,(4,1,4),(0.,0.0104427044288844,0.0207799689907181),
 .UNSPECIFIED.);
#1479=B_SPLINE_CURVE_WITH_KNOTS('',3,(#12165,#12166,#12167,#12168,#12169),
 .UNSPECIFIED.,.F.,.F.,(4,1,4),(0.,0.0117548084417033,0.0226844584708915),
 .UNSPECIFIED.);
#1480=B_SPLINE_CURVE_WITH_KNOTS('',3,(#12182,#12183,#12184,#12185,#12186),
 .UNSPECIFIED.,.F.,.F.,(4,1,4),(0.,0.0140515624628313,0.0296677450095356),
 .UNSPECIFIED.);
#1481=B_SPLINE_CURVE_WITH_KNOTS('',3,(#12199,#12200,#12201,#12202,#12203),
 .UNSPECIFIED.,.F.,.F.,(4,1,4),(0.,0.0220599684170753,0.0382281964166686),
 .UNSPECIFIED.);
#1482=B_SPLINE_CURVE_WITH_KNOTS('',3,(#12230,#12231,#12232,#12233,#12234),
 .UNSPECIFIED.,.F.,.F.,(4,1,4),(0.,0.0197130783552003,0.0397206347361504),
 .UNSPECIFIED.);
#1483=B_SPLINE_CURVE_WITH_KNOTS('',3,(#12236,#12237,#12238,#12239,#12240),
 .UNSPECIFIED.,.F.,.F.,(4,1,4),(0.,0.0244477088437506,0.0438418689464937),
 .UNSPECIFIED.);
#1484=B_SPLINE_CURVE_WITH_KNOTS('',3,(#12291,#12292,#12293,#12294,#12295),
 .UNSPECIFIED.,.F.,.F.,(4,1,4),(0.,0.0197130783552003,0.0397206347361504),
 .UNSPECIFIED.);
#1485=B_SPLINE_CURVE_WITH_KNOTS('',3,(#12308,#12309,#12310,#12311,#12312),
 .UNSPECIFIED.,.F.,.F.,(4,1,4),(0.,0.0244477088437506,0.0438418689464937),
 .UNSPECIFIED.);
#1486=B_SPLINE_CURVE_WITH_KNOTS('',3,(#12327,#12328,#12329,#12330,#12331),
 .UNSPECIFIED.,.F.,.F.,(4,1,4),(0.,0.0191358047627086,0.0377715216066507),
 .UNSPECIFIED.);
#1487=B_SPLINE_CURVE_WITH_KNOTS('',3,(#12333,#12334,#12335,#12336,#12337),
 .UNSPECIFIED.,.F.,.F.,(4,1,4),(0.,0.0250271426868236,0.0464160302640837),
 .UNSPECIFIED.);
#1488=B_SPLINE_CURVE_WITH_KNOTS('',3,(#12339,#12340,#12341,#12342,#12343),
 .UNSPECIFIED.,.F.,.F.,(4,1,4),(0.,0.0191232930157148,0.0395620688881959),
 .UNSPECIFIED.);
#1489=B_SPLINE_CURVE_WITH_KNOTS('',3,(#12345,#12346,#12347,#12348,#12349),
 .UNSPECIFIED.,.F.,.F.,(4,1,4),(0.,0.0167790445283972,0.03459512734249),
 .UNSPECIFIED.);
#1490=B_SPLINE_CURVE_WITH_KNOTS('',3,(#12351,#12352,#12353,#12354,#12355),
 .UNSPECIFIED.,.F.,.F.,(4,1,4),(0.,0.0156688919051667,0.0317805932255582),
 .UNSPECIFIED.);
#1491=B_SPLINE_CURVE_WITH_KNOTS('',3,(#12357,#12358,#12359,#12360,#12361),
 .UNSPECIFIED.,.F.,.F.,(4,1,4),(0.,0.0146776229286485,0.0299800193371209),
 .UNSPECIFIED.);
#1492=B_SPLINE_CURVE_WITH_KNOTS('',3,(#12363,#12364,#12365,#12366,#12367),
 .UNSPECIFIED.,.F.,.F.,(4,1,4),(0.,0.0177084687481466,0.0331865847413568),
 .UNSPECIFIED.);
#1493=B_SPLINE_CURVE_WITH_KNOTS('',3,(#12369,#12370,#12371,#12372,#12373),
 .UNSPECIFIED.,.F.,.F.,(4,1,4),(0.,0.0280463093824393,0.0461131220808344),
 .UNSPECIFIED.);
#1494=B_SPLINE_CURVE_WITH_KNOTS('',3,(#12375,#12376,#12377,#12378,#12379),
 .UNSPECIFIED.,.F.,.F.,(4,1,4),(0.,0.0154898154175762,0.0425764586159868),
 .UNSPECIFIED.);
#1495=B_SPLINE_CURVE_WITH_KNOTS('',3,(#12381,#12382,#12383,#12384,#12385),
 .UNSPECIFIED.,.F.,.F.,(4,1,4),(0.,0.0100131851261928,0.0198429874949278),
 .UNSPECIFIED.);
#1496=B_SPLINE_CURVE_WITH_KNOTS('',3,(#12387,#12388,#12389,#12390,#12391),
 .UNSPECIFIED.,.F.,.F.,(4,1,4),(0.,0.0127277858443899,0.0245616139338761),
 .UNSPECIFIED.);
#1497=B_SPLINE_CURVE_WITH_KNOTS('',3,(#12393,#12394,#12395,#12396,#12397),
 .UNSPECIFIED.,.F.,.F.,(4,1,4),(0.,0.0208700142693233,0.0365644706703919),
 .UNSPECIFIED.);
#1498=B_SPLINE_CURVE_WITH_KNOTS('',3,(#12399,#12400,#12401,#12402,#12403),
 .UNSPECIFIED.,.F.,.F.,(4,1,4),(0.,0.0163205983275831,0.0367070832001127),
 .UNSPECIFIED.);
#1499=B_SPLINE_CURVE_WITH_KNOTS('',3,(#12405,#12406,#12407,#12408,#12409),
 .UNSPECIFIED.,.F.,.F.,(4,1,4),(0.,0.0172376181733531,0.0324620080228324),
 .UNSPECIFIED.);
#1500=B_SPLINE_CURVE_WITH_KNOTS('',3,(#12413,#12414,#12415,#12416,#12417),
 .UNSPECIFIED.,.F.,.F.,(4,1,4),(0.,0.0164158126321344,0.033326712303486),
 .UNSPECIFIED.);
#1501=B_SPLINE_CURVE_WITH_KNOTS('',3,(#12419,#12420,#12421,#12422,#12423),
 .UNSPECIFIED.,.F.,.F.,(4,1,4),(0.,0.0174370352337024,0.0339521618124026),
 .UNSPECIFIED.);
#1502=B_SPLINE_CURVE_WITH_KNOTS('',3,(#12425,#12426,#12427,#12428,#12429),
 .UNSPECIFIED.,.F.,.F.,(4,1,4),(0.,0.0210007670842158,0.040071055262465),
 .UNSPECIFIED.);
#1503=B_SPLINE_CURVE_WITH_KNOTS('',3,(#12431,#12432,#12433,#12434,#12435),
 .UNSPECIFIED.,.F.,.F.,(4,1,4),(0.,0.0181637319675168,0.037509163358465),
 .UNSPECIFIED.);
#1504=B_SPLINE_CURVE_WITH_KNOTS('',3,(#12437,#12438,#12439,#12440,#12441),
 .UNSPECIFIED.,.F.,.F.,(4,1,4),(0.,0.0156800589399242,0.0324664554033789),
 .UNSPECIFIED.);
#1505=B_SPLINE_CURVE_WITH_KNOTS('',3,(#12443,#12444,#12445,#12446,#12447),
 .UNSPECIFIED.,.F.,.F.,(4,1,4),(0.,0.0148054551691372,0.0299096711804187),
 .UNSPECIFIED.);
#1506=B_SPLINE_CURVE_WITH_KNOTS('',3,(#12449,#12450,#12451,#12452,#12453),
 .UNSPECIFIED.,.F.,.F.,(4,1,4),(0.,0.0129082952113886,0.0261393200836246),
 .UNSPECIFIED.);
#1507=B_SPLINE_CURVE_WITH_KNOTS('',3,(#12455,#12456,#12457,#12458,#12459),
 .UNSPECIFIED.,.F.,.F.,(4,1,4),(0.,0.0150642485430385,0.0285800591695929),
 .UNSPECIFIED.);
#1508=B_SPLINE_CURVE_WITH_KNOTS('',3,(#12461,#12462,#12463,#12464,#12465),
 .UNSPECIFIED.,.F.,.F.,(4,1,4),(0.,0.0242971074737938,0.0406372913674645),
 .UNSPECIFIED.);
#1509=B_SPLINE_CURVE_WITH_KNOTS('',3,(#12467,#12468,#12469,#12470,#12471),
 .UNSPECIFIED.,.F.,.F.,(4,1,4),(0.,0.0135332981666788,0.0369308207357661),
 .UNSPECIFIED.);
#1510=B_SPLINE_CURVE_WITH_KNOTS('',3,(#12473,#12474,#12475,#12476,#12477),
 .UNSPECIFIED.,.F.,.F.,(4,1,4),(0.,0.00969812541882031,0.0217250831649887),
 .UNSPECIFIED.);
#1511=B_SPLINE_CURVE_WITH_KNOTS('',3,(#12479,#12480,#12481,#12482,#12483),
 .UNSPECIFIED.,.F.,.F.,(4,1,4),(0.,0.00892143617908568,0.0175734660736954),
 .UNSPECIFIED.);
#1512=B_SPLINE_CURVE_WITH_KNOTS('',3,(#12485,#12486,#12487,#12488,#12489),
 .UNSPECIFIED.,.F.,.F.,(4,1,4),(0.,0.00923651682454246,0.0182669535058568),
 .UNSPECIFIED.);
#1513=B_SPLINE_CURVE_WITH_KNOTS('',3,(#12491,#12492,#12493,#12494,#12495),
 .UNSPECIFIED.,.F.,.F.,(4,1,4),(0.,0.0114347716203868,0.0214437537604269),
 .UNSPECIFIED.);
#1514=B_SPLINE_CURVE_WITH_KNOTS('',3,(#12497,#12498,#12499,#12500,#12501),
 .UNSPECIFIED.,.F.,.F.,(4,1,4),(0.,0.0143008354988203,0.0272323880713657),
 .UNSPECIFIED.);
#1515=B_SPLINE_CURVE_WITH_KNOTS('',3,(#12503,#12504,#12505,#12506,#12507),
 .UNSPECIFIED.,.F.,.F.,(4,1,4),(0.,0.0151631805217479,0.0314315148446637),
 .UNSPECIFIED.);
#1516=B_SPLINE_CURVE_WITH_KNOTS('',3,(#12509,#12510,#12511,#12512,#12513),
 .UNSPECIFIED.,.F.,.F.,(4,1,4),(0.,0.0120019354221378,0.0256937484305408),
 .UNSPECIFIED.);
#1517=B_SPLINE_CURVE_WITH_KNOTS('',3,(#12515,#12516,#12517,#12518,#12519),
 .UNSPECIFIED.,.F.,.F.,(4,1,4),(0.,0.0139745871131303,0.0261550297077071),
 .UNSPECIFIED.);
#1518=B_SPLINE_CURVE_WITH_KNOTS('',3,(#12522,#12523,#12524,#12525,#12526),
 .UNSPECIFIED.,.F.,.F.,(4,1,4),(0.,0.0187130414518077,0.0379654432112415),
 .UNSPECIFIED.);
#1519=B_SPLINE_CURVE_WITH_KNOTS('',3,(#12540,#12541,#12542,#12543,#12544),
 .UNSPECIFIED.,.F.,.F.,(4,1,4),(0.,0.0191358047627086,0.0377715216066507),
 .UNSPECIFIED.);
#1520=B_SPLINE_CURVE_WITH_KNOTS('',3,(#12557,#12558,#12559,#12560,#12561),
 .UNSPECIFIED.,.F.,.F.,(4,1,4),(0.,0.0250271426868236,0.0464160302640837),
 .UNSPECIFIED.);
#1521=B_SPLINE_CURVE_WITH_KNOTS('',3,(#12574,#12575,#12576,#12577,#12578),
 .UNSPECIFIED.,.F.,.F.,(4,1,4),(0.,0.0191232930157148,0.0395620688881959),
 .UNSPECIFIED.);
#1522=B_SPLINE_CURVE_WITH_KNOTS('',3,(#12591,#12592,#12593,#12594,#12595),
 .UNSPECIFIED.,.F.,.F.,(4,1,4),(0.,0.0167790445283972,0.03459512734249),
 .UNSPECIFIED.);
#1523=B_SPLINE_CURVE_WITH_KNOTS('',3,(#12608,#12609,#12610,#12611,#12612),
 .UNSPECIFIED.,.F.,.F.,(4,1,4),(0.,0.0156688919051667,0.0317805932255582),
 .UNSPECIFIED.);
#1524=B_SPLINE_CURVE_WITH_KNOTS('',3,(#12625,#12626,#12627,#12628,#12629),
 .UNSPECIFIED.,.F.,.F.,(4,1,4),(0.,0.0146776229286485,0.0299800193371209),
 .UNSPECIFIED.);
#1525=B_SPLINE_CURVE_WITH_KNOTS('',3,(#12642,#12643,#12644,#12645,#12646),
 .UNSPECIFIED.,.F.,.F.,(4,1,4),(0.,0.0177084687481466,0.0331865847413568),
 .UNSPECIFIED.);
#1526=B_SPLINE_CURVE_WITH_KNOTS('',3,(#12659,#12660,#12661,#12662,#12663),
 .UNSPECIFIED.,.F.,.F.,(4,1,4),(0.,0.0280463093824393,0.0461131220808344),
 .UNSPECIFIED.);
#1527=B_SPLINE_CURVE_WITH_KNOTS('',3,(#12676,#12677,#12678,#12679,#12680),
 .UNSPECIFIED.,.F.,.F.,(4,1,4),(0.,0.0154898154175762,0.0425764586159868),
 .UNSPECIFIED.);
#1528=B_SPLINE_CURVE_WITH_KNOTS('',3,(#12693,#12694,#12695,#12696,#12697),
 .UNSPECIFIED.,.F.,.F.,(4,1,4),(0.,0.0100131851261928,0.0198429874949278),
 .UNSPECIFIED.);
#1529=B_SPLINE_CURVE_WITH_KNOTS('',3,(#12710,#12711,#12712,#12713,#12714),
 .UNSPECIFIED.,.F.,.F.,(4,1,4),(0.,0.0127277858443899,0.0245616139338761),
 .UNSPECIFIED.);
#1530=B_SPLINE_CURVE_WITH_KNOTS('',3,(#12727,#12728,#12729,#12730,#12731),
 .UNSPECIFIED.,.F.,.F.,(4,1,4),(0.,0.0208700142693233,0.0365644706703919),
 .UNSPECIFIED.);
#1531=B_SPLINE_CURVE_WITH_KNOTS('',3,(#12744,#12745,#12746,#12747,#12748),
 .UNSPECIFIED.,.F.,.F.,(4,1,4),(0.,0.0163205983275831,0.0367070832001127),
 .UNSPECIFIED.);
#1532=B_SPLINE_CURVE_WITH_KNOTS('',3,(#12761,#12762,#12763,#12764,#12765),
 .UNSPECIFIED.,.F.,.F.,(4,1,4),(0.,0.0172376181733531,0.0324620080228324),
 .UNSPECIFIED.);
#1533=B_SPLINE_CURVE_WITH_KNOTS('',3,(#12782,#12783,#12784,#12785,#12786),
 .UNSPECIFIED.,.F.,.F.,(4,1,4),(0.,0.0164158126321344,0.033326712303486),
 .UNSPECIFIED.);
#1534=B_SPLINE_CURVE_WITH_KNOTS('',3,(#12799,#12800,#12801,#12802,#12803),
 .UNSPECIFIED.,.F.,.F.,(4,1,4),(0.,0.0174370352337024,0.0339521618124026),
 .UNSPECIFIED.);
#1535=B_SPLINE_CURVE_WITH_KNOTS('',3,(#12816,#12817,#12818,#12819,#12820),
 .UNSPECIFIED.,.F.,.F.,(4,1,4),(0.,0.0210007670842158,0.040071055262465),
 .UNSPECIFIED.);
#1536=B_SPLINE_CURVE_WITH_KNOTS('',3,(#12833,#12834,#12835,#12836,#12837),
 .UNSPECIFIED.,.F.,.F.,(4,1,4),(0.,0.0181637319675168,0.037509163358465),
 .UNSPECIFIED.);
#1537=B_SPLINE_CURVE_WITH_KNOTS('',3,(#12850,#12851,#12852,#12853,#12854),
 .UNSPECIFIED.,.F.,.F.,(4,1,4),(0.,0.0156800589399242,0.0324664554033789),
 .UNSPECIFIED.);
#1538=B_SPLINE_CURVE_WITH_KNOTS('',3,(#12867,#12868,#12869,#12870,#12871),
 .UNSPECIFIED.,.F.,.F.,(4,1,4),(0.,0.0148054551691372,0.0299096711804187),
 .UNSPECIFIED.);
#1539=B_SPLINE_CURVE_WITH_KNOTS('',3,(#12884,#12885,#12886,#12887,#12888),
 .UNSPECIFIED.,.F.,.F.,(4,1,4),(0.,0.0129082952113886,0.0261393200836246),
 .UNSPECIFIED.);
#1540=B_SPLINE_CURVE_WITH_KNOTS('',3,(#12901,#12902,#12903,#12904,#12905),
 .UNSPECIFIED.,.F.,.F.,(4,1,4),(0.,0.0150642485430385,0.0285800591695929),
 .UNSPECIFIED.);
#1541=B_SPLINE_CURVE_WITH_KNOTS('',3,(#12918,#12919,#12920,#12921,#12922),
 .UNSPECIFIED.,.F.,.F.,(4,1,4),(0.,0.0242971074737938,0.0406372913674645),
 .UNSPECIFIED.);
#1542=B_SPLINE_CURVE_WITH_KNOTS('',3,(#12935,#12936,#12937,#12938,#12939),
 .UNSPECIFIED.,.F.,.F.,(4,1,4),(0.,0.0135332981666788,0.0369308207357661),
 .UNSPECIFIED.);
#1543=B_SPLINE_CURVE_WITH_KNOTS('',3,(#12952,#12953,#12954,#12955,#12956),
 .UNSPECIFIED.,.F.,.F.,(4,1,4),(0.,0.00969812541882031,0.0217250831649887),
 .UNSPECIFIED.);
#1544=B_SPLINE_CURVE_WITH_KNOTS('',3,(#12969,#12970,#12971,#12972,#12973),
 .UNSPECIFIED.,.F.,.F.,(4,1,4),(0.,0.00892143617908568,0.0175734660736954),
 .UNSPECIFIED.);
#1545=B_SPLINE_CURVE_WITH_KNOTS('',3,(#12986,#12987,#12988,#12989,#12990),
 .UNSPECIFIED.,.F.,.F.,(4,1,4),(0.,0.00923651682454246,0.0182669535058568),
 .UNSPECIFIED.);
#1546=B_SPLINE_CURVE_WITH_KNOTS('',3,(#13003,#13004,#13005,#13006,#13007),
 .UNSPECIFIED.,.F.,.F.,(4,1,4),(0.,0.0114347716203868,0.0214437537604269),
 .UNSPECIFIED.);
#1547=B_SPLINE_CURVE_WITH_KNOTS('',3,(#13020,#13021,#13022,#13023,#13024),
 .UNSPECIFIED.,.F.,.F.,(4,1,4),(0.,0.0143008354988203,0.0272323880713657),
 .UNSPECIFIED.);
#1548=B_SPLINE_CURVE_WITH_KNOTS('',3,(#13037,#13038,#13039,#13040,#13041),
 .UNSPECIFIED.,.F.,.F.,(4,1,4),(0.,0.0151631805217479,0.0314315148446637),
 .UNSPECIFIED.);
#1549=B_SPLINE_CURVE_WITH_KNOTS('',3,(#13054,#13055,#13056,#13057,#13058),
 .UNSPECIFIED.,.F.,.F.,(4,1,4),(0.,0.0120019354221378,0.0256937484305408),
 .UNSPECIFIED.);
#1550=B_SPLINE_CURVE_WITH_KNOTS('',3,(#13071,#13072,#13073,#13074,#13075),
 .UNSPECIFIED.,.F.,.F.,(4,1,4),(0.,0.0139745871131303,0.0261550297077071),
 .UNSPECIFIED.);
#1551=B_SPLINE_CURVE_WITH_KNOTS('',3,(#13091,#13092,#13093,#13094,#13095),
 .UNSPECIFIED.,.F.,.F.,(4,1,4),(0.,0.0187130414518077,0.0379654432112415),
 .UNSPECIFIED.);
#1552=B_SPLINE_CURVE_WITH_KNOTS('',3,(#13103,#13104,#13105,#13106,#13107),
 .UNSPECIFIED.,.F.,.F.,(4,1,4),(0.,0.00597757206955603,0.0147802738092827),
 .UNSPECIFIED.);
#1553=B_SPLINE_CURVE_WITH_KNOTS('',3,(#13109,#13110,#13111,#13112,#13113),
 .UNSPECIFIED.,.F.,.F.,(4,1,4),(0.,0.00680637433870809,0.0132400328736346),
 .UNSPECIFIED.);
#1554=B_SPLINE_CURVE_WITH_KNOTS('',3,(#13115,#13116,#13117,#13118,#13119),
 .UNSPECIFIED.,.F.,.F.,(4,1,4),(0.,0.0107916701217912,0.0190145156314621),
 .UNSPECIFIED.);
#1555=B_SPLINE_CURVE_WITH_KNOTS('',3,(#13121,#13122,#13123,#13124,#13125),
 .UNSPECIFIED.,.F.,.F.,(4,1,4),(0.,0.0190891234771284,0.0335376685737411),
 .UNSPECIFIED.);
#1556=B_SPLINE_CURVE_WITH_KNOTS('',3,(#13133,#13134,#13135,#13136,#13137),
 .UNSPECIFIED.,.F.,.F.,(4,1,4),(0.,0.0164547734994351,0.0345668487477439),
 .UNSPECIFIED.);
#1557=B_SPLINE_CURVE_WITH_KNOTS('',3,(#13139,#13140,#13141,#13142,#13143),
 .UNSPECIFIED.,.F.,.F.,(4,1,4),(0.,0.0105150648463892,0.0188578293132849),
 .UNSPECIFIED.);
#1558=B_SPLINE_CURVE_WITH_KNOTS('',3,(#13145,#13146,#13147,#13148,#13149),
 .UNSPECIFIED.,.F.,.F.,(4,1,4),(0.,0.0212090124857377,0.0471027903031411),
 .UNSPECIFIED.);
#1559=B_SPLINE_CURVE_WITH_KNOTS('',3,(#13151,#13152,#13153,#13154,#13155),
 .UNSPECIFIED.,.F.,.F.,(4,1,4),(0.,0.0199114321939731,0.0391849721471609),
 .UNSPECIFIED.);
#1560=B_SPLINE_CURVE_WITH_KNOTS('',3,(#13157,#13158,#13159,#13160,#13161),
 .UNSPECIFIED.,.F.,.F.,(4,1,4),(0.,0.0156566780846253,0.0315843938206854),
 .UNSPECIFIED.);
#1561=B_SPLINE_CURVE_WITH_KNOTS('',3,(#13163,#13164,#13165,#13166,#13167),
 .UNSPECIFIED.,.F.,.F.,(4,1,4),(0.,0.0145675045354631,0.0296857348861384),
 .UNSPECIFIED.);
#1562=B_SPLINE_CURVE_WITH_KNOTS('',3,(#13169,#13170,#13171,#13172,#13173),
 .UNSPECIFIED.,.F.,.F.,(4,1,4),(0.,0.0235719338051219,0.0411639262576147),
 .UNSPECIFIED.);
#1563=B_SPLINE_CURVE_WITH_KNOTS('',3,(#13183,#13184,#13185,#13186,#13187),
 .UNSPECIFIED.,.F.,.F.,(4,1,4),(0.,0.0149490086352967,0.0343372195448647),
 .UNSPECIFIED.);
#1564=B_SPLINE_CURVE_WITH_KNOTS('',3,(#13189,#13190,#13191,#13192,#13193),
 .UNSPECIFIED.,.F.,.F.,(4,1,4),(0.,0.0131803153803926,0.0261374972492516),
 .UNSPECIFIED.);
#1565=B_SPLINE_CURVE_WITH_KNOTS('',3,(#13195,#13196,#13197,#13198,#13199),
 .UNSPECIFIED.,.F.,.F.,(4,1,4),(0.,0.00949150622367511,0.018913976107484),
 .UNSPECIFIED.);
#1566=B_SPLINE_CURVE_WITH_KNOTS('',3,(#13201,#13202,#13203,#13204,#13205),
 .UNSPECIFIED.,.F.,.F.,(4,1,4),(0.,0.0102401534855027,0.0199196881169526),
 .UNSPECIFIED.);
#1567=B_SPLINE_CURVE_WITH_KNOTS('',3,(#13207,#13208,#13209,#13210,#13211),
 .UNSPECIFIED.,.F.,.F.,(4,1,4),(0.,0.0161936333522976,0.0287237553344609),
 .UNSPECIFIED.);
#1568=B_SPLINE_CURVE_WITH_KNOTS('',3,(#13236,#13237,#13238,#13239,#13240),
 .UNSPECIFIED.,.F.,.F.,(4,1,4),(0.,0.00597757206955603,0.0147802738092827),
 .UNSPECIFIED.);
#1569=B_SPLINE_CURVE_WITH_KNOTS('',3,(#13253,#13254,#13255,#13256,#13257),
 .UNSPECIFIED.,.F.,.F.,(4,1,4),(0.,0.00680637433870809,0.0132400328736346),
 .UNSPECIFIED.);
#1570=B_SPLINE_CURVE_WITH_KNOTS('',3,(#13270,#13271,#13272,#13273,#13274),
 .UNSPECIFIED.,.F.,.F.,(4,1,4),(0.,0.0107916701217912,0.0190145156314621),
 .UNSPECIFIED.);
#1571=B_SPLINE_CURVE_WITH_KNOTS('',3,(#13287,#13288,#13289,#13290,#13291),
 .UNSPECIFIED.,.F.,.F.,(4,1,4),(0.,0.0190891234771284,0.0335376685737411),
 .UNSPECIFIED.);
#1572=B_SPLINE_CURVE_WITH_KNOTS('',3,(#13316,#13317,#13318,#13319,#13320),
 .UNSPECIFIED.,.F.,.F.,(4,1,4),(0.,0.0164547734994351,0.0345668487477439),
 .UNSPECIFIED.);
#1573=B_SPLINE_CURVE_WITH_KNOTS('',3,(#13333,#13334,#13335,#13336,#13337),
 .UNSPECIFIED.,.F.,.F.,(4,1,4),(0.,0.0105150648463892,0.0188578293132849),
 .UNSPECIFIED.);
#1574=B_SPLINE_CURVE_WITH_KNOTS('',3,(#13350,#13351,#13352,#13353,#13354),
 .UNSPECIFIED.,.F.,.F.,(4,1,4),(0.,0.0212090124857377,0.0471027903031411),
 .UNSPECIFIED.);
#1575=B_SPLINE_CURVE_WITH_KNOTS('',3,(#13367,#13368,#13369,#13370,#13371),
 .UNSPECIFIED.,.F.,.F.,(4,1,4),(0.,0.0199114321939731,0.0391849721471609),
 .UNSPECIFIED.);
#1576=B_SPLINE_CURVE_WITH_KNOTS('',3,(#13384,#13385,#13386,#13387,#13388),
 .UNSPECIFIED.,.F.,.F.,(4,1,4),(0.,0.0156566780846253,0.0315843938206854),
 .UNSPECIFIED.);
#1577=B_SPLINE_CURVE_WITH_KNOTS('',3,(#13401,#13402,#13403,#13404,#13405),
 .UNSPECIFIED.,.F.,.F.,(4,1,4),(0.,0.0145675045354631,0.0296857348861384),
 .UNSPECIFIED.);
#1578=B_SPLINE_CURVE_WITH_KNOTS('',3,(#13418,#13419,#13420,#13421,#13422),
 .UNSPECIFIED.,.F.,.F.,(4,1,4),(0.,0.0235719338051219,0.0411639262576147),
 .UNSPECIFIED.);
#1579=B_SPLINE_CURVE_WITH_KNOTS('',3,(#13451,#13452,#13453,#13454,#13455),
 .UNSPECIFIED.,.F.,.F.,(4,1,4),(0.,0.0149490086352967,0.0343372195448647),
 .UNSPECIFIED.);
#1580=B_SPLINE_CURVE_WITH_KNOTS('',3,(#13468,#13469,#13470,#13471,#13472),
 .UNSPECIFIED.,.F.,.F.,(4,1,4),(0.,0.0131803153803926,0.0261374972492516),
 .UNSPECIFIED.);
#1581=B_SPLINE_CURVE_WITH_KNOTS('',3,(#13485,#13486,#13487,#13488,#13489),
 .UNSPECIFIED.,.F.,.F.,(4,1,4),(0.,0.00949150622367511,0.018913976107484),
 .UNSPECIFIED.);
#1582=B_SPLINE_CURVE_WITH_KNOTS('',3,(#13502,#13503,#13504,#13505,#13506),
 .UNSPECIFIED.,.F.,.F.,(4,1,4),(0.,0.0102401534855027,0.0199196881169526),
 .UNSPECIFIED.);
#1583=B_SPLINE_CURVE_WITH_KNOTS('',3,(#13519,#13520,#13521,#13522,#13523),
 .UNSPECIFIED.,.F.,.F.,(4,1,4),(0.,0.0161936333522976,0.0287237553344609),
 .UNSPECIFIED.);
#1584=B_SPLINE_CURVE_WITH_KNOTS('',3,(#13588,#13589,#13590,#13591,#13592),
 .UNSPECIFIED.,.F.,.F.,(4,1,4),(0.,0.015934828969296,0.0286606279589086),
 .UNSPECIFIED.);
#1585=B_SPLINE_CURVE_WITH_KNOTS('',3,(#13594,#13595,#13596,#13597,#13598),
 .UNSPECIFIED.,.F.,.F.,(4,1,4),(0.,0.0170653582552361,0.0343679529636005),
 .UNSPECIFIED.);
#1586=B_SPLINE_CURVE_WITH_KNOTS('',3,(#13600,#13601,#13602,#13603,#13604),
 .UNSPECIFIED.,.F.,.F.,(4,1,4),(0.,0.0192901161767599,0.0386495956825579),
 .UNSPECIFIED.);
#1587=B_SPLINE_CURVE_WITH_KNOTS('',3,(#13606,#13607,#13608,#13609,#13610),
 .UNSPECIFIED.,.F.,.F.,(4,1,4),(0.,0.0193384270194721,0.0383753867712367),
 .UNSPECIFIED.);
#1588=B_SPLINE_CURVE_WITH_KNOTS('',3,(#13612,#13613,#13614,#13615,#13616),
 .UNSPECIFIED.,.F.,.F.,(4,1,4),(0.,0.0246642994097879,0.0460038526086724),
 .UNSPECIFIED.);
#1589=B_SPLINE_CURVE_WITH_KNOTS('',3,(#13618,#13619,#13620,#13621,#13622),
 .UNSPECIFIED.,.F.,.F.,(4,1,4),(0.,0.0201693481625492,0.041163647297691),
 .UNSPECIFIED.);
#1590=B_SPLINE_CURVE_WITH_KNOTS('',3,(#13624,#13625,#13626,#13627,#13628),
 .UNSPECIFIED.,.F.,.F.,(4,1,4),(0.,0.011886518519067,0.0235492775004539),
 .UNSPECIFIED.);
#1591=B_SPLINE_CURVE_WITH_KNOTS('',3,(#13630,#13631,#13632,#13633,#13634),
 .UNSPECIFIED.,.F.,.F.,(4,1,4),(0.,0.0135573185800155,0.025985466718949),
 .UNSPECIFIED.);
#1592=B_SPLINE_CURVE_WITH_KNOTS('',3,(#13636,#13637,#13638,#13639,#13640),
 .UNSPECIFIED.,.F.,.F.,(4,1,4),(0.,0.0169730523152382,0.0320162070289742),
 .UNSPECIFIED.);
#1593=B_SPLINE_CURVE_WITH_KNOTS('',3,(#13642,#13643,#13644,#13645,#13646),
 .UNSPECIFIED.,.F.,.F.,(4,1,4),(0.,0.013676419415359,0.0281970724933872),
 .UNSPECIFIED.);
#1594=B_SPLINE_CURVE_WITH_KNOTS('',3,(#13648,#13649,#13650,#13651,#13652),
 .UNSPECIFIED.,.F.,.F.,(4,1,4),(0.,0.0113002010446606,0.0238736067824761),
 .UNSPECIFIED.);
#1595=B_SPLINE_CURVE_WITH_KNOTS('',3,(#13654,#13655,#13656,#13657,#13658),
 .UNSPECIFIED.,.F.,.F.,(4,1,4),(0.,0.0145464783835856,0.0265960320769694),
 .UNSPECIFIED.);
#1596=B_SPLINE_CURVE_WITH_KNOTS('',3,(#13662,#13663,#13664,#13665,#13666),
 .UNSPECIFIED.,.F.,.F.,(4,1,4),(0.,0.0169102049020564,0.0362718633393463),
 .UNSPECIFIED.);
#1597=B_SPLINE_CURVE_WITH_KNOTS('',3,(#13668,#13669,#13670,#13671,#13672),
 .UNSPECIFIED.,.F.,.F.,(4,1,4),(0.,0.0177544641303222,0.0340405344803824),
 .UNSPECIFIED.);
#1598=B_SPLINE_CURVE_WITH_KNOTS('',3,(#13674,#13675,#13676,#13677,#13678),
 .UNSPECIFIED.,.F.,.F.,(4,1,4),(0.,0.0207259629683688,0.0400300995972297),
 .UNSPECIFIED.);
#1599=B_SPLINE_CURVE_WITH_KNOTS('',3,(#13680,#13681,#13682,#13683,#13684),
 .UNSPECIFIED.,.F.,.F.,(4,1,4),(0.,0.0263223173376011,0.0546269972300472),
 .UNSPECIFIED.);
#1600=B_SPLINE_CURVE_WITH_KNOTS('',3,(#13686,#13687,#13688,#13689,#13690),
 .UNSPECIFIED.,.F.,.F.,(4,1,4),(0.,0.0266050726646794,0.0521216509952671),
 .UNSPECIFIED.);
#1601=B_SPLINE_CURVE_WITH_KNOTS('',3,(#13692,#13693,#13694,#13695,#13696),
 .UNSPECIFIED.,.F.,.F.,(4,1,4),(0.,0.0283876496906738,0.0562165239236581),
 .UNSPECIFIED.);
#1602=B_SPLINE_CURVE_WITH_KNOTS('',3,(#13698,#13699,#13700,#13701,#13702),
 .UNSPECIFIED.,.F.,.F.,(4,1,4),(0.,0.0268982969666208,0.055135207491651),
 .UNSPECIFIED.);
#1603=B_SPLINE_CURVE_WITH_KNOTS('',3,(#13704,#13705,#13706,#13707,#13708),
 .UNSPECIFIED.,.F.,.F.,(4,1,4),(0.,0.0261651095515584,0.0521547506496831),
 .UNSPECIFIED.);
#1604=B_SPLINE_CURVE_WITH_KNOTS('',3,(#13710,#13711,#13712,#13713,#13714),
 .UNSPECIFIED.,.F.,.F.,(4,1,4),(0.,0.0282971428104227,0.0554278548062534),
 .UNSPECIFIED.);
#1605=B_SPLINE_CURVE_WITH_KNOTS('',3,(#13716,#13717,#13718,#13719,#13720),
 .UNSPECIFIED.,.F.,.F.,(4,1,4),(0.,0.0218177860980579,0.0434620588749222),
 .UNSPECIFIED.);
#1606=B_SPLINE_CURVE_WITH_KNOTS('',3,(#13722,#13723,#13724,#13725,#13726),
 .UNSPECIFIED.,.F.,.F.,(4,1,4),(0.,0.0240483412030919,0.0466946658507159),
 .UNSPECIFIED.);
#1607=B_SPLINE_CURVE_WITH_KNOTS('',3,(#13751,#13752,#13753,#13754,#13755),
 .UNSPECIFIED.,.F.,.F.,(4,1,4),(0.,0.015934828969296,0.0286606279589086),
 .UNSPECIFIED.);
#1608=B_SPLINE_CURVE_WITH_KNOTS('',3,(#13768,#13769,#13770,#13771,#13772),
 .UNSPECIFIED.,.F.,.F.,(4,1,4),(0.,0.0170653582552361,0.0343679529636005),
 .UNSPECIFIED.);
#1609=B_SPLINE_CURVE_WITH_KNOTS('',3,(#13785,#13786,#13787,#13788,#13789),
 .UNSPECIFIED.,.F.,.F.,(4,1,4),(0.,0.0192901161767599,0.0386495956825579),
 .UNSPECIFIED.);
#1610=B_SPLINE_CURVE_WITH_KNOTS('',3,(#13802,#13803,#13804,#13805,#13806),
 .UNSPECIFIED.,.F.,.F.,(4,1,4),(0.,0.0193384270194721,0.0383753867712367),
 .UNSPECIFIED.);
#1611=B_SPLINE_CURVE_WITH_KNOTS('',3,(#13819,#13820,#13821,#13822,#13823),
 .UNSPECIFIED.,.F.,.F.,(4,1,4),(0.,0.0246642994097879,0.0460038526086724),
 .UNSPECIFIED.);
#1612=B_SPLINE_CURVE_WITH_KNOTS('',3,(#13836,#13837,#13838,#13839,#13840),
 .UNSPECIFIED.,.F.,.F.,(4,1,4),(0.,0.0201693481625492,0.041163647297691),
 .UNSPECIFIED.);
#1613=B_SPLINE_CURVE_WITH_KNOTS('',3,(#13853,#13854,#13855,#13856,#13857),
 .UNSPECIFIED.,.F.,.F.,(4,1,4),(0.,0.011886518519067,0.0235492775004539),
 .UNSPECIFIED.);
#1614=B_SPLINE_CURVE_WITH_KNOTS('',3,(#13870,#13871,#13872,#13873,#13874),
 .UNSPECIFIED.,.F.,.F.,(4,1,4),(0.,0.0135573185800155,0.025985466718949),
 .UNSPECIFIED.);
#1615=B_SPLINE_CURVE_WITH_KNOTS('',3,(#13887,#13888,#13889,#13890,#13891),
 .UNSPECIFIED.,.F.,.F.,(4,1,4),(0.,0.0169730523152382,0.0320162070289742),
 .UNSPECIFIED.);
#1616=B_SPLINE_CURVE_WITH_KNOTS('',3,(#13904,#13905,#13906,#13907,#13908),
 .UNSPECIFIED.,.F.,.F.,(4,1,4),(0.,0.013676419415359,0.0281970724933872),
 .UNSPECIFIED.);
#1617=B_SPLINE_CURVE_WITH_KNOTS('',3,(#13921,#13922,#13923,#13924,#13925),
 .UNSPECIFIED.,.F.,.F.,(4,1,4),(0.,0.0113002010446606,0.0238736067824761),
 .UNSPECIFIED.);
#1618=B_SPLINE_CURVE_WITH_KNOTS('',3,(#13938,#13939,#13940,#13941,#13942),
 .UNSPECIFIED.,.F.,.F.,(4,1,4),(0.,0.0145464783835856,0.0265960320769694),
 .UNSPECIFIED.);
#1619=B_SPLINE_CURVE_WITH_KNOTS('',3,(#13959,#13960,#13961,#13962,#13963),
 .UNSPECIFIED.,.F.,.F.,(4,1,4),(0.,0.0169102049020564,0.0362718633393463),
 .UNSPECIFIED.);
#1620=B_SPLINE_CURVE_WITH_KNOTS('',3,(#13976,#13977,#13978,#13979,#13980),
 .UNSPECIFIED.,.F.,.F.,(4,1,4),(0.,0.0177544641303222,0.0340405344803824),
 .UNSPECIFIED.);
#1621=B_SPLINE_CURVE_WITH_KNOTS('',3,(#13993,#13994,#13995,#13996,#13997),
 .UNSPECIFIED.,.F.,.F.,(4,1,4),(0.,0.0207259629683688,0.0400300995972297),
 .UNSPECIFIED.);
#1622=B_SPLINE_CURVE_WITH_KNOTS('',3,(#14010,#14011,#14012,#14013,#14014),
 .UNSPECIFIED.,.F.,.F.,(4,1,4),(0.,0.0263223173376011,0.0546269972300472),
 .UNSPECIFIED.);
#1623=B_SPLINE_CURVE_WITH_KNOTS('',3,(#14027,#14028,#14029,#14030,#14031),
 .UNSPECIFIED.,.F.,.F.,(4,1,4),(0.,0.0266050726646794,0.0521216509952671),
 .UNSPECIFIED.);
#1624=B_SPLINE_CURVE_WITH_KNOTS('',3,(#14044,#14045,#14046,#14047,#14048),
 .UNSPECIFIED.,.F.,.F.,(4,1,4),(0.,0.0283876496906738,0.0562165239236581),
 .UNSPECIFIED.);
#1625=B_SPLINE_CURVE_WITH_KNOTS('',3,(#14061,#14062,#14063,#14064,#14065),
 .UNSPECIFIED.,.F.,.F.,(4,1,4),(0.,0.0268982969666208,0.055135207491651),
 .UNSPECIFIED.);
#1626=B_SPLINE_CURVE_WITH_KNOTS('',3,(#14078,#14079,#14080,#14081,#14082),
 .UNSPECIFIED.,.F.,.F.,(4,1,4),(0.,0.0261651095515584,0.0521547506496831),
 .UNSPECIFIED.);
#1627=B_SPLINE_CURVE_WITH_KNOTS('',3,(#14095,#14096,#14097,#14098,#14099),
 .UNSPECIFIED.,.F.,.F.,(4,1,4),(0.,0.0282971428104227,0.0554278548062534),
 .UNSPECIFIED.);
#1628=B_SPLINE_CURVE_WITH_KNOTS('',3,(#14112,#14113,#14114,#14115,#14116),
 .UNSPECIFIED.,.F.,.F.,(4,1,4),(0.,0.0218177860980579,0.0434620588749222),
 .UNSPECIFIED.);
#1629=B_SPLINE_CURVE_WITH_KNOTS('',3,(#14129,#14130,#14131,#14132,#14133),
 .UNSPECIFIED.,.F.,.F.,(4,1,4),(0.,0.0240483412030919,0.0466946658507159),
 .UNSPECIFIED.);
#1630=B_SPLINE_CURVE_WITH_KNOTS('',3,(#14206,#14207,#14208,#14209,#14210),
 .UNSPECIFIED.,.F.,.F.,(4,1,4),(0.,0.0263560261715499,0.0625068013811235),
 .UNSPECIFIED.);
#1631=B_SPLINE_CURVE_WITH_KNOTS('',3,(#14212,#14213,#14214,#14215,#14216),
 .UNSPECIFIED.,.F.,.F.,(4,1,4),(0.,0.0238976536544547,0.0469957708471187),
 .UNSPECIFIED.);
#1632=B_SPLINE_CURVE_WITH_KNOTS('',3,(#14218,#14219,#14220,#14221,#14222),
 .UNSPECIFIED.,.F.,.F.,(4,1,4),(0.,0.0138013542351473,0.0281383933306909),
 .UNSPECIFIED.);
#1633=B_SPLINE_CURVE_WITH_KNOTS('',3,(#14224,#14225,#14226,#14227,#14228),
 .UNSPECIFIED.,.F.,.F.,(4,1,4),(0.,0.0122136504324425,0.0253033314884136),
 .UNSPECIFIED.);
#1634=B_SPLINE_CURVE_WITH_KNOTS('',3,(#14230,#14231,#14232,#14233,#14234),
 .UNSPECIFIED.,.F.,.F.,(4,1,4),(0.,0.0140014621556298,0.0265635227925581),
 .UNSPECIFIED.);
#1635=B_SPLINE_CURVE_WITH_KNOTS('',3,(#14236,#14237,#14238,#14239,#14240),
 .UNSPECIFIED.,.F.,.F.,(4,1,4),(0.,0.0175712923976834,0.030508962625121),
 .UNSPECIFIED.);
#1636=B_SPLINE_CURVE_WITH_KNOTS('',3,(#14250,#14251,#14252,#14253,#14254),
 .UNSPECIFIED.,.F.,.F.,(4,1,4),(0.,0.00960820584204584,0.0247920350834583),
 .UNSPECIFIED.);
#1637=B_SPLINE_CURVE_WITH_KNOTS('',3,(#14256,#14257,#14258,#14259,#14260),
 .UNSPECIFIED.,.F.,.F.,(4,1,4),(0.,0.0104427254047306,0.0207799764709301),
 .UNSPECIFIED.);
#1638=B_SPLINE_CURVE_WITH_KNOTS('',3,(#14262,#14263,#14264,#14265,#14266),
 .UNSPECIFIED.,.F.,.F.,(4,1,4),(0.,0.0117548144729603,0.0226844515286729),
 .UNSPECIFIED.);
#1639=B_SPLINE_CURVE_WITH_KNOTS('',3,(#14268,#14269,#14270,#14271,#14272),
 .UNSPECIFIED.,.F.,.F.,(4,1,4),(0.,0.0140515967505022,0.0296677741551188),
 .UNSPECIFIED.);
#1640=B_SPLINE_CURVE_WITH_KNOTS('',3,(#14274,#14275,#14276,#14277,#14278),
 .UNSPECIFIED.,.F.,.F.,(4,1,4),(0.,0.0220599980443504,0.0382282060050059),
 .UNSPECIFIED.);
#1641=B_SPLINE_CURVE_WITH_KNOTS('',3,(#14303,#14304,#14305,#14306,#14307),
 .UNSPECIFIED.,.F.,.F.,(4,1,4),(0.,0.0263560261715499,0.0625068013811235),
 .UNSPECIFIED.);
#1642=B_SPLINE_CURVE_WITH_KNOTS('',3,(#14320,#14321,#14322,#14323,#14324),
 .UNSPECIFIED.,.F.,.F.,(4,1,4),(0.,0.0238976536544547,0.0469957708471187),
 .UNSPECIFIED.);
#1643=B_SPLINE_CURVE_WITH_KNOTS('',3,(#14337,#14338,#14339,#14340,#14341),
 .UNSPECIFIED.,.F.,.F.,(4,1,4),(0.,0.0138013542351473,0.0281383933306909),
 .UNSPECIFIED.);
#1644=B_SPLINE_CURVE_WITH_KNOTS('',3,(#14354,#14355,#14356,#14357,#14358),
 .UNSPECIFIED.,.F.,.F.,(4,1,4),(0.,0.0122136504324425,0.0253033314884136),
 .UNSPECIFIED.);
#1645=B_SPLINE_CURVE_WITH_KNOTS('',3,(#14371,#14372,#14373,#14374,#14375),
 .UNSPECIFIED.,.F.,.F.,(4,1,4),(0.,0.0140014621556298,0.0265635227925581),
 .UNSPECIFIED.);
#1646=B_SPLINE_CURVE_WITH_KNOTS('',3,(#14388,#14389,#14390,#14391,#14392),
 .UNSPECIFIED.,.F.,.F.,(4,1,4),(0.,0.0175712923976834,0.030508962625121),
 .UNSPECIFIED.);
#1647=B_SPLINE_CURVE_WITH_KNOTS('',3,(#14421,#14422,#14423,#14424,#14425),
 .UNSPECIFIED.,.F.,.F.,(4,1,4),(0.,0.00960820584204584,0.0247920350834583),
 .UNSPECIFIED.);
#1648=B_SPLINE_CURVE_WITH_KNOTS('',3,(#14438,#14439,#14440,#14441,#14442),
 .UNSPECIFIED.,.F.,.F.,(4,1,4),(0.,0.0104427254047306,0.0207799764709301),
 .UNSPECIFIED.);
#1649=B_SPLINE_CURVE_WITH_KNOTS('',3,(#14455,#14456,#14457,#14458,#14459),
 .UNSPECIFIED.,.F.,.F.,(4,1,4),(0.,0.0117548144729603,0.0226844515286729),
 .UNSPECIFIED.);
#1650=B_SPLINE_CURVE_WITH_KNOTS('',3,(#14472,#14473,#14474,#14475,#14476),
 .UNSPECIFIED.,.F.,.F.,(4,1,4),(0.,0.0140515967505022,0.0296677741551188),
 .UNSPECIFIED.);
#1651=B_SPLINE_CURVE_WITH_KNOTS('',3,(#14489,#14490,#14491,#14492,#14493),
 .UNSPECIFIED.,.F.,.F.,(4,1,4),(0.,0.0220599980443504,0.0382282060050059),
 .UNSPECIFIED.);
#1652=B_SPLINE_CURVE_WITH_KNOTS('',3,(#14572,#14573,#14574,#14575,#14576),
 .UNSPECIFIED.,.F.,.F.,(4,1,4),(0.,0.0253412795372315,0.0507588102917973),
 .UNSPECIFIED.);
#1653=B_SPLINE_CURVE_WITH_KNOTS('',3,(#14578,#14579,#14580,#14581,#14582),
 .UNSPECIFIED.,.F.,.F.,(4,1,4),(0.,0.0269561150203783,0.0528054136309349),
 .UNSPECIFIED.);
#1654=B_SPLINE_CURVE_WITH_KNOTS('',3,(#14584,#14585,#14586,#14587,#14588),
 .UNSPECIFIED.,.F.,.F.,(4,1,4),(0.,0.0251627462122679,0.0505217995788081),
 .UNSPECIFIED.);
#1655=B_SPLINE_CURVE_WITH_KNOTS('',3,(#14590,#14591,#14592,#14593,#14594),
 .UNSPECIFIED.,.F.,.F.,(4,1,4),(0.,0.0257896744739677,0.0509102177079966),
 .UNSPECIFIED.);
#1656=B_SPLINE_CURVE_WITH_KNOTS('',3,(#14596,#14597,#14598,#14599,#14600),
 .UNSPECIFIED.,.F.,.F.,(4,1,4),(0.,0.0289829265070487,0.0562019017639351),
 .UNSPECIFIED.);
#1657=B_SPLINE_CURVE_WITH_KNOTS('',3,(#14602,#14603,#14604,#14605,#14606),
 .UNSPECIFIED.,.F.,.F.,(4,1,4),(0.,0.0267280382187062,0.0553049029767632),
 .UNSPECIFIED.);
#1658=B_SPLINE_CURVE_WITH_KNOTS('',3,(#14608,#14609,#14610,#14611,#14612),
 .UNSPECIFIED.,.F.,.F.,(4,1,4),(0.,0.0251974729232616,0.0506584539253654),
 .UNSPECIFIED.);
#1659=B_SPLINE_CURVE_WITH_KNOTS('',3,(#14614,#14615,#14616,#14617,#14618),
 .UNSPECIFIED.,.F.,.F.,(4,1,4),(0.,0.0265371408387788,0.0521407086360326),
 .UNSPECIFIED.);
#1660=B_SPLINE_CURVE_WITH_KNOTS('',3,(#14620,#14621,#14622,#14623,#14624),
 .UNSPECIFIED.,.F.,.F.,(4,1,4),(0.,0.0372085694601726,0.0762529104432877),
 .UNSPECIFIED.);
#1661=B_SPLINE_CURVE_WITH_KNOTS('',3,(#14626,#14627,#14628,#14629,#14630),
 .UNSPECIFIED.,.F.,.F.,(4,1,4),(0.,0.0448900311894043,0.0840008067877971),
 .UNSPECIFIED.);
#1662=B_SPLINE_CURVE_WITH_KNOTS('',3,(#14631,#14632,#14633,#14634,#14635),
 .UNSPECIFIED.,.F.,.F.,(4,1,4),(0.,0.0257598792538158,0.0515674227354164),
 .UNSPECIFIED.);
#1663=B_SPLINE_CURVE_WITH_KNOTS('',3,(#14638,#14639,#14640,#14641,#14642),
 .UNSPECIFIED.,.F.,.F.,(4,1,4),(0.,0.0265842635563684,0.0531051975256342),
 .UNSPECIFIED.);
#1664=B_SPLINE_CURVE_WITH_KNOTS('',3,(#14644,#14645,#14646,#14647,#14648),
 .UNSPECIFIED.,.F.,.F.,(4,1,4),(0.,0.0184663548520697,0.0374423416753164),
 .UNSPECIFIED.);
#1665=B_SPLINE_CURVE_WITH_KNOTS('',3,(#14650,#14651,#14652,#14653,#14654),
 .UNSPECIFIED.,.F.,.F.,(4,1,4),(0.,0.0190959766695854,0.0375706853289275),
 .UNSPECIFIED.);
#1666=B_SPLINE_CURVE_WITH_KNOTS('',3,(#14656,#14657,#14658,#14659,#14660),
 .UNSPECIFIED.,.F.,.F.,(4,1,4),(0.,0.0229612560109179,0.0436726458621584),
 .UNSPECIFIED.);
#1667=B_SPLINE_CURVE_WITH_KNOTS('',3,(#14662,#14663,#14664,#14665,#14666),
 .UNSPECIFIED.,.F.,.F.,(4,1,4),(0.,0.0292446288274306,0.0637921054309106),
 .UNSPECIFIED.);
#1668=B_SPLINE_CURVE_WITH_KNOTS('',3,(#14668,#14669,#14670,#14671,#14672),
 .UNSPECIFIED.,.F.,.F.,(4,1,4),(0.,0.0277358240798243,0.0547539920836134),
 .UNSPECIFIED.);
#1669=B_SPLINE_CURVE_WITH_KNOTS('',3,(#14674,#14675,#14676,#14677,#14678),
 .UNSPECIFIED.,.F.,.F.,(4,1,4),(0.,0.0269011079758951,0.054258891920256),
 .UNSPECIFIED.);
#1670=B_SPLINE_CURVE_WITH_KNOTS('',3,(#14680,#14681,#14682,#14683,#14684),
 .UNSPECIFIED.,.F.,.F.,(4,1,4),(0.,0.0326792655457965,0.0613116633339889),
 .UNSPECIFIED.);
#1671=B_SPLINE_CURVE_WITH_KNOTS('',3,(#14685,#14686,#14687,#14688,#14689),
 .UNSPECIFIED.,.F.,.F.,(4,1,4),(0.,0.0299136962962408,0.0689374979095839),
 .UNSPECIFIED.);
#1672=B_SPLINE_CURVE_WITH_KNOTS('',3,(#14703,#14704,#14705,#14706,#14707),
 .UNSPECIFIED.,.F.,.F.,(4,1,4),(0.,0.0253412795372315,0.0507588102917973),
 .UNSPECIFIED.);
#1673=B_SPLINE_CURVE_WITH_KNOTS('',3,(#14720,#14721,#14722,#14723,#14724),
 .UNSPECIFIED.,.F.,.F.,(4,1,4),(0.,0.0269561150203783,0.0528054136309349),
 .UNSPECIFIED.);
#1674=B_SPLINE_CURVE_WITH_KNOTS('',3,(#14737,#14738,#14739,#14740,#14741),
 .UNSPECIFIED.,.F.,.F.,(4,1,4),(0.,0.0251627462122679,0.0505217995788081),
 .UNSPECIFIED.);
#1675=B_SPLINE_CURVE_WITH_KNOTS('',3,(#14754,#14755,#14756,#14757,#14758),
 .UNSPECIFIED.,.F.,.F.,(4,1,4),(0.,0.0257896744739677,0.0509102177079966),
 .UNSPECIFIED.);
#1676=B_SPLINE_CURVE_WITH_KNOTS('',3,(#14771,#14772,#14773,#14774,#14775),
 .UNSPECIFIED.,.F.,.F.,(4,1,4),(0.,0.0289829265070487,0.0562019017639351),
 .UNSPECIFIED.);
#1677=B_SPLINE_CURVE_WITH_KNOTS('',3,(#14788,#14789,#14790,#14791,#14792),
 .UNSPECIFIED.,.F.,.F.,(4,1,4),(0.,0.0267280382187062,0.0553049029767632),
 .UNSPECIFIED.);
#1678=B_SPLINE_CURVE_WITH_KNOTS('',3,(#14805,#14806,#14807,#14808,#14809),
 .UNSPECIFIED.,.F.,.F.,(4,1,4),(0.,0.0251974729232616,0.0506584539253654),
 .UNSPECIFIED.);
#1679=B_SPLINE_CURVE_WITH_KNOTS('',3,(#14822,#14823,#14824,#14825,#14826),
 .UNSPECIFIED.,.F.,.F.,(4,1,4),(0.,0.0265371408387788,0.0521407086360326),
 .UNSPECIFIED.);
#1680=B_SPLINE_CURVE_WITH_KNOTS('',3,(#14839,#14840,#14841,#14842,#14843),
 .UNSPECIFIED.,.F.,.F.,(4,1,4),(0.,0.0372085694601726,0.0762529104432877),
 .UNSPECIFIED.);
#1681=B_SPLINE_CURVE_WITH_KNOTS('',3,(#14856,#14857,#14858,#14859,#14860),
 .UNSPECIFIED.,.F.,.F.,(4,1,4),(0.,0.0448900311894043,0.0840008067877971),
 .UNSPECIFIED.);
#1682=B_SPLINE_CURVE_WITH_KNOTS('',3,(#14872,#14873,#14874,#14875,#14876),
 .UNSPECIFIED.,.F.,.F.,(4,1,4),(0.,0.0257598792538158,0.0515674227354164),
 .UNSPECIFIED.);
#1683=B_SPLINE_CURVE_WITH_KNOTS('',3,(#14890,#14891,#14892,#14893,#14894),
 .UNSPECIFIED.,.F.,.F.,(4,1,4),(0.,0.0265842635563684,0.0531051975256342),
 .UNSPECIFIED.);
#1684=B_SPLINE_CURVE_WITH_KNOTS('',3,(#14907,#14908,#14909,#14910,#14911),
 .UNSPECIFIED.,.F.,.F.,(4,1,4),(0.,0.0184663548520697,0.0374423416753164),
 .UNSPECIFIED.);
#1685=B_SPLINE_CURVE_WITH_KNOTS('',3,(#14924,#14925,#14926,#14927,#14928),
 .UNSPECIFIED.,.F.,.F.,(4,1,4),(0.,0.0190959766695854,0.0375706853289275),
 .UNSPECIFIED.);
#1686=B_SPLINE_CURVE_WITH_KNOTS('',3,(#14941,#14942,#14943,#14944,#14945),
 .UNSPECIFIED.,.F.,.F.,(4,1,4),(0.,0.0229612560109179,0.0436726458621584),
 .UNSPECIFIED.);
#1687=B_SPLINE_CURVE_WITH_KNOTS('',3,(#14958,#14959,#14960,#14961,#14962),
 .UNSPECIFIED.,.F.,.F.,(4,1,4),(0.,0.0292446288274306,0.0637921054309106),
 .UNSPECIFIED.);
#1688=B_SPLINE_CURVE_WITH_KNOTS('',3,(#14975,#14976,#14977,#14978,#14979),
 .UNSPECIFIED.,.F.,.F.,(4,1,4),(0.,0.0277358240798243,0.0547539920836134),
 .UNSPECIFIED.);
#1689=B_SPLINE_CURVE_WITH_KNOTS('',3,(#14992,#14993,#14994,#14995,#14996),
 .UNSPECIFIED.,.F.,.F.,(4,1,4),(0.,0.0269011079758951,0.054258891920256),
 .UNSPECIFIED.);
#1690=B_SPLINE_CURVE_WITH_KNOTS('',3,(#15009,#15010,#15011,#15012,#15013),
 .UNSPECIFIED.,.F.,.F.,(4,1,4),(0.,0.0326792655457965,0.0613116633339889),
 .UNSPECIFIED.);
#1691=B_SPLINE_CURVE_WITH_KNOTS('',3,(#15025,#15026,#15027,#15028,#15029),
 .UNSPECIFIED.,.F.,.F.,(4,1,4),(0.,0.0299136962962408,0.0689374979095839),
 .UNSPECIFIED.);
#1692=B_SPLINE_CURVE_WITH_KNOTS('',3,(#15033,#15034,#15035,#15036,#15037),
 .UNSPECIFIED.,.F.,.F.,(4,1,4),(0.,0.0253412680455769,0.0507588153960284),
 .UNSPECIFIED.);
#1693=B_SPLINE_CURVE_WITH_KNOTS('',3,(#15039,#15040,#15041,#15042,#15043),
 .UNSPECIFIED.,.F.,.F.,(4,1,4),(0.,0.0269560558947564,0.0528053818734981),
 .UNSPECIFIED.);
#1694=B_SPLINE_CURVE_WITH_KNOTS('',3,(#15045,#15046,#15047,#15048,#15049),
 .UNSPECIFIED.,.F.,.F.,(4,1,4),(0.,0.0251627739232365,0.0505218568705146),
 .UNSPECIFIED.);
#1695=B_SPLINE_CURVE_WITH_KNOTS('',3,(#15051,#15052,#15053,#15054,#15055),
 .UNSPECIFIED.,.F.,.F.,(4,1,4),(0.,0.0257896744739677,0.0509101703663081),
 .UNSPECIFIED.);
#1696=B_SPLINE_CURVE_WITH_KNOTS('',3,(#15057,#15058,#15059,#15060,#15061),
 .UNSPECIFIED.,.F.,.F.,(4,1,4),(0.,0.0289829265070487,0.0562019219293388),
 .UNSPECIFIED.);
#1697=B_SPLINE_CURVE_WITH_KNOTS('',3,(#15063,#15064,#15065,#15066,#15067),
 .UNSPECIFIED.,.F.,.F.,(4,1,4),(0.,0.0267280382187062,0.0553049029767632),
 .UNSPECIFIED.);
#1698=B_SPLINE_CURVE_WITH_KNOTS('',3,(#15069,#15070,#15071,#15072,#15073),
 .UNSPECIFIED.,.F.,.F.,(4,1,4),(0.,0.025197496098238,0.0506584938475579),
 .UNSPECIFIED.);
#1699=B_SPLINE_CURVE_WITH_KNOTS('',3,(#15075,#15076,#15077,#15078,#15079),
 .UNSPECIFIED.,.F.,.F.,(4,1,4),(0.,0.0265371704086009,0.0521407107337479),
 .UNSPECIFIED.);
#1700=B_SPLINE_CURVE_WITH_KNOTS('',3,(#15081,#15082,#15083,#15084,#15085),
 .UNSPECIFIED.,.F.,.F.,(4,1,4),(0.,0.0372085939914093,0.0762528763476188),
 .UNSPECIFIED.);
#1701=B_SPLINE_CURVE_WITH_KNOTS('',3,(#15087,#15088,#15089,#15090,#15091),
 .UNSPECIFIED.,.F.,.F.,(4,1,4),(0.,0.0448900356274538,0.0840007959443115),
 .UNSPECIFIED.);
#1702=B_SPLINE_CURVE_WITH_KNOTS('',3,(#15092,#15093,#15094,#15095,#15096),
 .UNSPECIFIED.,.F.,.F.,(4,1,4),(0.,0.0257598842256078,0.0515674243987986),
 .UNSPECIFIED.);
#1703=B_SPLINE_CURVE_WITH_KNOTS('',3,(#15099,#15100,#15101,#15102,#15103),
 .UNSPECIFIED.,.F.,.F.,(4,1,4),(0.,0.0265843221706205,0.0531052561398863),
 .UNSPECIFIED.);
#1704=B_SPLINE_CURVE_WITH_KNOTS('',3,(#15105,#15106,#15107,#15108,#15109),
 .UNSPECIFIED.,.F.,.F.,(4,1,4),(0.,0.0184663548520697,0.0374423416753164),
 .UNSPECIFIED.);
#1705=B_SPLINE_CURVE_WITH_KNOTS('',3,(#15111,#15112,#15113,#15114,#15115),
 .UNSPECIFIED.,.F.,.F.,(4,1,4),(0.,0.0190959449452346,0.0375706536045767),
 .UNSPECIFIED.);
#1706=B_SPLINE_CURVE_WITH_KNOTS('',3,(#15117,#15118,#15119,#15120,#15121),
 .UNSPECIFIED.,.F.,.F.,(4,1,4),(0.,0.0229612560109179,0.0436726458621584),
 .UNSPECIFIED.);
#1707=B_SPLINE_CURVE_WITH_KNOTS('',3,(#15123,#15124,#15125,#15126,#15127),
 .UNSPECIFIED.,.F.,.F.,(4,1,4),(0.,0.0292446288274306,0.0637921054309106),
 .UNSPECIFIED.);
#1708=B_SPLINE_CURVE_WITH_KNOTS('',3,(#15129,#15130,#15131,#15132,#15133),
 .UNSPECIFIED.,.F.,.F.,(4,1,4),(0.,0.0277358533428891,0.0547539971375457),
 .UNSPECIFIED.);
#1709=B_SPLINE_CURVE_WITH_KNOTS('',3,(#15135,#15136,#15137,#15138,#15139),
 .UNSPECIFIED.,.F.,.F.,(4,1,4),(0.,0.0269011079758951,0.054258891920256),
 .UNSPECIFIED.);
#1710=B_SPLINE_CURVE_WITH_KNOTS('',3,(#15141,#15142,#15143,#15144,#15145),
 .UNSPECIFIED.,.F.,.F.,(4,1,4),(0.,0.0326792655457965,0.061311632981412),
 .UNSPECIFIED.);
#1711=B_SPLINE_CURVE_WITH_KNOTS('',3,(#15146,#15147,#15148,#15149,#15150),
 .UNSPECIFIED.,.F.,.F.,(4,1,4),(0.,0.0299136887273213,0.0689374845386864),
 .UNSPECIFIED.);
#1712=B_SPLINE_CURVE_WITH_KNOTS('',3,(#15164,#15165,#15166,#15167,#15168),
 .UNSPECIFIED.,.F.,.F.,(4,1,4),(0.,0.0253412680455769,0.0507588153960284),
 .UNSPECIFIED.);
#1713=B_SPLINE_CURVE_WITH_KNOTS('',3,(#15181,#15182,#15183,#15184,#15185),
 .UNSPECIFIED.,.F.,.F.,(4,1,4),(0.,0.0269560558947564,0.0528053818734981),
 .UNSPECIFIED.);
#1714=B_SPLINE_CURVE_WITH_KNOTS('',3,(#15198,#15199,#15200,#15201,#15202),
 .UNSPECIFIED.,.F.,.F.,(4,1,4),(0.,0.0251627739232365,0.0505218568705146),
 .UNSPECIFIED.);
#1715=B_SPLINE_CURVE_WITH_KNOTS('',3,(#15215,#15216,#15217,#15218,#15219),
 .UNSPECIFIED.,.F.,.F.,(4,1,4),(0.,0.0257896744739677,0.0509101703663081),
 .UNSPECIFIED.);
#1716=B_SPLINE_CURVE_WITH_KNOTS('',3,(#15232,#15233,#15234,#15235,#15236),
 .UNSPECIFIED.,.F.,.F.,(4,1,4),(0.,0.0289829265070487,0.0562019219293388),
 .UNSPECIFIED.);
#1717=B_SPLINE_CURVE_WITH_KNOTS('',3,(#15249,#15250,#15251,#15252,#15253),
 .UNSPECIFIED.,.F.,.F.,(4,1,4),(0.,0.0267280382187062,0.0553049029767632),
 .UNSPECIFIED.);
#1718=B_SPLINE_CURVE_WITH_KNOTS('',3,(#15266,#15267,#15268,#15269,#15270),
 .UNSPECIFIED.,.F.,.F.,(4,1,4),(0.,0.025197496098238,0.0506584938475579),
 .UNSPECIFIED.);
#1719=B_SPLINE_CURVE_WITH_KNOTS('',3,(#15283,#15284,#15285,#15286,#15287),
 .UNSPECIFIED.,.F.,.F.,(4,1,4),(0.,0.0265371704086009,0.0521407107337479),
 .UNSPECIFIED.);
#1720=B_SPLINE_CURVE_WITH_KNOTS('',3,(#15300,#15301,#15302,#15303,#15304),
 .UNSPECIFIED.,.F.,.F.,(4,1,4),(0.,0.0372085939914093,0.0762528763476188),
 .UNSPECIFIED.);
#1721=B_SPLINE_CURVE_WITH_KNOTS('',3,(#15317,#15318,#15319,#15320,#15321),
 .UNSPECIFIED.,.F.,.F.,(4,1,4),(0.,0.0448900356274538,0.0840007959443115),
 .UNSPECIFIED.);
#1722=B_SPLINE_CURVE_WITH_KNOTS('',3,(#15333,#15334,#15335,#15336,#15337),
 .UNSPECIFIED.,.F.,.F.,(4,1,4),(0.,0.0257598842256078,0.0515674243987986),
 .UNSPECIFIED.);
#1723=B_SPLINE_CURVE_WITH_KNOTS('',3,(#15351,#15352,#15353,#15354,#15355),
 .UNSPECIFIED.,.F.,.F.,(4,1,4),(0.,0.0265843221706205,0.0531052561398863),
 .UNSPECIFIED.);
#1724=B_SPLINE_CURVE_WITH_KNOTS('',3,(#15368,#15369,#15370,#15371,#15372),
 .UNSPECIFIED.,.F.,.F.,(4,1,4),(0.,0.0184663548520697,0.0374423416753164),
 .UNSPECIFIED.);
#1725=B_SPLINE_CURVE_WITH_KNOTS('',3,(#15385,#15386,#15387,#15388,#15389),
 .UNSPECIFIED.,.F.,.F.,(4,1,4),(0.,0.0190959449452346,0.0375706536045767),
 .UNSPECIFIED.);
#1726=B_SPLINE_CURVE_WITH_KNOTS('',3,(#15402,#15403,#15404,#15405,#15406),
 .UNSPECIFIED.,.F.,.F.,(4,1,4),(0.,0.0229612560109179,0.0436726458621584),
 .UNSPECIFIED.);
#1727=B_SPLINE_CURVE_WITH_KNOTS('',3,(#15419,#15420,#15421,#15422,#15423),
 .UNSPECIFIED.,.F.,.F.,(4,1,4),(0.,0.0292446288274306,0.0637921054309106),
 .UNSPECIFIED.);
#1728=B_SPLINE_CURVE_WITH_KNOTS('',3,(#15436,#15437,#15438,#15439,#15440),
 .UNSPECIFIED.,.F.,.F.,(4,1,4),(0.,0.0277358533428891,0.0547539971375457),
 .UNSPECIFIED.);
#1729=B_SPLINE_CURVE_WITH_KNOTS('',3,(#15453,#15454,#15455,#15456,#15457),
 .UNSPECIFIED.,.F.,.F.,(4,1,4),(0.,0.0269011079758951,0.054258891920256),
 .UNSPECIFIED.);
#1730=B_SPLINE_CURVE_WITH_KNOTS('',3,(#15470,#15471,#15472,#15473,#15474),
 .UNSPECIFIED.,.F.,.F.,(4,1,4),(0.,0.0326792655457965,0.061311632981412),
 .UNSPECIFIED.);
#1731=B_SPLINE_CURVE_WITH_KNOTS('',3,(#15486,#15487,#15488,#15489,#15490),
 .UNSPECIFIED.,.F.,.F.,(4,1,4),(0.,0.0299136887273213,0.0689374845386864),
 .UNSPECIFIED.);
#1732=B_SPLINE_CURVE_WITH_KNOTS('',3,(#15501,#15502,#15503,#15504,#15505),
 .UNSPECIFIED.,.F.,.F.,(4,1,4),(0.,0.0320447784965879,0.0619965042118865),
 .UNSPECIFIED.);
#1733=B_SPLINE_CURVE_WITH_KNOTS('',3,(#15519,#15520,#15521,#15522,#15523),
 .UNSPECIFIED.,.F.,.F.,(4,1,4),(0.,0.0295616375769488,0.0554175572108528),
 .UNSPECIFIED.);
#1734=B_SPLINE_CURVE_WITH_KNOTS('',3,(#15550,#15551,#15552,#15553,#15554),
 .UNSPECIFIED.,.F.,.F.,(4,1,4),(0.,0.0320447784965879,0.0619965042118865),
 .UNSPECIFIED.);
#1735=B_SPLINE_CURVE_WITH_KNOTS('',3,(#15591,#15592,#15593,#15594,#15595),
 .UNSPECIFIED.,.F.,.F.,(4,1,4),(0.,0.0295616375769488,0.0554175572108528),
 .UNSPECIFIED.);
#1736=B_SPLINE_CURVE_WITH_KNOTS('',3,(#15610,#15611,#15612,#15613,#15614),
 .UNSPECIFIED.,.F.,.F.,(4,1,4),(0.,0.0297232968566331,0.0649948285158973),
 .UNSPECIFIED.);
#1737=B_SPLINE_CURVE_WITH_KNOTS('',3,(#15616,#15617,#15618,#15619,#15620),
 .UNSPECIFIED.,.F.,.F.,(4,1,4),(0.,0.0227901011195797,0.0482878784458627),
 .UNSPECIFIED.);
#1738=B_SPLINE_CURVE_WITH_KNOTS('',3,(#15622,#15623,#15624,#15625,#15626),
 .UNSPECIFIED.,.F.,.F.,(4,1,4),(0.,0.0251660470947067,0.0477398992519641),
 .UNSPECIFIED.);
#1739=B_SPLINE_CURVE_WITH_KNOTS('',3,(#15628,#15629,#15630,#15631,#15632),
 .UNSPECIFIED.,.F.,.F.,(4,1,4),(0.,0.0272764740015207,0.0539425716460362),
 .UNSPECIFIED.);
#1740=B_SPLINE_CURVE_WITH_KNOTS('',3,(#15634,#15635,#15636,#15637,#15638),
 .UNSPECIFIED.,.F.,.F.,(4,1,4),(0.,0.0315634492014097,0.0645319385300329),
 .UNSPECIFIED.);
#1741=B_SPLINE_CURVE_WITH_KNOTS('',3,(#15640,#15641,#15642,#15643,#15644),
 .UNSPECIFIED.,.F.,.F.,(4,1,4),(0.,0.0351736786611132,0.0674433026313272),
 .UNSPECIFIED.);
#1742=B_SPLINE_CURVE_WITH_KNOTS('',3,(#15646,#15647,#15648,#15649,#15650),
 .UNSPECIFIED.,.F.,.F.,(4,1,4),(0.,0.0269018205713325,0.0562647471156648),
 .UNSPECIFIED.);
#1743=B_SPLINE_CURVE_WITH_KNOTS('',3,(#15652,#15653,#15654,#15655,#15656),
 .UNSPECIFIED.,.F.,.F.,(4,1,4),(0.,0.0251395588625912,0.0507587080654077),
 .UNSPECIFIED.);
#1744=B_SPLINE_CURVE_WITH_KNOTS('',3,(#15658,#15659,#15660,#15661,#15662),
 .UNSPECIFIED.,.F.,.F.,(4,1,4),(0.,0.0283734459538774,0.0556352364937025),
 .UNSPECIFIED.);
#1745=B_SPLINE_CURVE_WITH_KNOTS('',3,(#15664,#15665,#15666,#15667,#15668),
 .UNSPECIFIED.,.F.,.F.,(4,1,4),(0.,0.0291101783496174,0.0579505803052718),
 .UNSPECIFIED.);
#1746=B_SPLINE_CURVE_WITH_KNOTS('',3,(#15670,#15671,#15672,#15673,#15674),
 .UNSPECIFIED.,.F.,.F.,(4,1,4),(0.,0.0414142524924576,0.0749066010372876),
 .UNSPECIFIED.);
#1747=B_SPLINE_CURVE_WITH_KNOTS('',3,(#15684,#15685,#15686,#15687,#15688),
 .UNSPECIFIED.,.F.,.F.,(4,1,4),(0.,0.025297163533192,0.0590697744185449),
 .UNSPECIFIED.);
#1748=B_SPLINE_CURVE_WITH_KNOTS('',3,(#15690,#15691,#15692,#15693,#15694),
 .UNSPECIFIED.,.F.,.F.,(4,1,4),(0.,0.0196088247250779,0.0398952826505595),
 .UNSPECIFIED.);
#1749=B_SPLINE_CURVE_WITH_KNOTS('',3,(#15696,#15697,#15698,#15699,#15700),
 .UNSPECIFIED.,.F.,.F.,(4,1,4),(0.,0.0211026014980741,0.0410259114386691),
 .UNSPECIFIED.);
#1750=B_SPLINE_CURVE_WITH_KNOTS('',3,(#15702,#15703,#15704,#15705,#15706),
 .UNSPECIFIED.,.F.,.F.,(4,1,4),(0.,0.0168057434516511,0.0348883488042962),
 .UNSPECIFIED.);
#1751=B_SPLINE_CURVE_WITH_KNOTS('',3,(#15708,#15709,#15710,#15711,#15712),
 .UNSPECIFIED.,.F.,.F.,(4,1,4),(0.,0.0145985390989042,0.0302958282207093),
 .UNSPECIFIED.);
#1752=B_SPLINE_CURVE_WITH_KNOTS('',3,(#15714,#15715,#15716,#15717,#15718),
 .UNSPECIFIED.,.F.,.F.,(4,1,4),(0.,0.0173389283704067,0.0325948393602666),
 .UNSPECIFIED.);
#1753=B_SPLINE_CURVE_WITH_KNOTS('',3,(#15720,#15721,#15722,#15723,#15724),
 .UNSPECIFIED.,.F.,.F.,(4,1,4),(0.,0.0218333220723506,0.0360937265048119),
 .UNSPECIFIED.);
#1754=B_SPLINE_CURVE_WITH_KNOTS('',3,(#15732,#15733,#15734,#15735,#15736),
 .UNSPECIFIED.,.F.,.F.,(4,1,4),(0.,0.0244418517184124,0.0612351425107669),
 .UNSPECIFIED.);
#1755=B_SPLINE_CURVE_WITH_KNOTS('',3,(#15738,#15739,#15740,#15741,#15742),
 .UNSPECIFIED.,.F.,.F.,(4,1,4),(0.,0.0172389549841528,0.0348411859337489),
 .UNSPECIFIED.);
#1756=B_SPLINE_CURVE_WITH_KNOTS('',3,(#15744,#15745,#15746,#15747,#15748),
 .UNSPECIFIED.,.F.,.F.,(4,1,4),(0.,0.0188760016093148,0.0367140463615046),
 .UNSPECIFIED.);
#1757=B_SPLINE_CURVE_WITH_KNOTS('',3,(#15750,#15751,#15752,#15753,#15754),
 .UNSPECIFIED.,.F.,.F.,(4,1,4),(0.,0.0174651759077689,0.0368705092467637),
 .UNSPECIFIED.);
#1758=B_SPLINE_CURVE_WITH_KNOTS('',3,(#15756,#15757,#15758,#15759,#15760),
 .UNSPECIFIED.,.F.,.F.,(4,1,4),(0.,0.0194172175162264,0.0368625471362066),
 .UNSPECIFIED.);
#1759=B_SPLINE_CURVE_WITH_KNOTS('',3,(#15762,#15763,#15764,#15765,#15766),
 .UNSPECIFIED.,.F.,.F.,(4,1,4),(0.,0.0302405297487721,0.0507962560855337),
 .UNSPECIFIED.);
#1760=B_SPLINE_CURVE_WITH_KNOTS('',3,(#15783,#15784,#15785,#15786,#15787),
 .UNSPECIFIED.,.F.,.F.,(4,1,4),(0.,0.0297232968566331,0.0649948285158973),
 .UNSPECIFIED.);
#1761=B_SPLINE_CURVE_WITH_KNOTS('',3,(#15800,#15801,#15802,#15803,#15804),
 .UNSPECIFIED.,.F.,.F.,(4,1,4),(0.,0.0227901011195797,0.0482878784458627),
 .UNSPECIFIED.);
#1762=B_SPLINE_CURVE_WITH_KNOTS('',3,(#15817,#15818,#15819,#15820,#15821),
 .UNSPECIFIED.,.F.,.F.,(4,1,4),(0.,0.0251660470947067,0.0477398992519641),
 .UNSPECIFIED.);
#1763=B_SPLINE_CURVE_WITH_KNOTS('',3,(#15834,#15835,#15836,#15837,#15838),
 .UNSPECIFIED.,.F.,.F.,(4,1,4),(0.,0.0272764740015207,0.0539425716460362),
 .UNSPECIFIED.);
#1764=B_SPLINE_CURVE_WITH_KNOTS('',3,(#15851,#15852,#15853,#15854,#15855),
 .UNSPECIFIED.,.F.,.F.,(4,1,4),(0.,0.0315634492014097,0.0645319385300329),
 .UNSPECIFIED.);
#1765=B_SPLINE_CURVE_WITH_KNOTS('',3,(#15868,#15869,#15870,#15871,#15872),
 .UNSPECIFIED.,.F.,.F.,(4,1,4),(0.,0.0351736786611132,0.0674433026313272),
 .UNSPECIFIED.);
#1766=B_SPLINE_CURVE_WITH_KNOTS('',3,(#15885,#15886,#15887,#15888,#15889),
 .UNSPECIFIED.,.F.,.F.,(4,1,4),(0.,0.0269018205713325,0.0562647471156648),
 .UNSPECIFIED.);
#1767=B_SPLINE_CURVE_WITH_KNOTS('',3,(#15902,#15903,#15904,#15905,#15906),
 .UNSPECIFIED.,.F.,.F.,(4,1,4),(0.,0.0251395588625912,0.0507587080654077),
 .UNSPECIFIED.);
#1768=B_SPLINE_CURVE_WITH_KNOTS('',3,(#15919,#15920,#15921,#15922,#15923),
 .UNSPECIFIED.,.F.,.F.,(4,1,4),(0.,0.0283734459538774,0.0556352364937025),
 .UNSPECIFIED.);
#1769=B_SPLINE_CURVE_WITH_KNOTS('',3,(#15936,#15937,#15938,#15939,#15940),
 .UNSPECIFIED.,.F.,.F.,(4,1,4),(0.,0.0291101783496174,0.0579505803052718),
 .UNSPECIFIED.);
#1770=B_SPLINE_CURVE_WITH_KNOTS('',3,(#15953,#15954,#15955,#15956,#15957),
 .UNSPECIFIED.,.F.,.F.,(4,1,4),(0.,0.0414142524924576,0.0749066010372876),
 .UNSPECIFIED.);
#1771=B_SPLINE_CURVE_WITH_KNOTS('',3,(#15986,#15987,#15988,#15989,#15990),
 .UNSPECIFIED.,.F.,.F.,(4,1,4),(0.,0.025297163533192,0.0590697744185449),
 .UNSPECIFIED.);
#1772=B_SPLINE_CURVE_WITH_KNOTS('',3,(#16003,#16004,#16005,#16006,#16007),
 .UNSPECIFIED.,.F.,.F.,(4,1,4),(0.,0.0196088247250779,0.0398952826505595),
 .UNSPECIFIED.);
#1773=B_SPLINE_CURVE_WITH_KNOTS('',3,(#16020,#16021,#16022,#16023,#16024),
 .UNSPECIFIED.,.F.,.F.,(4,1,4),(0.,0.0211026014980741,0.0410259114386691),
 .UNSPECIFIED.);
#1774=B_SPLINE_CURVE_WITH_KNOTS('',3,(#16037,#16038,#16039,#16040,#16041),
 .UNSPECIFIED.,.F.,.F.,(4,1,4),(0.,0.0168057434516511,0.0348883488042962),
 .UNSPECIFIED.);
#1775=B_SPLINE_CURVE_WITH_KNOTS('',3,(#16054,#16055,#16056,#16057,#16058),
 .UNSPECIFIED.,.F.,.F.,(4,1,4),(0.,0.0145985390989042,0.0302958282207093),
 .UNSPECIFIED.);
#1776=B_SPLINE_CURVE_WITH_KNOTS('',3,(#16071,#16072,#16073,#16074,#16075),
 .UNSPECIFIED.,.F.,.F.,(4,1,4),(0.,0.0173389283704067,0.0325948393602666),
 .UNSPECIFIED.);
#1777=B_SPLINE_CURVE_WITH_KNOTS('',3,(#16088,#16089,#16090,#16091,#16092),
 .UNSPECIFIED.,.F.,.F.,(4,1,4),(0.,0.0218333220723506,0.0360937265048119),
 .UNSPECIFIED.);
#1778=B_SPLINE_CURVE_WITH_KNOTS('',3,(#16117,#16118,#16119,#16120,#16121),
 .UNSPECIFIED.,.F.,.F.,(4,1,4),(0.,0.0244418517184124,0.0612351425107669),
 .UNSPECIFIED.);
#1779=B_SPLINE_CURVE_WITH_KNOTS('',3,(#16134,#16135,#16136,#16137,#16138),
 .UNSPECIFIED.,.F.,.F.,(4,1,4),(0.,0.0172389549841528,0.0348411859337489),
 .UNSPECIFIED.);
#1780=B_SPLINE_CURVE_WITH_KNOTS('',3,(#16151,#16152,#16153,#16154,#16155),
 .UNSPECIFIED.,.F.,.F.,(4,1,4),(0.,0.0188760016093148,0.0367140463615046),
 .UNSPECIFIED.);
#1781=B_SPLINE_CURVE_WITH_KNOTS('',3,(#16168,#16169,#16170,#16171,#16172),
 .UNSPECIFIED.,.F.,.F.,(4,1,4),(0.,0.0174651759077689,0.0368705092467637),
 .UNSPECIFIED.);
#1782=B_SPLINE_CURVE_WITH_KNOTS('',3,(#16185,#16186,#16187,#16188,#16189),
 .UNSPECIFIED.,.F.,.F.,(4,1,4),(0.,0.0194172175162264,0.0368625471362066),
 .UNSPECIFIED.);
#1783=B_SPLINE_CURVE_WITH_KNOTS('',3,(#16202,#16203,#16204,#16205,#16206),
 .UNSPECIFIED.,.F.,.F.,(4,1,4),(0.,0.0302405297487721,0.0507962560855337),
 .UNSPECIFIED.);
#1784=B_SPLINE_CURVE_WITH_KNOTS('',3,(#16234,#16235,#16236,#16237,#16238),
 .UNSPECIFIED.,.F.,.F.,(4,1,4),(0.,0.0320448082496482,0.0619965339649467),
 .UNSPECIFIED.);
#1785=B_SPLINE_CURVE_WITH_KNOTS('',3,(#16252,#16253,#16254,#16255,#16256),
 .UNSPECIFIED.,.F.,.F.,(4,1,4),(0.,0.0295616375769488,0.0554175572108528),
 .UNSPECIFIED.);
#1786=B_SPLINE_CURVE_WITH_KNOTS('',3,(#16283,#16284,#16285,#16286,#16287),
 .UNSPECIFIED.,.F.,.F.,(4,1,4),(0.,0.0320448082496482,0.0619965339649467),
 .UNSPECIFIED.);
#1787=B_SPLINE_CURVE_WITH_KNOTS('',3,(#16324,#16325,#16326,#16327,#16328),
 .UNSPECIFIED.,.F.,.F.,(4,1,4),(0.,0.0295616375769488,0.0554175572108528),
 .UNSPECIFIED.);
#1788=B_SPLINE_CURVE_WITH_KNOTS('',3,(#16346,#16347,#16348,#16349,#16350,
#16351),.UNSPECIFIED.,.F.,.F.,(4,2,4),(1.54428063449649,1.54687028011142,
1.65428960937074),.UNSPECIFIED.);
#1789=B_SPLINE_CURVE_WITH_KNOTS('',3,(#16362,#16363,#16364,#16365),
 .UNSPECIFIED.,.F.,.F.,(4,4),(1.67076736597602,1.78130840939645),
 .UNSPECIFIED.);
#1790=B_SPLINE_CURVE_WITH_KNOTS('',3,(#16381,#16382,#16383,#16384),
 .UNSPECIFIED.,.F.,.F.,(4,4),(1.67076736597602,1.78130840939645),
 .UNSPECIFIED.);
#1791=B_SPLINE_CURVE_WITH_KNOTS('',3,(#16404,#16405,#16406,#16407,#16408,
#16409),.UNSPECIFIED.,.F.,.F.,(4,2,4),(1.54428063449653,1.54687028011142,
1.65428960937074),.UNSPECIFIED.);
#1792=B_SPLINE_CURVE_WITH_KNOTS('',3,(#16484,#16485,#16486,#16487,#16488,
#16489,#16490,#16491,#16492,#16493,#16494,#16495,#16496,#16497,#16498,#16499,
#16500,#16501,#16502,#16503,#16504,#16505,#16506,#16507),.UNSPECIFIED.,
 .F.,.F.,(4,2,2,2,2,2,2,2,2,2,2,4),(-1.22385796716741,-1.12995721556118,
-1.00723306634839,-0.945870991741993,-0.915189954438795,-0.884508917135597,
-0.853827879832399,-0.823146842529201,-0.761784767922805,-0.639060618710013,
-0.506110051009907,-0.3731594833098),.UNSPECIFIED.);
#1793=B_SPLINE_CURVE_WITH_KNOTS('',3,(#16509,#16510,#16511,#16512,#16513,
#16514,#16515,#16516,#16517,#16518,#16519,#16520,#16521,#16522,#16523,#16524,
#16525),.UNSPECIFIED.,.F.,.F.,(4,2,2,2,3,2,2,4),(-0.3731594833098,-0.277039348210568,
-0.180919213111336,-0.090459606555668,0.,0.0904596065556679,0.180919213111336,
0.228567613498855),.UNSPECIFIED.);
#1794=B_SPLINE_CURVE_WITH_KNOTS('',3,(#16533,#16534,#16535,#16536,#16537,
#16538,#16539,#16540,#16541,#16542,#16543,#16544,#16545,#16546,#16547,#16548,
#16549,#16550,#16551,#16552,#16553,#16554,#16555,#16556,#16557,#16558,#16559,
#16560,#16561,#16562,#16563,#16564,#16565,#16566,#16567,#16568,#16569,#16570,
#16571),.UNSPECIFIED.,.F.,.F.,(4,2,2,3,2,2,2,2,2,2,2,2,2,2,2,2,2,2,4),(-0.228567614039245,
-0.180919213111336,-0.0904596065556682,0.,0.0904596065556681,0.180919213111336,
0.277039348210568,0.3731594833098,0.506110051009907,0.639060618710013,0.761784767922805,
0.823146842529201,0.853827879832399,0.884508917135597,0.915189954438795,
0.945870991741993,1.00723306634839,1.12995721556118,1.22385796700275),
 .UNSPECIFIED.);
#1795=B_SPLINE_CURVE_WITH_KNOTS('',3,(#16575,#16576,#16577,#16578,#16579,
#16580),.UNSPECIFIED.,.F.,.F.,(4,2,4),(0.382402876274398,0.505144094161108,
0.560221982808002),.UNSPECIFIED.);
#1796=B_SPLINE_CURVE_WITH_KNOTS('',3,(#16581,#16582,#16583,#16584,#16585,
#16586,#16587,#16588),.UNSPECIFIED.,.F.,.F.,(4,2,2,4),(0.560221982808002,
0.578635123963875,0.652126153766641,0.704045743486912),.UNSPECIFIED.);
#1797=B_SPLINE_CURVE_WITH_KNOTS('',3,(#16593,#16594,#16595,#16596,#16597,
#16598,#16599,#16600,#16601,#16602),.UNSPECIFIED.,.F.,.F.,(4,2,2,2,4),(0.846254049020231,
0.898173638740502,0.971664668543269,1.04515569834604,1.16789691623274),
 .UNSPECIFIED.);
#1798=B_SPLINE_CURVE_WITH_KNOTS('',3,(#16609,#16610,#16611,#16612,#16613,
#16614,#16615,#16616,#16617,#16618),.UNSPECIFIED.,.F.,.F.,(4,2,2,2,4),(0.382402876274399,
0.505144094161107,0.578635123963874,0.652126153766641,0.704045743486913),
 .UNSPECIFIED.);
#1799=B_SPLINE_CURVE_WITH_KNOTS('',3,(#16628,#16629,#16630,#16631,#16632,
#16633,#16634,#16635),.UNSPECIFIED.,.F.,.F.,(4,2,2,4),(0.846254049020231,
0.898173638740502,0.971664668543269,0.99007780969914),.UNSPECIFIED.);
#1800=B_SPLINE_CURVE_WITH_KNOTS('',3,(#16637,#16638,#16639,#16640,#16641,
#16642),.UNSPECIFIED.,.F.,.F.,(4,2,4),(0.99007780969914,1.04515569834604,
1.16789691623274),.UNSPECIFIED.);
#1801=B_SPLINE_CURVE_WITH_KNOTS('',3,(#16653,#16654,#16655,#16656,#16657,
#16658,#16659,#16660,#16661,#16662,#16663,#16664,#16665,#16666,#16667,#16668,
#16669,#16670,#16671,#16672,#16673,#16674,#16675,#16676,#16677,#16678,#16679,
#16680,#16681,#16682,#16683,#16684,#16685,#16686,#16687,#16688,#16689,#16690,
#16691),.UNSPECIFIED.,.F.,.F.,(4,2,2,2,2,2,2,2,2,2,2,2,2,2,2,3,2,2,4),(-1.22385796716741,
-1.12995721556118,-1.00723306634839,-0.945870991741995,-0.915189954438796,
-0.884508917135598,-0.8538278798324,-0.823146842529202,-0.761784767922805,
-0.639060618710013,-0.506110051009906,-0.3731594833098,-0.277039348210568,
-0.180919213111336,-0.0904596065556682,-2.22044604925031E-16,0.0905857180162857,
0.181171436032571,0.228576797833547),.UNSPECIFIED.);
#1802=B_SPLINE_CURVE_WITH_KNOTS('',3,(#16694,#16695,#16696,#16697,#16698,
#16699,#16700,#16701,#16702,#16703,#16704,#16705,#16706,#16707,#16708,#16709,
#16710),.UNSPECIFIED.,.F.,.F.,(4,2,2,3,2,2,2,4),(-0.228567614039245,-0.180919213111336,
-0.090459606555668,0.,0.090459606555668,0.180919213111336,0.277039348210568,
0.3731594833098),.UNSPECIFIED.);
#1803=B_SPLINE_CURVE_WITH_KNOTS('',3,(#16711,#16712,#16713,#16714,#16715,
#16716,#16717,#16718,#16719,#16720,#16721,#16722,#16723,#16724,#16725,#16726,
#16727,#16728,#16729,#16730,#16731,#16732,#16733,#16734),.UNSPECIFIED.,
 .F.,.F.,(4,2,2,2,2,2,2,2,2,2,2,4),(0.3731594833098,0.506110051009906,0.639060618710013,
0.761784767922805,0.823146842529202,0.8538278798324,0.884508917135598,0.915189954438796,
0.945870991741994,1.00723306634839,1.12995721556118,1.22385796700275),
 .UNSPECIFIED.);
#1804=LINE('',#10238,#2552);
#1805=LINE('',#10240,#2553);
#1806=LINE('',#10278,#2554);
#1807=LINE('',#10280,#2555);
#1808=LINE('',#10281,#2556);
#1809=LINE('',#10284,#2557);
#1810=LINE('',#10316,#2558);
#1811=LINE('',#10317,#2559);
#1812=LINE('',#10320,#2560);
#1813=LINE('',#10322,#2561);
#1814=LINE('',#10323,#2562);
#1815=LINE('',#10326,#2563);
#1816=LINE('',#10327,#2564);
#1817=LINE('',#10344,#2565);
#1818=LINE('',#10361,#2566);
#1819=LINE('',#10378,#2567);
#1820=LINE('',#10395,#2568);
#1821=LINE('',#10412,#2569);
#1822=LINE('',#10429,#2570);
#1823=LINE('',#10432,#2571);
#1824=LINE('',#10433,#2572);
#1825=LINE('',#10436,#2573);
#1826=LINE('',#10437,#2574);
#1827=LINE('',#10439,#2575);
#1828=LINE('',#10442,#2576);
#1829=LINE('',#10444,#2577);
#1830=LINE('',#10445,#2578);
#1831=LINE('',#10462,#2579);
#1832=LINE('',#10479,#2580);
#1833=LINE('',#10496,#2581);
#1834=LINE('',#10513,#2582);
#1835=LINE('',#10530,#2583);
#1836=LINE('',#10533,#2584);
#1837=LINE('',#10534,#2585);
#1838=LINE('',#10536,#2586);
#1839=LINE('',#10540,#2587);
#1840=LINE('',#10542,#2588);
#1841=LINE('',#10544,#2589);
#1842=LINE('',#10546,#2590);
#1843=LINE('',#10548,#2591);
#1844=LINE('',#10550,#2592);
#1845=LINE('',#10552,#2593);
#1846=LINE('',#10553,#2594);
#1847=LINE('',#10568,#2595);
#1848=LINE('',#10570,#2596);
#1849=LINE('',#10571,#2597);
#1850=LINE('',#10574,#2598);
#1851=LINE('',#10576,#2599);
#1852=LINE('',#10577,#2600);
#1853=LINE('',#10580,#2601);
#1854=LINE('',#10581,#2602);
#1855=LINE('',#10584,#2603);
#1856=LINE('',#10585,#2604);
#1857=LINE('',#10588,#2605);
#1858=LINE('',#10589,#2606);
#1859=LINE('',#10592,#2607);
#1860=LINE('',#10593,#2608);
#1861=LINE('',#10596,#2609);
#1862=LINE('',#10597,#2610);
#1863=LINE('',#10600,#2611);
#1864=LINE('',#10601,#2612);
#1865=LINE('',#10603,#2613);
#1866=LINE('',#10615,#2614);
#1867=LINE('',#10622,#2615);
#1868=LINE('',#10639,#2616);
#1869=LINE('',#10642,#2617);
#1870=LINE('',#10643,#2618);
#1871=LINE('',#10646,#2619);
#1872=LINE('',#10647,#2620);
#1873=LINE('',#10649,#2621);
#1874=LINE('',#10737,#2622);
#1875=LINE('',#10847,#2623);
#1876=LINE('',#10864,#2624);
#1877=LINE('',#10871,#2625);
#1878=LINE('',#10888,#2626);
#1879=LINE('',#10905,#2627);
#1880=LINE('',#10922,#2628);
#1881=LINE('',#10939,#2629);
#1882=LINE('',#10956,#2630);
#1883=LINE('',#10973,#2631);
#1884=LINE('',#10990,#2632);
#1885=LINE('',#11007,#2633);
#1886=LINE('',#11024,#2634);
#1887=LINE('',#11041,#2635);
#1888=LINE('',#11058,#2636);
#1889=LINE('',#11075,#2637);
#1890=LINE('',#11092,#2638);
#1891=LINE('',#11095,#2639);
#1892=LINE('',#11096,#2640);
#1893=LINE('',#11113,#2641);
#1894=LINE('',#11130,#2642);
#1895=LINE('',#11147,#2643);
#1896=LINE('',#11164,#2644);
#1897=LINE('',#11181,#2645);
#1898=LINE('',#11198,#2646);
#1899=LINE('',#11215,#2647);
#1900=LINE('',#11232,#2648);
#1901=LINE('',#11249,#2649);
#1902=LINE('',#11266,#2650);
#1903=LINE('',#11283,#2651);
#1904=LINE('',#11300,#2652);
#1905=LINE('',#11317,#2653);
#1906=LINE('',#11334,#2654);
#1907=LINE('',#11351,#2655);
#1908=LINE('',#11368,#2656);
#1909=LINE('',#11385,#2657);
#1910=LINE('',#11402,#2658);
#1911=LINE('',#11405,#2659);
#1912=LINE('',#11406,#2660);
#1913=LINE('',#11425,#2661);
#1914=LINE('',#11427,#2662);
#1915=LINE('',#11453,#2663);
#1916=LINE('',#11455,#2664);
#1917=LINE('',#11457,#2665);
#1918=LINE('',#11501,#2666);
#1919=LINE('',#11503,#2667);
#1920=LINE('',#11504,#2668);
#1921=LINE('',#11507,#2669);
#1922=LINE('',#11539,#2670);
#1923=LINE('',#11540,#2671);
#1924=LINE('',#11543,#2672);
#1925=LINE('',#11545,#2673);
#1926=LINE('',#11546,#2674);
#1927=LINE('',#11549,#2675);
#1928=LINE('',#11550,#2676);
#1929=LINE('',#11567,#2677);
#1930=LINE('',#11584,#2678);
#1931=LINE('',#11601,#2679);
#1932=LINE('',#11618,#2680);
#1933=LINE('',#11621,#2681);
#1934=LINE('',#11622,#2682);
#1935=LINE('',#11625,#2683);
#1936=LINE('',#11626,#2684);
#1937=LINE('',#11629,#2685);
#1938=LINE('',#11630,#2686);
#1939=LINE('',#11647,#2687);
#1940=LINE('',#11664,#2688);
#1941=LINE('',#11681,#2689);
#1942=LINE('',#11698,#2690);
#1943=LINE('',#11715,#2691);
#1944=LINE('',#11732,#2692);
#1945=LINE('',#11749,#2693);
#1946=LINE('',#11752,#2694);
#1947=LINE('',#11753,#2695);
#1948=LINE('',#11756,#2696);
#1949=LINE('',#11757,#2697);
#1950=LINE('',#11759,#2698);
#1951=LINE('',#11762,#2699);
#1952=LINE('',#11764,#2700);
#1953=LINE('',#11765,#2701);
#1954=LINE('',#11782,#2702);
#1955=LINE('',#11799,#2703);
#1956=LINE('',#11816,#2704);
#1957=LINE('',#11833,#2705);
#1958=LINE('',#11850,#2706);
#1959=LINE('',#11853,#2707);
#1960=LINE('',#11854,#2708);
#1961=LINE('',#11856,#2709);
#1962=LINE('',#11860,#2710);
#1963=LINE('',#11862,#2711);
#1964=LINE('',#11864,#2712);
#1965=LINE('',#11866,#2713);
#1966=LINE('',#11868,#2714);
#1967=LINE('',#11870,#2715);
#1968=LINE('',#11872,#2716);
#1969=LINE('',#11873,#2717);
#1970=LINE('',#11876,#2718);
#1971=LINE('',#11878,#2719);
#1972=LINE('',#11879,#2720);
#1973=LINE('',#11882,#2721);
#1974=LINE('',#11883,#2722);
#1975=LINE('',#11886,#2723);
#1976=LINE('',#11887,#2724);
#1977=LINE('',#11890,#2725);
#1978=LINE('',#11891,#2726);
#1979=LINE('',#11894,#2727);
#1980=LINE('',#11895,#2728);
#1981=LINE('',#11898,#2729);
#1982=LINE('',#11899,#2730);
#1983=LINE('',#11902,#2731);
#1984=LINE('',#11903,#2732);
#1985=LINE('',#11905,#2733);
#1986=LINE('',#11912,#2734);
#1987=LINE('',#11914,#2735);
#1988=LINE('',#11952,#2736);
#1989=LINE('',#11954,#2737);
#1990=LINE('',#11955,#2738);
#1991=LINE('',#11958,#2739);
#1992=LINE('',#11990,#2740);
#1993=LINE('',#11991,#2741);
#1994=LINE('',#11994,#2742);
#1995=LINE('',#11996,#2743);
#1996=LINE('',#11997,#2744);
#1997=LINE('',#12000,#2745);
#1998=LINE('',#12001,#2746);
#1999=LINE('',#12018,#2747);
#2000=LINE('',#12035,#2748);
#2001=LINE('',#12052,#2749);
#2002=LINE('',#12069,#2750);
#2003=LINE('',#12086,#2751);
#2004=LINE('',#12103,#2752);
#2005=LINE('',#12106,#2753);
#2006=LINE('',#12107,#2754);
#2007=LINE('',#12110,#2755);
#2008=LINE('',#12111,#2756);
#2009=LINE('',#12113,#2757);
#2010=LINE('',#12116,#2758);
#2011=LINE('',#12118,#2759);
#2012=LINE('',#12119,#2760);
#2013=LINE('',#12136,#2761);
#2014=LINE('',#12153,#2762);
#2015=LINE('',#12170,#2763);
#2016=LINE('',#12187,#2764);
#2017=LINE('',#12204,#2765);
#2018=LINE('',#12207,#2766);
#2019=LINE('',#12208,#2767);
#2020=LINE('',#12210,#2768);
#2021=LINE('',#12214,#2769);
#2022=LINE('',#12216,#2770);
#2023=LINE('',#12218,#2771);
#2024=LINE('',#12220,#2772);
#2025=LINE('',#12222,#2773);
#2026=LINE('',#12224,#2774);
#2027=LINE('',#12226,#2775);
#2028=LINE('',#12227,#2776);
#2029=LINE('',#12242,#2777);
#2030=LINE('',#12244,#2778);
#2031=LINE('',#12245,#2779);
#2032=LINE('',#12248,#2780);
#2033=LINE('',#12250,#2781);
#2034=LINE('',#12251,#2782);
#2035=LINE('',#12254,#2783);
#2036=LINE('',#12255,#2784);
#2037=LINE('',#12258,#2785);
#2038=LINE('',#12259,#2786);
#2039=LINE('',#12262,#2787);
#2040=LINE('',#12263,#2788);
#2041=LINE('',#12266,#2789);
#2042=LINE('',#12267,#2790);
#2043=LINE('',#12270,#2791);
#2044=LINE('',#12271,#2792);
#2045=LINE('',#12274,#2793);
#2046=LINE('',#12275,#2794);
#2047=LINE('',#12277,#2795);
#2048=LINE('',#12289,#2796);
#2049=LINE('',#12296,#2797);
#2050=LINE('',#12313,#2798);
#2051=LINE('',#12316,#2799);
#2052=LINE('',#12317,#2800);
#2053=LINE('',#12320,#2801);
#2054=LINE('',#12321,#2802);
#2055=LINE('',#12323,#2803);
#2056=LINE('',#12411,#2804);
#2057=LINE('',#12521,#2805);
#2058=LINE('',#12538,#2806);
#2059=LINE('',#12545,#2807);
#2060=LINE('',#12562,#2808);
#2061=LINE('',#12579,#2809);
#2062=LINE('',#12596,#2810);
#2063=LINE('',#12613,#2811);
#2064=LINE('',#12630,#2812);
#2065=LINE('',#12647,#2813);
#2066=LINE('',#12664,#2814);
#2067=LINE('',#12681,#2815);
#2068=LINE('',#12698,#2816);
#2069=LINE('',#12715,#2817);
#2070=LINE('',#12732,#2818);
#2071=LINE('',#12749,#2819);
#2072=LINE('',#12766,#2820);
#2073=LINE('',#12769,#2821);
#2074=LINE('',#12770,#2822);
#2075=LINE('',#12787,#2823);
#2076=LINE('',#12804,#2824);
#2077=LINE('',#12821,#2825);
#2078=LINE('',#12838,#2826);
#2079=LINE('',#12855,#2827);
#2080=LINE('',#12872,#2828);
#2081=LINE('',#12889,#2829);
#2082=LINE('',#12906,#2830);
#2083=LINE('',#12923,#2831);
#2084=LINE('',#12940,#2832);
#2085=LINE('',#12957,#2833);
#2086=LINE('',#12974,#2834);
#2087=LINE('',#12991,#2835);
#2088=LINE('',#13008,#2836);
#2089=LINE('',#13025,#2837);
#2090=LINE('',#13042,#2838);
#2091=LINE('',#13059,#2839);
#2092=LINE('',#13076,#2840);
#2093=LINE('',#13079,#2841);
#2094=LINE('',#13080,#2842);
#2095=LINE('',#13099,#2843);
#2096=LINE('',#13101,#2844);
#2097=LINE('',#13127,#2845);
#2098=LINE('',#13129,#2846);
#2099=LINE('',#13131,#2847);
#2100=LINE('',#13175,#2848);
#2101=LINE('',#13177,#2849);
#2102=LINE('',#13178,#2850);
#2103=LINE('',#13181,#2851);
#2104=LINE('',#13213,#2852);
#2105=LINE('',#13214,#2853);
#2106=LINE('',#13217,#2854);
#2107=LINE('',#13219,#2855);
#2108=LINE('',#13220,#2856);
#2109=LINE('',#13223,#2857);
#2110=LINE('',#13224,#2858);
#2111=LINE('',#13241,#2859);
#2112=LINE('',#13258,#2860);
#2113=LINE('',#13275,#2861);
#2114=LINE('',#13292,#2862);
#2115=LINE('',#13295,#2863);
#2116=LINE('',#13296,#2864);
#2117=LINE('',#13299,#2865);
#2118=LINE('',#13300,#2866);
#2119=LINE('',#13303,#2867);
#2120=LINE('',#13304,#2868);
#2121=LINE('',#13321,#2869);
#2122=LINE('',#13338,#2870);
#2123=LINE('',#13355,#2871);
#2124=LINE('',#13372,#2872);
#2125=LINE('',#13389,#2873);
#2126=LINE('',#13406,#2874);
#2127=LINE('',#13423,#2875);
#2128=LINE('',#13426,#2876);
#2129=LINE('',#13427,#2877);
#2130=LINE('',#13430,#2878);
#2131=LINE('',#13431,#2879);
#2132=LINE('',#13433,#2880);
#2133=LINE('',#13436,#2881);
#2134=LINE('',#13438,#2882);
#2135=LINE('',#13439,#2883);
#2136=LINE('',#13456,#2884);
#2137=LINE('',#13473,#2885);
#2138=LINE('',#13490,#2886);
#2139=LINE('',#13507,#2887);
#2140=LINE('',#13524,#2888);
#2141=LINE('',#13527,#2889);
#2142=LINE('',#13528,#2890);
#2143=LINE('',#13530,#2891);
#2144=LINE('',#13534,#2892);
#2145=LINE('',#13536,#2893);
#2146=LINE('',#13538,#2894);
#2147=LINE('',#13540,#2895);
#2148=LINE('',#13542,#2896);
#2149=LINE('',#13544,#2897);
#2150=LINE('',#13546,#2898);
#2151=LINE('',#13547,#2899);
#2152=LINE('',#13550,#2900);
#2153=LINE('',#13552,#2901);
#2154=LINE('',#13553,#2902);
#2155=LINE('',#13556,#2903);
#2156=LINE('',#13557,#2904);
#2157=LINE('',#13560,#2905);
#2158=LINE('',#13561,#2906);
#2159=LINE('',#13564,#2907);
#2160=LINE('',#13565,#2908);
#2161=LINE('',#13568,#2909);
#2162=LINE('',#13569,#2910);
#2163=LINE('',#13572,#2911);
#2164=LINE('',#13573,#2912);
#2165=LINE('',#13576,#2913);
#2166=LINE('',#13577,#2914);
#2167=LINE('',#13579,#2915);
#2168=LINE('',#13586,#2916);
#2169=LINE('',#13660,#2917);
#2170=LINE('',#13728,#2918);
#2171=LINE('',#13730,#2919);
#2172=LINE('',#13732,#2920);
#2173=LINE('',#13733,#2921);
#2174=LINE('',#13736,#2922);
#2175=LINE('',#13738,#2923);
#2176=LINE('',#13739,#2924);
#2177=LINE('',#13756,#2925);
#2178=LINE('',#13773,#2926);
#2179=LINE('',#13790,#2927);
#2180=LINE('',#13807,#2928);
#2181=LINE('',#13824,#2929);
#2182=LINE('',#13841,#2930);
#2183=LINE('',#13858,#2931);
#2184=LINE('',#13875,#2932);
#2185=LINE('',#13892,#2933);
#2186=LINE('',#13909,#2934);
#2187=LINE('',#13926,#2935);
#2188=LINE('',#13943,#2936);
#2189=LINE('',#13946,#2937);
#2190=LINE('',#13947,#2938);
#2191=LINE('',#13964,#2939);
#2192=LINE('',#13981,#2940);
#2193=LINE('',#13998,#2941);
#2194=LINE('',#14015,#2942);
#2195=LINE('',#14032,#2943);
#2196=LINE('',#14049,#2944);
#2197=LINE('',#14066,#2945);
#2198=LINE('',#14083,#2946);
#2199=LINE('',#14100,#2947);
#2200=LINE('',#14117,#2948);
#2201=LINE('',#14134,#2949);
#2202=LINE('',#14137,#2950);
#2203=LINE('',#14138,#2951);
#2204=LINE('',#14141,#2952);
#2205=LINE('',#14142,#2953);
#2206=LINE('',#14145,#2954);
#2207=LINE('',#14146,#2955);
#2208=LINE('',#14148,#2956);
#2209=LINE('',#14152,#2957);
#2210=LINE('',#14154,#2958);
#2211=LINE('',#14156,#2959);
#2212=LINE('',#14157,#2960);
#2213=LINE('',#14160,#2961);
#2214=LINE('',#14162,#2962);
#2215=LINE('',#14163,#2963);
#2216=LINE('',#14166,#2964);
#2217=LINE('',#14167,#2965);
#2218=LINE('',#14170,#2966);
#2219=LINE('',#14171,#2967);
#2220=LINE('',#14173,#2968);
#2221=LINE('',#14177,#2969);
#2222=LINE('',#14179,#2970);
#2223=LINE('',#14181,#2971);
#2224=LINE('',#14182,#2972);
#2225=LINE('',#14185,#2973);
#2226=LINE('',#14187,#2974);
#2227=LINE('',#14188,#2975);
#2228=LINE('',#14191,#2976);
#2229=LINE('',#14192,#2977);
#2230=LINE('',#14195,#2978);
#2231=LINE('',#14196,#2979);
#2232=LINE('',#14198,#2980);
#2233=LINE('',#14202,#2981);
#2234=LINE('',#14204,#2982);
#2235=LINE('',#14242,#2983);
#2236=LINE('',#14244,#2984);
#2237=LINE('',#14245,#2985);
#2238=LINE('',#14248,#2986);
#2239=LINE('',#14280,#2987);
#2240=LINE('',#14281,#2988);
#2241=LINE('',#14284,#2989);
#2242=LINE('',#14286,#2990);
#2243=LINE('',#14287,#2991);
#2244=LINE('',#14290,#2992);
#2245=LINE('',#14291,#2993);
#2246=LINE('',#14308,#2994);
#2247=LINE('',#14325,#2995);
#2248=LINE('',#14342,#2996);
#2249=LINE('',#14359,#2997);
#2250=LINE('',#14376,#2998);
#2251=LINE('',#14393,#2999);
#2252=LINE('',#14396,#3000);
#2253=LINE('',#14397,#3001);
#2254=LINE('',#14400,#3002);
#2255=LINE('',#14401,#3003);
#2256=LINE('',#14403,#3004);
#2257=LINE('',#14406,#3005);
#2258=LINE('',#14408,#3006);
#2259=LINE('',#14409,#3007);
#2260=LINE('',#14426,#3008);
#2261=LINE('',#14443,#3009);
#2262=LINE('',#14460,#3010);
#2263=LINE('',#14477,#3011);
#2264=LINE('',#14494,#3012);
#2265=LINE('',#14497,#3013);
#2266=LINE('',#14498,#3014);
#2267=LINE('',#14500,#3015);
#2268=LINE('',#14504,#3016);
#2269=LINE('',#14506,#3017);
#2270=LINE('',#14508,#3018);
#2271=LINE('',#14509,#3019);
#2272=LINE('',#14512,#3020);
#2273=LINE('',#14514,#3021);
#2274=LINE('',#14515,#3022);
#2275=LINE('',#14518,#3023);
#2276=LINE('',#14519,#3024);
#2277=LINE('',#14522,#3025);
#2278=LINE('',#14523,#3026);
#2279=LINE('',#14525,#3027);
#2280=LINE('',#14529,#3028);
#2281=LINE('',#14531,#3029);
#2282=LINE('',#14533,#3030);
#2283=LINE('',#14535,#3031);
#2284=LINE('',#14537,#3032);
#2285=LINE('',#14539,#3033);
#2286=LINE('',#14540,#3034);
#2287=LINE('',#14543,#3035);
#2288=LINE('',#14545,#3036);
#2289=LINE('',#14546,#3037);
#2290=LINE('',#14549,#3038);
#2291=LINE('',#14550,#3039);
#2292=LINE('',#14553,#3040);
#2293=LINE('',#14554,#3041);
#2294=LINE('',#14557,#3042);
#2295=LINE('',#14558,#3043);
#2296=LINE('',#14561,#3044);
#2297=LINE('',#14562,#3045);
#2298=LINE('',#14565,#3046);
#2299=LINE('',#14566,#3047);
#2300=LINE('',#14568,#3048);
#2301=LINE('',#14701,#3049);
#2302=LINE('',#14708,#3050);
#2303=LINE('',#14725,#3051);
#2304=LINE('',#14742,#3052);
#2305=LINE('',#14759,#3053);
#2306=LINE('',#14776,#3054);
#2307=LINE('',#14793,#3055);
#2308=LINE('',#14810,#3056);
#2309=LINE('',#14827,#3057);
#2310=LINE('',#14844,#3058);
#2311=LINE('',#14861,#3059);
#2312=LINE('',#14888,#3060);
#2313=LINE('',#14895,#3061);
#2314=LINE('',#14912,#3062);
#2315=LINE('',#14929,#3063);
#2316=LINE('',#14946,#3064);
#2317=LINE('',#14963,#3065);
#2318=LINE('',#14980,#3066);
#2319=LINE('',#14997,#3067);
#2320=LINE('',#15014,#3068);
#2321=LINE('',#15162,#3069);
#2322=LINE('',#15169,#3070);
#2323=LINE('',#15186,#3071);
#2324=LINE('',#15203,#3072);
#2325=LINE('',#15220,#3073);
#2326=LINE('',#15237,#3074);
#2327=LINE('',#15254,#3075);
#2328=LINE('',#15271,#3076);
#2329=LINE('',#15288,#3077);
#2330=LINE('',#15305,#3078);
#2331=LINE('',#15322,#3079);
#2332=LINE('',#15349,#3080);
#2333=LINE('',#15356,#3081);
#2334=LINE('',#15373,#3082);
#2335=LINE('',#15390,#3083);
#2336=LINE('',#15407,#3084);
#2337=LINE('',#15424,#3085);
#2338=LINE('',#15441,#3086);
#2339=LINE('',#15458,#3087);
#2340=LINE('',#15475,#3088);
#2341=LINE('',#15497,#3089);
#2342=LINE('',#15499,#3090);
#2343=LINE('',#15507,#3091);
#2344=LINE('',#15509,#3092);
#2345=LINE('',#15511,#3093);
#2346=LINE('',#15513,#3094);
#2347=LINE('',#15515,#3095);
#2348=LINE('',#15517,#3096);
#2349=LINE('',#15525,#3097);
#2350=LINE('',#15527,#3098);
#2351=LINE('',#15528,#3099);
#2352=LINE('',#15531,#3100);
#2353=LINE('',#15533,#3101);
#2354=LINE('',#15534,#3102);
#2355=LINE('',#15537,#3103);
#2356=LINE('',#15538,#3104);
#2357=LINE('',#15555,#3105);
#2358=LINE('',#15558,#3106);
#2359=LINE('',#15559,#3107);
#2360=LINE('',#15562,#3108);
#2361=LINE('',#15563,#3109);
#2362=LINE('',#15566,#3110);
#2363=LINE('',#15567,#3111);
#2364=LINE('',#15570,#3112);
#2365=LINE('',#15571,#3113);
#2366=LINE('',#15574,#3114);
#2367=LINE('',#15575,#3115);
#2368=LINE('',#15578,#3116);
#2369=LINE('',#15579,#3117);
#2370=LINE('',#15596,#3118);
#2371=LINE('',#15599,#3119);
#2372=LINE('',#15600,#3120);
#2373=LINE('',#15603,#3121);
#2374=LINE('',#15604,#3122);
#2375=LINE('',#15606,#3123);
#2376=LINE('',#15676,#3124);
#2377=LINE('',#15678,#3125);
#2378=LINE('',#15679,#3126);
#2379=LINE('',#15682,#3127);
#2380=LINE('',#15726,#3128);
#2381=LINE('',#15727,#3129);
#2382=LINE('',#15730,#3130);
#2383=LINE('',#15768,#3131);
#2384=LINE('',#15769,#3132);
#2385=LINE('',#15781,#3133);
#2386=LINE('',#15788,#3134);
#2387=LINE('',#15805,#3135);
#2388=LINE('',#15822,#3136);
#2389=LINE('',#15839,#3137);
#2390=LINE('',#15856,#3138);
#2391=LINE('',#15873,#3139);
#2392=LINE('',#15890,#3140);
#2393=LINE('',#15907,#3141);
#2394=LINE('',#15924,#3142);
#2395=LINE('',#15941,#3143);
#2396=LINE('',#15958,#3144);
#2397=LINE('',#15961,#3145);
#2398=LINE('',#15962,#3146);
#2399=LINE('',#15965,#3147);
#2400=LINE('',#15966,#3148);
#2401=LINE('',#15968,#3149);
#2402=LINE('',#15971,#3150);
#2403=LINE('',#15973,#3151);
#2404=LINE('',#15974,#3152);
#2405=LINE('',#15991,#3153);
#2406=LINE('',#16008,#3154);
#2407=LINE('',#16025,#3155);
#2408=LINE('',#16042,#3156);
#2409=LINE('',#16059,#3157);
#2410=LINE('',#16076,#3158);
#2411=LINE('',#16093,#3159);
#2412=LINE('',#16096,#3160);
#2413=LINE('',#16097,#3161);
#2414=LINE('',#16099,#3162);
#2415=LINE('',#16102,#3163);
#2416=LINE('',#16104,#3164);
#2417=LINE('',#16105,#3165);
#2418=LINE('',#16122,#3166);
#2419=LINE('',#16139,#3167);
#2420=LINE('',#16156,#3168);
#2421=LINE('',#16173,#3169);
#2422=LINE('',#16190,#3170);
#2423=LINE('',#16207,#3171);
#2424=LINE('',#16210,#3172);
#2425=LINE('',#16211,#3173);
#2426=LINE('',#16213,#3174);
#2427=LINE('',#16222,#3175);
#2428=LINE('',#16225,#3176);
#2429=LINE('',#16230,#3177);
#2430=LINE('',#16232,#3178);
#2431=LINE('',#16240,#3179);
#2432=LINE('',#16242,#3180);
#2433=LINE('',#16244,#3181);
#2434=LINE('',#16246,#3182);
#2435=LINE('',#16248,#3183);
#2436=LINE('',#16250,#3184);
#2437=LINE('',#16258,#3185);
#2438=LINE('',#16260,#3186);
#2439=LINE('',#16261,#3187);
#2440=LINE('',#16264,#3188);
#2441=LINE('',#16266,#3189);
#2442=LINE('',#16267,#3190);
#2443=LINE('',#16270,#3191);
#2444=LINE('',#16271,#3192);
#2445=LINE('',#16288,#3193);
#2446=LINE('',#16291,#3194);
#2447=LINE('',#16292,#3195);
#2448=LINE('',#16295,#3196);
#2449=LINE('',#16296,#3197);
#2450=LINE('',#16299,#3198);
#2451=LINE('',#16300,#3199);
#2452=LINE('',#16303,#3200);
#2453=LINE('',#16304,#3201);
#2454=LINE('',#16307,#3202);
#2455=LINE('',#16308,#3203);
#2456=LINE('',#16311,#3204);
#2457=LINE('',#16312,#3205);
#2458=LINE('',#16329,#3206);
#2459=LINE('',#16332,#3207);
#2460=LINE('',#16333,#3208);
#2461=LINE('',#16336,#3209);
#2462=LINE('',#16337,#3210);
#2463=LINE('',#16339,#3211);
#2464=LINE('',#16355,#3212);
#2465=LINE('',#16358,#3213);
#2466=LINE('',#16367,#3214);
#2467=LINE('',#16371,#3215);
#2468=LINE('',#16374,#3216);
#2469=LINE('',#16375,#3217);
#2470=LINE('',#16377,#3218);
#2471=LINE('',#16386,#3219);
#2472=LINE('',#16390,#3220);
#2473=LINE('',#16394,#3221);
#2474=LINE('',#16396,#3222);
#2475=LINE('',#16400,#3223);
#2476=LINE('',#16401,#3224);
#2477=LINE('',#16412,#3225);
#2478=LINE('',#16415,#3226);
#2479=LINE('',#16417,#3227);
#2480=LINE('',#16418,#3228);
#2481=LINE('',#16421,#3229);
#2482=LINE('',#16423,#3230);
#2483=LINE('',#16424,#3231);
#2484=LINE('',#16429,#3232);
#2485=LINE('',#16432,#3233);
#2486=LINE('',#16434,#3234);
#2487=LINE('',#16438,#3235);
#2488=LINE('',#16450,#3236);
#2489=LINE('',#16452,#3237);
#2490=LINE('',#16454,#3238);
#2491=LINE('',#16456,#3239);
#2492=LINE('',#16458,#3240);
#2493=LINE('',#16460,#3241);
#2494=LINE('',#16462,#3242);
#2495=LINE('',#16464,#3243);
#2496=LINE('',#16468,#3244);
#2497=LINE('',#16470,#3245);
#2498=LINE('',#16471,#3246);
#2499=LINE('',#16474,#3247);
#2500=LINE('',#16475,#3248);
#2501=LINE('',#16478,#3249);
#2502=LINE('',#16479,#3250);
#2503=LINE('',#16529,#3251);
#2504=LINE('',#16650,#3252);
#2505=LINE('',#16651,#3253);
#2506=LINE('',#16692,#3254);
#2507=LINE('',#16736,#3255);
#2508=LINE('',#16737,#3256);
#2509=LINE('',#16739,#3257);
#2510=LINE('',#16741,#3258);
#2511=LINE('',#16743,#3259);
#2512=LINE('',#16746,#3260);
#2513=LINE('',#16750,#3261);
#2514=LINE('',#16755,#3262);
#2515=LINE('',#16759,#3263);
#2516=LINE('',#16763,#3264);
#2517=LINE('',#16767,#3265);
#2518=LINE('',#16770,#3266);
#2519=LINE('',#16777,#3267);
#2520=LINE('',#16782,#3268);
#2521=LINE('',#16787,#3269);
#2522=LINE('',#16792,#3270);
#2523=LINE('',#16796,#3271);
#2524=LINE('',#16797,#3272);
#2525=LINE('',#16798,#3273);
#2526=LINE('',#16802,#3274);
#2527=LINE('',#16803,#3275);
#2528=LINE('',#16804,#3276);
#2529=LINE('',#16807,#3277);
#2530=LINE('',#16808,#3278);
#2531=LINE('',#16811,#3279);
#2532=LINE('',#16812,#3280);
#2533=LINE('',#16816,#3281);
#2534=LINE('',#16817,#3282);
#2535=LINE('',#16818,#3283);
#2536=LINE('',#16821,#3284);
#2537=LINE('',#16822,#3285);
#2538=LINE('',#16824,#3286);
#2539=LINE('',#16826,#3287);
#2540=LINE('',#16829,#3288);
#2541=LINE('',#16831,#3289);
#2542=LINE('',#16833,#3290);
#2543=LINE('',#16837,#3291);
#2544=LINE('',#16841,#3292);
#2545=LINE('',#16844,#3293);
#2546=LINE('',#16846,#3294);
#2547=LINE('',#16848,#3295);
#2548=LINE('',#16851,#3296);
#2549=LINE('',#16852,#3297);
#2550=LINE('',#16854,#3298);
#2551=LINE('',#16856,#3299);
#2552=VECTOR('',#8914,10.);
#2553=VECTOR('',#8915,10.);
#2554=VECTOR('',#8916,10.);
#2555=VECTOR('',#8917,10.);
#2556=VECTOR('',#8918,10.);
#2557=VECTOR('',#8919,10.);
#2558=VECTOR('',#8920,10.);
#2559=VECTOR('',#8921,10.);
#2560=VECTOR('',#8924,10.);
#2561=VECTOR('',#8925,10.);
#2562=VECTOR('',#8926,10.);
#2563=VECTOR('',#8929,10.);
#2564=VECTOR('',#8930,10.);
#2565=VECTOR('',#8931,10.);
#2566=VECTOR('',#8932,10.);
#2567=VECTOR('',#8933,10.);
#2568=VECTOR('',#8934,10.);
#2569=VECTOR('',#8935,10.);
#2570=VECTOR('',#8936,10.);
#2571=VECTOR('',#8939,10.);
#2572=VECTOR('',#8940,10.);
#2573=VECTOR('',#8943,10.);
#2574=VECTOR('',#8944,10.);
#2575=VECTOR('',#8947,10.);
#2576=VECTOR('',#8950,10.);
#2577=VECTOR('',#8951,10.);
#2578=VECTOR('',#8952,10.);
#2579=VECTOR('',#8953,10.);
#2580=VECTOR('',#8954,10.);
#2581=VECTOR('',#8955,10.);
#2582=VECTOR('',#8956,10.);
#2583=VECTOR('',#8957,10.);
#2584=VECTOR('',#8960,10.);
#2585=VECTOR('',#8961,10.);
#2586=VECTOR('',#8964,10.);
#2587=VECTOR('',#8967,10.);
#2588=VECTOR('',#8968,10.);
#2589=VECTOR('',#8969,10.);
#2590=VECTOR('',#8970,10.);
#2591=VECTOR('',#8971,10.);
#2592=VECTOR('',#8972,10.);
#2593=VECTOR('',#8973,10.);
#2594=VECTOR('',#8974,10.);
#2595=VECTOR('',#8975,10.);
#2596=VECTOR('',#8976,10.);
#2597=VECTOR('',#8977,10.);
#2598=VECTOR('',#8980,10.);
#2599=VECTOR('',#8981,10.);
#2600=VECTOR('',#8982,10.);
#2601=VECTOR('',#8985,10.);
#2602=VECTOR('',#8986,10.);
#2603=VECTOR('',#8989,10.);
#2604=VECTOR('',#8990,10.);
#2605=VECTOR('',#8993,10.);
#2606=VECTOR('',#8994,10.);
#2607=VECTOR('',#8997,10.);
#2608=VECTOR('',#8998,10.);
#2609=VECTOR('',#9001,10.);
#2610=VECTOR('',#9002,10.);
#2611=VECTOR('',#9005,10.);
#2612=VECTOR('',#9006,10.);
#2613=VECTOR('',#9009,10.);
#2614=VECTOR('',#9010,10.);
#2615=VECTOR('',#9011,10.);
#2616=VECTOR('',#9012,10.);
#2617=VECTOR('',#9015,10.);
#2618=VECTOR('',#9016,10.);
#2619=VECTOR('',#9019,10.);
#2620=VECTOR('',#9020,10.);
#2621=VECTOR('',#9023,10.);
#2622=VECTOR('',#9026,10.);
#2623=VECTOR('',#9027,10.);
#2624=VECTOR('',#9028,10.);
#2625=VECTOR('',#9029,10.);
#2626=VECTOR('',#9030,10.);
#2627=VECTOR('',#9031,10.);
#2628=VECTOR('',#9032,10.);
#2629=VECTOR('',#9033,10.);
#2630=VECTOR('',#9034,10.);
#2631=VECTOR('',#9035,10.);
#2632=VECTOR('',#9036,10.);
#2633=VECTOR('',#9037,10.);
#2634=VECTOR('',#9038,10.);
#2635=VECTOR('',#9039,10.);
#2636=VECTOR('',#9040,10.);
#2637=VECTOR('',#9041,10.);
#2638=VECTOR('',#9042,10.);
#2639=VECTOR('',#9045,10.);
#2640=VECTOR('',#9046,10.);
#2641=VECTOR('',#9047,10.);
#2642=VECTOR('',#9048,10.);
#2643=VECTOR('',#9049,10.);
#2644=VECTOR('',#9050,10.);
#2645=VECTOR('',#9051,10.);
#2646=VECTOR('',#9052,10.);
#2647=VECTOR('',#9053,10.);
#2648=VECTOR('',#9054,10.);
#2649=VECTOR('',#9055,10.);
#2650=VECTOR('',#9056,10.);
#2651=VECTOR('',#9057,10.);
#2652=VECTOR('',#9058,10.);
#2653=VECTOR('',#9059,10.);
#2654=VECTOR('',#9060,10.);
#2655=VECTOR('',#9061,10.);
#2656=VECTOR('',#9062,10.);
#2657=VECTOR('',#9063,10.);
#2658=VECTOR('',#9064,10.);
#2659=VECTOR('',#9067,10.);
#2660=VECTOR('',#9068,10.);
#2661=VECTOR('',#9071,10.);
#2662=VECTOR('',#9072,10.);
#2663=VECTOR('',#9073,10.);
#2664=VECTOR('',#9074,10.);
#2665=VECTOR('',#9075,10.);
#2666=VECTOR('',#9076,10.);
#2667=VECTOR('',#9077,10.);
#2668=VECTOR('',#9078,10.);
#2669=VECTOR('',#9079,10.);
#2670=VECTOR('',#9080,10.);
#2671=VECTOR('',#9081,10.);
#2672=VECTOR('',#9084,10.);
#2673=VECTOR('',#9085,10.);
#2674=VECTOR('',#9086,10.);
#2675=VECTOR('',#9089,10.);
#2676=VECTOR('',#9090,10.);
#2677=VECTOR('',#9091,10.);
#2678=VECTOR('',#9092,10.);
#2679=VECTOR('',#9093,10.);
#2680=VECTOR('',#9094,10.);
#2681=VECTOR('',#9097,10.);
#2682=VECTOR('',#9098,10.);
#2683=VECTOR('',#9101,10.);
#2684=VECTOR('',#9102,10.);
#2685=VECTOR('',#9105,10.);
#2686=VECTOR('',#9106,10.);
#2687=VECTOR('',#9107,10.);
#2688=VECTOR('',#9108,10.);
#2689=VECTOR('',#9109,10.);
#2690=VECTOR('',#9110,10.);
#2691=VECTOR('',#9111,10.);
#2692=VECTOR('',#9112,10.);
#2693=VECTOR('',#9113,10.);
#2694=VECTOR('',#9116,10.);
#2695=VECTOR('',#9117,10.);
#2696=VECTOR('',#9120,10.);
#2697=VECTOR('',#9121,10.);
#2698=VECTOR('',#9124,10.);
#2699=VECTOR('',#9127,10.);
#2700=VECTOR('',#9128,10.);
#2701=VECTOR('',#9129,10.);
#2702=VECTOR('',#9130,10.);
#2703=VECTOR('',#9131,10.);
#2704=VECTOR('',#9132,10.);
#2705=VECTOR('',#9133,10.);
#2706=VECTOR('',#9134,10.);
#2707=VECTOR('',#9137,10.);
#2708=VECTOR('',#9138,10.);
#2709=VECTOR('',#9141,10.);
#2710=VECTOR('',#9144,10.);
#2711=VECTOR('',#9145,10.);
#2712=VECTOR('',#9146,10.);
#2713=VECTOR('',#9147,10.);
#2714=VECTOR('',#9148,10.);
#2715=VECTOR('',#9149,10.);
#2716=VECTOR('',#9150,10.);
#2717=VECTOR('',#9151,10.);
#2718=VECTOR('',#9154,10.);
#2719=VECTOR('',#9155,10.);
#2720=VECTOR('',#9156,10.);
#2721=VECTOR('',#9159,10.);
#2722=VECTOR('',#9160,10.);
#2723=VECTOR('',#9163,10.);
#2724=VECTOR('',#9164,10.);
#2725=VECTOR('',#9167,10.);
#2726=VECTOR('',#9168,10.);
#2727=VECTOR('',#9171,10.);
#2728=VECTOR('',#9172,10.);
#2729=VECTOR('',#9175,10.);
#2730=VECTOR('',#9176,10.);
#2731=VECTOR('',#9179,10.);
#2732=VECTOR('',#9180,10.);
#2733=VECTOR('',#9183,10.);
#2734=VECTOR('',#9192,10.);
#2735=VECTOR('',#9193,10.);
#2736=VECTOR('',#9194,10.);
#2737=VECTOR('',#9195,10.);
#2738=VECTOR('',#9196,10.);
#2739=VECTOR('',#9197,10.);
#2740=VECTOR('',#9198,10.);
#2741=VECTOR('',#9199,10.);
#2742=VECTOR('',#9202,10.);
#2743=VECTOR('',#9203,10.);
#2744=VECTOR('',#9204,10.);
#2745=VECTOR('',#9207,10.);
#2746=VECTOR('',#9208,10.);
#2747=VECTOR('',#9209,10.);
#2748=VECTOR('',#9210,10.);
#2749=VECTOR('',#9211,10.);
#2750=VECTOR('',#9212,10.);
#2751=VECTOR('',#9213,10.);
#2752=VECTOR('',#9214,10.);
#2753=VECTOR('',#9217,10.);
#2754=VECTOR('',#9218,10.);
#2755=VECTOR('',#9221,10.);
#2756=VECTOR('',#9222,10.);
#2757=VECTOR('',#9225,10.);
#2758=VECTOR('',#9228,10.);
#2759=VECTOR('',#9229,10.);
#2760=VECTOR('',#9230,10.);
#2761=VECTOR('',#9231,10.);
#2762=VECTOR('',#9232,10.);
#2763=VECTOR('',#9233,10.);
#2764=VECTOR('',#9234,10.);
#2765=VECTOR('',#9235,10.);
#2766=VECTOR('',#9238,10.);
#2767=VECTOR('',#9239,10.);
#2768=VECTOR('',#9242,10.);
#2769=VECTOR('',#9245,10.);
#2770=VECTOR('',#9246,10.);
#2771=VECTOR('',#9247,10.);
#2772=VECTOR('',#9248,10.);
#2773=VECTOR('',#9249,10.);
#2774=VECTOR('',#9250,10.);
#2775=VECTOR('',#9251,10.);
#2776=VECTOR('',#9252,10.);
#2777=VECTOR('',#9253,10.);
#2778=VECTOR('',#9254,10.);
#2779=VECTOR('',#9255,10.);
#2780=VECTOR('',#9258,10.);
#2781=VECTOR('',#9259,10.);
#2782=VECTOR('',#9260,10.);
#2783=VECTOR('',#9263,10.);
#2784=VECTOR('',#9264,10.);
#2785=VECTOR('',#9267,10.);
#2786=VECTOR('',#9268,10.);
#2787=VECTOR('',#9271,10.);
#2788=VECTOR('',#9272,10.);
#2789=VECTOR('',#9275,10.);
#2790=VECTOR('',#9276,10.);
#2791=VECTOR('',#9279,10.);
#2792=VECTOR('',#9280,10.);
#2793=VECTOR('',#9283,10.);
#2794=VECTOR('',#9284,10.);
#2795=VECTOR('',#9287,10.);
#2796=VECTOR('',#9288,10.);
#2797=VECTOR('',#9289,10.);
#2798=VECTOR('',#9290,10.);
#2799=VECTOR('',#9293,10.);
#2800=VECTOR('',#9294,10.);
#2801=VECTOR('',#9297,10.);
#2802=VECTOR('',#9298,10.);
#2803=VECTOR('',#9301,10.);
#2804=VECTOR('',#9304,10.);
#2805=VECTOR('',#9305,10.);
#2806=VECTOR('',#9306,10.);
#2807=VECTOR('',#9307,10.);
#2808=VECTOR('',#9308,10.);
#2809=VECTOR('',#9309,10.);
#2810=VECTOR('',#9310,10.);
#2811=VECTOR('',#9311,10.);
#2812=VECTOR('',#9312,10.);
#2813=VECTOR('',#9313,10.);
#2814=VECTOR('',#9314,10.);
#2815=VECTOR('',#9315,10.);
#2816=VECTOR('',#9316,10.);
#2817=VECTOR('',#9317,10.);
#2818=VECTOR('',#9318,10.);
#2819=VECTOR('',#9319,10.);
#2820=VECTOR('',#9320,10.);
#2821=VECTOR('',#9323,10.);
#2822=VECTOR('',#9324,10.);
#2823=VECTOR('',#9325,10.);
#2824=VECTOR('',#9326,10.);
#2825=VECTOR('',#9327,10.);
#2826=VECTOR('',#9328,10.);
#2827=VECTOR('',#9329,10.);
#2828=VECTOR('',#9330,10.);
#2829=VECTOR('',#9331,10.);
#2830=VECTOR('',#9332,10.);
#2831=VECTOR('',#9333,10.);
#2832=VECTOR('',#9334,10.);
#2833=VECTOR('',#9335,10.);
#2834=VECTOR('',#9336,10.);
#2835=VECTOR('',#9337,10.);
#2836=VECTOR('',#9338,10.);
#2837=VECTOR('',#9339,10.);
#2838=VECTOR('',#9340,10.);
#2839=VECTOR('',#9341,10.);
#2840=VECTOR('',#9342,10.);
#2841=VECTOR('',#9345,10.);
#2842=VECTOR('',#9346,10.);
#2843=VECTOR('',#9349,10.);
#2844=VECTOR('',#9350,10.);
#2845=VECTOR('',#9351,10.);
#2846=VECTOR('',#9352,10.);
#2847=VECTOR('',#9353,10.);
#2848=VECTOR('',#9354,10.);
#2849=VECTOR('',#9355,10.);
#2850=VECTOR('',#9356,10.);
#2851=VECTOR('',#9357,10.);
#2852=VECTOR('',#9358,10.);
#2853=VECTOR('',#9359,10.);
#2854=VECTOR('',#9362,10.);
#2855=VECTOR('',#9363,10.);
#2856=VECTOR('',#9364,10.);
#2857=VECTOR('',#9367,10.);
#2858=VECTOR('',#9368,10.);
#2859=VECTOR('',#9369,10.);
#2860=VECTOR('',#9370,10.);
#2861=VECTOR('',#9371,10.);
#2862=VECTOR('',#9372,10.);
#2863=VECTOR('',#9375,10.);
#2864=VECTOR('',#9376,10.);
#2865=VECTOR('',#9379,10.);
#2866=VECTOR('',#9380,10.);
#2867=VECTOR('',#9383,10.);
#2868=VECTOR('',#9384,10.);
#2869=VECTOR('',#9385,10.);
#2870=VECTOR('',#9386,10.);
#2871=VECTOR('',#9387,10.);
#2872=VECTOR('',#9388,10.);
#2873=VECTOR('',#9389,10.);
#2874=VECTOR('',#9390,10.);
#2875=VECTOR('',#9391,10.);
#2876=VECTOR('',#9394,10.);
#2877=VECTOR('',#9395,10.);
#2878=VECTOR('',#9398,10.);
#2879=VECTOR('',#9399,10.);
#2880=VECTOR('',#9402,10.);
#2881=VECTOR('',#9405,10.);
#2882=VECTOR('',#9406,10.);
#2883=VECTOR('',#9407,10.);
#2884=VECTOR('',#9408,10.);
#2885=VECTOR('',#9409,10.);
#2886=VECTOR('',#9410,10.);
#2887=VECTOR('',#9411,10.);
#2888=VECTOR('',#9412,10.);
#2889=VECTOR('',#9415,10.);
#2890=VECTOR('',#9416,10.);
#2891=VECTOR('',#9419,10.);
#2892=VECTOR('',#9422,10.);
#2893=VECTOR('',#9423,10.);
#2894=VECTOR('',#9424,10.);
#2895=VECTOR('',#9425,10.);
#2896=VECTOR('',#9426,10.);
#2897=VECTOR('',#9427,10.);
#2898=VECTOR('',#9428,10.);
#2899=VECTOR('',#9429,10.);
#2900=VECTOR('',#9432,10.);
#2901=VECTOR('',#9433,10.);
#2902=VECTOR('',#9434,10.);
#2903=VECTOR('',#9437,10.);
#2904=VECTOR('',#9438,10.);
#2905=VECTOR('',#9441,10.);
#2906=VECTOR('',#9442,10.);
#2907=VECTOR('',#9445,10.);
#2908=VECTOR('',#9446,10.);
#2909=VECTOR('',#9449,10.);
#2910=VECTOR('',#9450,10.);
#2911=VECTOR('',#9453,10.);
#2912=VECTOR('',#9454,10.);
#2913=VECTOR('',#9457,10.);
#2914=VECTOR('',#9458,10.);
#2915=VECTOR('',#9461,10.);
#2916=VECTOR('',#9470,10.);
#2917=VECTOR('',#9471,10.);
#2918=VECTOR('',#9472,10.);
#2919=VECTOR('',#9473,10.);
#2920=VECTOR('',#9474,10.);
#2921=VECTOR('',#9475,10.);
#2922=VECTOR('',#9478,10.);
#2923=VECTOR('',#9479,10.);
#2924=VECTOR('',#9480,10.);
#2925=VECTOR('',#9481,10.);
#2926=VECTOR('',#9482,10.);
#2927=VECTOR('',#9483,10.);
#2928=VECTOR('',#9484,10.);
#2929=VECTOR('',#9485,10.);
#2930=VECTOR('',#9486,10.);
#2931=VECTOR('',#9487,10.);
#2932=VECTOR('',#9488,10.);
#2933=VECTOR('',#9489,10.);
#2934=VECTOR('',#9490,10.);
#2935=VECTOR('',#9491,10.);
#2936=VECTOR('',#9492,10.);
#2937=VECTOR('',#9495,10.);
#2938=VECTOR('',#9496,10.);
#2939=VECTOR('',#9497,10.);
#2940=VECTOR('',#9498,10.);
#2941=VECTOR('',#9499,10.);
#2942=VECTOR('',#9500,10.);
#2943=VECTOR('',#9501,10.);
#2944=VECTOR('',#9502,10.);
#2945=VECTOR('',#9503,10.);
#2946=VECTOR('',#9504,10.);
#2947=VECTOR('',#9505,10.);
#2948=VECTOR('',#9506,10.);
#2949=VECTOR('',#9507,10.);
#2950=VECTOR('',#9510,10.);
#2951=VECTOR('',#9511,10.);
#2952=VECTOR('',#9514,10.);
#2953=VECTOR('',#9515,10.);
#2954=VECTOR('',#9518,10.);
#2955=VECTOR('',#9519,10.);
#2956=VECTOR('',#9522,10.);
#2957=VECTOR('',#9525,10.);
#2958=VECTOR('',#9526,10.);
#2959=VECTOR('',#9527,10.);
#2960=VECTOR('',#9528,10.);
#2961=VECTOR('',#9531,10.);
#2962=VECTOR('',#9532,10.);
#2963=VECTOR('',#9533,10.);
#2964=VECTOR('',#9536,10.);
#2965=VECTOR('',#9537,10.);
#2966=VECTOR('',#9540,10.);
#2967=VECTOR('',#9541,10.);
#2968=VECTOR('',#9544,10.);
#2969=VECTOR('',#9547,10.);
#2970=VECTOR('',#9548,10.);
#2971=VECTOR('',#9549,10.);
#2972=VECTOR('',#9550,10.);
#2973=VECTOR('',#9553,10.);
#2974=VECTOR('',#9554,10.);
#2975=VECTOR('',#9555,10.);
#2976=VECTOR('',#9558,10.);
#2977=VECTOR('',#9559,10.);
#2978=VECTOR('',#9562,10.);
#2979=VECTOR('',#9563,10.);
#2980=VECTOR('',#9566,10.);
#2981=VECTOR('',#9569,10.);
#2982=VECTOR('',#9570,10.);
#2983=VECTOR('',#9571,10.);
#2984=VECTOR('',#9572,10.);
#2985=VECTOR('',#9573,10.);
#2986=VECTOR('',#9574,10.);
#2987=VECTOR('',#9575,10.);
#2988=VECTOR('',#9576,10.);
#2989=VECTOR('',#9579,10.);
#2990=VECTOR('',#9580,10.);
#2991=VECTOR('',#9581,10.);
#2992=VECTOR('',#9584,10.);
#2993=VECTOR('',#9585,10.);
#2994=VECTOR('',#9586,10.);
#2995=VECTOR('',#9587,10.);
#2996=VECTOR('',#9588,10.);
#2997=VECTOR('',#9589,10.);
#2998=VECTOR('',#9590,10.);
#2999=VECTOR('',#9591,10.);
#3000=VECTOR('',#9594,10.);
#3001=VECTOR('',#9595,10.);
#3002=VECTOR('',#9598,10.);
#3003=VECTOR('',#9599,10.);
#3004=VECTOR('',#9602,10.);
#3005=VECTOR('',#9605,10.);
#3006=VECTOR('',#9606,10.);
#3007=VECTOR('',#9607,10.);
#3008=VECTOR('',#9608,10.);
#3009=VECTOR('',#9609,10.);
#3010=VECTOR('',#9610,10.);
#3011=VECTOR('',#9611,10.);
#3012=VECTOR('',#9612,10.);
#3013=VECTOR('',#9615,10.);
#3014=VECTOR('',#9616,10.);
#3015=VECTOR('',#9619,10.);
#3016=VECTOR('',#9622,10.);
#3017=VECTOR('',#9623,10.);
#3018=VECTOR('',#9624,10.);
#3019=VECTOR('',#9625,10.);
#3020=VECTOR('',#9628,10.);
#3021=VECTOR('',#9629,10.);
#3022=VECTOR('',#9630,10.);
#3023=VECTOR('',#9633,10.);
#3024=VECTOR('',#9634,10.);
#3025=VECTOR('',#9637,10.);
#3026=VECTOR('',#9638,10.);
#3027=VECTOR('',#9641,10.);
#3028=VECTOR('',#9644,10.);
#3029=VECTOR('',#9645,10.);
#3030=VECTOR('',#9646,10.);
#3031=VECTOR('',#9647,10.);
#3032=VECTOR('',#9648,10.);
#3033=VECTOR('',#9649,10.);
#3034=VECTOR('',#9650,10.);
#3035=VECTOR('',#9653,10.);
#3036=VECTOR('',#9654,10.);
#3037=VECTOR('',#9655,10.);
#3038=VECTOR('',#9658,10.);
#3039=VECTOR('',#9659,10.);
#3040=VECTOR('',#9662,10.);
#3041=VECTOR('',#9663,10.);
#3042=VECTOR('',#9666,10.);
#3043=VECTOR('',#9667,10.);
#3044=VECTOR('',#9670,10.);
#3045=VECTOR('',#9671,10.);
#3046=VECTOR('',#9674,10.);
#3047=VECTOR('',#9675,10.);
#3048=VECTOR('',#9678,10.);
#3049=VECTOR('',#9681,10.);
#3050=VECTOR('',#9682,10.);
#3051=VECTOR('',#9683,10.);
#3052=VECTOR('',#9684,10.);
#3053=VECTOR('',#9685,10.);
#3054=VECTOR('',#9686,10.);
#3055=VECTOR('',#9687,10.);
#3056=VECTOR('',#9688,10.);
#3057=VECTOR('',#9689,10.);
#3058=VECTOR('',#9690,10.);
#3059=VECTOR('',#9691,10.);
#3060=VECTOR('',#9692,10.);
#3061=VECTOR('',#9693,10.);
#3062=VECTOR('',#9694,10.);
#3063=VECTOR('',#9695,10.);
#3064=VECTOR('',#9696,10.);
#3065=VECTOR('',#9697,10.);
#3066=VECTOR('',#9698,10.);
#3067=VECTOR('',#9699,10.);
#3068=VECTOR('',#9700,10.);
#3069=VECTOR('',#9703,10.);
#3070=VECTOR('',#9704,10.);
#3071=VECTOR('',#9705,10.);
#3072=VECTOR('',#9706,10.);
#3073=VECTOR('',#9707,10.);
#3074=VECTOR('',#9708,10.);
#3075=VECTOR('',#9709,10.);
#3076=VECTOR('',#9710,10.);
#3077=VECTOR('',#9711,10.);
#3078=VECTOR('',#9712,10.);
#3079=VECTOR('',#9713,10.);
#3080=VECTOR('',#9714,10.);
#3081=VECTOR('',#9715,10.);
#3082=VECTOR('',#9716,10.);
#3083=VECTOR('',#9717,10.);
#3084=VECTOR('',#9718,10.);
#3085=VECTOR('',#9719,10.);
#3086=VECTOR('',#9720,10.);
#3087=VECTOR('',#9721,10.);
#3088=VECTOR('',#9722,10.);
#3089=VECTOR('',#9731,10.);
#3090=VECTOR('',#9732,10.);
#3091=VECTOR('',#9733,10.);
#3092=VECTOR('',#9734,10.);
#3093=VECTOR('',#9735,10.);
#3094=VECTOR('',#9736,10.);
#3095=VECTOR('',#9737,10.);
#3096=VECTOR('',#9738,10.);
#3097=VECTOR('',#9739,10.);
#3098=VECTOR('',#9740,10.);
#3099=VECTOR('',#9741,10.);
#3100=VECTOR('',#9744,10.);
#3101=VECTOR('',#9745,10.);
#3102=VECTOR('',#9746,10.);
#3103=VECTOR('',#9749,10.);
#3104=VECTOR('',#9750,10.);
#3105=VECTOR('',#9751,10.);
#3106=VECTOR('',#9754,10.);
#3107=VECTOR('',#9755,10.);
#3108=VECTOR('',#9758,10.);
#3109=VECTOR('',#9759,10.);
#3110=VECTOR('',#9762,10.);
#3111=VECTOR('',#9763,10.);
#3112=VECTOR('',#9766,10.);
#3113=VECTOR('',#9767,10.);
#3114=VECTOR('',#9770,10.);
#3115=VECTOR('',#9771,10.);
#3116=VECTOR('',#9774,10.);
#3117=VECTOR('',#9775,10.);
#3118=VECTOR('',#9776,10.);
#3119=VECTOR('',#9779,10.);
#3120=VECTOR('',#9780,10.);
#3121=VECTOR('',#9783,10.);
#3122=VECTOR('',#9784,10.);
#3123=VECTOR('',#9787,10.);
#3124=VECTOR('',#9790,10.);
#3125=VECTOR('',#9791,10.);
#3126=VECTOR('',#9792,10.);
#3127=VECTOR('',#9793,10.);
#3128=VECTOR('',#9794,10.);
#3129=VECTOR('',#9795,10.);
#3130=VECTOR('',#9796,10.);
#3131=VECTOR('',#9797,10.);
#3132=VECTOR('',#9798,10.);
#3133=VECTOR('',#9799,10.);
#3134=VECTOR('',#9800,10.);
#3135=VECTOR('',#9801,10.);
#3136=VECTOR('',#9802,10.);
#3137=VECTOR('',#9803,10.);
#3138=VECTOR('',#9804,10.);
#3139=VECTOR('',#9805,10.);
#3140=VECTOR('',#9806,10.);
#3141=VECTOR('',#9807,10.);
#3142=VECTOR('',#9808,10.);
#3143=VECTOR('',#9809,10.);
#3144=VECTOR('',#9810,10.);
#3145=VECTOR('',#9813,10.);
#3146=VECTOR('',#9814,10.);
#3147=VECTOR('',#9817,10.);
#3148=VECTOR('',#9818,10.);
#3149=VECTOR('',#9821,10.);
#3150=VECTOR('',#9824,10.);
#3151=VECTOR('',#9825,10.);
#3152=VECTOR('',#9826,10.);
#3153=VECTOR('',#9827,10.);
#3154=VECTOR('',#9828,10.);
#3155=VECTOR('',#9829,10.);
#3156=VECTOR('',#9830,10.);
#3157=VECTOR('',#9831,10.);
#3158=VECTOR('',#9832,10.);
#3159=VECTOR('',#9833,10.);
#3160=VECTOR('',#9836,10.);
#3161=VECTOR('',#9837,10.);
#3162=VECTOR('',#9840,10.);
#3163=VECTOR('',#9843,10.);
#3164=VECTOR('',#9844,10.);
#3165=VECTOR('',#9845,10.);
#3166=VECTOR('',#9846,10.);
#3167=VECTOR('',#9847,10.);
#3168=VECTOR('',#9848,10.);
#3169=VECTOR('',#9849,10.);
#3170=VECTOR('',#9850,10.);
#3171=VECTOR('',#9851,10.);
#3172=VECTOR('',#9854,10.);
#3173=VECTOR('',#9855,10.);
#3174=VECTOR('',#9858,10.);
#3175=VECTOR('',#9869,5.);
#3176=VECTOR('',#9872,4.6);
#3177=VECTOR('',#9877,10.);
#3178=VECTOR('',#9878,10.);
#3179=VECTOR('',#9879,10.);
#3180=VECTOR('',#9880,10.);
#3181=VECTOR('',#9881,10.);
#3182=VECTOR('',#9882,10.);
#3183=VECTOR('',#9883,10.);
#3184=VECTOR('',#9884,10.);
#3185=VECTOR('',#9885,10.);
#3186=VECTOR('',#9886,10.);
#3187=VECTOR('',#9887,10.);
#3188=VECTOR('',#9890,10.);
#3189=VECTOR('',#9891,10.);
#3190=VECTOR('',#9892,10.);
#3191=VECTOR('',#9895,10.);
#3192=VECTOR('',#9896,10.);
#3193=VECTOR('',#9897,10.);
#3194=VECTOR('',#9900,10.);
#3195=VECTOR('',#9901,10.);
#3196=VECTOR('',#9904,10.);
#3197=VECTOR('',#9905,10.);
#3198=VECTOR('',#9908,10.);
#3199=VECTOR('',#9909,10.);
#3200=VECTOR('',#9912,10.);
#3201=VECTOR('',#9913,10.);
#3202=VECTOR('',#9916,10.);
#3203=VECTOR('',#9917,10.);
#3204=VECTOR('',#9920,10.);
#3205=VECTOR('',#9921,10.);
#3206=VECTOR('',#9922,10.);
#3207=VECTOR('',#9925,10.);
#3208=VECTOR('',#9926,10.);
#3209=VECTOR('',#9929,10.);
#3210=VECTOR('',#9930,10.);
#3211=VECTOR('',#9933,10.);
#3212=VECTOR('',#9944,10.);
#3213=VECTOR('',#9947,10.);
#3214=VECTOR('',#9950,10.);
#3215=VECTOR('',#9953,10.);
#3216=VECTOR('',#9958,10.);
#3217=VECTOR('',#9959,10.);
#3218=VECTOR('',#9962,10.);
#3219=VECTOR('',#9965,10.);
#3220=VECTOR('',#9968,10.);
#3221=VECTOR('',#9973,10.);
#3222=VECTOR('',#9974,10.);
#3223=VECTOR('',#9979,10.);
#3224=VECTOR('',#9980,10.);
#3225=VECTOR('',#9985,10.);
#3226=VECTOR('',#9988,10.);
#3227=VECTOR('',#9989,10.);
#3228=VECTOR('',#9990,10.);
#3229=VECTOR('',#9993,10.);
#3230=VECTOR('',#9994,10.);
#3231=VECTOR('',#9995,10.);
#3232=VECTOR('',#10000,10.);
#3233=VECTOR('',#10003,10.);
#3234=VECTOR('',#10004,10.);
#3235=VECTOR('',#10007,10.);
#3236=VECTOR('',#10018,10.);
#3237=VECTOR('',#10019,10.);
#3238=VECTOR('',#10020,10.);
#3239=VECTOR('',#10021,10.);
#3240=VECTOR('',#10022,10.);
#3241=VECTOR('',#10023,10.);
#3242=VECTOR('',#10024,10.);
#3243=VECTOR('',#10025,10.);
#3244=VECTOR('',#10028,10.);
#3245=VECTOR('',#10029,10.);
#3246=VECTOR('',#10030,10.);
#3247=VECTOR('',#10033,10.);
#3248=VECTOR('',#10034,10.);
#3249=VECTOR('',#10037,10.);
#3250=VECTOR('',#10038,10.);
#3251=VECTOR('',#10045,10.);
#3252=VECTOR('',#10084,10.);
#3253=VECTOR('',#10085,10.);
#3254=VECTOR('',#10088,10.);
#3255=VECTOR('',#10091,10.);
#3256=VECTOR('',#10092,10.);
#3257=VECTOR('',#10095,10.);
#3258=VECTOR('',#10098,10.);
#3259=VECTOR('',#10101,10.);
#3260=VECTOR('',#10104,2.4);
#3261=VECTOR('',#10109,2.4);
#3262=VECTOR('',#10114,10.);
#3263=VECTOR('',#10117,10.);
#3264=VECTOR('',#10122,2.4);
#3265=VECTOR('',#10127,2.4);
#3266=VECTOR('',#10132,10.);
#3267=VECTOR('',#10143,1.2);
#3268=VECTOR('',#10150,1.2);
#3269=VECTOR('',#10157,1.2);
#3270=VECTOR('',#10164,1.2);
#3271=VECTOR('',#10167,10.);
#3272=VECTOR('',#10168,10.);
#3273=VECTOR('',#10169,10.);
#3274=VECTOR('',#10172,10.);
#3275=VECTOR('',#10173,10.);
#3276=VECTOR('',#10174,10.);
#3277=VECTOR('',#10177,10.);
#3278=VECTOR('',#10178,10.);
#3279=VECTOR('',#10181,10.);
#3280=VECTOR('',#10182,10.);
#3281=VECTOR('',#10185,10.);
#3282=VECTOR('',#10186,10.);
#3283=VECTOR('',#10187,10.);
#3284=VECTOR('',#10190,10.);
#3285=VECTOR('',#10191,10.);
#3286=VECTOR('',#10194,10.);
#3287=VECTOR('',#10197,10.);
#3288=VECTOR('',#10200,10.);
#3289=VECTOR('',#10201,10.);
#3290=VECTOR('',#10202,10.);
#3291=VECTOR('',#10205,10.);
#3292=VECTOR('',#10208,10.);
#3293=VECTOR('',#10213,10.);
#3294=VECTOR('',#10216,10.);
#3295=VECTOR('',#10219,10.);
#3296=VECTOR('',#10224,10.);
#3297=VECTOR('',#10225,10.);
#3298=VECTOR('',#10228,10.);
#3299=VECTOR('',#10231,10.);
#3300=VERTEX_POINT('',#10236);
#3301=VERTEX_POINT('',#10237);
#3302=VERTEX_POINT('',#10239);
#3303=VERTEX_POINT('',#10241);
#3304=VERTEX_POINT('',#10247);
#3305=VERTEX_POINT('',#10253);
#3306=VERTEX_POINT('',#10259);
#3307=VERTEX_POINT('',#10265);
#3308=VERTEX_POINT('',#10271);
#3309=VERTEX_POINT('',#10277);
#3310=VERTEX_POINT('',#10279);
#3311=VERTEX_POINT('',#10282);
#3312=VERTEX_POINT('',#10283);
#3313=VERTEX_POINT('',#10285);
#3314=VERTEX_POINT('',#10291);
#3315=VERTEX_POINT('',#10297);
#3316=VERTEX_POINT('',#10303);
#3317=VERTEX_POINT('',#10309);
#3318=VERTEX_POINT('',#10315);
#3319=VERTEX_POINT('',#10319);
#3320=VERTEX_POINT('',#10321);
#3321=VERTEX_POINT('',#10325);
#3322=VERTEX_POINT('',#10338);
#3323=VERTEX_POINT('',#10355);
#3324=VERTEX_POINT('',#10372);
#3325=VERTEX_POINT('',#10389);
#3326=VERTEX_POINT('',#10406);
#3327=VERTEX_POINT('',#10423);
#3328=VERTEX_POINT('',#10431);
#3329=VERTEX_POINT('',#10435);
#3330=VERTEX_POINT('',#10441);
#3331=VERTEX_POINT('',#10443);
#3332=VERTEX_POINT('',#10456);
#3333=VERTEX_POINT('',#10473);
#3334=VERTEX_POINT('',#10490);
#3335=VERTEX_POINT('',#10507);
#3336=VERTEX_POINT('',#10524);
#3337=VERTEX_POINT('',#10532);
#3338=VERTEX_POINT('',#10538);
#3339=VERTEX_POINT('',#10539);
#3340=VERTEX_POINT('',#10541);
#3341=VERTEX_POINT('',#10543);
#3342=VERTEX_POINT('',#10545);
#3343=VERTEX_POINT('',#10547);
#3344=VERTEX_POINT('',#10549);
#3345=VERTEX_POINT('',#10551);
#3346=VERTEX_POINT('',#10554);
#3347=VERTEX_POINT('',#10555);
#3348=VERTEX_POINT('',#10561);
#3349=VERTEX_POINT('',#10567);
#3350=VERTEX_POINT('',#10569);
#3351=VERTEX_POINT('',#10573);
#3352=VERTEX_POINT('',#10575);
#3353=VERTEX_POINT('',#10579);
#3354=VERTEX_POINT('',#10583);
#3355=VERTEX_POINT('',#10587);
#3356=VERTEX_POINT('',#10591);
#3357=VERTEX_POINT('',#10595);
#3358=VERTEX_POINT('',#10599);
#3359=VERTEX_POINT('',#10614);
#3360=VERTEX_POINT('',#10616);
#3361=VERTEX_POINT('',#10633);
#3362=VERTEX_POINT('',#10641);
#3363=VERTEX_POINT('',#10645);
#3364=VERTEX_POINT('',#10651);
#3365=VERTEX_POINT('',#10652);
#3366=VERTEX_POINT('',#10658);
#3367=VERTEX_POINT('',#10664);
#3368=VERTEX_POINT('',#10670);
#3369=VERTEX_POINT('',#10676);
#3370=VERTEX_POINT('',#10682);
#3371=VERTEX_POINT('',#10688);
#3372=VERTEX_POINT('',#10694);
#3373=VERTEX_POINT('',#10700);
#3374=VERTEX_POINT('',#10706);
#3375=VERTEX_POINT('',#10712);
#3376=VERTEX_POINT('',#10718);
#3377=VERTEX_POINT('',#10724);
#3378=VERTEX_POINT('',#10730);
#3379=VERTEX_POINT('',#10736);
#3380=VERTEX_POINT('',#10738);
#3381=VERTEX_POINT('',#10744);
#3382=VERTEX_POINT('',#10750);
#3383=VERTEX_POINT('',#10756);
#3384=VERTEX_POINT('',#10762);
#3385=VERTEX_POINT('',#10768);
#3386=VERTEX_POINT('',#10774);
#3387=VERTEX_POINT('',#10780);
#3388=VERTEX_POINT('',#10786);
#3389=VERTEX_POINT('',#10792);
#3390=VERTEX_POINT('',#10798);
#3391=VERTEX_POINT('',#10804);
#3392=VERTEX_POINT('',#10810);
#3393=VERTEX_POINT('',#10816);
#3394=VERTEX_POINT('',#10822);
#3395=VERTEX_POINT('',#10828);
#3396=VERTEX_POINT('',#10834);
#3397=VERTEX_POINT('',#10840);
#3398=VERTEX_POINT('',#10846);
#3399=VERTEX_POINT('',#10863);
#3400=VERTEX_POINT('',#10865);
#3401=VERTEX_POINT('',#10882);
#3402=VERTEX_POINT('',#10899);
#3403=VERTEX_POINT('',#10916);
#3404=VERTEX_POINT('',#10933);
#3405=VERTEX_POINT('',#10950);
#3406=VERTEX_POINT('',#10967);
#3407=VERTEX_POINT('',#10984);
#3408=VERTEX_POINT('',#11001);
#3409=VERTEX_POINT('',#11018);
#3410=VERTEX_POINT('',#11035);
#3411=VERTEX_POINT('',#11052);
#3412=VERTEX_POINT('',#11069);
#3413=VERTEX_POINT('',#11086);
#3414=VERTEX_POINT('',#11094);
#3415=VERTEX_POINT('',#11107);
#3416=VERTEX_POINT('',#11124);
#3417=VERTEX_POINT('',#11141);
#3418=VERTEX_POINT('',#11158);
#3419=VERTEX_POINT('',#11175);
#3420=VERTEX_POINT('',#11192);
#3421=VERTEX_POINT('',#11209);
#3422=VERTEX_POINT('',#11226);
#3423=VERTEX_POINT('',#11243);
#3424=VERTEX_POINT('',#11260);
#3425=VERTEX_POINT('',#11277);
#3426=VERTEX_POINT('',#11294);
#3427=VERTEX_POINT('',#11311);
#3428=VERTEX_POINT('',#11328);
#3429=VERTEX_POINT('',#11345);
#3430=VERTEX_POINT('',#11362);
#3431=VERTEX_POINT('',#11379);
#3432=VERTEX_POINT('',#11396);
#3433=VERTEX_POINT('',#11404);
#3434=VERTEX_POINT('',#11423);
#3435=VERTEX_POINT('',#11424);
#3436=VERTEX_POINT('',#11426);
#3437=VERTEX_POINT('',#11428);
#3438=VERTEX_POINT('',#11434);
#3439=VERTEX_POINT('',#11440);
#3440=VERTEX_POINT('',#11446);
#3441=VERTEX_POINT('',#11452);
#3442=VERTEX_POINT('',#11454);
#3443=VERTEX_POINT('',#11456);
#3444=VERTEX_POINT('',#11458);
#3445=VERTEX_POINT('',#11464);
#3446=VERTEX_POINT('',#11470);
#3447=VERTEX_POINT('',#11476);
#3448=VERTEX_POINT('',#11482);
#3449=VERTEX_POINT('',#11488);
#3450=VERTEX_POINT('',#11494);
#3451=VERTEX_POINT('',#11500);
#3452=VERTEX_POINT('',#11502);
#3453=VERTEX_POINT('',#11505);
#3454=VERTEX_POINT('',#11506);
#3455=VERTEX_POINT('',#11508);
#3456=VERTEX_POINT('',#11514);
#3457=VERTEX_POINT('',#11520);
#3458=VERTEX_POINT('',#11526);
#3459=VERTEX_POINT('',#11532);
#3460=VERTEX_POINT('',#11538);
#3461=VERTEX_POINT('',#11542);
#3462=VERTEX_POINT('',#11544);
#3463=VERTEX_POINT('',#11548);
#3464=VERTEX_POINT('',#11561);
#3465=VERTEX_POINT('',#11578);
#3466=VERTEX_POINT('',#11595);
#3467=VERTEX_POINT('',#11612);
#3468=VERTEX_POINT('',#11620);
#3469=VERTEX_POINT('',#11624);
#3470=VERTEX_POINT('',#11628);
#3471=VERTEX_POINT('',#11641);
#3472=VERTEX_POINT('',#11658);
#3473=VERTEX_POINT('',#11675);
#3474=VERTEX_POINT('',#11692);
#3475=VERTEX_POINT('',#11709);
#3476=VERTEX_POINT('',#11726);
#3477=VERTEX_POINT('',#11743);
#3478=VERTEX_POINT('',#11751);
#3479=VERTEX_POINT('',#11755);
#3480=VERTEX_POINT('',#11761);
#3481=VERTEX_POINT('',#11763);
#3482=VERTEX_POINT('',#11776);
#3483=VERTEX_POINT('',#11793);
#3484=VERTEX_POINT('',#11810);
#3485=VERTEX_POINT('',#11827);
#3486=VERTEX_POINT('',#11844);
#3487=VERTEX_POINT('',#11852);
#3488=VERTEX_POINT('',#11858);
#3489=VERTEX_POINT('',#11859);
#3490=VERTEX_POINT('',#11861);
#3491=VERTEX_POINT('',#11863);
#3492=VERTEX_POINT('',#11865);
#3493=VERTEX_POINT('',#11867);
#3494=VERTEX_POINT('',#11869);
#3495=VERTEX_POINT('',#11871);
#3496=VERTEX_POINT('',#11875);
#3497=VERTEX_POINT('',#11877);
#3498=VERTEX_POINT('',#11881);
#3499=VERTEX_POINT('',#11885);
#3500=VERTEX_POINT('',#11889);
#3501=VERTEX_POINT('',#11893);
#3502=VERTEX_POINT('',#11897);
#3503=VERTEX_POINT('',#11901);
#3504=VERTEX_POINT('',#11910);
#3505=VERTEX_POINT('',#11911);
#3506=VERTEX_POINT('',#11913);
#3507=VERTEX_POINT('',#11915);
#3508=VERTEX_POINT('',#11921);
#3509=VERTEX_POINT('',#11927);
#3510=VERTEX_POINT('',#11933);
#3511=VERTEX_POINT('',#11939);
#3512=VERTEX_POINT('',#11945);
#3513=VERTEX_POINT('',#11951);
#3514=VERTEX_POINT('',#11953);
#3515=VERTEX_POINT('',#11956);
#3516=VERTEX_POINT('',#11957);
#3517=VERTEX_POINT('',#11959);
#3518=VERTEX_POINT('',#11965);
#3519=VERTEX_POINT('',#11971);
#3520=VERTEX_POINT('',#11977);
#3521=VERTEX_POINT('',#11983);
#3522=VERTEX_POINT('',#11989);
#3523=VERTEX_POINT('',#11993);
#3524=VERTEX_POINT('',#11995);
#3525=VERTEX_POINT('',#11999);
#3526=VERTEX_POINT('',#12012);
#3527=VERTEX_POINT('',#12029);
#3528=VERTEX_POINT('',#12046);
#3529=VERTEX_POINT('',#12063);
#3530=VERTEX_POINT('',#12080);
#3531=VERTEX_POINT('',#12097);
#3532=VERTEX_POINT('',#12105);
#3533=VERTEX_POINT('',#12109);
#3534=VERTEX_POINT('',#12115);
#3535=VERTEX_POINT('',#12117);
#3536=VERTEX_POINT('',#12130);
#3537=VERTEX_POINT('',#12147);
#3538=VERTEX_POINT('',#12164);
#3539=VERTEX_POINT('',#12181);
#3540=VERTEX_POINT('',#12198);
#3541=VERTEX_POINT('',#12206);
#3542=VERTEX_POINT('',#12212);
#3543=VERTEX_POINT('',#12213);
#3544=VERTEX_POINT('',#12215);
#3545=VERTEX_POINT('',#12217);
#3546=VERTEX_POINT('',#12219);
#3547=VERTEX_POINT('',#12221);
#3548=VERTEX_POINT('',#12223);
#3549=VERTEX_POINT('',#12225);
#3550=VERTEX_POINT('',#12228);
#3551=VERTEX_POINT('',#12229);
#3552=VERTEX_POINT('',#12235);
#3553=VERTEX_POINT('',#12241);
#3554=VERTEX_POINT('',#12243);
#3555=VERTEX_POINT('',#12247);
#3556=VERTEX_POINT('',#12249);
#3557=VERTEX_POINT('',#12253);
#3558=VERTEX_POINT('',#12257);
#3559=VERTEX_POINT('',#12261);
#3560=VERTEX_POINT('',#12265);
#3561=VERTEX_POINT('',#12269);
#3562=VERTEX_POINT('',#12273);
#3563=VERTEX_POINT('',#12288);
#3564=VERTEX_POINT('',#12290);
#3565=VERTEX_POINT('',#12307);
#3566=VERTEX_POINT('',#12315);
#3567=VERTEX_POINT('',#12319);
#3568=VERTEX_POINT('',#12325);
#3569=VERTEX_POINT('',#12326);
#3570=VERTEX_POINT('',#12332);
#3571=VERTEX_POINT('',#12338);
#3572=VERTEX_POINT('',#12344);
#3573=VERTEX_POINT('',#12350);
#3574=VERTEX_POINT('',#12356);
#3575=VERTEX_POINT('',#12362);
#3576=VERTEX_POINT('',#12368);
#3577=VERTEX_POINT('',#12374);
#3578=VERTEX_POINT('',#12380);
#3579=VERTEX_POINT('',#12386);
#3580=VERTEX_POINT('',#12392);
#3581=VERTEX_POINT('',#12398);
#3582=VERTEX_POINT('',#12404);
#3583=VERTEX_POINT('',#12410);
#3584=VERTEX_POINT('',#12412);
#3585=VERTEX_POINT('',#12418);
#3586=VERTEX_POINT('',#12424);
#3587=VERTEX_POINT('',#12430);
#3588=VERTEX_POINT('',#12436);
#3589=VERTEX_POINT('',#12442);
#3590=VERTEX_POINT('',#12448);
#3591=VERTEX_POINT('',#12454);
#3592=VERTEX_POINT('',#12460);
#3593=VERTEX_POINT('',#12466);
#3594=VERTEX_POINT('',#12472);
#3595=VERTEX_POINT('',#12478);
#3596=VERTEX_POINT('',#12484);
#3597=VERTEX_POINT('',#12490);
#3598=VERTEX_POINT('',#12496);
#3599=VERTEX_POINT('',#12502);
#3600=VERTEX_POINT('',#12508);
#3601=VERTEX_POINT('',#12514);
#3602=VERTEX_POINT('',#12520);
#3603=VERTEX_POINT('',#12537);
#3604=VERTEX_POINT('',#12539);
#3605=VERTEX_POINT('',#12556);
#3606=VERTEX_POINT('',#12573);
#3607=VERTEX_POINT('',#12590);
#3608=VERTEX_POINT('',#12607);
#3609=VERTEX_POINT('',#12624);
#3610=VERTEX_POINT('',#12641);
#3611=VERTEX_POINT('',#12658);
#3612=VERTEX_POINT('',#12675);
#3613=VERTEX_POINT('',#12692);
#3614=VERTEX_POINT('',#12709);
#3615=VERTEX_POINT('',#12726);
#3616=VERTEX_POINT('',#12743);
#3617=VERTEX_POINT('',#12760);
#3618=VERTEX_POINT('',#12768);
#3619=VERTEX_POINT('',#12781);
#3620=VERTEX_POINT('',#12798);
#3621=VERTEX_POINT('',#12815);
#3622=VERTEX_POINT('',#12832);
#3623=VERTEX_POINT('',#12849);
#3624=VERTEX_POINT('',#12866);
#3625=VERTEX_POINT('',#12883);
#3626=VERTEX_POINT('',#12900);
#3627=VERTEX_POINT('',#12917);
#3628=VERTEX_POINT('',#12934);
#3629=VERTEX_POINT('',#12951);
#3630=VERTEX_POINT('',#12968);
#3631=VERTEX_POINT('',#12985);
#3632=VERTEX_POINT('',#13002);
#3633=VERTEX_POINT('',#13019);
#3634=VERTEX_POINT('',#13036);
#3635=VERTEX_POINT('',#13053);
#3636=VERTEX_POINT('',#13070);
#3637=VERTEX_POINT('',#13078);
#3638=VERTEX_POINT('',#13097);
#3639=VERTEX_POINT('',#13098);
#3640=VERTEX_POINT('',#13100);
#3641=VERTEX_POINT('',#13102);
#3642=VERTEX_POINT('',#13108);
#3643=VERTEX_POINT('',#13114);
#3644=VERTEX_POINT('',#13120);
#3645=VERTEX_POINT('',#13126);
#3646=VERTEX_POINT('',#13128);
#3647=VERTEX_POINT('',#13130);
#3648=VERTEX_POINT('',#13132);
#3649=VERTEX_POINT('',#13138);
#3650=VERTEX_POINT('',#13144);
#3651=VERTEX_POINT('',#13150);
#3652=VERTEX_POINT('',#13156);
#3653=VERTEX_POINT('',#13162);
#3654=VERTEX_POINT('',#13168);
#3655=VERTEX_POINT('',#13174);
#3656=VERTEX_POINT('',#13176);
#3657=VERTEX_POINT('',#13179);
#3658=VERTEX_POINT('',#13180);
#3659=VERTEX_POINT('',#13182);
#3660=VERTEX_POINT('',#13188);
#3661=VERTEX_POINT('',#13194);
#3662=VERTEX_POINT('',#13200);
#3663=VERTEX_POINT('',#13206);
#3664=VERTEX_POINT('',#13212);
#3665=VERTEX_POINT('',#13216);
#3666=VERTEX_POINT('',#13218);
#3667=VERTEX_POINT('',#13222);
#3668=VERTEX_POINT('',#13235);
#3669=VERTEX_POINT('',#13252);
#3670=VERTEX_POINT('',#13269);
#3671=VERTEX_POINT('',#13286);
#3672=VERTEX_POINT('',#13294);
#3673=VERTEX_POINT('',#13298);
#3674=VERTEX_POINT('',#13302);
#3675=VERTEX_POINT('',#13315);
#3676=VERTEX_POINT('',#13332);
#3677=VERTEX_POINT('',#13349);
#3678=VERTEX_POINT('',#13366);
#3679=VERTEX_POINT('',#13383);
#3680=VERTEX_POINT('',#13400);
#3681=VERTEX_POINT('',#13417);
#3682=VERTEX_POINT('',#13425);
#3683=VERTEX_POINT('',#13429);
#3684=VERTEX_POINT('',#13435);
#3685=VERTEX_POINT('',#13437);
#3686=VERTEX_POINT('',#13450);
#3687=VERTEX_POINT('',#13467);
#3688=VERTEX_POINT('',#13484);
#3689=VERTEX_POINT('',#13501);
#3690=VERTEX_POINT('',#13518);
#3691=VERTEX_POINT('',#13526);
#3692=VERTEX_POINT('',#13532);
#3693=VERTEX_POINT('',#13533);
#3694=VERTEX_POINT('',#13535);
#3695=VERTEX_POINT('',#13537);
#3696=VERTEX_POINT('',#13539);
#3697=VERTEX_POINT('',#13541);
#3698=VERTEX_POINT('',#13543);
#3699=VERTEX_POINT('',#13545);
#3700=VERTEX_POINT('',#13549);
#3701=VERTEX_POINT('',#13551);
#3702=VERTEX_POINT('',#13555);
#3703=VERTEX_POINT('',#13559);
#3704=VERTEX_POINT('',#13563);
#3705=VERTEX_POINT('',#13567);
#3706=VERTEX_POINT('',#13571);
#3707=VERTEX_POINT('',#13575);
#3708=VERTEX_POINT('',#13584);
#3709=VERTEX_POINT('',#13585);
#3710=VERTEX_POINT('',#13587);
#3711=VERTEX_POINT('',#13593);
#3712=VERTEX_POINT('',#13599);
#3713=VERTEX_POINT('',#13605);
#3714=VERTEX_POINT('',#13611);
#3715=VERTEX_POINT('',#13617);
#3716=VERTEX_POINT('',#13623);
#3717=VERTEX_POINT('',#13629);
#3718=VERTEX_POINT('',#13635);
#3719=VERTEX_POINT('',#13641);
#3720=VERTEX_POINT('',#13647);
#3721=VERTEX_POINT('',#13653);
#3722=VERTEX_POINT('',#13659);
#3723=VERTEX_POINT('',#13661);
#3724=VERTEX_POINT('',#13667);
#3725=VERTEX_POINT('',#13673);
#3726=VERTEX_POINT('',#13679);
#3727=VERTEX_POINT('',#13685);
#3728=VERTEX_POINT('',#13691);
#3729=VERTEX_POINT('',#13697);
#3730=VERTEX_POINT('',#13703);
#3731=VERTEX_POINT('',#13709);
#3732=VERTEX_POINT('',#13715);
#3733=VERTEX_POINT('',#13721);
#3734=VERTEX_POINT('',#13727);
#3735=VERTEX_POINT('',#13729);
#3736=VERTEX_POINT('',#13731);
#3737=VERTEX_POINT('',#13735);
#3738=VERTEX_POINT('',#13737);
#3739=VERTEX_POINT('',#13750);
#3740=VERTEX_POINT('',#13767);
#3741=VERTEX_POINT('',#13784);
#3742=VERTEX_POINT('',#13801);
#3743=VERTEX_POINT('',#13818);
#3744=VERTEX_POINT('',#13835);
#3745=VERTEX_POINT('',#13852);
#3746=VERTEX_POINT('',#13869);
#3747=VERTEX_POINT('',#13886);
#3748=VERTEX_POINT('',#13903);
#3749=VERTEX_POINT('',#13920);
#3750=VERTEX_POINT('',#13937);
#3751=VERTEX_POINT('',#13945);
#3752=VERTEX_POINT('',#13958);
#3753=VERTEX_POINT('',#13975);
#3754=VERTEX_POINT('',#13992);
#3755=VERTEX_POINT('',#14009);
#3756=VERTEX_POINT('',#14026);
#3757=VERTEX_POINT('',#14043);
#3758=VERTEX_POINT('',#14060);
#3759=VERTEX_POINT('',#14077);
#3760=VERTEX_POINT('',#14094);
#3761=VERTEX_POINT('',#14111);
#3762=VERTEX_POINT('',#14128);
#3763=VERTEX_POINT('',#14136);
#3764=VERTEX_POINT('',#14140);
#3765=VERTEX_POINT('',#14144);
#3766=VERTEX_POINT('',#14150);
#3767=VERTEX_POINT('',#14151);
#3768=VERTEX_POINT('',#14153);
#3769=VERTEX_POINT('',#14155);
#3770=VERTEX_POINT('',#14159);
#3771=VERTEX_POINT('',#14161);
#3772=VERTEX_POINT('',#14165);
#3773=VERTEX_POINT('',#14169);
#3774=VERTEX_POINT('',#14175);
#3775=VERTEX_POINT('',#14176);
#3776=VERTEX_POINT('',#14178);
#3777=VERTEX_POINT('',#14180);
#3778=VERTEX_POINT('',#14184);
#3779=VERTEX_POINT('',#14186);
#3780=VERTEX_POINT('',#14190);
#3781=VERTEX_POINT('',#14194);
#3782=VERTEX_POINT('',#14200);
#3783=VERTEX_POINT('',#14201);
#3784=VERTEX_POINT('',#14203);
#3785=VERTEX_POINT('',#14205);
#3786=VERTEX_POINT('',#14211);
#3787=VERTEX_POINT('',#14217);
#3788=VERTEX_POINT('',#14223);
#3789=VERTEX_POINT('',#14229);
#3790=VERTEX_POINT('',#14235);
#3791=VERTEX_POINT('',#14241);
#3792=VERTEX_POINT('',#14243);
#3793=VERTEX_POINT('',#14246);
#3794=VERTEX_POINT('',#14247);
#3795=VERTEX_POINT('',#14249);
#3796=VERTEX_POINT('',#14255);
#3797=VERTEX_POINT('',#14261);
#3798=VERTEX_POINT('',#14267);
#3799=VERTEX_POINT('',#14273);
#3800=VERTEX_POINT('',#14279);
#3801=VERTEX_POINT('',#14283);
#3802=VERTEX_POINT('',#14285);
#3803=VERTEX_POINT('',#14289);
#3804=VERTEX_POINT('',#14302);
#3805=VERTEX_POINT('',#14319);
#3806=VERTEX_POINT('',#14336);
#3807=VERTEX_POINT('',#14353);
#3808=VERTEX_POINT('',#14370);
#3809=VERTEX_POINT('',#14387);
#3810=VERTEX_POINT('',#14395);
#3811=VERTEX_POINT('',#14399);
#3812=VERTEX_POINT('',#14405);
#3813=VERTEX_POINT('',#14407);
#3814=VERTEX_POINT('',#14420);
#3815=VERTEX_POINT('',#14437);
#3816=VERTEX_POINT('',#14454);
#3817=VERTEX_POINT('',#14471);
#3818=VERTEX_POINT('',#14488);
#3819=VERTEX_POINT('',#14496);
#3820=VERTEX_POINT('',#14502);
#3821=VERTEX_POINT('',#14503);
#3822=VERTEX_POINT('',#14505);
#3823=VERTEX_POINT('',#14507);
#3824=VERTEX_POINT('',#14511);
#3825=VERTEX_POINT('',#14513);
#3826=VERTEX_POINT('',#14517);
#3827=VERTEX_POINT('',#14521);
#3828=VERTEX_POINT('',#14527);
#3829=VERTEX_POINT('',#14528);
#3830=VERTEX_POINT('',#14530);
#3831=VERTEX_POINT('',#14532);
#3832=VERTEX_POINT('',#14534);
#3833=VERTEX_POINT('',#14536);
#3834=VERTEX_POINT('',#14538);
#3835=VERTEX_POINT('',#14542);
#3836=VERTEX_POINT('',#14544);
#3837=VERTEX_POINT('',#14548);
#3838=VERTEX_POINT('',#14552);
#3839=VERTEX_POINT('',#14556);
#3840=VERTEX_POINT('',#14560);
#3841=VERTEX_POINT('',#14564);
#3842=VERTEX_POINT('',#14570);
#3843=VERTEX_POINT('',#14571);
#3844=VERTEX_POINT('',#14577);
#3845=VERTEX_POINT('',#14583);
#3846=VERTEX_POINT('',#14589);
#3847=VERTEX_POINT('',#14595);
#3848=VERTEX_POINT('',#14601);
#3849=VERTEX_POINT('',#14607);
#3850=VERTEX_POINT('',#14613);
#3851=VERTEX_POINT('',#14619);
#3852=VERTEX_POINT('',#14625);
#3853=VERTEX_POINT('',#14636);
#3854=VERTEX_POINT('',#14637);
#3855=VERTEX_POINT('',#14643);
#3856=VERTEX_POINT('',#14649);
#3857=VERTEX_POINT('',#14655);
#3858=VERTEX_POINT('',#14661);
#3859=VERTEX_POINT('',#14667);
#3860=VERTEX_POINT('',#14673);
#3861=VERTEX_POINT('',#14679);
#3862=VERTEX_POINT('',#14700);
#3863=VERTEX_POINT('',#14702);
#3864=VERTEX_POINT('',#14719);
#3865=VERTEX_POINT('',#14736);
#3866=VERTEX_POINT('',#14753);
#3867=VERTEX_POINT('',#14770);
#3868=VERTEX_POINT('',#14787);
#3869=VERTEX_POINT('',#14804);
#3870=VERTEX_POINT('',#14821);
#3871=VERTEX_POINT('',#14838);
#3872=VERTEX_POINT('',#14855);
#3873=VERTEX_POINT('',#14887);
#3874=VERTEX_POINT('',#14889);
#3875=VERTEX_POINT('',#14906);
#3876=VERTEX_POINT('',#14923);
#3877=VERTEX_POINT('',#14940);
#3878=VERTEX_POINT('',#14957);
#3879=VERTEX_POINT('',#14974);
#3880=VERTEX_POINT('',#14991);
#3881=VERTEX_POINT('',#15008);
#3882=VERTEX_POINT('',#15031);
#3883=VERTEX_POINT('',#15032);
#3884=VERTEX_POINT('',#15038);
#3885=VERTEX_POINT('',#15044);
#3886=VERTEX_POINT('',#15050);
#3887=VERTEX_POINT('',#15056);
#3888=VERTEX_POINT('',#15062);
#3889=VERTEX_POINT('',#15068);
#3890=VERTEX_POINT('',#15074);
#3891=VERTEX_POINT('',#15080);
#3892=VERTEX_POINT('',#15086);
#3893=VERTEX_POINT('',#15097);
#3894=VERTEX_POINT('',#15098);
#3895=VERTEX_POINT('',#15104);
#3896=VERTEX_POINT('',#15110);
#3897=VERTEX_POINT('',#15116);
#3898=VERTEX_POINT('',#15122);
#3899=VERTEX_POINT('',#15128);
#3900=VERTEX_POINT('',#15134);
#3901=VERTEX_POINT('',#15140);
#3902=VERTEX_POINT('',#15161);
#3903=VERTEX_POINT('',#15163);
#3904=VERTEX_POINT('',#15180);
#3905=VERTEX_POINT('',#15197);
#3906=VERTEX_POINT('',#15214);
#3907=VERTEX_POINT('',#15231);
#3908=VERTEX_POINT('',#15248);
#3909=VERTEX_POINT('',#15265);
#3910=VERTEX_POINT('',#15282);
#3911=VERTEX_POINT('',#15299);
#3912=VERTEX_POINT('',#15316);
#3913=VERTEX_POINT('',#15348);
#3914=VERTEX_POINT('',#15350);
#3915=VERTEX_POINT('',#15367);
#3916=VERTEX_POINT('',#15384);
#3917=VERTEX_POINT('',#15401);
#3918=VERTEX_POINT('',#15418);
#3919=VERTEX_POINT('',#15435);
#3920=VERTEX_POINT('',#15452);
#3921=VERTEX_POINT('',#15469);
#3922=VERTEX_POINT('',#15495);
#3923=VERTEX_POINT('',#15496);
#3924=VERTEX_POINT('',#15498);
#3925=VERTEX_POINT('',#15500);
#3926=VERTEX_POINT('',#15506);
#3927=VERTEX_POINT('',#15508);
#3928=VERTEX_POINT('',#15510);
#3929=VERTEX_POINT('',#15512);
#3930=VERTEX_POINT('',#15514);
#3931=VERTEX_POINT('',#15516);
#3932=VERTEX_POINT('',#15518);
#3933=VERTEX_POINT('',#15524);
#3934=VERTEX_POINT('',#15526);
#3935=VERTEX_POINT('',#15530);
#3936=VERTEX_POINT('',#15532);
#3937=VERTEX_POINT('',#15536);
#3938=VERTEX_POINT('',#15549);
#3939=VERTEX_POINT('',#15557);
#3940=VERTEX_POINT('',#15561);
#3941=VERTEX_POINT('',#15565);
#3942=VERTEX_POINT('',#15569);
#3943=VERTEX_POINT('',#15573);
#3944=VERTEX_POINT('',#15577);
#3945=VERTEX_POINT('',#15590);
#3946=VERTEX_POINT('',#15598);
#3947=VERTEX_POINT('',#15602);
#3948=VERTEX_POINT('',#15608);
#3949=VERTEX_POINT('',#15609);
#3950=VERTEX_POINT('',#15615);
#3951=VERTEX_POINT('',#15621);
#3952=VERTEX_POINT('',#15627);
#3953=VERTEX_POINT('',#15633);
#3954=VERTEX_POINT('',#15639);
#3955=VERTEX_POINT('',#15645);
#3956=VERTEX_POINT('',#15651);
#3957=VERTEX_POINT('',#15657);
#3958=VERTEX_POINT('',#15663);
#3959=VERTEX_POINT('',#15669);
#3960=VERTEX_POINT('',#15675);
#3961=VERTEX_POINT('',#15677);
#3962=VERTEX_POINT('',#15680);
#3963=VERTEX_POINT('',#15681);
#3964=VERTEX_POINT('',#15683);
#3965=VERTEX_POINT('',#15689);
#3966=VERTEX_POINT('',#15695);
#3967=VERTEX_POINT('',#15701);
#3968=VERTEX_POINT('',#15707);
#3969=VERTEX_POINT('',#15713);
#3970=VERTEX_POINT('',#15719);
#3971=VERTEX_POINT('',#15725);
#3972=VERTEX_POINT('',#15728);
#3973=VERTEX_POINT('',#15729);
#3974=VERTEX_POINT('',#15731);
#3975=VERTEX_POINT('',#15737);
#3976=VERTEX_POINT('',#15743);
#3977=VERTEX_POINT('',#15749);
#3978=VERTEX_POINT('',#15755);
#3979=VERTEX_POINT('',#15761);
#3980=VERTEX_POINT('',#15767);
#3981=VERTEX_POINT('',#15780);
#3982=VERTEX_POINT('',#15782);
#3983=VERTEX_POINT('',#15799);
#3984=VERTEX_POINT('',#15816);
#3985=VERTEX_POINT('',#15833);
#3986=VERTEX_POINT('',#15850);
#3987=VERTEX_POINT('',#15867);
#3988=VERTEX_POINT('',#15884);
#3989=VERTEX_POINT('',#15901);
#3990=VERTEX_POINT('',#15918);
#3991=VERTEX_POINT('',#15935);
#3992=VERTEX_POINT('',#15952);
#3993=VERTEX_POINT('',#15960);
#3994=VERTEX_POINT('',#15964);
#3995=VERTEX_POINT('',#15970);
#3996=VERTEX_POINT('',#15972);
#3997=VERTEX_POINT('',#15985);
#3998=VERTEX_POINT('',#16002);
#3999=VERTEX_POINT('',#16019);
#4000=VERTEX_POINT('',#16036);
#4001=VERTEX_POINT('',#16053);
#4002=VERTEX_POINT('',#16070);
#4003=VERTEX_POINT('',#16087);
#4004=VERTEX_POINT('',#16095);
#4005=VERTEX_POINT('',#16101);
#4006=VERTEX_POINT('',#16103);
#4007=VERTEX_POINT('',#16116);
#4008=VERTEX_POINT('',#16133);
#4009=VERTEX_POINT('',#16150);
#4010=VERTEX_POINT('',#16167);
#4011=VERTEX_POINT('',#16184);
#4012=VERTEX_POINT('',#16201);
#4013=VERTEX_POINT('',#16209);
#4014=VERTEX_POINT('',#16215);
#4015=VERTEX_POINT('',#16217);
#4016=VERTEX_POINT('',#16220);
#4017=VERTEX_POINT('',#16224);
#4018=VERTEX_POINT('',#16228);
#4019=VERTEX_POINT('',#16229);
#4020=VERTEX_POINT('',#16231);
#4021=VERTEX_POINT('',#16233);
#4022=VERTEX_POINT('',#16239);
#4023=VERTEX_POINT('',#16241);
#4024=VERTEX_POINT('',#16243);
#4025=VERTEX_POINT('',#16245);
#4026=VERTEX_POINT('',#16247);
#4027=VERTEX_POINT('',#16249);
#4028=VERTEX_POINT('',#16251);
#4029=VERTEX_POINT('',#16257);
#4030=VERTEX_POINT('',#16259);
#4031=VERTEX_POINT('',#16263);
#4032=VERTEX_POINT('',#16265);
#4033=VERTEX_POINT('',#16269);
#4034=VERTEX_POINT('',#16282);
#4035=VERTEX_POINT('',#16290);
#4036=VERTEX_POINT('',#16294);
#4037=VERTEX_POINT('',#16298);
#4038=VERTEX_POINT('',#16302);
#4039=VERTEX_POINT('',#16306);
#4040=VERTEX_POINT('',#16310);
#4041=VERTEX_POINT('',#16323);
#4042=VERTEX_POINT('',#16331);
#4043=VERTEX_POINT('',#16335);
#4044=VERTEX_POINT('',#16344);
#4045=VERTEX_POINT('',#16345);
#4046=VERTEX_POINT('',#16352);
#4047=VERTEX_POINT('',#16354);
#4048=VERTEX_POINT('',#16356);
#4049=VERTEX_POINT('',#16360);
#4050=VERTEX_POINT('',#16361);
#4051=VERTEX_POINT('',#16366);
#4052=VERTEX_POINT('',#16368);
#4053=VERTEX_POINT('',#16370);
#4054=VERTEX_POINT('',#16379);
#4055=VERTEX_POINT('',#16380);
#4056=VERTEX_POINT('',#16385);
#4057=VERTEX_POINT('',#16387);
#4058=VERTEX_POINT('',#16389);
#4059=VERTEX_POINT('',#16393);
#4060=VERTEX_POINT('',#16395);
#4061=VERTEX_POINT('',#16399);
#4062=VERTEX_POINT('',#16403);
#4063=VERTEX_POINT('',#16410);
#4064=VERTEX_POINT('',#16414);
#4065=VERTEX_POINT('',#16416);
#4066=VERTEX_POINT('',#16420);
#4067=VERTEX_POINT('',#16422);
#4068=VERTEX_POINT('',#16426);
#4069=VERTEX_POINT('',#16428);
#4070=VERTEX_POINT('',#16430);
#4071=VERTEX_POINT('',#16433);
#4072=VERTEX_POINT('',#16435);
#4073=VERTEX_POINT('',#16437);
#4074=VERTEX_POINT('',#16440);
#4075=VERTEX_POINT('',#16442);
#4076=VERTEX_POINT('',#16444);
#4077=VERTEX_POINT('',#16446);
#4078=VERTEX_POINT('',#16448);
#4079=VERTEX_POINT('',#16449);
#4080=VERTEX_POINT('',#16451);
#4081=VERTEX_POINT('',#16453);
#4082=VERTEX_POINT('',#16455);
#4083=VERTEX_POINT('',#16457);
#4084=VERTEX_POINT('',#16459);
#4085=VERTEX_POINT('',#16461);
#4086=VERTEX_POINT('',#16463);
#4087=VERTEX_POINT('',#16465);
#4088=VERTEX_POINT('',#16467);
#4089=VERTEX_POINT('',#16469);
#4090=VERTEX_POINT('',#16473);
#4091=VERTEX_POINT('',#16477);
#4092=VERTEX_POINT('',#16481);
#4093=VERTEX_POINT('',#16483);
#4094=VERTEX_POINT('',#16508);
#4095=VERTEX_POINT('',#16526);
#4096=VERTEX_POINT('',#16528);
#4097=VERTEX_POINT('',#16530);
#4098=VERTEX_POINT('',#16532);
#4099=VERTEX_POINT('',#16574);
#4100=VERTEX_POINT('',#16589);
#4101=VERTEX_POINT('',#16603);
#4102=VERTEX_POINT('',#16607);
#4103=VERTEX_POINT('',#16608);
#4104=VERTEX_POINT('',#16619);
#4105=VERTEX_POINT('',#16621);
#4106=VERTEX_POINT('',#16626);
#4107=VERTEX_POINT('',#16627);
#4108=VERTEX_POINT('',#16636);
#4109=VERTEX_POINT('',#16644);
#4110=VERTEX_POINT('',#16646);
#4111=VERTEX_POINT('',#16693);
#4112=VERTEX_POINT('',#16745);
#4113=VERTEX_POINT('',#16749);
#4114=VERTEX_POINT('',#16753);
#4115=VERTEX_POINT('',#16754);
#4116=VERTEX_POINT('',#16756);
#4117=VERTEX_POINT('',#16758);
#4118=VERTEX_POINT('',#16762);
#4119=VERTEX_POINT('',#16766);
#4120=VERTEX_POINT('',#16774);
#4121=VERTEX_POINT('',#16779);
#4122=VERTEX_POINT('',#16784);
#4123=VERTEX_POINT('',#16789);
#4124=VERTEX_POINT('',#16794);
#4125=VERTEX_POINT('',#16795);
#4126=VERTEX_POINT('',#16800);
#4127=VERTEX_POINT('',#16801);
#4128=VERTEX_POINT('',#16806);
#4129=VERTEX_POINT('',#16810);
#4130=VERTEX_POINT('',#16814);
#4131=VERTEX_POINT('',#16815);
#4132=VERTEX_POINT('',#16820);
#4133=VERTEX_POINT('',#16828);
#4134=VERTEX_POINT('',#16830);
#4135=VERTEX_POINT('',#16832);
#4136=VERTEX_POINT('',#16835);
#4137=VERTEX_POINT('',#16836);
#4138=VERTEX_POINT('',#16838);
#4139=VERTEX_POINT('',#16840);
#4140=EDGE_CURVE('',#3300,#3301,#1804,.T.);
#4141=EDGE_CURVE('',#3302,#3300,#1805,.T.);
#4142=EDGE_CURVE('',#3303,#3302,#1336,.T.);
#4143=EDGE_CURVE('',#3304,#3303,#1337,.T.);
#4144=EDGE_CURVE('',#3305,#3304,#1338,.T.);
#4145=EDGE_CURVE('',#3306,#3305,#1339,.T.);
#4146=EDGE_CURVE('',#3307,#3306,#1340,.T.);
#4147=EDGE_CURVE('',#3308,#3307,#1341,.T.);
#4148=EDGE_CURVE('',#3309,#3308,#1806,.T.);
#4149=EDGE_CURVE('',#3310,#3309,#1807,.T.);
#4150=EDGE_CURVE('',#3301,#3310,#1808,.T.);
#4151=EDGE_CURVE('',#3311,#3312,#1809,.T.);
#4152=EDGE_CURVE('',#3313,#3311,#1342,.T.);
#4153=EDGE_CURVE('',#3314,#3313,#1343,.T.);
#4154=EDGE_CURVE('',#3315,#3314,#1344,.T.);
#4155=EDGE_CURVE('',#3316,#3315,#1345,.T.);
#4156=EDGE_CURVE('',#3317,#3316,#1346,.T.);
#4157=EDGE_CURVE('',#3318,#3317,#1810,.T.);
#4158=EDGE_CURVE('',#3312,#3318,#1811,.T.);
#4159=EDGE_CURVE('',#3301,#3319,#1812,.T.);
#4160=EDGE_CURVE('',#3320,#3319,#1813,.T.);
#4161=EDGE_CURVE('',#3300,#3320,#1814,.T.);
#4162=EDGE_CURVE('',#3321,#3320,#1815,.T.);
#4163=EDGE_CURVE('',#3302,#3321,#1816,.T.);
#4164=EDGE_CURVE('',#3322,#3321,#1347,.T.);
#4165=EDGE_CURVE('',#3303,#3322,#1817,.T.);
#4166=EDGE_CURVE('',#3323,#3322,#1348,.T.);
#4167=EDGE_CURVE('',#3304,#3323,#1818,.T.);
#4168=EDGE_CURVE('',#3324,#3323,#1349,.T.);
#4169=EDGE_CURVE('',#3305,#3324,#1819,.T.);
#4170=EDGE_CURVE('',#3325,#3324,#1350,.T.);
#4171=EDGE_CURVE('',#3306,#3325,#1820,.T.);
#4172=EDGE_CURVE('',#3326,#3325,#1351,.T.);
#4173=EDGE_CURVE('',#3307,#3326,#1821,.T.);
#4174=EDGE_CURVE('',#3327,#3326,#1352,.T.);
#4175=EDGE_CURVE('',#3308,#3327,#1822,.T.);
#4176=EDGE_CURVE('',#3328,#3327,#1823,.T.);
#4177=EDGE_CURVE('',#3309,#3328,#1824,.T.);
#4178=EDGE_CURVE('',#3329,#3328,#1825,.T.);
#4179=EDGE_CURVE('',#3310,#3329,#1826,.T.);
#4180=EDGE_CURVE('',#3319,#3329,#1827,.T.);
#4181=EDGE_CURVE('',#3312,#3330,#1828,.T.);
#4182=EDGE_CURVE('',#3331,#3330,#1829,.T.);
#4183=EDGE_CURVE('',#3311,#3331,#1830,.T.);
#4184=EDGE_CURVE('',#3332,#3331,#1353,.T.);
#4185=EDGE_CURVE('',#3313,#3332,#1831,.T.);
#4186=EDGE_CURVE('',#3333,#3332,#1354,.T.);
#4187=EDGE_CURVE('',#3314,#3333,#1832,.T.);
#4188=EDGE_CURVE('',#3334,#3333,#1355,.T.);
#4189=EDGE_CURVE('',#3315,#3334,#1833,.T.);
#4190=EDGE_CURVE('',#3335,#3334,#1356,.T.);
#4191=EDGE_CURVE('',#3316,#3335,#1834,.T.);
#4192=EDGE_CURVE('',#3336,#3335,#1357,.T.);
#4193=EDGE_CURVE('',#3317,#3336,#1835,.T.);
#4194=EDGE_CURVE('',#3337,#3336,#1836,.T.);
#4195=EDGE_CURVE('',#3318,#3337,#1837,.T.);
#4196=EDGE_CURVE('',#3330,#3337,#1838,.T.);
#4197=EDGE_CURVE('',#3338,#3339,#1839,.T.);
#4198=EDGE_CURVE('',#3340,#3338,#1840,.T.);
#4199=EDGE_CURVE('',#3341,#3340,#1841,.T.);
#4200=EDGE_CURVE('',#3342,#3341,#1842,.T.);
#4201=EDGE_CURVE('',#3343,#3342,#1843,.T.);
#4202=EDGE_CURVE('',#3344,#3343,#1844,.T.);
#4203=EDGE_CURVE('',#3345,#3344,#1845,.T.);
#4204=EDGE_CURVE('',#3339,#3345,#1846,.T.);
#4205=EDGE_CURVE('',#3346,#3347,#1358,.T.);
#4206=EDGE_CURVE('',#3348,#3346,#1359,.T.);
#4207=EDGE_CURVE('',#3349,#3348,#1847,.T.);
#4208=EDGE_CURVE('',#3350,#3349,#1848,.T.);
#4209=EDGE_CURVE('',#3347,#3350,#1849,.T.);
#4210=EDGE_CURVE('',#3339,#3351,#1850,.T.);
#4211=EDGE_CURVE('',#3352,#3351,#1851,.T.);
#4212=EDGE_CURVE('',#3338,#3352,#1852,.T.);
#4213=EDGE_CURVE('',#3353,#3352,#1853,.T.);
#4214=EDGE_CURVE('',#3340,#3353,#1854,.T.);
#4215=EDGE_CURVE('',#3354,#3353,#1855,.T.);
#4216=EDGE_CURVE('',#3341,#3354,#1856,.T.);
#4217=EDGE_CURVE('',#3355,#3354,#1857,.T.);
#4218=EDGE_CURVE('',#3342,#3355,#1858,.T.);
#4219=EDGE_CURVE('',#3356,#3355,#1859,.T.);
#4220=EDGE_CURVE('',#3343,#3356,#1860,.T.);
#4221=EDGE_CURVE('',#3357,#3356,#1861,.T.);
#4222=EDGE_CURVE('',#3344,#3357,#1862,.T.);
#4223=EDGE_CURVE('',#3358,#3357,#1863,.T.);
#4224=EDGE_CURVE('',#3345,#3358,#1864,.T.);
#4225=EDGE_CURVE('',#3351,#3358,#1865,.T.);
#4226=EDGE_CURVE('',#3347,#3359,#1866,.T.);
#4227=EDGE_CURVE('',#3360,#3359,#1360,.T.);
#4228=EDGE_CURVE('',#3346,#3360,#1867,.T.);
#4229=EDGE_CURVE('',#3361,#3360,#1361,.T.);
#4230=EDGE_CURVE('',#3348,#3361,#1868,.T.);
#4231=EDGE_CURVE('',#3362,#3361,#1869,.T.);
#4232=EDGE_CURVE('',#3349,#3362,#1870,.T.);
#4233=EDGE_CURVE('',#3363,#3362,#1871,.T.);
#4234=EDGE_CURVE('',#3350,#3363,#1872,.T.);
#4235=EDGE_CURVE('',#3359,#3363,#1873,.T.);
#4236=EDGE_CURVE('',#3364,#3365,#1362,.T.);
#4237=EDGE_CURVE('',#3366,#3364,#1363,.T.);
#4238=EDGE_CURVE('',#3367,#3366,#1364,.T.);
#4239=EDGE_CURVE('',#3368,#3367,#1365,.T.);
#4240=EDGE_CURVE('',#3369,#3368,#1366,.T.);
#4241=EDGE_CURVE('',#3370,#3369,#1367,.T.);
#4242=EDGE_CURVE('',#3371,#3370,#1368,.T.);
#4243=EDGE_CURVE('',#3372,#3371,#1369,.T.);
#4244=EDGE_CURVE('',#3373,#3372,#1370,.T.);
#4245=EDGE_CURVE('',#3374,#3373,#1371,.T.);
#4246=EDGE_CURVE('',#3375,#3374,#1372,.T.);
#4247=EDGE_CURVE('',#3376,#3375,#1373,.T.);
#4248=EDGE_CURVE('',#3377,#3376,#1374,.T.);
#4249=EDGE_CURVE('',#3378,#3377,#1375,.T.);
#4250=EDGE_CURVE('',#3379,#3378,#1874,.T.);
#4251=EDGE_CURVE('',#3380,#3379,#1376,.T.);
#4252=EDGE_CURVE('',#3381,#3380,#1377,.T.);
#4253=EDGE_CURVE('',#3382,#3381,#1378,.T.);
#4254=EDGE_CURVE('',#3383,#3382,#1379,.T.);
#4255=EDGE_CURVE('',#3384,#3383,#1380,.T.);
#4256=EDGE_CURVE('',#3385,#3384,#1381,.T.);
#4257=EDGE_CURVE('',#3386,#3385,#1382,.T.);
#4258=EDGE_CURVE('',#3387,#3386,#1383,.T.);
#4259=EDGE_CURVE('',#3388,#3387,#1384,.T.);
#4260=EDGE_CURVE('',#3389,#3388,#1385,.T.);
#4261=EDGE_CURVE('',#3390,#3389,#1386,.T.);
#4262=EDGE_CURVE('',#3391,#3390,#1387,.T.);
#4263=EDGE_CURVE('',#3392,#3391,#1388,.T.);
#4264=EDGE_CURVE('',#3393,#3392,#1389,.T.);
#4265=EDGE_CURVE('',#3394,#3393,#1390,.T.);
#4266=EDGE_CURVE('',#3395,#3394,#1391,.T.);
#4267=EDGE_CURVE('',#3396,#3395,#1392,.T.);
#4268=EDGE_CURVE('',#3397,#3396,#1393,.T.);
#4269=EDGE_CURVE('',#3398,#3397,#1875,.T.);
#4270=EDGE_CURVE('',#3365,#3398,#1394,.T.);
#4271=EDGE_CURVE('',#3365,#3399,#1876,.T.);
#4272=EDGE_CURVE('',#3400,#3399,#1395,.T.);
#4273=EDGE_CURVE('',#3364,#3400,#1877,.T.);
#4274=EDGE_CURVE('',#3401,#3400,#1396,.T.);
#4275=EDGE_CURVE('',#3366,#3401,#1878,.T.);
#4276=EDGE_CURVE('',#3402,#3401,#1397,.T.);
#4277=EDGE_CURVE('',#3367,#3402,#1879,.T.);
#4278=EDGE_CURVE('',#3403,#3402,#1398,.T.);
#4279=EDGE_CURVE('',#3368,#3403,#1880,.T.);
#4280=EDGE_CURVE('',#3404,#3403,#1399,.T.);
#4281=EDGE_CURVE('',#3369,#3404,#1881,.T.);
#4282=EDGE_CURVE('',#3405,#3404,#1400,.T.);
#4283=EDGE_CURVE('',#3370,#3405,#1882,.T.);
#4284=EDGE_CURVE('',#3406,#3405,#1401,.T.);
#4285=EDGE_CURVE('',#3371,#3406,#1883,.T.);
#4286=EDGE_CURVE('',#3407,#3406,#1402,.T.);
#4287=EDGE_CURVE('',#3372,#3407,#1884,.T.);
#4288=EDGE_CURVE('',#3408,#3407,#1403,.T.);
#4289=EDGE_CURVE('',#3373,#3408,#1885,.T.);
#4290=EDGE_CURVE('',#3409,#3408,#1404,.T.);
#4291=EDGE_CURVE('',#3374,#3409,#1886,.T.);
#4292=EDGE_CURVE('',#3410,#3409,#1405,.T.);
#4293=EDGE_CURVE('',#3375,#3410,#1887,.T.);
#4294=EDGE_CURVE('',#3411,#3410,#1406,.T.);
#4295=EDGE_CURVE('',#3376,#3411,#1888,.T.);
#4296=EDGE_CURVE('',#3412,#3411,#1407,.T.);
#4297=EDGE_CURVE('',#3377,#3412,#1889,.T.);
#4298=EDGE_CURVE('',#3413,#3412,#1408,.T.);
#4299=EDGE_CURVE('',#3378,#3413,#1890,.T.);
#4300=EDGE_CURVE('',#3414,#3413,#1891,.T.);
#4301=EDGE_CURVE('',#3379,#3414,#1892,.T.);
#4302=EDGE_CURVE('',#3415,#3414,#1409,.T.);
#4303=EDGE_CURVE('',#3380,#3415,#1893,.T.);
#4304=EDGE_CURVE('',#3416,#3415,#1410,.T.);
#4305=EDGE_CURVE('',#3381,#3416,#1894,.T.);
#4306=EDGE_CURVE('',#3417,#3416,#1411,.T.);
#4307=EDGE_CURVE('',#3382,#3417,#1895,.T.);
#4308=EDGE_CURVE('',#3418,#3417,#1412,.T.);
#4309=EDGE_CURVE('',#3383,#3418,#1896,.T.);
#4310=EDGE_CURVE('',#3419,#3418,#1413,.T.);
#4311=EDGE_CURVE('',#3384,#3419,#1897,.T.);
#4312=EDGE_CURVE('',#3420,#3419,#1414,.T.);
#4313=EDGE_CURVE('',#3385,#3420,#1898,.T.);
#4314=EDGE_CURVE('',#3421,#3420,#1415,.T.);
#4315=EDGE_CURVE('',#3386,#3421,#1899,.T.);
#4316=EDGE_CURVE('',#3422,#3421,#1416,.T.);
#4317=EDGE_CURVE('',#3387,#3422,#1900,.T.);
#4318=EDGE_CURVE('',#3423,#3422,#1417,.T.);
#4319=EDGE_CURVE('',#3388,#3423,#1901,.T.);
#4320=EDGE_CURVE('',#3424,#3423,#1418,.T.);
#4321=EDGE_CURVE('',#3389,#3424,#1902,.T.);
#4322=EDGE_CURVE('',#3425,#3424,#1419,.T.);
#4323=EDGE_CURVE('',#3390,#3425,#1903,.T.);
#4324=EDGE_CURVE('',#3426,#3425,#1420,.T.);
#4325=EDGE_CURVE('',#3391,#3426,#1904,.T.);
#4326=EDGE_CURVE('',#3427,#3426,#1421,.T.);
#4327=EDGE_CURVE('',#3392,#3427,#1905,.T.);
#4328=EDGE_CURVE('',#3428,#3427,#1422,.T.);
#4329=EDGE_CURVE('',#3393,#3428,#1906,.T.);
#4330=EDGE_CURVE('',#3429,#3428,#1423,.T.);
#4331=EDGE_CURVE('',#3394,#3429,#1907,.T.);
#4332=EDGE_CURVE('',#3430,#3429,#1424,.T.);
#4333=EDGE_CURVE('',#3395,#3430,#1908,.T.);
#4334=EDGE_CURVE('',#3431,#3430,#1425,.T.);
#4335=EDGE_CURVE('',#3396,#3431,#1909,.T.);
#4336=EDGE_CURVE('',#3432,#3431,#1426,.T.);
#4337=EDGE_CURVE('',#3397,#3432,#1910,.T.);
#4338=EDGE_CURVE('',#3433,#3432,#1911,.T.);
#4339=EDGE_CURVE('',#3398,#3433,#1912,.T.);
#4340=EDGE_CURVE('',#3399,#3433,#1427,.T.);
#4341=EDGE_CURVE('',#3434,#3435,#1913,.T.);
#4342=EDGE_CURVE('',#3436,#3434,#1914,.T.);
#4343=EDGE_CURVE('',#3437,#3436,#1428,.T.);
#4344=EDGE_CURVE('',#3438,#3437,#1429,.T.);
#4345=EDGE_CURVE('',#3439,#3438,#1430,.T.);
#4346=EDGE_CURVE('',#3440,#3439,#1431,.T.);
#4347=EDGE_CURVE('',#3441,#3440,#1915,.T.);
#4348=EDGE_CURVE('',#3442,#3441,#1916,.T.);
#4349=EDGE_CURVE('',#3443,#3442,#1917,.T.);
#4350=EDGE_CURVE('',#3444,#3443,#1432,.T.);
#4351=EDGE_CURVE('',#3445,#3444,#1433,.T.);
#4352=EDGE_CURVE('',#3446,#3445,#1434,.T.);
#4353=EDGE_CURVE('',#3447,#3446,#1435,.T.);
#4354=EDGE_CURVE('',#3448,#3447,#1436,.T.);
#4355=EDGE_CURVE('',#3449,#3448,#1437,.T.);
#4356=EDGE_CURVE('',#3450,#3449,#1438,.T.);
#4357=EDGE_CURVE('',#3451,#3450,#1918,.T.);
#4358=EDGE_CURVE('',#3452,#3451,#1919,.T.);
#4359=EDGE_CURVE('',#3435,#3452,#1920,.T.);
#4360=EDGE_CURVE('',#3453,#3454,#1921,.T.);
#4361=EDGE_CURVE('',#3455,#3453,#1439,.T.);
#4362=EDGE_CURVE('',#3456,#3455,#1440,.T.);
#4363=EDGE_CURVE('',#3457,#3456,#1441,.T.);
#4364=EDGE_CURVE('',#3458,#3457,#1442,.T.);
#4365=EDGE_CURVE('',#3459,#3458,#1443,.T.);
#4366=EDGE_CURVE('',#3460,#3459,#1922,.T.);
#4367=EDGE_CURVE('',#3454,#3460,#1923,.T.);
#4368=EDGE_CURVE('',#3435,#3461,#1924,.T.);
#4369=EDGE_CURVE('',#3462,#3461,#1925,.T.);
#4370=EDGE_CURVE('',#3434,#3462,#1926,.T.);
#4371=EDGE_CURVE('',#3463,#3462,#1927,.T.);
#4372=EDGE_CURVE('',#3436,#3463,#1928,.T.);
#4373=EDGE_CURVE('',#3464,#3463,#1444,.T.);
#4374=EDGE_CURVE('',#3437,#3464,#1929,.T.);
#4375=EDGE_CURVE('',#3465,#3464,#1445,.T.);
#4376=EDGE_CURVE('',#3438,#3465,#1930,.T.);
#4377=EDGE_CURVE('',#3466,#3465,#1446,.T.);
#4378=EDGE_CURVE('',#3439,#3466,#1931,.T.);
#4379=EDGE_CURVE('',#3467,#3466,#1447,.T.);
#4380=EDGE_CURVE('',#3440,#3467,#1932,.T.);
#4381=EDGE_CURVE('',#3468,#3467,#1933,.T.);
#4382=EDGE_CURVE('',#3441,#3468,#1934,.T.);
#4383=EDGE_CURVE('',#3469,#3468,#1935,.T.);
#4384=EDGE_CURVE('',#3442,#3469,#1936,.T.);
#4385=EDGE_CURVE('',#3470,#3469,#1937,.T.);
#4386=EDGE_CURVE('',#3443,#3470,#1938,.T.);
#4387=EDGE_CURVE('',#3471,#3470,#1448,.T.);
#4388=EDGE_CURVE('',#3444,#3471,#1939,.T.);
#4389=EDGE_CURVE('',#3472,#3471,#1449,.T.);
#4390=EDGE_CURVE('',#3445,#3472,#1940,.T.);
#4391=EDGE_CURVE('',#3473,#3472,#1450,.T.);
#4392=EDGE_CURVE('',#3446,#3473,#1941,.T.);
#4393=EDGE_CURVE('',#3474,#3473,#1451,.T.);
#4394=EDGE_CURVE('',#3447,#3474,#1942,.T.);
#4395=EDGE_CURVE('',#3475,#3474,#1452,.T.);
#4396=EDGE_CURVE('',#3448,#3475,#1943,.T.);
#4397=EDGE_CURVE('',#3476,#3475,#1453,.T.);
#4398=EDGE_CURVE('',#3449,#3476,#1944,.T.);
#4399=EDGE_CURVE('',#3477,#3476,#1454,.T.);
#4400=EDGE_CURVE('',#3450,#3477,#1945,.T.);
#4401=EDGE_CURVE('',#3478,#3477,#1946,.T.);
#4402=EDGE_CURVE('',#3451,#3478,#1947,.T.);
#4403=EDGE_CURVE('',#3479,#3478,#1948,.T.);
#4404=EDGE_CURVE('',#3452,#3479,#1949,.T.);
#4405=EDGE_CURVE('',#3461,#3479,#1950,.T.);
#4406=EDGE_CURVE('',#3454,#3480,#1951,.T.);
#4407=EDGE_CURVE('',#3481,#3480,#1952,.T.);
#4408=EDGE_CURVE('',#3453,#3481,#1953,.T.);
#4409=EDGE_CURVE('',#3482,#3481,#1455,.T.);
#4410=EDGE_CURVE('',#3455,#3482,#1954,.T.);
#4411=EDGE_CURVE('',#3483,#3482,#1456,.T.);
#4412=EDGE_CURVE('',#3456,#3483,#1955,.T.);
#4413=EDGE_CURVE('',#3484,#3483,#1457,.T.);
#4414=EDGE_CURVE('',#3457,#3484,#1956,.T.);
#4415=EDGE_CURVE('',#3485,#3484,#1458,.T.);
#4416=EDGE_CURVE('',#3458,#3485,#1957,.T.);
#4417=EDGE_CURVE('',#3486,#3485,#1459,.T.);
#4418=EDGE_CURVE('',#3459,#3486,#1958,.T.);
#4419=EDGE_CURVE('',#3487,#3486,#1959,.T.);
#4420=EDGE_CURVE('',#3460,#3487,#1960,.T.);
#4421=EDGE_CURVE('',#3480,#3487,#1961,.T.);
#4422=EDGE_CURVE('',#3488,#3489,#1962,.T.);
#4423=EDGE_CURVE('',#3490,#3488,#1963,.T.);
#4424=EDGE_CURVE('',#3491,#3490,#1964,.T.);
#4425=EDGE_CURVE('',#3492,#3491,#1965,.T.);
#4426=EDGE_CURVE('',#3493,#3492,#1966,.T.);
#4427=EDGE_CURVE('',#3494,#3493,#1967,.T.);
#4428=EDGE_CURVE('',#3495,#3494,#1968,.T.);
#4429=EDGE_CURVE('',#3489,#3495,#1969,.T.);
#4430=EDGE_CURVE('',#3489,#3496,#1970,.T.);
#4431=EDGE_CURVE('',#3497,#3496,#1971,.T.);
#4432=EDGE_CURVE('',#3488,#3497,#1972,.T.);
#4433=EDGE_CURVE('',#3498,#3497,#1973,.T.);
#4434=EDGE_CURVE('',#3490,#3498,#1974,.T.);
#4435=EDGE_CURVE('',#3499,#3498,#1975,.T.);
#4436=EDGE_CURVE('',#3491,#3499,#1976,.T.);
#4437=EDGE_CURVE('',#3500,#3499,#1977,.T.);
#4438=EDGE_CURVE('',#3492,#3500,#1978,.T.);
#4439=EDGE_CURVE('',#3501,#3500,#1979,.T.);
#4440=EDGE_CURVE('',#3493,#3501,#1980,.T.);
#4441=EDGE_CURVE('',#3502,#3501,#1981,.T.);
#4442=EDGE_CURVE('',#3494,#3502,#1982,.T.);
#4443=EDGE_CURVE('',#3503,#3502,#1983,.T.);
#4444=EDGE_CURVE('',#3495,#3503,#1984,.T.);
#4445=EDGE_CURVE('',#3496,#3503,#1985,.T.);
#4446=EDGE_CURVE('',#3504,#3505,#1986,.T.);
#4447=EDGE_CURVE('',#3506,#3504,#1987,.T.);
#4448=EDGE_CURVE('',#3507,#3506,#1460,.T.);
#4449=EDGE_CURVE('',#3508,#3507,#1461,.T.);
#4450=EDGE_CURVE('',#3509,#3508,#1462,.T.);
#4451=EDGE_CURVE('',#3510,#3509,#1463,.T.);
#4452=EDGE_CURVE('',#3511,#3510,#1464,.T.);
#4453=EDGE_CURVE('',#3512,#3511,#1465,.T.);
#4454=EDGE_CURVE('',#3513,#3512,#1988,.T.);
#4455=EDGE_CURVE('',#3514,#3513,#1989,.T.);
#4456=EDGE_CURVE('',#3505,#3514,#1990,.T.);
#4457=EDGE_CURVE('',#3515,#3516,#1991,.T.);
#4458=EDGE_CURVE('',#3517,#3515,#1466,.T.);
#4459=EDGE_CURVE('',#3518,#3517,#1467,.T.);
#4460=EDGE_CURVE('',#3519,#3518,#1468,.T.);
#4461=EDGE_CURVE('',#3520,#3519,#1469,.T.);
#4462=EDGE_CURVE('',#3521,#3520,#1470,.T.);
#4463=EDGE_CURVE('',#3522,#3521,#1992,.T.);
#4464=EDGE_CURVE('',#3516,#3522,#1993,.T.);
#4465=EDGE_CURVE('',#3505,#3523,#1994,.T.);
#4466=EDGE_CURVE('',#3524,#3523,#1995,.T.);
#4467=EDGE_CURVE('',#3504,#3524,#1996,.T.);
#4468=EDGE_CURVE('',#3525,#3524,#1997,.T.);
#4469=EDGE_CURVE('',#3506,#3525,#1998,.T.);
#4470=EDGE_CURVE('',#3526,#3525,#1471,.T.);
#4471=EDGE_CURVE('',#3507,#3526,#1999,.T.);
#4472=EDGE_CURVE('',#3527,#3526,#1472,.T.);
#4473=EDGE_CURVE('',#3508,#3527,#2000,.T.);
#4474=EDGE_CURVE('',#3528,#3527,#1473,.T.);
#4475=EDGE_CURVE('',#3509,#3528,#2001,.T.);
#4476=EDGE_CURVE('',#3529,#3528,#1474,.T.);
#4477=EDGE_CURVE('',#3510,#3529,#2002,.T.);
#4478=EDGE_CURVE('',#3530,#3529,#1475,.T.);
#4479=EDGE_CURVE('',#3511,#3530,#2003,.T.);
#4480=EDGE_CURVE('',#3531,#3530,#1476,.T.);
#4481=EDGE_CURVE('',#3512,#3531,#2004,.T.);
#4482=EDGE_CURVE('',#3532,#3531,#2005,.T.);
#4483=EDGE_CURVE('',#3513,#3532,#2006,.T.);
#4484=EDGE_CURVE('',#3533,#3532,#2007,.T.);
#4485=EDGE_CURVE('',#3514,#3533,#2008,.T.);
#4486=EDGE_CURVE('',#3523,#3533,#2009,.T.);
#4487=EDGE_CURVE('',#3516,#3534,#2010,.T.);
#4488=EDGE_CURVE('',#3535,#3534,#2011,.T.);
#4489=EDGE_CURVE('',#3515,#3535,#2012,.T.);
#4490=EDGE_CURVE('',#3536,#3535,#1477,.T.);
#4491=EDGE_CURVE('',#3517,#3536,#2013,.T.);
#4492=EDGE_CURVE('',#3537,#3536,#1478,.T.);
#4493=EDGE_CURVE('',#3518,#3537,#2014,.T.);
#4494=EDGE_CURVE('',#3538,#3537,#1479,.T.);
#4495=EDGE_CURVE('',#3519,#3538,#2015,.T.);
#4496=EDGE_CURVE('',#3539,#3538,#1480,.T.);
#4497=EDGE_CURVE('',#3520,#3539,#2016,.T.);
#4498=EDGE_CURVE('',#3540,#3539,#1481,.T.);
#4499=EDGE_CURVE('',#3521,#3540,#2017,.T.);
#4500=EDGE_CURVE('',#3541,#3540,#2018,.T.);
#4501=EDGE_CURVE('',#3522,#3541,#2019,.T.);
#4502=EDGE_CURVE('',#3534,#3541,#2020,.T.);
#4503=EDGE_CURVE('',#3542,#3543,#2021,.T.);
#4504=EDGE_CURVE('',#3544,#3542,#2022,.T.);
#4505=EDGE_CURVE('',#3545,#3544,#2023,.T.);
#4506=EDGE_CURVE('',#3546,#3545,#2024,.T.);
#4507=EDGE_CURVE('',#3547,#3546,#2025,.T.);
#4508=EDGE_CURVE('',#3548,#3547,#2026,.T.);
#4509=EDGE_CURVE('',#3549,#3548,#2027,.T.);
#4510=EDGE_CURVE('',#3543,#3549,#2028,.T.);
#4511=EDGE_CURVE('',#3550,#3551,#1482,.T.);
#4512=EDGE_CURVE('',#3552,#3550,#1483,.T.);
#4513=EDGE_CURVE('',#3553,#3552,#2029,.T.);
#4514=EDGE_CURVE('',#3554,#3553,#2030,.T.);
#4515=EDGE_CURVE('',#3551,#3554,#2031,.T.);
#4516=EDGE_CURVE('',#3543,#3555,#2032,.T.);
#4517=EDGE_CURVE('',#3556,#3555,#2033,.T.);
#4518=EDGE_CURVE('',#3542,#3556,#2034,.T.);
#4519=EDGE_CURVE('',#3557,#3556,#2035,.T.);
#4520=EDGE_CURVE('',#3544,#3557,#2036,.T.);
#4521=EDGE_CURVE('',#3558,#3557,#2037,.T.);
#4522=EDGE_CURVE('',#3545,#3558,#2038,.T.);
#4523=EDGE_CURVE('',#3559,#3558,#2039,.T.);
#4524=EDGE_CURVE('',#3546,#3559,#2040,.T.);
#4525=EDGE_CURVE('',#3560,#3559,#2041,.T.);
#4526=EDGE_CURVE('',#3547,#3560,#2042,.T.);
#4527=EDGE_CURVE('',#3561,#3560,#2043,.T.);
#4528=EDGE_CURVE('',#3548,#3561,#2044,.T.);
#4529=EDGE_CURVE('',#3562,#3561,#2045,.T.);
#4530=EDGE_CURVE('',#3549,#3562,#2046,.T.);
#4531=EDGE_CURVE('',#3555,#3562,#2047,.T.);
#4532=EDGE_CURVE('',#3551,#3563,#2048,.T.);
#4533=EDGE_CURVE('',#3564,#3563,#1484,.T.);
#4534=EDGE_CURVE('',#3550,#3564,#2049,.T.);
#4535=EDGE_CURVE('',#3565,#3564,#1485,.T.);
#4536=EDGE_CURVE('',#3552,#3565,#2050,.T.);
#4537=EDGE_CURVE('',#3566,#3565,#2051,.T.);
#4538=EDGE_CURVE('',#3553,#3566,#2052,.T.);
#4539=EDGE_CURVE('',#3567,#3566,#2053,.T.);
#4540=EDGE_CURVE('',#3554,#3567,#2054,.T.);
#4541=EDGE_CURVE('',#3563,#3567,#2055,.T.);
#4542=EDGE_CURVE('',#3568,#3569,#1486,.T.);
#4543=EDGE_CURVE('',#3570,#3568,#1487,.T.);
#4544=EDGE_CURVE('',#3571,#3570,#1488,.T.);
#4545=EDGE_CURVE('',#3572,#3571,#1489,.T.);
#4546=EDGE_CURVE('',#3573,#3572,#1490,.T.);
#4547=EDGE_CURVE('',#3574,#3573,#1491,.T.);
#4548=EDGE_CURVE('',#3575,#3574,#1492,.T.);
#4549=EDGE_CURVE('',#3576,#3575,#1493,.T.);
#4550=EDGE_CURVE('',#3577,#3576,#1494,.T.);
#4551=EDGE_CURVE('',#3578,#3577,#1495,.T.);
#4552=EDGE_CURVE('',#3579,#3578,#1496,.T.);
#4553=EDGE_CURVE('',#3580,#3579,#1497,.T.);
#4554=EDGE_CURVE('',#3581,#3580,#1498,.T.);
#4555=EDGE_CURVE('',#3582,#3581,#1499,.T.);
#4556=EDGE_CURVE('',#3583,#3582,#2056,.T.);
#4557=EDGE_CURVE('',#3584,#3583,#1500,.T.);
#4558=EDGE_CURVE('',#3585,#3584,#1501,.T.);
#4559=EDGE_CURVE('',#3586,#3585,#1502,.T.);
#4560=EDGE_CURVE('',#3587,#3586,#1503,.T.);
#4561=EDGE_CURVE('',#3588,#3587,#1504,.T.);
#4562=EDGE_CURVE('',#3589,#3588,#1505,.T.);
#4563=EDGE_CURVE('',#3590,#3589,#1506,.T.);
#4564=EDGE_CURVE('',#3591,#3590,#1507,.T.);
#4565=EDGE_CURVE('',#3592,#3591,#1508,.T.);
#4566=EDGE_CURVE('',#3593,#3592,#1509,.T.);
#4567=EDGE_CURVE('',#3594,#3593,#1510,.T.);
#4568=EDGE_CURVE('',#3595,#3594,#1511,.T.);
#4569=EDGE_CURVE('',#3596,#3595,#1512,.T.);
#4570=EDGE_CURVE('',#3597,#3596,#1513,.T.);
#4571=EDGE_CURVE('',#3598,#3597,#1514,.T.);
#4572=EDGE_CURVE('',#3599,#3598,#1515,.T.);
#4573=EDGE_CURVE('',#3600,#3599,#1516,.T.);
#4574=EDGE_CURVE('',#3601,#3600,#1517,.T.);
#4575=EDGE_CURVE('',#3602,#3601,#2057,.T.);
#4576=EDGE_CURVE('',#3569,#3602,#1518,.T.);
#4577=EDGE_CURVE('',#3569,#3603,#2058,.T.);
#4578=EDGE_CURVE('',#3604,#3603,#1519,.T.);
#4579=EDGE_CURVE('',#3568,#3604,#2059,.T.);
#4580=EDGE_CURVE('',#3605,#3604,#1520,.T.);
#4581=EDGE_CURVE('',#3570,#3605,#2060,.T.);
#4582=EDGE_CURVE('',#3606,#3605,#1521,.T.);
#4583=EDGE_CURVE('',#3571,#3606,#2061,.T.);
#4584=EDGE_CURVE('',#3607,#3606,#1522,.T.);
#4585=EDGE_CURVE('',#3572,#3607,#2062,.T.);
#4586=EDGE_CURVE('',#3608,#3607,#1523,.T.);
#4587=EDGE_CURVE('',#3573,#3608,#2063,.T.);
#4588=EDGE_CURVE('',#3609,#3608,#1524,.T.);
#4589=EDGE_CURVE('',#3574,#3609,#2064,.T.);
#4590=EDGE_CURVE('',#3610,#3609,#1525,.T.);
#4591=EDGE_CURVE('',#3575,#3610,#2065,.T.);
#4592=EDGE_CURVE('',#3611,#3610,#1526,.T.);
#4593=EDGE_CURVE('',#3576,#3611,#2066,.T.);
#4594=EDGE_CURVE('',#3612,#3611,#1527,.T.);
#4595=EDGE_CURVE('',#3577,#3612,#2067,.T.);
#4596=EDGE_CURVE('',#3613,#3612,#1528,.T.);
#4597=EDGE_CURVE('',#3578,#3613,#2068,.T.);
#4598=EDGE_CURVE('',#3614,#3613,#1529,.T.);
#4599=EDGE_CURVE('',#3579,#3614,#2069,.T.);
#4600=EDGE_CURVE('',#3615,#3614,#1530,.T.);
#4601=EDGE_CURVE('',#3580,#3615,#2070,.T.);
#4602=EDGE_CURVE('',#3616,#3615,#1531,.T.);
#4603=EDGE_CURVE('',#3581,#3616,#2071,.T.);
#4604=EDGE_CURVE('',#3617,#3616,#1532,.T.);
#4605=EDGE_CURVE('',#3582,#3617,#2072,.T.);
#4606=EDGE_CURVE('',#3618,#3617,#2073,.T.);
#4607=EDGE_CURVE('',#3583,#3618,#2074,.T.);
#4608=EDGE_CURVE('',#3619,#3618,#1533,.T.);
#4609=EDGE_CURVE('',#3584,#3619,#2075,.T.);
#4610=EDGE_CURVE('',#3620,#3619,#1534,.T.);
#4611=EDGE_CURVE('',#3585,#3620,#2076,.T.);
#4612=EDGE_CURVE('',#3621,#3620,#1535,.T.);
#4613=EDGE_CURVE('',#3586,#3621,#2077,.T.);
#4614=EDGE_CURVE('',#3622,#3621,#1536,.T.);
#4615=EDGE_CURVE('',#3587,#3622,#2078,.T.);
#4616=EDGE_CURVE('',#3623,#3622,#1537,.T.);
#4617=EDGE_CURVE('',#3588,#3623,#2079,.T.);
#4618=EDGE_CURVE('',#3624,#3623,#1538,.T.);
#4619=EDGE_CURVE('',#3589,#3624,#2080,.T.);
#4620=EDGE_CURVE('',#3625,#3624,#1539,.T.);
#4621=EDGE_CURVE('',#3590,#3625,#2081,.T.);
#4622=EDGE_CURVE('',#3626,#3625,#1540,.T.);
#4623=EDGE_CURVE('',#3591,#3626,#2082,.T.);
#4624=EDGE_CURVE('',#3627,#3626,#1541,.T.);
#4625=EDGE_CURVE('',#3592,#3627,#2083,.T.);
#4626=EDGE_CURVE('',#3628,#3627,#1542,.T.);
#4627=EDGE_CURVE('',#3593,#3628,#2084,.T.);
#4628=EDGE_CURVE('',#3629,#3628,#1543,.T.);
#4629=EDGE_CURVE('',#3594,#3629,#2085,.T.);
#4630=EDGE_CURVE('',#3630,#3629,#1544,.T.);
#4631=EDGE_CURVE('',#3595,#3630,#2086,.T.);
#4632=EDGE_CURVE('',#3631,#3630,#1545,.T.);
#4633=EDGE_CURVE('',#3596,#3631,#2087,.T.);
#4634=EDGE_CURVE('',#3632,#3631,#1546,.T.);
#4635=EDGE_CURVE('',#3597,#3632,#2088,.T.);
#4636=EDGE_CURVE('',#3633,#3632,#1547,.T.);
#4637=EDGE_CURVE('',#3598,#3633,#2089,.T.);
#4638=EDGE_CURVE('',#3634,#3633,#1548,.T.);
#4639=EDGE_CURVE('',#3599,#3634,#2090,.T.);
#4640=EDGE_CURVE('',#3635,#3634,#1549,.T.);
#4641=EDGE_CURVE('',#3600,#3635,#2091,.T.);
#4642=EDGE_CURVE('',#3636,#3635,#1550,.T.);
#4643=EDGE_CURVE('',#3601,#3636,#2092,.T.);
#4644=EDGE_CURVE('',#3637,#3636,#2093,.T.);
#4645=EDGE_CURVE('',#3602,#3637,#2094,.T.);
#4646=EDGE_CURVE('',#3603,#3637,#1551,.T.);
#4647=EDGE_CURVE('',#3638,#3639,#2095,.T.);
#4648=EDGE_CURVE('',#3640,#3638,#2096,.T.);
#4649=EDGE_CURVE('',#3641,#3640,#1552,.T.);
#4650=EDGE_CURVE('',#3642,#3641,#1553,.T.);
#4651=EDGE_CURVE('',#3643,#3642,#1554,.T.);
#4652=EDGE_CURVE('',#3644,#3643,#1555,.T.);
#4653=EDGE_CURVE('',#3645,#3644,#2097,.T.);
#4654=EDGE_CURVE('',#3646,#3645,#2098,.T.);
#4655=EDGE_CURVE('',#3647,#3646,#2099,.T.);
#4656=EDGE_CURVE('',#3648,#3647,#1556,.T.);
#4657=EDGE_CURVE('',#3649,#3648,#1557,.T.);
#4658=EDGE_CURVE('',#3650,#3649,#1558,.T.);
#4659=EDGE_CURVE('',#3651,#3650,#1559,.T.);
#4660=EDGE_CURVE('',#3652,#3651,#1560,.T.);
#4661=EDGE_CURVE('',#3653,#3652,#1561,.T.);
#4662=EDGE_CURVE('',#3654,#3653,#1562,.T.);
#4663=EDGE_CURVE('',#3655,#3654,#2100,.T.);
#4664=EDGE_CURVE('',#3656,#3655,#2101,.T.);
#4665=EDGE_CURVE('',#3639,#3656,#2102,.T.);
#4666=EDGE_CURVE('',#3657,#3658,#2103,.T.);
#4667=EDGE_CURVE('',#3659,#3657,#1563,.T.);
#4668=EDGE_CURVE('',#3660,#3659,#1564,.T.);
#4669=EDGE_CURVE('',#3661,#3660,#1565,.T.);
#4670=EDGE_CURVE('',#3662,#3661,#1566,.T.);
#4671=EDGE_CURVE('',#3663,#3662,#1567,.T.);
#4672=EDGE_CURVE('',#3664,#3663,#2104,.T.);
#4673=EDGE_CURVE('',#3658,#3664,#2105,.T.);
#4674=EDGE_CURVE('',#3639,#3665,#2106,.T.);
#4675=EDGE_CURVE('',#3666,#3665,#2107,.T.);
#4676=EDGE_CURVE('',#3638,#3666,#2108,.T.);
#4677=EDGE_CURVE('',#3667,#3666,#2109,.T.);
#4678=EDGE_CURVE('',#3640,#3667,#2110,.T.);
#4679=EDGE_CURVE('',#3668,#3667,#1568,.T.);
#4680=EDGE_CURVE('',#3641,#3668,#2111,.T.);
#4681=EDGE_CURVE('',#3669,#3668,#1569,.T.);
#4682=EDGE_CURVE('',#3642,#3669,#2112,.T.);
#4683=EDGE_CURVE('',#3670,#3669,#1570,.T.);
#4684=EDGE_CURVE('',#3643,#3670,#2113,.T.);
#4685=EDGE_CURVE('',#3671,#3670,#1571,.T.);
#4686=EDGE_CURVE('',#3644,#3671,#2114,.T.);
#4687=EDGE_CURVE('',#3672,#3671,#2115,.T.);
#4688=EDGE_CURVE('',#3645,#3672,#2116,.T.);
#4689=EDGE_CURVE('',#3673,#3672,#2117,.T.);
#4690=EDGE_CURVE('',#3646,#3673,#2118,.T.);
#4691=EDGE_CURVE('',#3674,#3673,#2119,.T.);
#4692=EDGE_CURVE('',#3647,#3674,#2120,.T.);
#4693=EDGE_CURVE('',#3675,#3674,#1572,.T.);
#4694=EDGE_CURVE('',#3648,#3675,#2121,.T.);
#4695=EDGE_CURVE('',#3676,#3675,#1573,.T.);
#4696=EDGE_CURVE('',#3649,#3676,#2122,.T.);
#4697=EDGE_CURVE('',#3677,#3676,#1574,.T.);
#4698=EDGE_CURVE('',#3650,#3677,#2123,.T.);
#4699=EDGE_CURVE('',#3678,#3677,#1575,.T.);
#4700=EDGE_CURVE('',#3651,#3678,#2124,.T.);
#4701=EDGE_CURVE('',#3679,#3678,#1576,.T.);
#4702=EDGE_CURVE('',#3652,#3679,#2125,.T.);
#4703=EDGE_CURVE('',#3680,#3679,#1577,.T.);
#4704=EDGE_CURVE('',#3653,#3680,#2126,.T.);
#4705=EDGE_CURVE('',#3681,#3680,#1578,.T.);
#4706=EDGE_CURVE('',#3654,#3681,#2127,.T.);
#4707=EDGE_CURVE('',#3682,#3681,#2128,.T.);
#4708=EDGE_CURVE('',#3655,#3682,#2129,.T.);
#4709=EDGE_CURVE('',#3683,#3682,#2130,.T.);
#4710=EDGE_CURVE('',#3656,#3683,#2131,.T.);
#4711=EDGE_CURVE('',#3665,#3683,#2132,.T.);
#4712=EDGE_CURVE('',#3658,#3684,#2133,.T.);
#4713=EDGE_CURVE('',#3685,#3684,#2134,.T.);
#4714=EDGE_CURVE('',#3657,#3685,#2135,.T.);
#4715=EDGE_CURVE('',#3686,#3685,#1579,.T.);
#4716=EDGE_CURVE('',#3659,#3686,#2136,.T.);
#4717=EDGE_CURVE('',#3687,#3686,#1580,.T.);
#4718=EDGE_CURVE('',#3660,#3687,#2137,.T.);
#4719=EDGE_CURVE('',#3688,#3687,#1581,.T.);
#4720=EDGE_CURVE('',#3661,#3688,#2138,.T.);
#4721=EDGE_CURVE('',#3689,#3688,#1582,.T.);
#4722=EDGE_CURVE('',#3662,#3689,#2139,.T.);
#4723=EDGE_CURVE('',#3690,#3689,#1583,.T.);
#4724=EDGE_CURVE('',#3663,#3690,#2140,.T.);
#4725=EDGE_CURVE('',#3691,#3690,#2141,.T.);
#4726=EDGE_CURVE('',#3664,#3691,#2142,.T.);
#4727=EDGE_CURVE('',#3684,#3691,#2143,.T.);
#4728=EDGE_CURVE('',#3692,#3693,#2144,.T.);
#4729=EDGE_CURVE('',#3694,#3692,#2145,.T.);
#4730=EDGE_CURVE('',#3695,#3694,#2146,.T.);
#4731=EDGE_CURVE('',#3696,#3695,#2147,.T.);
#4732=EDGE_CURVE('',#3697,#3696,#2148,.T.);
#4733=EDGE_CURVE('',#3698,#3697,#2149,.T.);
#4734=EDGE_CURVE('',#3699,#3698,#2150,.T.);
#4735=EDGE_CURVE('',#3693,#3699,#2151,.T.);
#4736=EDGE_CURVE('',#3693,#3700,#2152,.T.);
#4737=EDGE_CURVE('',#3701,#3700,#2153,.T.);
#4738=EDGE_CURVE('',#3692,#3701,#2154,.T.);
#4739=EDGE_CURVE('',#3702,#3701,#2155,.T.);
#4740=EDGE_CURVE('',#3694,#3702,#2156,.T.);
#4741=EDGE_CURVE('',#3703,#3702,#2157,.T.);
#4742=EDGE_CURVE('',#3695,#3703,#2158,.T.);
#4743=EDGE_CURVE('',#3704,#3703,#2159,.T.);
#4744=EDGE_CURVE('',#3696,#3704,#2160,.T.);
#4745=EDGE_CURVE('',#3705,#3704,#2161,.T.);
#4746=EDGE_CURVE('',#3697,#3705,#2162,.T.);
#4747=EDGE_CURVE('',#3706,#3705,#2163,.T.);
#4748=EDGE_CURVE('',#3698,#3706,#2164,.T.);
#4749=EDGE_CURVE('',#3707,#3706,#2165,.T.);
#4750=EDGE_CURVE('',#3699,#3707,#2166,.T.);
#4751=EDGE_CURVE('',#3700,#3707,#2167,.T.);
#4752=EDGE_CURVE('',#3708,#3709,#2168,.T.);
#4753=EDGE_CURVE('',#3710,#3708,#1584,.T.);
#4754=EDGE_CURVE('',#3711,#3710,#1585,.T.);
#4755=EDGE_CURVE('',#3712,#3711,#1586,.T.);
#4756=EDGE_CURVE('',#3713,#3712,#1587,.T.);
#4757=EDGE_CURVE('',#3714,#3713,#1588,.T.);
#4758=EDGE_CURVE('',#3715,#3714,#1589,.T.);
#4759=EDGE_CURVE('',#3716,#3715,#1590,.T.);
#4760=EDGE_CURVE('',#3717,#3716,#1591,.T.);
#4761=EDGE_CURVE('',#3718,#3717,#1592,.T.);
#4762=EDGE_CURVE('',#3719,#3718,#1593,.T.);
#4763=EDGE_CURVE('',#3720,#3719,#1594,.T.);
#4764=EDGE_CURVE('',#3721,#3720,#1595,.T.);
#4765=EDGE_CURVE('',#3722,#3721,#2169,.T.);
#4766=EDGE_CURVE('',#3723,#3722,#1596,.T.);
#4767=EDGE_CURVE('',#3724,#3723,#1597,.T.);
#4768=EDGE_CURVE('',#3725,#3724,#1598,.T.);
#4769=EDGE_CURVE('',#3726,#3725,#1599,.T.);
#4770=EDGE_CURVE('',#3727,#3726,#1600,.T.);
#4771=EDGE_CURVE('',#3728,#3727,#1601,.T.);
#4772=EDGE_CURVE('',#3729,#3728,#1602,.T.);
#4773=EDGE_CURVE('',#3730,#3729,#1603,.T.);
#4774=EDGE_CURVE('',#3731,#3730,#1604,.T.);
#4775=EDGE_CURVE('',#3732,#3731,#1605,.T.);
#4776=EDGE_CURVE('',#3733,#3732,#1606,.T.);
#4777=EDGE_CURVE('',#3734,#3733,#2170,.T.);
#4778=EDGE_CURVE('',#3735,#3734,#2171,.T.);
#4779=EDGE_CURVE('',#3736,#3735,#2172,.T.);
#4780=EDGE_CURVE('',#3709,#3736,#2173,.T.);
#4781=EDGE_CURVE('',#3709,#3737,#2174,.T.);
#4782=EDGE_CURVE('',#3738,#3737,#2175,.T.);
#4783=EDGE_CURVE('',#3708,#3738,#2176,.T.);
#4784=EDGE_CURVE('',#3739,#3738,#1607,.T.);
#4785=EDGE_CURVE('',#3710,#3739,#2177,.T.);
#4786=EDGE_CURVE('',#3740,#3739,#1608,.T.);
#4787=EDGE_CURVE('',#3711,#3740,#2178,.T.);
#4788=EDGE_CURVE('',#3741,#3740,#1609,.T.);
#4789=EDGE_CURVE('',#3712,#3741,#2179,.T.);
#4790=EDGE_CURVE('',#3742,#3741,#1610,.T.);
#4791=EDGE_CURVE('',#3713,#3742,#2180,.T.);
#4792=EDGE_CURVE('',#3743,#3742,#1611,.T.);
#4793=EDGE_CURVE('',#3714,#3743,#2181,.T.);
#4794=EDGE_CURVE('',#3744,#3743,#1612,.T.);
#4795=EDGE_CURVE('',#3715,#3744,#2182,.T.);
#4796=EDGE_CURVE('',#3745,#3744,#1613,.T.);
#4797=EDGE_CURVE('',#3716,#3745,#2183,.T.);
#4798=EDGE_CURVE('',#3746,#3745,#1614,.T.);
#4799=EDGE_CURVE('',#3717,#3746,#2184,.T.);
#4800=EDGE_CURVE('',#3747,#3746,#1615,.T.);
#4801=EDGE_CURVE('',#3718,#3747,#2185,.T.);
#4802=EDGE_CURVE('',#3748,#3747,#1616,.T.);
#4803=EDGE_CURVE('',#3719,#3748,#2186,.T.);
#4804=EDGE_CURVE('',#3749,#3748,#1617,.T.);
#4805=EDGE_CURVE('',#3720,#3749,#2187,.T.);
#4806=EDGE_CURVE('',#3750,#3749,#1618,.T.);
#4807=EDGE_CURVE('',#3721,#3750,#2188,.T.);
#4808=EDGE_CURVE('',#3751,#3750,#2189,.T.);
#4809=EDGE_CURVE('',#3722,#3751,#2190,.T.);
#4810=EDGE_CURVE('',#3752,#3751,#1619,.T.);
#4811=EDGE_CURVE('',#3723,#3752,#2191,.T.);
#4812=EDGE_CURVE('',#3753,#3752,#1620,.T.);
#4813=EDGE_CURVE('',#3724,#3753,#2192,.T.);
#4814=EDGE_CURVE('',#3754,#3753,#1621,.T.);
#4815=EDGE_CURVE('',#3725,#3754,#2193,.T.);
#4816=EDGE_CURVE('',#3755,#3754,#1622,.T.);
#4817=EDGE_CURVE('',#3726,#3755,#2194,.T.);
#4818=EDGE_CURVE('',#3756,#3755,#1623,.T.);
#4819=EDGE_CURVE('',#3727,#3756,#2195,.T.);
#4820=EDGE_CURVE('',#3757,#3756,#1624,.T.);
#4821=EDGE_CURVE('',#3728,#3757,#2196,.T.);
#4822=EDGE_CURVE('',#3758,#3757,#1625,.T.);
#4823=EDGE_CURVE('',#3729,#3758,#2197,.T.);
#4824=EDGE_CURVE('',#3759,#3758,#1626,.T.);
#4825=EDGE_CURVE('',#3730,#3759,#2198,.T.);
#4826=EDGE_CURVE('',#3760,#3759,#1627,.T.);
#4827=EDGE_CURVE('',#3731,#3760,#2199,.T.);
#4828=EDGE_CURVE('',#3761,#3760,#1628,.T.);
#4829=EDGE_CURVE('',#3732,#3761,#2200,.T.);
#4830=EDGE_CURVE('',#3762,#3761,#1629,.T.);
#4831=EDGE_CURVE('',#3733,#3762,#2201,.T.);
#4832=EDGE_CURVE('',#3763,#3762,#2202,.T.);
#4833=EDGE_CURVE('',#3734,#3763,#2203,.T.);
#4834=EDGE_CURVE('',#3764,#3763,#2204,.T.);
#4835=EDGE_CURVE('',#3735,#3764,#2205,.T.);
#4836=EDGE_CURVE('',#3765,#3764,#2206,.T.);
#4837=EDGE_CURVE('',#3736,#3765,#2207,.T.);
#4838=EDGE_CURVE('',#3737,#3765,#2208,.T.);
#4839=EDGE_CURVE('',#3766,#3767,#2209,.T.);
#4840=EDGE_CURVE('',#3768,#3766,#2210,.T.);
#4841=EDGE_CURVE('',#3769,#3768,#2211,.T.);
#4842=EDGE_CURVE('',#3767,#3769,#2212,.T.);
#4843=EDGE_CURVE('',#3767,#3770,#2213,.T.);
#4844=EDGE_CURVE('',#3771,#3770,#2214,.T.);
#4845=EDGE_CURVE('',#3766,#3771,#2215,.T.);
#4846=EDGE_CURVE('',#3772,#3771,#2216,.T.);
#4847=EDGE_CURVE('',#3768,#3772,#2217,.T.);
#4848=EDGE_CURVE('',#3773,#3772,#2218,.T.);
#4849=EDGE_CURVE('',#3769,#3773,#2219,.T.);
#4850=EDGE_CURVE('',#3770,#3773,#2220,.T.);
#4851=EDGE_CURVE('',#3774,#3775,#2221,.T.);
#4852=EDGE_CURVE('',#3776,#3774,#2222,.T.);
#4853=EDGE_CURVE('',#3777,#3776,#2223,.T.);
#4854=EDGE_CURVE('',#3775,#3777,#2224,.T.);
#4855=EDGE_CURVE('',#3775,#3778,#2225,.T.);
#4856=EDGE_CURVE('',#3779,#3778,#2226,.T.);
#4857=EDGE_CURVE('',#3774,#3779,#2227,.T.);
#4858=EDGE_CURVE('',#3780,#3779,#2228,.T.);
#4859=EDGE_CURVE('',#3776,#3780,#2229,.T.);
#4860=EDGE_CURVE('',#3781,#3780,#2230,.T.);
#4861=EDGE_CURVE('',#3777,#3781,#2231,.T.);
#4862=EDGE_CURVE('',#3778,#3781,#2232,.T.);
#4863=EDGE_CURVE('',#3782,#3783,#2233,.T.);
#4864=EDGE_CURVE('',#3784,#3782,#2234,.T.);
#4865=EDGE_CURVE('',#3785,#3784,#1630,.T.);
#4866=EDGE_CURVE('',#3786,#3785,#1631,.T.);
#4867=EDGE_CURVE('',#3787,#3786,#1632,.T.);
#4868=EDGE_CURVE('',#3788,#3787,#1633,.T.);
#4869=EDGE_CURVE('',#3789,#3788,#1634,.T.);
#4870=EDGE_CURVE('',#3790,#3789,#1635,.T.);
#4871=EDGE_CURVE('',#3791,#3790,#2235,.T.);
#4872=EDGE_CURVE('',#3792,#3791,#2236,.T.);
#4873=EDGE_CURVE('',#3783,#3792,#2237,.T.);
#4874=EDGE_CURVE('',#3793,#3794,#2238,.T.);
#4875=EDGE_CURVE('',#3795,#3793,#1636,.T.);
#4876=EDGE_CURVE('',#3796,#3795,#1637,.T.);
#4877=EDGE_CURVE('',#3797,#3796,#1638,.T.);
#4878=EDGE_CURVE('',#3798,#3797,#1639,.T.);
#4879=EDGE_CURVE('',#3799,#3798,#1640,.T.);
#4880=EDGE_CURVE('',#3800,#3799,#2239,.T.);
#4881=EDGE_CURVE('',#3794,#3800,#2240,.T.);
#4882=EDGE_CURVE('',#3783,#3801,#2241,.T.);
#4883=EDGE_CURVE('',#3802,#3801,#2242,.T.);
#4884=EDGE_CURVE('',#3782,#3802,#2243,.T.);
#4885=EDGE_CURVE('',#3803,#3802,#2244,.T.);
#4886=EDGE_CURVE('',#3784,#3803,#2245,.T.);
#4887=EDGE_CURVE('',#3804,#3803,#1641,.T.);
#4888=EDGE_CURVE('',#3785,#3804,#2246,.T.);
#4889=EDGE_CURVE('',#3805,#3804,#1642,.T.);
#4890=EDGE_CURVE('',#3786,#3805,#2247,.T.);
#4891=EDGE_CURVE('',#3806,#3805,#1643,.T.);
#4892=EDGE_CURVE('',#3787,#3806,#2248,.T.);
#4893=EDGE_CURVE('',#3807,#3806,#1644,.T.);
#4894=EDGE_CURVE('',#3788,#3807,#2249,.T.);
#4895=EDGE_CURVE('',#3808,#3807,#1645,.T.);
#4896=EDGE_CURVE('',#3789,#3808,#2250,.T.);
#4897=EDGE_CURVE('',#3809,#3808,#1646,.T.);
#4898=EDGE_CURVE('',#3790,#3809,#2251,.T.);
#4899=EDGE_CURVE('',#3810,#3809,#2252,.T.);
#4900=EDGE_CURVE('',#3791,#3810,#2253,.T.);
#4901=EDGE_CURVE('',#3811,#3810,#2254,.T.);
#4902=EDGE_CURVE('',#3792,#3811,#2255,.T.);
#4903=EDGE_CURVE('',#3801,#3811,#2256,.T.);
#4904=EDGE_CURVE('',#3794,#3812,#2257,.T.);
#4905=EDGE_CURVE('',#3813,#3812,#2258,.T.);
#4906=EDGE_CURVE('',#3793,#3813,#2259,.T.);
#4907=EDGE_CURVE('',#3814,#3813,#1647,.T.);
#4908=EDGE_CURVE('',#3795,#3814,#2260,.T.);
#4909=EDGE_CURVE('',#3815,#3814,#1648,.T.);
#4910=EDGE_CURVE('',#3796,#3815,#2261,.T.);
#4911=EDGE_CURVE('',#3816,#3815,#1649,.T.);
#4912=EDGE_CURVE('',#3797,#3816,#2262,.T.);
#4913=EDGE_CURVE('',#3817,#3816,#1650,.T.);
#4914=EDGE_CURVE('',#3798,#3817,#2263,.T.);
#4915=EDGE_CURVE('',#3818,#3817,#1651,.T.);
#4916=EDGE_CURVE('',#3799,#3818,#2264,.T.);
#4917=EDGE_CURVE('',#3819,#3818,#2265,.T.);
#4918=EDGE_CURVE('',#3800,#3819,#2266,.T.);
#4919=EDGE_CURVE('',#3812,#3819,#2267,.T.);
#4920=EDGE_CURVE('',#3820,#3821,#2268,.T.);
#4921=EDGE_CURVE('',#3822,#3820,#2269,.T.);
#4922=EDGE_CURVE('',#3823,#3822,#2270,.T.);
#4923=EDGE_CURVE('',#3821,#3823,#2271,.T.);
#4924=EDGE_CURVE('',#3821,#3824,#2272,.T.);
#4925=EDGE_CURVE('',#3825,#3824,#2273,.T.);
#4926=EDGE_CURVE('',#3820,#3825,#2274,.T.);
#4927=EDGE_CURVE('',#3826,#3825,#2275,.T.);
#4928=EDGE_CURVE('',#3822,#3826,#2276,.T.);
#4929=EDGE_CURVE('',#3827,#3826,#2277,.T.);
#4930=EDGE_CURVE('',#3823,#3827,#2278,.T.);
#4931=EDGE_CURVE('',#3824,#3827,#2279,.T.);
#4932=EDGE_CURVE('',#3828,#3829,#2280,.T.);
#4933=EDGE_CURVE('',#3830,#3828,#2281,.T.);
#4934=EDGE_CURVE('',#3831,#3830,#2282,.T.);
#4935=EDGE_CURVE('',#3832,#3831,#2283,.T.);
#4936=EDGE_CURVE('',#3833,#3832,#2284,.T.);
#4937=EDGE_CURVE('',#3834,#3833,#2285,.T.);
#4938=EDGE_CURVE('',#3829,#3834,#2286,.T.);
#4939=EDGE_CURVE('',#3829,#3835,#2287,.T.);
#4940=EDGE_CURVE('',#3836,#3835,#2288,.T.);
#4941=EDGE_CURVE('',#3828,#3836,#2289,.T.);
#4942=EDGE_CURVE('',#3837,#3836,#2290,.T.);
#4943=EDGE_CURVE('',#3830,#3837,#2291,.T.);
#4944=EDGE_CURVE('',#3838,#3837,#2292,.T.);
#4945=EDGE_CURVE('',#3831,#3838,#2293,.T.);
#4946=EDGE_CURVE('',#3839,#3838,#2294,.T.);
#4947=EDGE_CURVE('',#3832,#3839,#2295,.T.);
#4948=EDGE_CURVE('',#3840,#3839,#2296,.T.);
#4949=EDGE_CURVE('',#3833,#3840,#2297,.T.);
#4950=EDGE_CURVE('',#3841,#3840,#2298,.T.);
#4951=EDGE_CURVE('',#3834,#3841,#2299,.T.);
#4952=EDGE_CURVE('',#3835,#3841,#2300,.T.);
#4953=EDGE_CURVE('',#3842,#3843,#1652,.T.);
#4954=EDGE_CURVE('',#3844,#3842,#1653,.T.);
#4955=EDGE_CURVE('',#3845,#3844,#1654,.T.);
#4956=EDGE_CURVE('',#3846,#3845,#1655,.T.);
#4957=EDGE_CURVE('',#3847,#3846,#1656,.T.);
#4958=EDGE_CURVE('',#3848,#3847,#1657,.T.);
#4959=EDGE_CURVE('',#3849,#3848,#1658,.T.);
#4960=EDGE_CURVE('',#3850,#3849,#1659,.T.);
#4961=EDGE_CURVE('',#3851,#3850,#1660,.T.);
#4962=EDGE_CURVE('',#3852,#3851,#1661,.T.);
#4963=EDGE_CURVE('',#3843,#3852,#1662,.T.);
#4964=EDGE_CURVE('',#3853,#3854,#1663,.T.);
#4965=EDGE_CURVE('',#3855,#3853,#1664,.T.);
#4966=EDGE_CURVE('',#3856,#3855,#1665,.T.);
#4967=EDGE_CURVE('',#3857,#3856,#1666,.T.);
#4968=EDGE_CURVE('',#3858,#3857,#1667,.T.);
#4969=EDGE_CURVE('',#3859,#3858,#1668,.T.);
#4970=EDGE_CURVE('',#3860,#3859,#1669,.T.);
#4971=EDGE_CURVE('',#3861,#3860,#1670,.T.);
#4972=EDGE_CURVE('',#3854,#3861,#1671,.T.);
#4973=EDGE_CURVE('',#3843,#3862,#2301,.T.);
#4974=EDGE_CURVE('',#3863,#3862,#1672,.T.);
#4975=EDGE_CURVE('',#3842,#3863,#2302,.T.);
#4976=EDGE_CURVE('',#3864,#3863,#1673,.T.);
#4977=EDGE_CURVE('',#3844,#3864,#2303,.T.);
#4978=EDGE_CURVE('',#3865,#3864,#1674,.T.);
#4979=EDGE_CURVE('',#3845,#3865,#2304,.T.);
#4980=EDGE_CURVE('',#3866,#3865,#1675,.T.);
#4981=EDGE_CURVE('',#3846,#3866,#2305,.T.);
#4982=EDGE_CURVE('',#3867,#3866,#1676,.T.);
#4983=EDGE_CURVE('',#3847,#3867,#2306,.T.);
#4984=EDGE_CURVE('',#3868,#3867,#1677,.T.);
#4985=EDGE_CURVE('',#3848,#3868,#2307,.T.);
#4986=EDGE_CURVE('',#3869,#3868,#1678,.T.);
#4987=EDGE_CURVE('',#3849,#3869,#2308,.T.);
#4988=EDGE_CURVE('',#3870,#3869,#1679,.T.);
#4989=EDGE_CURVE('',#3850,#3870,#2309,.T.);
#4990=EDGE_CURVE('',#3871,#3870,#1680,.T.);
#4991=EDGE_CURVE('',#3851,#3871,#2310,.T.);
#4992=EDGE_CURVE('',#3872,#3871,#1681,.T.);
#4993=EDGE_CURVE('',#3852,#3872,#2311,.T.);
#4994=EDGE_CURVE('',#3862,#3872,#1682,.T.);
#4995=EDGE_CURVE('',#3854,#3873,#2312,.T.);
#4996=EDGE_CURVE('',#3874,#3873,#1683,.T.);
#4997=EDGE_CURVE('',#3853,#3874,#2313,.T.);
#4998=EDGE_CURVE('',#3875,#3874,#1684,.T.);
#4999=EDGE_CURVE('',#3855,#3875,#2314,.T.);
#5000=EDGE_CURVE('',#3876,#3875,#1685,.T.);
#5001=EDGE_CURVE('',#3856,#3876,#2315,.T.);
#5002=EDGE_CURVE('',#3877,#3876,#1686,.T.);
#5003=EDGE_CURVE('',#3857,#3877,#2316,.T.);
#5004=EDGE_CURVE('',#3878,#3877,#1687,.T.);
#5005=EDGE_CURVE('',#3858,#3878,#2317,.T.);
#5006=EDGE_CURVE('',#3879,#3878,#1688,.T.);
#5007=EDGE_CURVE('',#3859,#3879,#2318,.T.);
#5008=EDGE_CURVE('',#3880,#3879,#1689,.T.);
#5009=EDGE_CURVE('',#3860,#3880,#2319,.T.);
#5010=EDGE_CURVE('',#3881,#3880,#1690,.T.);
#5011=EDGE_CURVE('',#3861,#3881,#2320,.T.);
#5012=EDGE_CURVE('',#3873,#3881,#1691,.T.);
#5013=EDGE_CURVE('',#3882,#3883,#1692,.T.);
#5014=EDGE_CURVE('',#3884,#3882,#1693,.T.);
#5015=EDGE_CURVE('',#3885,#3884,#1694,.T.);
#5016=EDGE_CURVE('',#3886,#3885,#1695,.T.);
#5017=EDGE_CURVE('',#3887,#3886,#1696,.T.);
#5018=EDGE_CURVE('',#3888,#3887,#1697,.T.);
#5019=EDGE_CURVE('',#3889,#3888,#1698,.T.);
#5020=EDGE_CURVE('',#3890,#3889,#1699,.T.);
#5021=EDGE_CURVE('',#3891,#3890,#1700,.T.);
#5022=EDGE_CURVE('',#3892,#3891,#1701,.T.);
#5023=EDGE_CURVE('',#3883,#3892,#1702,.T.);
#5024=EDGE_CURVE('',#3893,#3894,#1703,.T.);
#5025=EDGE_CURVE('',#3895,#3893,#1704,.T.);
#5026=EDGE_CURVE('',#3896,#3895,#1705,.T.);
#5027=EDGE_CURVE('',#3897,#3896,#1706,.T.);
#5028=EDGE_CURVE('',#3898,#3897,#1707,.T.);
#5029=EDGE_CURVE('',#3899,#3898,#1708,.T.);
#5030=EDGE_CURVE('',#3900,#3899,#1709,.T.);
#5031=EDGE_CURVE('',#3901,#3900,#1710,.T.);
#5032=EDGE_CURVE('',#3894,#3901,#1711,.T.);
#5033=EDGE_CURVE('',#3883,#3902,#2321,.T.);
#5034=EDGE_CURVE('',#3903,#3902,#1712,.T.);
#5035=EDGE_CURVE('',#3882,#3903,#2322,.T.);
#5036=EDGE_CURVE('',#3904,#3903,#1713,.T.);
#5037=EDGE_CURVE('',#3884,#3904,#2323,.T.);
#5038=EDGE_CURVE('',#3905,#3904,#1714,.T.);
#5039=EDGE_CURVE('',#3885,#3905,#2324,.T.);
#5040=EDGE_CURVE('',#3906,#3905,#1715,.T.);
#5041=EDGE_CURVE('',#3886,#3906,#2325,.T.);
#5042=EDGE_CURVE('',#3907,#3906,#1716,.T.);
#5043=EDGE_CURVE('',#3887,#3907,#2326,.T.);
#5044=EDGE_CURVE('',#3908,#3907,#1717,.T.);
#5045=EDGE_CURVE('',#3888,#3908,#2327,.T.);
#5046=EDGE_CURVE('',#3909,#3908,#1718,.T.);
#5047=EDGE_CURVE('',#3889,#3909,#2328,.T.);
#5048=EDGE_CURVE('',#3910,#3909,#1719,.T.);
#5049=EDGE_CURVE('',#3890,#3910,#2329,.T.);
#5050=EDGE_CURVE('',#3911,#3910,#1720,.T.);
#5051=EDGE_CURVE('',#3891,#3911,#2330,.T.);
#5052=EDGE_CURVE('',#3912,#3911,#1721,.T.);
#5053=EDGE_CURVE('',#3892,#3912,#2331,.T.);
#5054=EDGE_CURVE('',#3902,#3912,#1722,.T.);
#5055=EDGE_CURVE('',#3894,#3913,#2332,.T.);
#5056=EDGE_CURVE('',#3914,#3913,#1723,.T.);
#5057=EDGE_CURVE('',#3893,#3914,#2333,.T.);
#5058=EDGE_CURVE('',#3915,#3914,#1724,.T.);
#5059=EDGE_CURVE('',#3895,#3915,#2334,.T.);
#5060=EDGE_CURVE('',#3916,#3915,#1725,.T.);
#5061=EDGE_CURVE('',#3896,#3916,#2335,.T.);
#5062=EDGE_CURVE('',#3917,#3916,#1726,.T.);
#5063=EDGE_CURVE('',#3897,#3917,#2336,.T.);
#5064=EDGE_CURVE('',#3918,#3917,#1727,.T.);
#5065=EDGE_CURVE('',#3898,#3918,#2337,.T.);
#5066=EDGE_CURVE('',#3919,#3918,#1728,.T.);
#5067=EDGE_CURVE('',#3899,#3919,#2338,.T.);
#5068=EDGE_CURVE('',#3920,#3919,#1729,.T.);
#5069=EDGE_CURVE('',#3900,#3920,#2339,.T.);
#5070=EDGE_CURVE('',#3921,#3920,#1730,.T.);
#5071=EDGE_CURVE('',#3901,#3921,#2340,.T.);
#5072=EDGE_CURVE('',#3913,#3921,#1731,.T.);
#5073=EDGE_CURVE('',#3922,#3923,#2341,.T.);
#5074=EDGE_CURVE('',#3924,#3922,#2342,.T.);
#5075=EDGE_CURVE('',#3925,#3924,#1732,.T.);
#5076=EDGE_CURVE('',#3926,#3925,#2343,.T.);
#5077=EDGE_CURVE('',#3927,#3926,#2344,.T.);
#5078=EDGE_CURVE('',#3928,#3927,#2345,.T.);
#5079=EDGE_CURVE('',#3929,#3928,#2346,.T.);
#5080=EDGE_CURVE('',#3930,#3929,#2347,.T.);
#5081=EDGE_CURVE('',#3931,#3930,#2348,.T.);
#5082=EDGE_CURVE('',#3932,#3931,#1733,.T.);
#5083=EDGE_CURVE('',#3933,#3932,#2349,.T.);
#5084=EDGE_CURVE('',#3934,#3933,#2350,.T.);
#5085=EDGE_CURVE('',#3923,#3934,#2351,.T.);
#5086=EDGE_CURVE('',#3923,#3935,#2352,.T.);
#5087=EDGE_CURVE('',#3936,#3935,#2353,.T.);
#5088=EDGE_CURVE('',#3922,#3936,#2354,.T.);
#5089=EDGE_CURVE('',#3937,#3936,#2355,.T.);
#5090=EDGE_CURVE('',#3924,#3937,#2356,.T.);
#5091=EDGE_CURVE('',#3938,#3937,#1734,.T.);
#5092=EDGE_CURVE('',#3925,#3938,#2357,.T.);
#5093=EDGE_CURVE('',#3939,#3938,#2358,.T.);
#5094=EDGE_CURVE('',#3926,#3939,#2359,.T.);
#5095=EDGE_CURVE('',#3940,#3939,#2360,.T.);
#5096=EDGE_CURVE('',#3927,#3940,#2361,.T.);
#5097=EDGE_CURVE('',#3941,#3940,#2362,.T.);
#5098=EDGE_CURVE('',#3928,#3941,#2363,.T.);
#5099=EDGE_CURVE('',#3942,#3941,#2364,.T.);
#5100=EDGE_CURVE('',#3929,#3942,#2365,.T.);
#5101=EDGE_CURVE('',#3943,#3942,#2366,.T.);
#5102=EDGE_CURVE('',#3930,#3943,#2367,.T.);
#5103=EDGE_CURVE('',#3944,#3943,#2368,.T.);
#5104=EDGE_CURVE('',#3931,#3944,#2369,.T.);
#5105=EDGE_CURVE('',#3945,#3944,#1735,.T.);
#5106=EDGE_CURVE('',#3932,#3945,#2370,.T.);
#5107=EDGE_CURVE('',#3946,#3945,#2371,.T.);
#5108=EDGE_CURVE('',#3933,#3946,#2372,.T.);
#5109=EDGE_CURVE('',#3947,#3946,#2373,.T.);
#5110=EDGE_CURVE('',#3934,#3947,#2374,.T.);
#5111=EDGE_CURVE('',#3935,#3947,#2375,.T.);
#5112=EDGE_CURVE('',#3948,#3949,#1736,.T.);
#5113=EDGE_CURVE('',#3950,#3948,#1737,.T.);
#5114=EDGE_CURVE('',#3951,#3950,#1738,.T.);
#5115=EDGE_CURVE('',#3952,#3951,#1739,.T.);
#5116=EDGE_CURVE('',#3953,#3952,#1740,.T.);
#5117=EDGE_CURVE('',#3954,#3953,#1741,.T.);
#5118=EDGE_CURVE('',#3955,#3954,#1742,.T.);
#5119=EDGE_CURVE('',#3956,#3955,#1743,.T.);
#5120=EDGE_CURVE('',#3957,#3956,#1744,.T.);
#5121=EDGE_CURVE('',#3958,#3957,#1745,.T.);
#5122=EDGE_CURVE('',#3959,#3958,#1746,.T.);
#5123=EDGE_CURVE('',#3960,#3959,#2376,.T.);
#5124=EDGE_CURVE('',#3961,#3960,#2377,.T.);
#5125=EDGE_CURVE('',#3949,#3961,#2378,.T.);
#5126=EDGE_CURVE('',#3962,#3963,#2379,.T.);
#5127=EDGE_CURVE('',#3964,#3962,#1747,.T.);
#5128=EDGE_CURVE('',#3965,#3964,#1748,.T.);
#5129=EDGE_CURVE('',#3966,#3965,#1749,.T.);
#5130=EDGE_CURVE('',#3967,#3966,#1750,.T.);
#5131=EDGE_CURVE('',#3968,#3967,#1751,.T.);
#5132=EDGE_CURVE('',#3969,#3968,#1752,.T.);
#5133=EDGE_CURVE('',#3970,#3969,#1753,.T.);
#5134=EDGE_CURVE('',#3971,#3970,#2380,.T.);
#5135=EDGE_CURVE('',#3963,#3971,#2381,.T.);
#5136=EDGE_CURVE('',#3972,#3973,#2382,.T.);
#5137=EDGE_CURVE('',#3974,#3972,#1754,.T.);
#5138=EDGE_CURVE('',#3975,#3974,#1755,.T.);
#5139=EDGE_CURVE('',#3976,#3975,#1756,.T.);
#5140=EDGE_CURVE('',#3977,#3976,#1757,.T.);
#5141=EDGE_CURVE('',#3978,#3977,#1758,.T.);
#5142=EDGE_CURVE('',#3979,#3978,#1759,.T.);
#5143=EDGE_CURVE('',#3980,#3979,#2383,.T.);
#5144=EDGE_CURVE('',#3973,#3980,#2384,.T.);
#5145=EDGE_CURVE('',#3949,#3981,#2385,.T.);
#5146=EDGE_CURVE('',#3982,#3981,#1760,.T.);
#5147=EDGE_CURVE('',#3948,#3982,#2386,.T.);
#5148=EDGE_CURVE('',#3983,#3982,#1761,.T.);
#5149=EDGE_CURVE('',#3950,#3983,#2387,.T.);
#5150=EDGE_CURVE('',#3984,#3983,#1762,.T.);
#5151=EDGE_CURVE('',#3951,#3984,#2388,.T.);
#5152=EDGE_CURVE('',#3985,#3984,#1763,.T.);
#5153=EDGE_CURVE('',#3952,#3985,#2389,.T.);
#5154=EDGE_CURVE('',#3986,#3985,#1764,.T.);
#5155=EDGE_CURVE('',#3953,#3986,#2390,.T.);
#5156=EDGE_CURVE('',#3987,#3986,#1765,.T.);
#5157=EDGE_CURVE('',#3954,#3987,#2391,.T.);
#5158=EDGE_CURVE('',#3988,#3987,#1766,.T.);
#5159=EDGE_CURVE('',#3955,#3988,#2392,.T.);
#5160=EDGE_CURVE('',#3989,#3988,#1767,.T.);
#5161=EDGE_CURVE('',#3956,#3989,#2393,.T.);
#5162=EDGE_CURVE('',#3990,#3989,#1768,.T.);
#5163=EDGE_CURVE('',#3957,#3990,#2394,.T.);
#5164=EDGE_CURVE('',#3991,#3990,#1769,.T.);
#5165=EDGE_CURVE('',#3958,#3991,#2395,.T.);
#5166=EDGE_CURVE('',#3992,#3991,#1770,.T.);
#5167=EDGE_CURVE('',#3959,#3992,#2396,.T.);
#5168=EDGE_CURVE('',#3993,#3992,#2397,.T.);
#5169=EDGE_CURVE('',#3960,#3993,#2398,.T.);
#5170=EDGE_CURVE('',#3994,#3993,#2399,.T.);
#5171=EDGE_CURVE('',#3961,#3994,#2400,.T.);
#5172=EDGE_CURVE('',#3981,#3994,#2401,.T.);
#5173=EDGE_CURVE('',#3963,#3995,#2402,.T.);
#5174=EDGE_CURVE('',#3996,#3995,#2403,.T.);
#5175=EDGE_CURVE('',#3962,#3996,#2404,.T.);
#5176=EDGE_CURVE('',#3997,#3996,#1771,.T.);
#5177=EDGE_CURVE('',#3964,#3997,#2405,.T.);
#5178=EDGE_CURVE('',#3998,#3997,#1772,.T.);
#5179=EDGE_CURVE('',#3965,#3998,#2406,.T.);
#5180=EDGE_CURVE('',#3999,#3998,#1773,.T.);
#5181=EDGE_CURVE('',#3966,#3999,#2407,.T.);
#5182=EDGE_CURVE('',#4000,#3999,#1774,.T.);
#5183=EDGE_CURVE('',#3967,#4000,#2408,.T.);
#5184=EDGE_CURVE('',#4001,#4000,#1775,.T.);
#5185=EDGE_CURVE('',#3968,#4001,#2409,.T.);
#5186=EDGE_CURVE('',#4002,#4001,#1776,.T.);
#5187=EDGE_CURVE('',#3969,#4002,#2410,.T.);
#5188=EDGE_CURVE('',#4003,#4002,#1777,.T.);
#5189=EDGE_CURVE('',#3970,#4003,#2411,.T.);
#5190=EDGE_CURVE('',#4004,#4003,#2412,.T.);
#5191=EDGE_CURVE('',#3971,#4004,#2413,.T.);
#5192=EDGE_CURVE('',#3995,#4004,#2414,.T.);
#5193=EDGE_CURVE('',#3973,#4005,#2415,.T.);
#5194=EDGE_CURVE('',#4006,#4005,#2416,.T.);
#5195=EDGE_CURVE('',#3972,#4006,#2417,.T.);
#5196=EDGE_CURVE('',#4007,#4006,#1778,.T.);
#5197=EDGE_CURVE('',#3974,#4007,#2418,.T.);
#5198=EDGE_CURVE('',#4008,#4007,#1779,.T.);
#5199=EDGE_CURVE('',#3975,#4008,#2419,.T.);
#5200=EDGE_CURVE('',#4009,#4008,#1780,.T.);
#5201=EDGE_CURVE('',#3976,#4009,#2420,.T.);
#5202=EDGE_CURVE('',#4010,#4009,#1781,.T.);
#5203=EDGE_CURVE('',#3977,#4010,#2421,.T.);
#5204=EDGE_CURVE('',#4011,#4010,#1782,.T.);
#5205=EDGE_CURVE('',#3978,#4011,#2422,.T.);
#5206=EDGE_CURVE('',#4012,#4011,#1783,.T.);
#5207=EDGE_CURVE('',#3979,#4012,#2423,.T.);
#5208=EDGE_CURVE('',#4013,#4012,#2424,.T.);
#5209=EDGE_CURVE('',#3980,#4013,#2425,.T.);
#5210=EDGE_CURVE('',#4005,#4013,#2426,.T.);
#5211=EDGE_CURVE('',#4014,#4014,#44,.T.);
#5212=EDGE_CURVE('',#4015,#4015,#45,.T.);
#5213=EDGE_CURVE('',#4016,#4016,#46,.T.);
#5214=EDGE_CURVE('',#4016,#4014,#2427,.T.);
#5215=EDGE_CURVE('',#4015,#4017,#2428,.T.);
#5216=EDGE_CURVE('',#4017,#4017,#47,.T.);
#5217=EDGE_CURVE('',#4018,#4019,#2429,.T.);
#5218=EDGE_CURVE('',#4020,#4018,#2430,.T.);
#5219=EDGE_CURVE('',#4021,#4020,#1784,.T.);
#5220=EDGE_CURVE('',#4022,#4021,#2431,.T.);
#5221=EDGE_CURVE('',#4023,#4022,#2432,.T.);
#5222=EDGE_CURVE('',#4024,#4023,#2433,.T.);
#5223=EDGE_CURVE('',#4025,#4024,#2434,.T.);
#5224=EDGE_CURVE('',#4026,#4025,#2435,.T.);
#5225=EDGE_CURVE('',#4027,#4026,#2436,.T.);
#5226=EDGE_CURVE('',#4028,#4027,#1785,.T.);
#5227=EDGE_CURVE('',#4029,#4028,#2437,.T.);
#5228=EDGE_CURVE('',#4030,#4029,#2438,.T.);
#5229=EDGE_CURVE('',#4019,#4030,#2439,.T.);
#5230=EDGE_CURVE('',#4019,#4031,#2440,.T.);
#5231=EDGE_CURVE('',#4032,#4031,#2441,.T.);
#5232=EDGE_CURVE('',#4018,#4032,#2442,.T.);
#5233=EDGE_CURVE('',#4033,#4032,#2443,.T.);
#5234=EDGE_CURVE('',#4020,#4033,#2444,.T.);
#5235=EDGE_CURVE('',#4034,#4033,#1786,.T.);
#5236=EDGE_CURVE('',#4021,#4034,#2445,.T.);
#5237=EDGE_CURVE('',#4035,#4034,#2446,.T.);
#5238=EDGE_CURVE('',#4022,#4035,#2447,.T.);
#5239=EDGE_CURVE('',#4036,#4035,#2448,.T.);
#5240=EDGE_CURVE('',#4023,#4036,#2449,.T.);
#5241=EDGE_CURVE('',#4037,#4036,#2450,.T.);
#5242=EDGE_CURVE('',#4024,#4037,#2451,.T.);
#5243=EDGE_CURVE('',#4038,#4037,#2452,.T.);
#5244=EDGE_CURVE('',#4025,#4038,#2453,.T.);
#5245=EDGE_CURVE('',#4039,#4038,#2454,.T.);
#5246=EDGE_CURVE('',#4026,#4039,#2455,.T.);
#5247=EDGE_CURVE('',#4040,#4039,#2456,.T.);
#5248=EDGE_CURVE('',#4027,#4040,#2457,.T.);
#5249=EDGE_CURVE('',#4041,#4040,#1787,.T.);
#5250=EDGE_CURVE('',#4028,#4041,#2458,.T.);
#5251=EDGE_CURVE('',#4042,#4041,#2459,.T.);
#5252=EDGE_CURVE('',#4029,#4042,#2460,.T.);
#5253=EDGE_CURVE('',#4043,#4042,#2461,.T.);
#5254=EDGE_CURVE('',#4030,#4043,#2462,.T.);
#5255=EDGE_CURVE('',#4031,#4043,#2463,.T.);
#5256=EDGE_CURVE('',#4044,#4045,#1788,.T.);
#5257=EDGE_CURVE('',#4044,#4046,#48,.T.);
#5258=EDGE_CURVE('',#4047,#4046,#2464,.T.);
#5259=EDGE_CURVE('',#4048,#4047,#49,.T.);
#5260=EDGE_CURVE('',#4045,#4048,#2465,.T.);
#5261=EDGE_CURVE('',#4049,#4050,#1789,.T.);
#5262=EDGE_CURVE('',#4051,#4049,#2466,.T.);
#5263=EDGE_CURVE('',#4052,#4051,#50,.T.);
#5264=EDGE_CURVE('',#4052,#4053,#2467,.T.);
#5265=EDGE_CURVE('',#4053,#4050,#51,.T.);
#5266=EDGE_CURVE('',#4047,#4052,#2468,.T.);
#5267=EDGE_CURVE('',#4046,#4053,#2469,.T.);
#5268=EDGE_CURVE('',#4050,#4044,#2470,.T.);
#5269=EDGE_CURVE('',#4054,#4055,#1790,.T.);
#5270=EDGE_CURVE('',#4056,#4054,#2471,.T.);
#5271=EDGE_CURVE('',#4057,#4056,#52,.T.);
#5272=EDGE_CURVE('',#4057,#4058,#2472,.T.);
#5273=EDGE_CURVE('',#4058,#4055,#53,.T.);
#5274=EDGE_CURVE('',#4055,#4059,#2473,.T.);
#5275=EDGE_CURVE('',#4060,#4058,#2474,.T.);
#5276=EDGE_CURVE('',#4059,#4060,#54,.T.);
#5277=EDGE_CURVE('',#4061,#4057,#2475,.T.);
#5278=EDGE_CURVE('',#4061,#4060,#2476,.T.);
#5279=EDGE_CURVE('',#4059,#4062,#1791,.T.);
#5280=EDGE_CURVE('',#4063,#4061,#55,.T.);
#5281=EDGE_CURVE('',#4062,#4063,#2477,.T.);
#5282=EDGE_CURVE('',#4064,#4049,#2478,.T.);
#5283=EDGE_CURVE('',#4065,#4064,#2479,.T.);
#5284=EDGE_CURVE('',#4051,#4065,#2480,.T.);
#5285=EDGE_CURVE('',#4066,#4048,#2481,.T.);
#5286=EDGE_CURVE('',#4067,#4066,#2482,.T.);
#5287=EDGE_CURVE('',#4045,#4067,#2483,.T.);
#5288=EDGE_CURVE('',#4068,#4065,#56,.T.);
#5289=EDGE_CURVE('',#4068,#4069,#2484,.T.);
#5290=EDGE_CURVE('',#4070,#4069,#57,.T.);
#5291=EDGE_CURVE('',#4070,#4063,#2485,.T.);
#5292=EDGE_CURVE('',#4056,#4071,#2486,.T.);
#5293=EDGE_CURVE('',#4072,#4071,#58,.T.);
#5294=EDGE_CURVE('',#4072,#4073,#2487,.T.);
#5295=EDGE_CURVE('',#4066,#4073,#59,.T.);
#5296=EDGE_CURVE('',#4074,#4074,#60,.T.);
#5297=EDGE_CURVE('',#4075,#4075,#61,.T.);
#5298=EDGE_CURVE('',#4076,#4076,#62,.T.);
#5299=EDGE_CURVE('',#4077,#4077,#63,.T.);
#5300=EDGE_CURVE('',#4078,#4079,#2488,.T.);
#5301=EDGE_CURVE('',#4079,#4080,#2489,.T.);
#5302=EDGE_CURVE('',#4080,#4081,#2490,.T.);
#5303=EDGE_CURVE('',#4081,#4082,#2491,.T.);
#5304=EDGE_CURVE('',#4082,#4083,#2492,.T.);
#5305=EDGE_CURVE('',#4083,#4084,#2493,.T.);
#5306=EDGE_CURVE('',#4084,#4085,#2494,.T.);
#5307=EDGE_CURVE('',#4085,#4086,#2495,.T.);
#5308=EDGE_CURVE('',#4086,#4087,#64,.T.);
#5309=EDGE_CURVE('',#4087,#4088,#2496,.T.);
#5310=EDGE_CURVE('',#4088,#4089,#2497,.T.);
#5311=EDGE_CURVE('',#4089,#4078,#2498,.T.);
#5312=EDGE_CURVE('',#4090,#4070,#2499,.T.);
#5313=EDGE_CURVE('',#4062,#4090,#2500,.T.);
#5314=EDGE_CURVE('',#4091,#4054,#2501,.T.);
#5315=EDGE_CURVE('',#4071,#4091,#2502,.T.);
#5316=EDGE_CURVE('',#4090,#4092,#65,.T.);
#5317=EDGE_CURVE('',#4092,#4093,#1792,.T.);
#5318=EDGE_CURVE('',#4093,#4094,#1793,.T.);
#5319=EDGE_CURVE('',#4094,#4095,#66,.T.);
#5320=EDGE_CURVE('',#4095,#4096,#2503,.T.);
#5321=EDGE_CURVE('',#4096,#4097,#67,.T.);
#5322=EDGE_CURVE('',#4097,#4098,#1794,.T.);
#5323=EDGE_CURVE('',#4098,#4091,#68,.T.);
#5324=EDGE_CURVE('',#4098,#4099,#1795,.T.);
#5325=EDGE_CURVE('',#4099,#4097,#1796,.T.);
#5326=EDGE_CURVE('',#4100,#4096,#69,.T.);
#5327=EDGE_CURVE('',#4100,#4091,#70,.T.);
#5328=EDGE_CURVE('',#4094,#4092,#1797,.T.);
#5329=EDGE_CURVE('',#4090,#4101,#71,.T.);
#5330=EDGE_CURVE('',#4095,#4101,#72,.T.);
#5331=EDGE_CURVE('',#4102,#4103,#1798,.T.);
#5332=EDGE_CURVE('',#4104,#4103,#73,.T.);
#5333=EDGE_CURVE('',#4105,#4104,#74,.T.);
#5334=EDGE_CURVE('',#4105,#4064,#75,.T.);
#5335=EDGE_CURVE('',#4102,#4064,#76,.T.);
#5336=EDGE_CURVE('',#4106,#4107,#1799,.T.);
#5337=EDGE_CURVE('',#4107,#4108,#1800,.T.);
#5338=EDGE_CURVE('',#4067,#4108,#77,.T.);
#5339=EDGE_CURVE('',#4067,#4109,#78,.T.);
#5340=EDGE_CURVE('',#4110,#4109,#79,.T.);
#5341=EDGE_CURVE('',#4106,#4110,#80,.T.);
#5342=EDGE_CURVE('',#4109,#4100,#2504,.T.);
#5343=EDGE_CURVE('',#4096,#4110,#2505,.T.);
#5344=EDGE_CURVE('',#4108,#4106,#1801,.T.);
#5345=EDGE_CURVE('',#4110,#4104,#2506,.T.);
#5346=EDGE_CURVE('',#4103,#4111,#1802,.T.);
#5347=EDGE_CURVE('',#4111,#4102,#1803,.T.);
#5348=EDGE_CURVE('',#4101,#4105,#2507,.T.);
#5349=EDGE_CURVE('',#4104,#4095,#2508,.T.);
#5350=EDGE_CURVE('',#4073,#4109,#2509,.T.);
#5351=EDGE_CURVE('',#4105,#4068,#2510,.T.);
#5352=EDGE_CURVE('',#4069,#4101,#2511,.T.);
#5353=EDGE_CURVE('',#4099,#4112,#2512,.T.);
#5354=EDGE_CURVE('',#4112,#4112,#81,.T.);
#5355=EDGE_CURVE('',#4093,#4113,#2513,.T.);
#5356=EDGE_CURVE('',#4113,#4113,#82,.T.);
#5357=EDGE_CURVE('',#4114,#4115,#2514,.T.);
#5358=EDGE_CURVE('',#4115,#4116,#83,.T.);
#5359=EDGE_CURVE('',#4116,#4117,#2515,.T.);
#5360=EDGE_CURVE('',#4117,#4114,#84,.T.);
#5361=EDGE_CURVE('',#4111,#4118,#2516,.T.);
#5362=EDGE_CURVE('',#4118,#4118,#85,.T.);
#5363=EDGE_CURVE('',#4107,#4119,#2517,.T.);
#5364=EDGE_CURVE('',#4119,#4119,#86,.T.);
#5365=EDGE_CURVE('',#4100,#4072,#2518,.T.);
#5366=EDGE_CURVE('',#4120,#4120,#87,.T.);
#5367=EDGE_CURVE('',#4120,#4074,#2519,.T.);
#5368=EDGE_CURVE('',#4121,#4121,#88,.T.);
#5369=EDGE_CURVE('',#4121,#4075,#2520,.T.);
#5370=EDGE_CURVE('',#4122,#4122,#89,.T.);
#5371=EDGE_CURVE('',#4122,#4076,#2521,.T.);
#5372=EDGE_CURVE('',#4123,#4123,#90,.T.);
#5373=EDGE_CURVE('',#4123,#4077,#2522,.T.);
#5374=EDGE_CURVE('',#4124,#4125,#2523,.T.);
#5375=EDGE_CURVE('',#4085,#4124,#2524,.T.);
#5376=EDGE_CURVE('',#4125,#4084,#2525,.T.);
#5377=EDGE_CURVE('',#4126,#4127,#2526,.T.);
#5378=EDGE_CURVE('',#4079,#4126,#2527,.T.);
#5379=EDGE_CURVE('',#4127,#4078,#2528,.T.);
#5380=EDGE_CURVE('',#4128,#4083,#2529,.T.);
#5381=EDGE_CURVE('',#4125,#4128,#2530,.T.);
#5382=EDGE_CURVE('',#4129,#4124,#2531,.T.);
#5383=EDGE_CURVE('',#4129,#4086,#2532,.T.);
#5384=EDGE_CURVE('',#4130,#4131,#2533,.T.);
#5385=EDGE_CURVE('',#4130,#4081,#2534,.T.);
#5386=EDGE_CURVE('',#4131,#4080,#2535,.T.);
#5387=EDGE_CURVE('',#4132,#4130,#2536,.T.);
#5388=EDGE_CURVE('',#4132,#4082,#2537,.T.);
#5389=EDGE_CURVE('',#4128,#4132,#2538,.T.);
#5390=EDGE_CURVE('',#4131,#4126,#2539,.T.);
#5391=EDGE_CURVE('',#4127,#4133,#2540,.T.);
#5392=EDGE_CURVE('',#4133,#4134,#2541,.T.);
#5393=EDGE_CURVE('',#4134,#4135,#2542,.T.);
#5394=EDGE_CURVE('',#4135,#4129,#91,.T.);
#5395=EDGE_CURVE('',#4136,#4137,#2543,.T.);
#5396=EDGE_CURVE('',#4137,#4138,#92,.T.);
#5397=EDGE_CURVE('',#4138,#4139,#2544,.T.);
#5398=EDGE_CURVE('',#4139,#4136,#93,.T.);
#5399=EDGE_CURVE('',#4133,#4089,#2545,.T.);
#5400=EDGE_CURVE('',#4134,#4088,#2546,.T.);
#5401=EDGE_CURVE('',#4135,#4087,#2547,.T.);
#5402=EDGE_CURVE('',#4136,#4115,#2548,.T.);
#5403=EDGE_CURVE('',#4137,#4114,#2549,.T.);
#5404=EDGE_CURVE('',#4139,#4116,#2550,.T.);
#5405=EDGE_CURVE('',#4138,#4117,#2551,.T.);
#5406=ORIENTED_EDGE('',*,*,#4140,.F.);
#5407=ORIENTED_EDGE('',*,*,#4141,.F.);
#5408=ORIENTED_EDGE('',*,*,#4142,.F.);
#5409=ORIENTED_EDGE('',*,*,#4143,.F.);
#5410=ORIENTED_EDGE('',*,*,#4144,.F.);
#5411=ORIENTED_EDGE('',*,*,#4145,.F.);
#5412=ORIENTED_EDGE('',*,*,#4146,.F.);
#5413=ORIENTED_EDGE('',*,*,#4147,.F.);
#5414=ORIENTED_EDGE('',*,*,#4148,.F.);
#5415=ORIENTED_EDGE('',*,*,#4149,.F.);
#5416=ORIENTED_EDGE('',*,*,#4150,.F.);
#5417=ORIENTED_EDGE('',*,*,#4151,.F.);
#5418=ORIENTED_EDGE('',*,*,#4152,.F.);
#5419=ORIENTED_EDGE('',*,*,#4153,.F.);
#5420=ORIENTED_EDGE('',*,*,#4154,.F.);
#5421=ORIENTED_EDGE('',*,*,#4155,.F.);
#5422=ORIENTED_EDGE('',*,*,#4156,.F.);
#5423=ORIENTED_EDGE('',*,*,#4157,.F.);
#5424=ORIENTED_EDGE('',*,*,#4158,.F.);
#5425=ORIENTED_EDGE('',*,*,#4140,.T.);
#5426=ORIENTED_EDGE('',*,*,#4159,.T.);
#5427=ORIENTED_EDGE('',*,*,#4160,.F.);
#5428=ORIENTED_EDGE('',*,*,#4161,.F.);
#5429=ORIENTED_EDGE('',*,*,#4141,.T.);
#5430=ORIENTED_EDGE('',*,*,#4161,.T.);
#5431=ORIENTED_EDGE('',*,*,#4162,.F.);
#5432=ORIENTED_EDGE('',*,*,#4163,.F.);
#5433=ORIENTED_EDGE('',*,*,#4142,.T.);
#5434=ORIENTED_EDGE('',*,*,#4163,.T.);
#5435=ORIENTED_EDGE('',*,*,#4164,.F.);
#5436=ORIENTED_EDGE('',*,*,#4165,.F.);
#5437=ORIENTED_EDGE('',*,*,#4143,.T.);
#5438=ORIENTED_EDGE('',*,*,#4165,.T.);
#5439=ORIENTED_EDGE('',*,*,#4166,.F.);
#5440=ORIENTED_EDGE('',*,*,#4167,.F.);
#5441=ORIENTED_EDGE('',*,*,#4144,.T.);
#5442=ORIENTED_EDGE('',*,*,#4167,.T.);
#5443=ORIENTED_EDGE('',*,*,#4168,.F.);
#5444=ORIENTED_EDGE('',*,*,#4169,.F.);
#5445=ORIENTED_EDGE('',*,*,#4145,.T.);
#5446=ORIENTED_EDGE('',*,*,#4169,.T.);
#5447=ORIENTED_EDGE('',*,*,#4170,.F.);
#5448=ORIENTED_EDGE('',*,*,#4171,.F.);
#5449=ORIENTED_EDGE('',*,*,#4146,.T.);
#5450=ORIENTED_EDGE('',*,*,#4171,.T.);
#5451=ORIENTED_EDGE('',*,*,#4172,.F.);
#5452=ORIENTED_EDGE('',*,*,#4173,.F.);
#5453=ORIENTED_EDGE('',*,*,#4147,.T.);
#5454=ORIENTED_EDGE('',*,*,#4173,.T.);
#5455=ORIENTED_EDGE('',*,*,#4174,.F.);
#5456=ORIENTED_EDGE('',*,*,#4175,.F.);
#5457=ORIENTED_EDGE('',*,*,#4148,.T.);
#5458=ORIENTED_EDGE('',*,*,#4175,.T.);
#5459=ORIENTED_EDGE('',*,*,#4176,.F.);
#5460=ORIENTED_EDGE('',*,*,#4177,.F.);
#5461=ORIENTED_EDGE('',*,*,#4149,.T.);
#5462=ORIENTED_EDGE('',*,*,#4177,.T.);
#5463=ORIENTED_EDGE('',*,*,#4178,.F.);
#5464=ORIENTED_EDGE('',*,*,#4179,.F.);
#5465=ORIENTED_EDGE('',*,*,#4150,.T.);
#5466=ORIENTED_EDGE('',*,*,#4179,.T.);
#5467=ORIENTED_EDGE('',*,*,#4180,.F.);
#5468=ORIENTED_EDGE('',*,*,#4159,.F.);
#5469=ORIENTED_EDGE('',*,*,#4151,.T.);
#5470=ORIENTED_EDGE('',*,*,#4181,.T.);
#5471=ORIENTED_EDGE('',*,*,#4182,.F.);
#5472=ORIENTED_EDGE('',*,*,#4183,.F.);
#5473=ORIENTED_EDGE('',*,*,#4152,.T.);
#5474=ORIENTED_EDGE('',*,*,#4183,.T.);
#5475=ORIENTED_EDGE('',*,*,#4184,.F.);
#5476=ORIENTED_EDGE('',*,*,#4185,.F.);
#5477=ORIENTED_EDGE('',*,*,#4153,.T.);
#5478=ORIENTED_EDGE('',*,*,#4185,.T.);
#5479=ORIENTED_EDGE('',*,*,#4186,.F.);
#5480=ORIENTED_EDGE('',*,*,#4187,.F.);
#5481=ORIENTED_EDGE('',*,*,#4154,.T.);
#5482=ORIENTED_EDGE('',*,*,#4187,.T.);
#5483=ORIENTED_EDGE('',*,*,#4188,.F.);
#5484=ORIENTED_EDGE('',*,*,#4189,.F.);
#5485=ORIENTED_EDGE('',*,*,#4155,.T.);
#5486=ORIENTED_EDGE('',*,*,#4189,.T.);
#5487=ORIENTED_EDGE('',*,*,#4190,.F.);
#5488=ORIENTED_EDGE('',*,*,#4191,.F.);
#5489=ORIENTED_EDGE('',*,*,#4156,.T.);
#5490=ORIENTED_EDGE('',*,*,#4191,.T.);
#5491=ORIENTED_EDGE('',*,*,#4192,.F.);
#5492=ORIENTED_EDGE('',*,*,#4193,.F.);
#5493=ORIENTED_EDGE('',*,*,#4157,.T.);
#5494=ORIENTED_EDGE('',*,*,#4193,.T.);
#5495=ORIENTED_EDGE('',*,*,#4194,.F.);
#5496=ORIENTED_EDGE('',*,*,#4195,.F.);
#5497=ORIENTED_EDGE('',*,*,#4158,.T.);
#5498=ORIENTED_EDGE('',*,*,#4195,.T.);
#5499=ORIENTED_EDGE('',*,*,#4196,.F.);
#5500=ORIENTED_EDGE('',*,*,#4181,.F.);
#5501=ORIENTED_EDGE('',*,*,#4197,.F.);
#5502=ORIENTED_EDGE('',*,*,#4198,.F.);
#5503=ORIENTED_EDGE('',*,*,#4199,.F.);
#5504=ORIENTED_EDGE('',*,*,#4200,.F.);
#5505=ORIENTED_EDGE('',*,*,#4201,.F.);
#5506=ORIENTED_EDGE('',*,*,#4202,.F.);
#5507=ORIENTED_EDGE('',*,*,#4203,.F.);
#5508=ORIENTED_EDGE('',*,*,#4204,.F.);
#5509=ORIENTED_EDGE('',*,*,#4205,.F.);
#5510=ORIENTED_EDGE('',*,*,#4206,.F.);
#5511=ORIENTED_EDGE('',*,*,#4207,.F.);
#5512=ORIENTED_EDGE('',*,*,#4208,.F.);
#5513=ORIENTED_EDGE('',*,*,#4209,.F.);
#5514=ORIENTED_EDGE('',*,*,#4197,.T.);
#5515=ORIENTED_EDGE('',*,*,#4210,.T.);
#5516=ORIENTED_EDGE('',*,*,#4211,.F.);
#5517=ORIENTED_EDGE('',*,*,#4212,.F.);
#5518=ORIENTED_EDGE('',*,*,#4198,.T.);
#5519=ORIENTED_EDGE('',*,*,#4212,.T.);
#5520=ORIENTED_EDGE('',*,*,#4213,.F.);
#5521=ORIENTED_EDGE('',*,*,#4214,.F.);
#5522=ORIENTED_EDGE('',*,*,#4199,.T.);
#5523=ORIENTED_EDGE('',*,*,#4214,.T.);
#5524=ORIENTED_EDGE('',*,*,#4215,.F.);
#5525=ORIENTED_EDGE('',*,*,#4216,.F.);
#5526=ORIENTED_EDGE('',*,*,#4200,.T.);
#5527=ORIENTED_EDGE('',*,*,#4216,.T.);
#5528=ORIENTED_EDGE('',*,*,#4217,.F.);
#5529=ORIENTED_EDGE('',*,*,#4218,.F.);
#5530=ORIENTED_EDGE('',*,*,#4201,.T.);
#5531=ORIENTED_EDGE('',*,*,#4218,.T.);
#5532=ORIENTED_EDGE('',*,*,#4219,.F.);
#5533=ORIENTED_EDGE('',*,*,#4220,.F.);
#5534=ORIENTED_EDGE('',*,*,#4202,.T.);
#5535=ORIENTED_EDGE('',*,*,#4220,.T.);
#5536=ORIENTED_EDGE('',*,*,#4221,.F.);
#5537=ORIENTED_EDGE('',*,*,#4222,.F.);
#5538=ORIENTED_EDGE('',*,*,#4203,.T.);
#5539=ORIENTED_EDGE('',*,*,#4222,.T.);
#5540=ORIENTED_EDGE('',*,*,#4223,.F.);
#5541=ORIENTED_EDGE('',*,*,#4224,.F.);
#5542=ORIENTED_EDGE('',*,*,#4204,.T.);
#5543=ORIENTED_EDGE('',*,*,#4224,.T.);
#5544=ORIENTED_EDGE('',*,*,#4225,.F.);
#5545=ORIENTED_EDGE('',*,*,#4210,.F.);
#5546=ORIENTED_EDGE('',*,*,#4205,.T.);
#5547=ORIENTED_EDGE('',*,*,#4226,.T.);
#5548=ORIENTED_EDGE('',*,*,#4227,.F.);
#5549=ORIENTED_EDGE('',*,*,#4228,.F.);
#5550=ORIENTED_EDGE('',*,*,#4206,.T.);
#5551=ORIENTED_EDGE('',*,*,#4228,.T.);
#5552=ORIENTED_EDGE('',*,*,#4229,.F.);
#5553=ORIENTED_EDGE('',*,*,#4230,.F.);
#5554=ORIENTED_EDGE('',*,*,#4207,.T.);
#5555=ORIENTED_EDGE('',*,*,#4230,.T.);
#5556=ORIENTED_EDGE('',*,*,#4231,.F.);
#5557=ORIENTED_EDGE('',*,*,#4232,.F.);
#5558=ORIENTED_EDGE('',*,*,#4208,.T.);
#5559=ORIENTED_EDGE('',*,*,#4232,.T.);
#5560=ORIENTED_EDGE('',*,*,#4233,.F.);
#5561=ORIENTED_EDGE('',*,*,#4234,.F.);
#5562=ORIENTED_EDGE('',*,*,#4209,.T.);
#5563=ORIENTED_EDGE('',*,*,#4234,.T.);
#5564=ORIENTED_EDGE('',*,*,#4235,.F.);
#5565=ORIENTED_EDGE('',*,*,#4226,.F.);
#5566=ORIENTED_EDGE('',*,*,#4236,.F.);
#5567=ORIENTED_EDGE('',*,*,#4237,.F.);
#5568=ORIENTED_EDGE('',*,*,#4238,.F.);
#5569=ORIENTED_EDGE('',*,*,#4239,.F.);
#5570=ORIENTED_EDGE('',*,*,#4240,.F.);
#5571=ORIENTED_EDGE('',*,*,#4241,.F.);
#5572=ORIENTED_EDGE('',*,*,#4242,.F.);
#5573=ORIENTED_EDGE('',*,*,#4243,.F.);
#5574=ORIENTED_EDGE('',*,*,#4244,.F.);
#5575=ORIENTED_EDGE('',*,*,#4245,.F.);
#5576=ORIENTED_EDGE('',*,*,#4246,.F.);
#5577=ORIENTED_EDGE('',*,*,#4247,.F.);
#5578=ORIENTED_EDGE('',*,*,#4248,.F.);
#5579=ORIENTED_EDGE('',*,*,#4249,.F.);
#5580=ORIENTED_EDGE('',*,*,#4250,.F.);
#5581=ORIENTED_EDGE('',*,*,#4251,.F.);
#5582=ORIENTED_EDGE('',*,*,#4252,.F.);
#5583=ORIENTED_EDGE('',*,*,#4253,.F.);
#5584=ORIENTED_EDGE('',*,*,#4254,.F.);
#5585=ORIENTED_EDGE('',*,*,#4255,.F.);
#5586=ORIENTED_EDGE('',*,*,#4256,.F.);
#5587=ORIENTED_EDGE('',*,*,#4257,.F.);
#5588=ORIENTED_EDGE('',*,*,#4258,.F.);
#5589=ORIENTED_EDGE('',*,*,#4259,.F.);
#5590=ORIENTED_EDGE('',*,*,#4260,.F.);
#5591=ORIENTED_EDGE('',*,*,#4261,.F.);
#5592=ORIENTED_EDGE('',*,*,#4262,.F.);
#5593=ORIENTED_EDGE('',*,*,#4263,.F.);
#5594=ORIENTED_EDGE('',*,*,#4264,.F.);
#5595=ORIENTED_EDGE('',*,*,#4265,.F.);
#5596=ORIENTED_EDGE('',*,*,#4266,.F.);
#5597=ORIENTED_EDGE('',*,*,#4267,.F.);
#5598=ORIENTED_EDGE('',*,*,#4268,.F.);
#5599=ORIENTED_EDGE('',*,*,#4269,.F.);
#5600=ORIENTED_EDGE('',*,*,#4270,.F.);
#5601=ORIENTED_EDGE('',*,*,#4236,.T.);
#5602=ORIENTED_EDGE('',*,*,#4271,.T.);
#5603=ORIENTED_EDGE('',*,*,#4272,.F.);
#5604=ORIENTED_EDGE('',*,*,#4273,.F.);
#5605=ORIENTED_EDGE('',*,*,#4237,.T.);
#5606=ORIENTED_EDGE('',*,*,#4273,.T.);
#5607=ORIENTED_EDGE('',*,*,#4274,.F.);
#5608=ORIENTED_EDGE('',*,*,#4275,.F.);
#5609=ORIENTED_EDGE('',*,*,#4238,.T.);
#5610=ORIENTED_EDGE('',*,*,#4275,.T.);
#5611=ORIENTED_EDGE('',*,*,#4276,.F.);
#5612=ORIENTED_EDGE('',*,*,#4277,.F.);
#5613=ORIENTED_EDGE('',*,*,#4239,.T.);
#5614=ORIENTED_EDGE('',*,*,#4277,.T.);
#5615=ORIENTED_EDGE('',*,*,#4278,.F.);
#5616=ORIENTED_EDGE('',*,*,#4279,.F.);
#5617=ORIENTED_EDGE('',*,*,#4240,.T.);
#5618=ORIENTED_EDGE('',*,*,#4279,.T.);
#5619=ORIENTED_EDGE('',*,*,#4280,.F.);
#5620=ORIENTED_EDGE('',*,*,#4281,.F.);
#5621=ORIENTED_EDGE('',*,*,#4241,.T.);
#5622=ORIENTED_EDGE('',*,*,#4281,.T.);
#5623=ORIENTED_EDGE('',*,*,#4282,.F.);
#5624=ORIENTED_EDGE('',*,*,#4283,.F.);
#5625=ORIENTED_EDGE('',*,*,#4242,.T.);
#5626=ORIENTED_EDGE('',*,*,#4283,.T.);
#5627=ORIENTED_EDGE('',*,*,#4284,.F.);
#5628=ORIENTED_EDGE('',*,*,#4285,.F.);
#5629=ORIENTED_EDGE('',*,*,#4243,.T.);
#5630=ORIENTED_EDGE('',*,*,#4285,.T.);
#5631=ORIENTED_EDGE('',*,*,#4286,.F.);
#5632=ORIENTED_EDGE('',*,*,#4287,.F.);
#5633=ORIENTED_EDGE('',*,*,#4244,.T.);
#5634=ORIENTED_EDGE('',*,*,#4287,.T.);
#5635=ORIENTED_EDGE('',*,*,#4288,.F.);
#5636=ORIENTED_EDGE('',*,*,#4289,.F.);
#5637=ORIENTED_EDGE('',*,*,#4245,.T.);
#5638=ORIENTED_EDGE('',*,*,#4289,.T.);
#5639=ORIENTED_EDGE('',*,*,#4290,.F.);
#5640=ORIENTED_EDGE('',*,*,#4291,.F.);
#5641=ORIENTED_EDGE('',*,*,#4246,.T.);
#5642=ORIENTED_EDGE('',*,*,#4291,.T.);
#5643=ORIENTED_EDGE('',*,*,#4292,.F.);
#5644=ORIENTED_EDGE('',*,*,#4293,.F.);
#5645=ORIENTED_EDGE('',*,*,#4247,.T.);
#5646=ORIENTED_EDGE('',*,*,#4293,.T.);
#5647=ORIENTED_EDGE('',*,*,#4294,.F.);
#5648=ORIENTED_EDGE('',*,*,#4295,.F.);
#5649=ORIENTED_EDGE('',*,*,#4248,.T.);
#5650=ORIENTED_EDGE('',*,*,#4295,.T.);
#5651=ORIENTED_EDGE('',*,*,#4296,.F.);
#5652=ORIENTED_EDGE('',*,*,#4297,.F.);
#5653=ORIENTED_EDGE('',*,*,#4249,.T.);
#5654=ORIENTED_EDGE('',*,*,#4297,.T.);
#5655=ORIENTED_EDGE('',*,*,#4298,.F.);
#5656=ORIENTED_EDGE('',*,*,#4299,.F.);
#5657=ORIENTED_EDGE('',*,*,#4250,.T.);
#5658=ORIENTED_EDGE('',*,*,#4299,.T.);
#5659=ORIENTED_EDGE('',*,*,#4300,.F.);
#5660=ORIENTED_EDGE('',*,*,#4301,.F.);
#5661=ORIENTED_EDGE('',*,*,#4251,.T.);
#5662=ORIENTED_EDGE('',*,*,#4301,.T.);
#5663=ORIENTED_EDGE('',*,*,#4302,.F.);
#5664=ORIENTED_EDGE('',*,*,#4303,.F.);
#5665=ORIENTED_EDGE('',*,*,#4252,.T.);
#5666=ORIENTED_EDGE('',*,*,#4303,.T.);
#5667=ORIENTED_EDGE('',*,*,#4304,.F.);
#5668=ORIENTED_EDGE('',*,*,#4305,.F.);
#5669=ORIENTED_EDGE('',*,*,#4253,.T.);
#5670=ORIENTED_EDGE('',*,*,#4305,.T.);
#5671=ORIENTED_EDGE('',*,*,#4306,.F.);
#5672=ORIENTED_EDGE('',*,*,#4307,.F.);
#5673=ORIENTED_EDGE('',*,*,#4254,.T.);
#5674=ORIENTED_EDGE('',*,*,#4307,.T.);
#5675=ORIENTED_EDGE('',*,*,#4308,.F.);
#5676=ORIENTED_EDGE('',*,*,#4309,.F.);
#5677=ORIENTED_EDGE('',*,*,#4255,.T.);
#5678=ORIENTED_EDGE('',*,*,#4309,.T.);
#5679=ORIENTED_EDGE('',*,*,#4310,.F.);
#5680=ORIENTED_EDGE('',*,*,#4311,.F.);
#5681=ORIENTED_EDGE('',*,*,#4256,.T.);
#5682=ORIENTED_EDGE('',*,*,#4311,.T.);
#5683=ORIENTED_EDGE('',*,*,#4312,.F.);
#5684=ORIENTED_EDGE('',*,*,#4313,.F.);
#5685=ORIENTED_EDGE('',*,*,#4257,.T.);
#5686=ORIENTED_EDGE('',*,*,#4313,.T.);
#5687=ORIENTED_EDGE('',*,*,#4314,.F.);
#5688=ORIENTED_EDGE('',*,*,#4315,.F.);
#5689=ORIENTED_EDGE('',*,*,#4258,.T.);
#5690=ORIENTED_EDGE('',*,*,#4315,.T.);
#5691=ORIENTED_EDGE('',*,*,#4316,.F.);
#5692=ORIENTED_EDGE('',*,*,#4317,.F.);
#5693=ORIENTED_EDGE('',*,*,#4259,.T.);
#5694=ORIENTED_EDGE('',*,*,#4317,.T.);
#5695=ORIENTED_EDGE('',*,*,#4318,.F.);
#5696=ORIENTED_EDGE('',*,*,#4319,.F.);
#5697=ORIENTED_EDGE('',*,*,#4260,.T.);
#5698=ORIENTED_EDGE('',*,*,#4319,.T.);
#5699=ORIENTED_EDGE('',*,*,#4320,.F.);
#5700=ORIENTED_EDGE('',*,*,#4321,.F.);
#5701=ORIENTED_EDGE('',*,*,#4261,.T.);
#5702=ORIENTED_EDGE('',*,*,#4321,.T.);
#5703=ORIENTED_EDGE('',*,*,#4322,.F.);
#5704=ORIENTED_EDGE('',*,*,#4323,.F.);
#5705=ORIENTED_EDGE('',*,*,#4262,.T.);
#5706=ORIENTED_EDGE('',*,*,#4323,.T.);
#5707=ORIENTED_EDGE('',*,*,#4324,.F.);
#5708=ORIENTED_EDGE('',*,*,#4325,.F.);
#5709=ORIENTED_EDGE('',*,*,#4263,.T.);
#5710=ORIENTED_EDGE('',*,*,#4325,.T.);
#5711=ORIENTED_EDGE('',*,*,#4326,.F.);
#5712=ORIENTED_EDGE('',*,*,#4327,.F.);
#5713=ORIENTED_EDGE('',*,*,#4264,.T.);
#5714=ORIENTED_EDGE('',*,*,#4327,.T.);
#5715=ORIENTED_EDGE('',*,*,#4328,.F.);
#5716=ORIENTED_EDGE('',*,*,#4329,.F.);
#5717=ORIENTED_EDGE('',*,*,#4265,.T.);
#5718=ORIENTED_EDGE('',*,*,#4329,.T.);
#5719=ORIENTED_EDGE('',*,*,#4330,.F.);
#5720=ORIENTED_EDGE('',*,*,#4331,.F.);
#5721=ORIENTED_EDGE('',*,*,#4266,.T.);
#5722=ORIENTED_EDGE('',*,*,#4331,.T.);
#5723=ORIENTED_EDGE('',*,*,#4332,.F.);
#5724=ORIENTED_EDGE('',*,*,#4333,.F.);
#5725=ORIENTED_EDGE('',*,*,#4267,.T.);
#5726=ORIENTED_EDGE('',*,*,#4333,.T.);
#5727=ORIENTED_EDGE('',*,*,#4334,.F.);
#5728=ORIENTED_EDGE('',*,*,#4335,.F.);
#5729=ORIENTED_EDGE('',*,*,#4268,.T.);
#5730=ORIENTED_EDGE('',*,*,#4335,.T.);
#5731=ORIENTED_EDGE('',*,*,#4336,.F.);
#5732=ORIENTED_EDGE('',*,*,#4337,.F.);
#5733=ORIENTED_EDGE('',*,*,#4269,.T.);
#5734=ORIENTED_EDGE('',*,*,#4337,.T.);
#5735=ORIENTED_EDGE('',*,*,#4338,.F.);
#5736=ORIENTED_EDGE('',*,*,#4339,.F.);
#5737=ORIENTED_EDGE('',*,*,#4270,.T.);
#5738=ORIENTED_EDGE('',*,*,#4339,.T.);
#5739=ORIENTED_EDGE('',*,*,#4340,.F.);
#5740=ORIENTED_EDGE('',*,*,#4271,.F.);
#5741=ORIENTED_EDGE('',*,*,#4341,.F.);
#5742=ORIENTED_EDGE('',*,*,#4342,.F.);
#5743=ORIENTED_EDGE('',*,*,#4343,.F.);
#5744=ORIENTED_EDGE('',*,*,#4344,.F.);
#5745=ORIENTED_EDGE('',*,*,#4345,.F.);
#5746=ORIENTED_EDGE('',*,*,#4346,.F.);
#5747=ORIENTED_EDGE('',*,*,#4347,.F.);
#5748=ORIENTED_EDGE('',*,*,#4348,.F.);
#5749=ORIENTED_EDGE('',*,*,#4349,.F.);
#5750=ORIENTED_EDGE('',*,*,#4350,.F.);
#5751=ORIENTED_EDGE('',*,*,#4351,.F.);
#5752=ORIENTED_EDGE('',*,*,#4352,.F.);
#5753=ORIENTED_EDGE('',*,*,#4353,.F.);
#5754=ORIENTED_EDGE('',*,*,#4354,.F.);
#5755=ORIENTED_EDGE('',*,*,#4355,.F.);
#5756=ORIENTED_EDGE('',*,*,#4356,.F.);
#5757=ORIENTED_EDGE('',*,*,#4357,.F.);
#5758=ORIENTED_EDGE('',*,*,#4358,.F.);
#5759=ORIENTED_EDGE('',*,*,#4359,.F.);
#5760=ORIENTED_EDGE('',*,*,#4360,.F.);
#5761=ORIENTED_EDGE('',*,*,#4361,.F.);
#5762=ORIENTED_EDGE('',*,*,#4362,.F.);
#5763=ORIENTED_EDGE('',*,*,#4363,.F.);
#5764=ORIENTED_EDGE('',*,*,#4364,.F.);
#5765=ORIENTED_EDGE('',*,*,#4365,.F.);
#5766=ORIENTED_EDGE('',*,*,#4366,.F.);
#5767=ORIENTED_EDGE('',*,*,#4367,.F.);
#5768=ORIENTED_EDGE('',*,*,#4341,.T.);
#5769=ORIENTED_EDGE('',*,*,#4368,.T.);
#5770=ORIENTED_EDGE('',*,*,#4369,.F.);
#5771=ORIENTED_EDGE('',*,*,#4370,.F.);
#5772=ORIENTED_EDGE('',*,*,#4342,.T.);
#5773=ORIENTED_EDGE('',*,*,#4370,.T.);
#5774=ORIENTED_EDGE('',*,*,#4371,.F.);
#5775=ORIENTED_EDGE('',*,*,#4372,.F.);
#5776=ORIENTED_EDGE('',*,*,#4343,.T.);
#5777=ORIENTED_EDGE('',*,*,#4372,.T.);
#5778=ORIENTED_EDGE('',*,*,#4373,.F.);
#5779=ORIENTED_EDGE('',*,*,#4374,.F.);
#5780=ORIENTED_EDGE('',*,*,#4344,.T.);
#5781=ORIENTED_EDGE('',*,*,#4374,.T.);
#5782=ORIENTED_EDGE('',*,*,#4375,.F.);
#5783=ORIENTED_EDGE('',*,*,#4376,.F.);
#5784=ORIENTED_EDGE('',*,*,#4345,.T.);
#5785=ORIENTED_EDGE('',*,*,#4376,.T.);
#5786=ORIENTED_EDGE('',*,*,#4377,.F.);
#5787=ORIENTED_EDGE('',*,*,#4378,.F.);
#5788=ORIENTED_EDGE('',*,*,#4346,.T.);
#5789=ORIENTED_EDGE('',*,*,#4378,.T.);
#5790=ORIENTED_EDGE('',*,*,#4379,.F.);
#5791=ORIENTED_EDGE('',*,*,#4380,.F.);
#5792=ORIENTED_EDGE('',*,*,#4347,.T.);
#5793=ORIENTED_EDGE('',*,*,#4380,.T.);
#5794=ORIENTED_EDGE('',*,*,#4381,.F.);
#5795=ORIENTED_EDGE('',*,*,#4382,.F.);
#5796=ORIENTED_EDGE('',*,*,#4348,.T.);
#5797=ORIENTED_EDGE('',*,*,#4382,.T.);
#5798=ORIENTED_EDGE('',*,*,#4383,.F.);
#5799=ORIENTED_EDGE('',*,*,#4384,.F.);
#5800=ORIENTED_EDGE('',*,*,#4349,.T.);
#5801=ORIENTED_EDGE('',*,*,#4384,.T.);
#5802=ORIENTED_EDGE('',*,*,#4385,.F.);
#5803=ORIENTED_EDGE('',*,*,#4386,.F.);
#5804=ORIENTED_EDGE('',*,*,#4350,.T.);
#5805=ORIENTED_EDGE('',*,*,#4386,.T.);
#5806=ORIENTED_EDGE('',*,*,#4387,.F.);
#5807=ORIENTED_EDGE('',*,*,#4388,.F.);
#5808=ORIENTED_EDGE('',*,*,#4351,.T.);
#5809=ORIENTED_EDGE('',*,*,#4388,.T.);
#5810=ORIENTED_EDGE('',*,*,#4389,.F.);
#5811=ORIENTED_EDGE('',*,*,#4390,.F.);
#5812=ORIENTED_EDGE('',*,*,#4352,.T.);
#5813=ORIENTED_EDGE('',*,*,#4390,.T.);
#5814=ORIENTED_EDGE('',*,*,#4391,.F.);
#5815=ORIENTED_EDGE('',*,*,#4392,.F.);
#5816=ORIENTED_EDGE('',*,*,#4353,.T.);
#5817=ORIENTED_EDGE('',*,*,#4392,.T.);
#5818=ORIENTED_EDGE('',*,*,#4393,.F.);
#5819=ORIENTED_EDGE('',*,*,#4394,.F.);
#5820=ORIENTED_EDGE('',*,*,#4354,.T.);
#5821=ORIENTED_EDGE('',*,*,#4394,.T.);
#5822=ORIENTED_EDGE('',*,*,#4395,.F.);
#5823=ORIENTED_EDGE('',*,*,#4396,.F.);
#5824=ORIENTED_EDGE('',*,*,#4355,.T.);
#5825=ORIENTED_EDGE('',*,*,#4396,.T.);
#5826=ORIENTED_EDGE('',*,*,#4397,.F.);
#5827=ORIENTED_EDGE('',*,*,#4398,.F.);
#5828=ORIENTED_EDGE('',*,*,#4356,.T.);
#5829=ORIENTED_EDGE('',*,*,#4398,.T.);
#5830=ORIENTED_EDGE('',*,*,#4399,.F.);
#5831=ORIENTED_EDGE('',*,*,#4400,.F.);
#5832=ORIENTED_EDGE('',*,*,#4357,.T.);
#5833=ORIENTED_EDGE('',*,*,#4400,.T.);
#5834=ORIENTED_EDGE('',*,*,#4401,.F.);
#5835=ORIENTED_EDGE('',*,*,#4402,.F.);
#5836=ORIENTED_EDGE('',*,*,#4358,.T.);
#5837=ORIENTED_EDGE('',*,*,#4402,.T.);
#5838=ORIENTED_EDGE('',*,*,#4403,.F.);
#5839=ORIENTED_EDGE('',*,*,#4404,.F.);
#5840=ORIENTED_EDGE('',*,*,#4359,.T.);
#5841=ORIENTED_EDGE('',*,*,#4404,.T.);
#5842=ORIENTED_EDGE('',*,*,#4405,.F.);
#5843=ORIENTED_EDGE('',*,*,#4368,.F.);
#5844=ORIENTED_EDGE('',*,*,#4360,.T.);
#5845=ORIENTED_EDGE('',*,*,#4406,.T.);
#5846=ORIENTED_EDGE('',*,*,#4407,.F.);
#5847=ORIENTED_EDGE('',*,*,#4408,.F.);
#5848=ORIENTED_EDGE('',*,*,#4361,.T.);
#5849=ORIENTED_EDGE('',*,*,#4408,.T.);
#5850=ORIENTED_EDGE('',*,*,#4409,.F.);
#5851=ORIENTED_EDGE('',*,*,#4410,.F.);
#5852=ORIENTED_EDGE('',*,*,#4362,.T.);
#5853=ORIENTED_EDGE('',*,*,#4410,.T.);
#5854=ORIENTED_EDGE('',*,*,#4411,.F.);
#5855=ORIENTED_EDGE('',*,*,#4412,.F.);
#5856=ORIENTED_EDGE('',*,*,#4363,.T.);
#5857=ORIENTED_EDGE('',*,*,#4412,.T.);
#5858=ORIENTED_EDGE('',*,*,#4413,.F.);
#5859=ORIENTED_EDGE('',*,*,#4414,.F.);
#5860=ORIENTED_EDGE('',*,*,#4364,.T.);
#5861=ORIENTED_EDGE('',*,*,#4414,.T.);
#5862=ORIENTED_EDGE('',*,*,#4415,.F.);
#5863=ORIENTED_EDGE('',*,*,#4416,.F.);
#5864=ORIENTED_EDGE('',*,*,#4365,.T.);
#5865=ORIENTED_EDGE('',*,*,#4416,.T.);
#5866=ORIENTED_EDGE('',*,*,#4417,.F.);
#5867=ORIENTED_EDGE('',*,*,#4418,.F.);
#5868=ORIENTED_EDGE('',*,*,#4366,.T.);
#5869=ORIENTED_EDGE('',*,*,#4418,.T.);
#5870=ORIENTED_EDGE('',*,*,#4419,.F.);
#5871=ORIENTED_EDGE('',*,*,#4420,.F.);
#5872=ORIENTED_EDGE('',*,*,#4367,.T.);
#5873=ORIENTED_EDGE('',*,*,#4420,.T.);
#5874=ORIENTED_EDGE('',*,*,#4421,.F.);
#5875=ORIENTED_EDGE('',*,*,#4406,.F.);
#5876=ORIENTED_EDGE('',*,*,#4422,.F.);
#5877=ORIENTED_EDGE('',*,*,#4423,.F.);
#5878=ORIENTED_EDGE('',*,*,#4424,.F.);
#5879=ORIENTED_EDGE('',*,*,#4425,.F.);
#5880=ORIENTED_EDGE('',*,*,#4426,.F.);
#5881=ORIENTED_EDGE('',*,*,#4427,.F.);
#5882=ORIENTED_EDGE('',*,*,#4428,.F.);
#5883=ORIENTED_EDGE('',*,*,#4429,.F.);
#5884=ORIENTED_EDGE('',*,*,#4422,.T.);
#5885=ORIENTED_EDGE('',*,*,#4430,.T.);
#5886=ORIENTED_EDGE('',*,*,#4431,.F.);
#5887=ORIENTED_EDGE('',*,*,#4432,.F.);
#5888=ORIENTED_EDGE('',*,*,#4423,.T.);
#5889=ORIENTED_EDGE('',*,*,#4432,.T.);
#5890=ORIENTED_EDGE('',*,*,#4433,.F.);
#5891=ORIENTED_EDGE('',*,*,#4434,.F.);
#5892=ORIENTED_EDGE('',*,*,#4424,.T.);
#5893=ORIENTED_EDGE('',*,*,#4434,.T.);
#5894=ORIENTED_EDGE('',*,*,#4435,.F.);
#5895=ORIENTED_EDGE('',*,*,#4436,.F.);
#5896=ORIENTED_EDGE('',*,*,#4425,.T.);
#5897=ORIENTED_EDGE('',*,*,#4436,.T.);
#5898=ORIENTED_EDGE('',*,*,#4437,.F.);
#5899=ORIENTED_EDGE('',*,*,#4438,.F.);
#5900=ORIENTED_EDGE('',*,*,#4426,.T.);
#5901=ORIENTED_EDGE('',*,*,#4438,.T.);
#5902=ORIENTED_EDGE('',*,*,#4439,.F.);
#5903=ORIENTED_EDGE('',*,*,#4440,.F.);
#5904=ORIENTED_EDGE('',*,*,#4427,.T.);
#5905=ORIENTED_EDGE('',*,*,#4440,.T.);
#5906=ORIENTED_EDGE('',*,*,#4441,.F.);
#5907=ORIENTED_EDGE('',*,*,#4442,.F.);
#5908=ORIENTED_EDGE('',*,*,#4428,.T.);
#5909=ORIENTED_EDGE('',*,*,#4442,.T.);
#5910=ORIENTED_EDGE('',*,*,#4443,.F.);
#5911=ORIENTED_EDGE('',*,*,#4444,.F.);
#5912=ORIENTED_EDGE('',*,*,#4429,.T.);
#5913=ORIENTED_EDGE('',*,*,#4444,.T.);
#5914=ORIENTED_EDGE('',*,*,#4445,.F.);
#5915=ORIENTED_EDGE('',*,*,#4430,.F.);
#5916=ORIENTED_EDGE('',*,*,#4407,.T.);
#5917=ORIENTED_EDGE('',*,*,#4421,.T.);
#5918=ORIENTED_EDGE('',*,*,#4419,.T.);
#5919=ORIENTED_EDGE('',*,*,#4417,.T.);
#5920=ORIENTED_EDGE('',*,*,#4415,.T.);
#5921=ORIENTED_EDGE('',*,*,#4413,.T.);
#5922=ORIENTED_EDGE('',*,*,#4411,.T.);
#5923=ORIENTED_EDGE('',*,*,#4409,.T.);
#5924=ORIENTED_EDGE('',*,*,#4227,.T.);
#5925=ORIENTED_EDGE('',*,*,#4235,.T.);
#5926=ORIENTED_EDGE('',*,*,#4233,.T.);
#5927=ORIENTED_EDGE('',*,*,#4231,.T.);
#5928=ORIENTED_EDGE('',*,*,#4229,.T.);
#5929=ORIENTED_EDGE('',*,*,#4182,.T.);
#5930=ORIENTED_EDGE('',*,*,#4196,.T.);
#5931=ORIENTED_EDGE('',*,*,#4194,.T.);
#5932=ORIENTED_EDGE('',*,*,#4192,.T.);
#5933=ORIENTED_EDGE('',*,*,#4190,.T.);
#5934=ORIENTED_EDGE('',*,*,#4188,.T.);
#5935=ORIENTED_EDGE('',*,*,#4186,.T.);
#5936=ORIENTED_EDGE('',*,*,#4184,.T.);
#5937=ORIENTED_EDGE('',*,*,#4446,.F.);
#5938=ORIENTED_EDGE('',*,*,#4447,.F.);
#5939=ORIENTED_EDGE('',*,*,#4448,.F.);
#5940=ORIENTED_EDGE('',*,*,#4449,.F.);
#5941=ORIENTED_EDGE('',*,*,#4450,.F.);
#5942=ORIENTED_EDGE('',*,*,#4451,.F.);
#5943=ORIENTED_EDGE('',*,*,#4452,.F.);
#5944=ORIENTED_EDGE('',*,*,#4453,.F.);
#5945=ORIENTED_EDGE('',*,*,#4454,.F.);
#5946=ORIENTED_EDGE('',*,*,#4455,.F.);
#5947=ORIENTED_EDGE('',*,*,#4456,.F.);
#5948=ORIENTED_EDGE('',*,*,#4457,.F.);
#5949=ORIENTED_EDGE('',*,*,#4458,.F.);
#5950=ORIENTED_EDGE('',*,*,#4459,.F.);
#5951=ORIENTED_EDGE('',*,*,#4460,.F.);
#5952=ORIENTED_EDGE('',*,*,#4461,.F.);
#5953=ORIENTED_EDGE('',*,*,#4462,.F.);
#5954=ORIENTED_EDGE('',*,*,#4463,.F.);
#5955=ORIENTED_EDGE('',*,*,#4464,.F.);
#5956=ORIENTED_EDGE('',*,*,#4446,.T.);
#5957=ORIENTED_EDGE('',*,*,#4465,.T.);
#5958=ORIENTED_EDGE('',*,*,#4466,.F.);
#5959=ORIENTED_EDGE('',*,*,#4467,.F.);
#5960=ORIENTED_EDGE('',*,*,#4447,.T.);
#5961=ORIENTED_EDGE('',*,*,#4467,.T.);
#5962=ORIENTED_EDGE('',*,*,#4468,.F.);
#5963=ORIENTED_EDGE('',*,*,#4469,.F.);
#5964=ORIENTED_EDGE('',*,*,#4448,.T.);
#5965=ORIENTED_EDGE('',*,*,#4469,.T.);
#5966=ORIENTED_EDGE('',*,*,#4470,.F.);
#5967=ORIENTED_EDGE('',*,*,#4471,.F.);
#5968=ORIENTED_EDGE('',*,*,#4449,.T.);
#5969=ORIENTED_EDGE('',*,*,#4471,.T.);
#5970=ORIENTED_EDGE('',*,*,#4472,.F.);
#5971=ORIENTED_EDGE('',*,*,#4473,.F.);
#5972=ORIENTED_EDGE('',*,*,#4450,.T.);
#5973=ORIENTED_EDGE('',*,*,#4473,.T.);
#5974=ORIENTED_EDGE('',*,*,#4474,.F.);
#5975=ORIENTED_EDGE('',*,*,#4475,.F.);
#5976=ORIENTED_EDGE('',*,*,#4451,.T.);
#5977=ORIENTED_EDGE('',*,*,#4475,.T.);
#5978=ORIENTED_EDGE('',*,*,#4476,.F.);
#5979=ORIENTED_EDGE('',*,*,#4477,.F.);
#5980=ORIENTED_EDGE('',*,*,#4452,.T.);
#5981=ORIENTED_EDGE('',*,*,#4477,.T.);
#5982=ORIENTED_EDGE('',*,*,#4478,.F.);
#5983=ORIENTED_EDGE('',*,*,#4479,.F.);
#5984=ORIENTED_EDGE('',*,*,#4453,.T.);
#5985=ORIENTED_EDGE('',*,*,#4479,.T.);
#5986=ORIENTED_EDGE('',*,*,#4480,.F.);
#5987=ORIENTED_EDGE('',*,*,#4481,.F.);
#5988=ORIENTED_EDGE('',*,*,#4454,.T.);
#5989=ORIENTED_EDGE('',*,*,#4481,.T.);
#5990=ORIENTED_EDGE('',*,*,#4482,.F.);
#5991=ORIENTED_EDGE('',*,*,#4483,.F.);
#5992=ORIENTED_EDGE('',*,*,#4455,.T.);
#5993=ORIENTED_EDGE('',*,*,#4483,.T.);
#5994=ORIENTED_EDGE('',*,*,#4484,.F.);
#5995=ORIENTED_EDGE('',*,*,#4485,.F.);
#5996=ORIENTED_EDGE('',*,*,#4456,.T.);
#5997=ORIENTED_EDGE('',*,*,#4485,.T.);
#5998=ORIENTED_EDGE('',*,*,#4486,.F.);
#5999=ORIENTED_EDGE('',*,*,#4465,.F.);
#6000=ORIENTED_EDGE('',*,*,#4457,.T.);
#6001=ORIENTED_EDGE('',*,*,#4487,.T.);
#6002=ORIENTED_EDGE('',*,*,#4488,.F.);
#6003=ORIENTED_EDGE('',*,*,#4489,.F.);
#6004=ORIENTED_EDGE('',*,*,#4458,.T.);
#6005=ORIENTED_EDGE('',*,*,#4489,.T.);
#6006=ORIENTED_EDGE('',*,*,#4490,.F.);
#6007=ORIENTED_EDGE('',*,*,#4491,.F.);
#6008=ORIENTED_EDGE('',*,*,#4459,.T.);
#6009=ORIENTED_EDGE('',*,*,#4491,.T.);
#6010=ORIENTED_EDGE('',*,*,#4492,.F.);
#6011=ORIENTED_EDGE('',*,*,#4493,.F.);
#6012=ORIENTED_EDGE('',*,*,#4460,.T.);
#6013=ORIENTED_EDGE('',*,*,#4493,.T.);
#6014=ORIENTED_EDGE('',*,*,#4494,.F.);
#6015=ORIENTED_EDGE('',*,*,#4495,.F.);
#6016=ORIENTED_EDGE('',*,*,#4461,.T.);
#6017=ORIENTED_EDGE('',*,*,#4495,.T.);
#6018=ORIENTED_EDGE('',*,*,#4496,.F.);
#6019=ORIENTED_EDGE('',*,*,#4497,.F.);
#6020=ORIENTED_EDGE('',*,*,#4462,.T.);
#6021=ORIENTED_EDGE('',*,*,#4497,.T.);
#6022=ORIENTED_EDGE('',*,*,#4498,.F.);
#6023=ORIENTED_EDGE('',*,*,#4499,.F.);
#6024=ORIENTED_EDGE('',*,*,#4463,.T.);
#6025=ORIENTED_EDGE('',*,*,#4499,.T.);
#6026=ORIENTED_EDGE('',*,*,#4500,.F.);
#6027=ORIENTED_EDGE('',*,*,#4501,.F.);
#6028=ORIENTED_EDGE('',*,*,#4464,.T.);
#6029=ORIENTED_EDGE('',*,*,#4501,.T.);
#6030=ORIENTED_EDGE('',*,*,#4502,.F.);
#6031=ORIENTED_EDGE('',*,*,#4487,.F.);
#6032=ORIENTED_EDGE('',*,*,#4503,.F.);
#6033=ORIENTED_EDGE('',*,*,#4504,.F.);
#6034=ORIENTED_EDGE('',*,*,#4505,.F.);
#6035=ORIENTED_EDGE('',*,*,#4506,.F.);
#6036=ORIENTED_EDGE('',*,*,#4507,.F.);
#6037=ORIENTED_EDGE('',*,*,#4508,.F.);
#6038=ORIENTED_EDGE('',*,*,#4509,.F.);
#6039=ORIENTED_EDGE('',*,*,#4510,.F.);
#6040=ORIENTED_EDGE('',*,*,#4511,.F.);
#6041=ORIENTED_EDGE('',*,*,#4512,.F.);
#6042=ORIENTED_EDGE('',*,*,#4513,.F.);
#6043=ORIENTED_EDGE('',*,*,#4514,.F.);
#6044=ORIENTED_EDGE('',*,*,#4515,.F.);
#6045=ORIENTED_EDGE('',*,*,#4503,.T.);
#6046=ORIENTED_EDGE('',*,*,#4516,.T.);
#6047=ORIENTED_EDGE('',*,*,#4517,.F.);
#6048=ORIENTED_EDGE('',*,*,#4518,.F.);
#6049=ORIENTED_EDGE('',*,*,#4504,.T.);
#6050=ORIENTED_EDGE('',*,*,#4518,.T.);
#6051=ORIENTED_EDGE('',*,*,#4519,.F.);
#6052=ORIENTED_EDGE('',*,*,#4520,.F.);
#6053=ORIENTED_EDGE('',*,*,#4505,.T.);
#6054=ORIENTED_EDGE('',*,*,#4520,.T.);
#6055=ORIENTED_EDGE('',*,*,#4521,.F.);
#6056=ORIENTED_EDGE('',*,*,#4522,.F.);
#6057=ORIENTED_EDGE('',*,*,#4506,.T.);
#6058=ORIENTED_EDGE('',*,*,#4522,.T.);
#6059=ORIENTED_EDGE('',*,*,#4523,.F.);
#6060=ORIENTED_EDGE('',*,*,#4524,.F.);
#6061=ORIENTED_EDGE('',*,*,#4507,.T.);
#6062=ORIENTED_EDGE('',*,*,#4524,.T.);
#6063=ORIENTED_EDGE('',*,*,#4525,.F.);
#6064=ORIENTED_EDGE('',*,*,#4526,.F.);
#6065=ORIENTED_EDGE('',*,*,#4508,.T.);
#6066=ORIENTED_EDGE('',*,*,#4526,.T.);
#6067=ORIENTED_EDGE('',*,*,#4527,.F.);
#6068=ORIENTED_EDGE('',*,*,#4528,.F.);
#6069=ORIENTED_EDGE('',*,*,#4509,.T.);
#6070=ORIENTED_EDGE('',*,*,#4528,.T.);
#6071=ORIENTED_EDGE('',*,*,#4529,.F.);
#6072=ORIENTED_EDGE('',*,*,#4530,.F.);
#6073=ORIENTED_EDGE('',*,*,#4510,.T.);
#6074=ORIENTED_EDGE('',*,*,#4530,.T.);
#6075=ORIENTED_EDGE('',*,*,#4531,.F.);
#6076=ORIENTED_EDGE('',*,*,#4516,.F.);
#6077=ORIENTED_EDGE('',*,*,#4511,.T.);
#6078=ORIENTED_EDGE('',*,*,#4532,.T.);
#6079=ORIENTED_EDGE('',*,*,#4533,.F.);
#6080=ORIENTED_EDGE('',*,*,#4534,.F.);
#6081=ORIENTED_EDGE('',*,*,#4512,.T.);
#6082=ORIENTED_EDGE('',*,*,#4534,.T.);
#6083=ORIENTED_EDGE('',*,*,#4535,.F.);
#6084=ORIENTED_EDGE('',*,*,#4536,.F.);
#6085=ORIENTED_EDGE('',*,*,#4513,.T.);
#6086=ORIENTED_EDGE('',*,*,#4536,.T.);
#6087=ORIENTED_EDGE('',*,*,#4537,.F.);
#6088=ORIENTED_EDGE('',*,*,#4538,.F.);
#6089=ORIENTED_EDGE('',*,*,#4514,.T.);
#6090=ORIENTED_EDGE('',*,*,#4538,.T.);
#6091=ORIENTED_EDGE('',*,*,#4539,.F.);
#6092=ORIENTED_EDGE('',*,*,#4540,.F.);
#6093=ORIENTED_EDGE('',*,*,#4515,.T.);
#6094=ORIENTED_EDGE('',*,*,#4540,.T.);
#6095=ORIENTED_EDGE('',*,*,#4541,.F.);
#6096=ORIENTED_EDGE('',*,*,#4532,.F.);
#6097=ORIENTED_EDGE('',*,*,#4542,.F.);
#6098=ORIENTED_EDGE('',*,*,#4543,.F.);
#6099=ORIENTED_EDGE('',*,*,#4544,.F.);
#6100=ORIENTED_EDGE('',*,*,#4545,.F.);
#6101=ORIENTED_EDGE('',*,*,#4546,.F.);
#6102=ORIENTED_EDGE('',*,*,#4547,.F.);
#6103=ORIENTED_EDGE('',*,*,#4548,.F.);
#6104=ORIENTED_EDGE('',*,*,#4549,.F.);
#6105=ORIENTED_EDGE('',*,*,#4550,.F.);
#6106=ORIENTED_EDGE('',*,*,#4551,.F.);
#6107=ORIENTED_EDGE('',*,*,#4552,.F.);
#6108=ORIENTED_EDGE('',*,*,#4553,.F.);
#6109=ORIENTED_EDGE('',*,*,#4554,.F.);
#6110=ORIENTED_EDGE('',*,*,#4555,.F.);
#6111=ORIENTED_EDGE('',*,*,#4556,.F.);
#6112=ORIENTED_EDGE('',*,*,#4557,.F.);
#6113=ORIENTED_EDGE('',*,*,#4558,.F.);
#6114=ORIENTED_EDGE('',*,*,#4559,.F.);
#6115=ORIENTED_EDGE('',*,*,#4560,.F.);
#6116=ORIENTED_EDGE('',*,*,#4561,.F.);
#6117=ORIENTED_EDGE('',*,*,#4562,.F.);
#6118=ORIENTED_EDGE('',*,*,#4563,.F.);
#6119=ORIENTED_EDGE('',*,*,#4564,.F.);
#6120=ORIENTED_EDGE('',*,*,#4565,.F.);
#6121=ORIENTED_EDGE('',*,*,#4566,.F.);
#6122=ORIENTED_EDGE('',*,*,#4567,.F.);
#6123=ORIENTED_EDGE('',*,*,#4568,.F.);
#6124=ORIENTED_EDGE('',*,*,#4569,.F.);
#6125=ORIENTED_EDGE('',*,*,#4570,.F.);
#6126=ORIENTED_EDGE('',*,*,#4571,.F.);
#6127=ORIENTED_EDGE('',*,*,#4572,.F.);
#6128=ORIENTED_EDGE('',*,*,#4573,.F.);
#6129=ORIENTED_EDGE('',*,*,#4574,.F.);
#6130=ORIENTED_EDGE('',*,*,#4575,.F.);
#6131=ORIENTED_EDGE('',*,*,#4576,.F.);
#6132=ORIENTED_EDGE('',*,*,#4542,.T.);
#6133=ORIENTED_EDGE('',*,*,#4577,.T.);
#6134=ORIENTED_EDGE('',*,*,#4578,.F.);
#6135=ORIENTED_EDGE('',*,*,#4579,.F.);
#6136=ORIENTED_EDGE('',*,*,#4543,.T.);
#6137=ORIENTED_EDGE('',*,*,#4579,.T.);
#6138=ORIENTED_EDGE('',*,*,#4580,.F.);
#6139=ORIENTED_EDGE('',*,*,#4581,.F.);
#6140=ORIENTED_EDGE('',*,*,#4544,.T.);
#6141=ORIENTED_EDGE('',*,*,#4581,.T.);
#6142=ORIENTED_EDGE('',*,*,#4582,.F.);
#6143=ORIENTED_EDGE('',*,*,#4583,.F.);
#6144=ORIENTED_EDGE('',*,*,#4545,.T.);
#6145=ORIENTED_EDGE('',*,*,#4583,.T.);
#6146=ORIENTED_EDGE('',*,*,#4584,.F.);
#6147=ORIENTED_EDGE('',*,*,#4585,.F.);
#6148=ORIENTED_EDGE('',*,*,#4546,.T.);
#6149=ORIENTED_EDGE('',*,*,#4585,.T.);
#6150=ORIENTED_EDGE('',*,*,#4586,.F.);
#6151=ORIENTED_EDGE('',*,*,#4587,.F.);
#6152=ORIENTED_EDGE('',*,*,#4547,.T.);
#6153=ORIENTED_EDGE('',*,*,#4587,.T.);
#6154=ORIENTED_EDGE('',*,*,#4588,.F.);
#6155=ORIENTED_EDGE('',*,*,#4589,.F.);
#6156=ORIENTED_EDGE('',*,*,#4548,.T.);
#6157=ORIENTED_EDGE('',*,*,#4589,.T.);
#6158=ORIENTED_EDGE('',*,*,#4590,.F.);
#6159=ORIENTED_EDGE('',*,*,#4591,.F.);
#6160=ORIENTED_EDGE('',*,*,#4549,.T.);
#6161=ORIENTED_EDGE('',*,*,#4591,.T.);
#6162=ORIENTED_EDGE('',*,*,#4592,.F.);
#6163=ORIENTED_EDGE('',*,*,#4593,.F.);
#6164=ORIENTED_EDGE('',*,*,#4550,.T.);
#6165=ORIENTED_EDGE('',*,*,#4593,.T.);
#6166=ORIENTED_EDGE('',*,*,#4594,.F.);
#6167=ORIENTED_EDGE('',*,*,#4595,.F.);
#6168=ORIENTED_EDGE('',*,*,#4551,.T.);
#6169=ORIENTED_EDGE('',*,*,#4595,.T.);
#6170=ORIENTED_EDGE('',*,*,#4596,.F.);
#6171=ORIENTED_EDGE('',*,*,#4597,.F.);
#6172=ORIENTED_EDGE('',*,*,#4552,.T.);
#6173=ORIENTED_EDGE('',*,*,#4597,.T.);
#6174=ORIENTED_EDGE('',*,*,#4598,.F.);
#6175=ORIENTED_EDGE('',*,*,#4599,.F.);
#6176=ORIENTED_EDGE('',*,*,#4553,.T.);
#6177=ORIENTED_EDGE('',*,*,#4599,.T.);
#6178=ORIENTED_EDGE('',*,*,#4600,.F.);
#6179=ORIENTED_EDGE('',*,*,#4601,.F.);
#6180=ORIENTED_EDGE('',*,*,#4554,.T.);
#6181=ORIENTED_EDGE('',*,*,#4601,.T.);
#6182=ORIENTED_EDGE('',*,*,#4602,.F.);
#6183=ORIENTED_EDGE('',*,*,#4603,.F.);
#6184=ORIENTED_EDGE('',*,*,#4555,.T.);
#6185=ORIENTED_EDGE('',*,*,#4603,.T.);
#6186=ORIENTED_EDGE('',*,*,#4604,.F.);
#6187=ORIENTED_EDGE('',*,*,#4605,.F.);
#6188=ORIENTED_EDGE('',*,*,#4556,.T.);
#6189=ORIENTED_EDGE('',*,*,#4605,.T.);
#6190=ORIENTED_EDGE('',*,*,#4606,.F.);
#6191=ORIENTED_EDGE('',*,*,#4607,.F.);
#6192=ORIENTED_EDGE('',*,*,#4557,.T.);
#6193=ORIENTED_EDGE('',*,*,#4607,.T.);
#6194=ORIENTED_EDGE('',*,*,#4608,.F.);
#6195=ORIENTED_EDGE('',*,*,#4609,.F.);
#6196=ORIENTED_EDGE('',*,*,#4558,.T.);
#6197=ORIENTED_EDGE('',*,*,#4609,.T.);
#6198=ORIENTED_EDGE('',*,*,#4610,.F.);
#6199=ORIENTED_EDGE('',*,*,#4611,.F.);
#6200=ORIENTED_EDGE('',*,*,#4559,.T.);
#6201=ORIENTED_EDGE('',*,*,#4611,.T.);
#6202=ORIENTED_EDGE('',*,*,#4612,.F.);
#6203=ORIENTED_EDGE('',*,*,#4613,.F.);
#6204=ORIENTED_EDGE('',*,*,#4560,.T.);
#6205=ORIENTED_EDGE('',*,*,#4613,.T.);
#6206=ORIENTED_EDGE('',*,*,#4614,.F.);
#6207=ORIENTED_EDGE('',*,*,#4615,.F.);
#6208=ORIENTED_EDGE('',*,*,#4561,.T.);
#6209=ORIENTED_EDGE('',*,*,#4615,.T.);
#6210=ORIENTED_EDGE('',*,*,#4616,.F.);
#6211=ORIENTED_EDGE('',*,*,#4617,.F.);
#6212=ORIENTED_EDGE('',*,*,#4562,.T.);
#6213=ORIENTED_EDGE('',*,*,#4617,.T.);
#6214=ORIENTED_EDGE('',*,*,#4618,.F.);
#6215=ORIENTED_EDGE('',*,*,#4619,.F.);
#6216=ORIENTED_EDGE('',*,*,#4563,.T.);
#6217=ORIENTED_EDGE('',*,*,#4619,.T.);
#6218=ORIENTED_EDGE('',*,*,#4620,.F.);
#6219=ORIENTED_EDGE('',*,*,#4621,.F.);
#6220=ORIENTED_EDGE('',*,*,#4564,.T.);
#6221=ORIENTED_EDGE('',*,*,#4621,.T.);
#6222=ORIENTED_EDGE('',*,*,#4622,.F.);
#6223=ORIENTED_EDGE('',*,*,#4623,.F.);
#6224=ORIENTED_EDGE('',*,*,#4565,.T.);
#6225=ORIENTED_EDGE('',*,*,#4623,.T.);
#6226=ORIENTED_EDGE('',*,*,#4624,.F.);
#6227=ORIENTED_EDGE('',*,*,#4625,.F.);
#6228=ORIENTED_EDGE('',*,*,#4566,.T.);
#6229=ORIENTED_EDGE('',*,*,#4625,.T.);
#6230=ORIENTED_EDGE('',*,*,#4626,.F.);
#6231=ORIENTED_EDGE('',*,*,#4627,.F.);
#6232=ORIENTED_EDGE('',*,*,#4567,.T.);
#6233=ORIENTED_EDGE('',*,*,#4627,.T.);
#6234=ORIENTED_EDGE('',*,*,#4628,.F.);
#6235=ORIENTED_EDGE('',*,*,#4629,.F.);
#6236=ORIENTED_EDGE('',*,*,#4568,.T.);
#6237=ORIENTED_EDGE('',*,*,#4629,.T.);
#6238=ORIENTED_EDGE('',*,*,#4630,.F.);
#6239=ORIENTED_EDGE('',*,*,#4631,.F.);
#6240=ORIENTED_EDGE('',*,*,#4569,.T.);
#6241=ORIENTED_EDGE('',*,*,#4631,.T.);
#6242=ORIENTED_EDGE('',*,*,#4632,.F.);
#6243=ORIENTED_EDGE('',*,*,#4633,.F.);
#6244=ORIENTED_EDGE('',*,*,#4570,.T.);
#6245=ORIENTED_EDGE('',*,*,#4633,.T.);
#6246=ORIENTED_EDGE('',*,*,#4634,.F.);
#6247=ORIENTED_EDGE('',*,*,#4635,.F.);
#6248=ORIENTED_EDGE('',*,*,#4571,.T.);
#6249=ORIENTED_EDGE('',*,*,#4635,.T.);
#6250=ORIENTED_EDGE('',*,*,#4636,.F.);
#6251=ORIENTED_EDGE('',*,*,#4637,.F.);
#6252=ORIENTED_EDGE('',*,*,#4572,.T.);
#6253=ORIENTED_EDGE('',*,*,#4637,.T.);
#6254=ORIENTED_EDGE('',*,*,#4638,.F.);
#6255=ORIENTED_EDGE('',*,*,#4639,.F.);
#6256=ORIENTED_EDGE('',*,*,#4573,.T.);
#6257=ORIENTED_EDGE('',*,*,#4639,.T.);
#6258=ORIENTED_EDGE('',*,*,#4640,.F.);
#6259=ORIENTED_EDGE('',*,*,#4641,.F.);
#6260=ORIENTED_EDGE('',*,*,#4574,.T.);
#6261=ORIENTED_EDGE('',*,*,#4641,.T.);
#6262=ORIENTED_EDGE('',*,*,#4642,.F.);
#6263=ORIENTED_EDGE('',*,*,#4643,.F.);
#6264=ORIENTED_EDGE('',*,*,#4575,.T.);
#6265=ORIENTED_EDGE('',*,*,#4643,.T.);
#6266=ORIENTED_EDGE('',*,*,#4644,.F.);
#6267=ORIENTED_EDGE('',*,*,#4645,.F.);
#6268=ORIENTED_EDGE('',*,*,#4576,.T.);
#6269=ORIENTED_EDGE('',*,*,#4645,.T.);
#6270=ORIENTED_EDGE('',*,*,#4646,.F.);
#6271=ORIENTED_EDGE('',*,*,#4577,.F.);
#6272=ORIENTED_EDGE('',*,*,#4647,.F.);
#6273=ORIENTED_EDGE('',*,*,#4648,.F.);
#6274=ORIENTED_EDGE('',*,*,#4649,.F.);
#6275=ORIENTED_EDGE('',*,*,#4650,.F.);
#6276=ORIENTED_EDGE('',*,*,#4651,.F.);
#6277=ORIENTED_EDGE('',*,*,#4652,.F.);
#6278=ORIENTED_EDGE('',*,*,#4653,.F.);
#6279=ORIENTED_EDGE('',*,*,#4654,.F.);
#6280=ORIENTED_EDGE('',*,*,#4655,.F.);
#6281=ORIENTED_EDGE('',*,*,#4656,.F.);
#6282=ORIENTED_EDGE('',*,*,#4657,.F.);
#6283=ORIENTED_EDGE('',*,*,#4658,.F.);
#6284=ORIENTED_EDGE('',*,*,#4659,.F.);
#6285=ORIENTED_EDGE('',*,*,#4660,.F.);
#6286=ORIENTED_EDGE('',*,*,#4661,.F.);
#6287=ORIENTED_EDGE('',*,*,#4662,.F.);
#6288=ORIENTED_EDGE('',*,*,#4663,.F.);
#6289=ORIENTED_EDGE('',*,*,#4664,.F.);
#6290=ORIENTED_EDGE('',*,*,#4665,.F.);
#6291=ORIENTED_EDGE('',*,*,#4666,.F.);
#6292=ORIENTED_EDGE('',*,*,#4667,.F.);
#6293=ORIENTED_EDGE('',*,*,#4668,.F.);
#6294=ORIENTED_EDGE('',*,*,#4669,.F.);
#6295=ORIENTED_EDGE('',*,*,#4670,.F.);
#6296=ORIENTED_EDGE('',*,*,#4671,.F.);
#6297=ORIENTED_EDGE('',*,*,#4672,.F.);
#6298=ORIENTED_EDGE('',*,*,#4673,.F.);
#6299=ORIENTED_EDGE('',*,*,#4647,.T.);
#6300=ORIENTED_EDGE('',*,*,#4674,.T.);
#6301=ORIENTED_EDGE('',*,*,#4675,.F.);
#6302=ORIENTED_EDGE('',*,*,#4676,.F.);
#6303=ORIENTED_EDGE('',*,*,#4648,.T.);
#6304=ORIENTED_EDGE('',*,*,#4676,.T.);
#6305=ORIENTED_EDGE('',*,*,#4677,.F.);
#6306=ORIENTED_EDGE('',*,*,#4678,.F.);
#6307=ORIENTED_EDGE('',*,*,#4649,.T.);
#6308=ORIENTED_EDGE('',*,*,#4678,.T.);
#6309=ORIENTED_EDGE('',*,*,#4679,.F.);
#6310=ORIENTED_EDGE('',*,*,#4680,.F.);
#6311=ORIENTED_EDGE('',*,*,#4650,.T.);
#6312=ORIENTED_EDGE('',*,*,#4680,.T.);
#6313=ORIENTED_EDGE('',*,*,#4681,.F.);
#6314=ORIENTED_EDGE('',*,*,#4682,.F.);
#6315=ORIENTED_EDGE('',*,*,#4651,.T.);
#6316=ORIENTED_EDGE('',*,*,#4682,.T.);
#6317=ORIENTED_EDGE('',*,*,#4683,.F.);
#6318=ORIENTED_EDGE('',*,*,#4684,.F.);
#6319=ORIENTED_EDGE('',*,*,#4652,.T.);
#6320=ORIENTED_EDGE('',*,*,#4684,.T.);
#6321=ORIENTED_EDGE('',*,*,#4685,.F.);
#6322=ORIENTED_EDGE('',*,*,#4686,.F.);
#6323=ORIENTED_EDGE('',*,*,#4653,.T.);
#6324=ORIENTED_EDGE('',*,*,#4686,.T.);
#6325=ORIENTED_EDGE('',*,*,#4687,.F.);
#6326=ORIENTED_EDGE('',*,*,#4688,.F.);
#6327=ORIENTED_EDGE('',*,*,#4654,.T.);
#6328=ORIENTED_EDGE('',*,*,#4688,.T.);
#6329=ORIENTED_EDGE('',*,*,#4689,.F.);
#6330=ORIENTED_EDGE('',*,*,#4690,.F.);
#6331=ORIENTED_EDGE('',*,*,#4655,.T.);
#6332=ORIENTED_EDGE('',*,*,#4690,.T.);
#6333=ORIENTED_EDGE('',*,*,#4691,.F.);
#6334=ORIENTED_EDGE('',*,*,#4692,.F.);
#6335=ORIENTED_EDGE('',*,*,#4656,.T.);
#6336=ORIENTED_EDGE('',*,*,#4692,.T.);
#6337=ORIENTED_EDGE('',*,*,#4693,.F.);
#6338=ORIENTED_EDGE('',*,*,#4694,.F.);
#6339=ORIENTED_EDGE('',*,*,#4657,.T.);
#6340=ORIENTED_EDGE('',*,*,#4694,.T.);
#6341=ORIENTED_EDGE('',*,*,#4695,.F.);
#6342=ORIENTED_EDGE('',*,*,#4696,.F.);
#6343=ORIENTED_EDGE('',*,*,#4658,.T.);
#6344=ORIENTED_EDGE('',*,*,#4696,.T.);
#6345=ORIENTED_EDGE('',*,*,#4697,.F.);
#6346=ORIENTED_EDGE('',*,*,#4698,.F.);
#6347=ORIENTED_EDGE('',*,*,#4659,.T.);
#6348=ORIENTED_EDGE('',*,*,#4698,.T.);
#6349=ORIENTED_EDGE('',*,*,#4699,.F.);
#6350=ORIENTED_EDGE('',*,*,#4700,.F.);
#6351=ORIENTED_EDGE('',*,*,#4660,.T.);
#6352=ORIENTED_EDGE('',*,*,#4700,.T.);
#6353=ORIENTED_EDGE('',*,*,#4701,.F.);
#6354=ORIENTED_EDGE('',*,*,#4702,.F.);
#6355=ORIENTED_EDGE('',*,*,#4661,.T.);
#6356=ORIENTED_EDGE('',*,*,#4702,.T.);
#6357=ORIENTED_EDGE('',*,*,#4703,.F.);
#6358=ORIENTED_EDGE('',*,*,#4704,.F.);
#6359=ORIENTED_EDGE('',*,*,#4662,.T.);
#6360=ORIENTED_EDGE('',*,*,#4704,.T.);
#6361=ORIENTED_EDGE('',*,*,#4705,.F.);
#6362=ORIENTED_EDGE('',*,*,#4706,.F.);
#6363=ORIENTED_EDGE('',*,*,#4663,.T.);
#6364=ORIENTED_EDGE('',*,*,#4706,.T.);
#6365=ORIENTED_EDGE('',*,*,#4707,.F.);
#6366=ORIENTED_EDGE('',*,*,#4708,.F.);
#6367=ORIENTED_EDGE('',*,*,#4664,.T.);
#6368=ORIENTED_EDGE('',*,*,#4708,.T.);
#6369=ORIENTED_EDGE('',*,*,#4709,.F.);
#6370=ORIENTED_EDGE('',*,*,#4710,.F.);
#6371=ORIENTED_EDGE('',*,*,#4665,.T.);
#6372=ORIENTED_EDGE('',*,*,#4710,.T.);
#6373=ORIENTED_EDGE('',*,*,#4711,.F.);
#6374=ORIENTED_EDGE('',*,*,#4674,.F.);
#6375=ORIENTED_EDGE('',*,*,#4666,.T.);
#6376=ORIENTED_EDGE('',*,*,#4712,.T.);
#6377=ORIENTED_EDGE('',*,*,#4713,.F.);
#6378=ORIENTED_EDGE('',*,*,#4714,.F.);
#6379=ORIENTED_EDGE('',*,*,#4667,.T.);
#6380=ORIENTED_EDGE('',*,*,#4714,.T.);
#6381=ORIENTED_EDGE('',*,*,#4715,.F.);
#6382=ORIENTED_EDGE('',*,*,#4716,.F.);
#6383=ORIENTED_EDGE('',*,*,#4668,.T.);
#6384=ORIENTED_EDGE('',*,*,#4716,.T.);
#6385=ORIENTED_EDGE('',*,*,#4717,.F.);
#6386=ORIENTED_EDGE('',*,*,#4718,.F.);
#6387=ORIENTED_EDGE('',*,*,#4669,.T.);
#6388=ORIENTED_EDGE('',*,*,#4718,.T.);
#6389=ORIENTED_EDGE('',*,*,#4719,.F.);
#6390=ORIENTED_EDGE('',*,*,#4720,.F.);
#6391=ORIENTED_EDGE('',*,*,#4670,.T.);
#6392=ORIENTED_EDGE('',*,*,#4720,.T.);
#6393=ORIENTED_EDGE('',*,*,#4721,.F.);
#6394=ORIENTED_EDGE('',*,*,#4722,.F.);
#6395=ORIENTED_EDGE('',*,*,#4671,.T.);
#6396=ORIENTED_EDGE('',*,*,#4722,.T.);
#6397=ORIENTED_EDGE('',*,*,#4723,.F.);
#6398=ORIENTED_EDGE('',*,*,#4724,.F.);
#6399=ORIENTED_EDGE('',*,*,#4672,.T.);
#6400=ORIENTED_EDGE('',*,*,#4724,.T.);
#6401=ORIENTED_EDGE('',*,*,#4725,.F.);
#6402=ORIENTED_EDGE('',*,*,#4726,.F.);
#6403=ORIENTED_EDGE('',*,*,#4673,.T.);
#6404=ORIENTED_EDGE('',*,*,#4726,.T.);
#6405=ORIENTED_EDGE('',*,*,#4727,.F.);
#6406=ORIENTED_EDGE('',*,*,#4712,.F.);
#6407=ORIENTED_EDGE('',*,*,#4728,.F.);
#6408=ORIENTED_EDGE('',*,*,#4729,.F.);
#6409=ORIENTED_EDGE('',*,*,#4730,.F.);
#6410=ORIENTED_EDGE('',*,*,#4731,.F.);
#6411=ORIENTED_EDGE('',*,*,#4732,.F.);
#6412=ORIENTED_EDGE('',*,*,#4733,.F.);
#6413=ORIENTED_EDGE('',*,*,#4734,.F.);
#6414=ORIENTED_EDGE('',*,*,#4735,.F.);
#6415=ORIENTED_EDGE('',*,*,#4728,.T.);
#6416=ORIENTED_EDGE('',*,*,#4736,.T.);
#6417=ORIENTED_EDGE('',*,*,#4737,.F.);
#6418=ORIENTED_EDGE('',*,*,#4738,.F.);
#6419=ORIENTED_EDGE('',*,*,#4729,.T.);
#6420=ORIENTED_EDGE('',*,*,#4738,.T.);
#6421=ORIENTED_EDGE('',*,*,#4739,.F.);
#6422=ORIENTED_EDGE('',*,*,#4740,.F.);
#6423=ORIENTED_EDGE('',*,*,#4730,.T.);
#6424=ORIENTED_EDGE('',*,*,#4740,.T.);
#6425=ORIENTED_EDGE('',*,*,#4741,.F.);
#6426=ORIENTED_EDGE('',*,*,#4742,.F.);
#6427=ORIENTED_EDGE('',*,*,#4731,.T.);
#6428=ORIENTED_EDGE('',*,*,#4742,.T.);
#6429=ORIENTED_EDGE('',*,*,#4743,.F.);
#6430=ORIENTED_EDGE('',*,*,#4744,.F.);
#6431=ORIENTED_EDGE('',*,*,#4732,.T.);
#6432=ORIENTED_EDGE('',*,*,#4744,.T.);
#6433=ORIENTED_EDGE('',*,*,#4745,.F.);
#6434=ORIENTED_EDGE('',*,*,#4746,.F.);
#6435=ORIENTED_EDGE('',*,*,#4733,.T.);
#6436=ORIENTED_EDGE('',*,*,#4746,.T.);
#6437=ORIENTED_EDGE('',*,*,#4747,.F.);
#6438=ORIENTED_EDGE('',*,*,#4748,.F.);
#6439=ORIENTED_EDGE('',*,*,#4734,.T.);
#6440=ORIENTED_EDGE('',*,*,#4748,.T.);
#6441=ORIENTED_EDGE('',*,*,#4749,.F.);
#6442=ORIENTED_EDGE('',*,*,#4750,.F.);
#6443=ORIENTED_EDGE('',*,*,#4735,.T.);
#6444=ORIENTED_EDGE('',*,*,#4750,.T.);
#6445=ORIENTED_EDGE('',*,*,#4751,.F.);
#6446=ORIENTED_EDGE('',*,*,#4736,.F.);
#6447=ORIENTED_EDGE('',*,*,#4713,.T.);
#6448=ORIENTED_EDGE('',*,*,#4727,.T.);
#6449=ORIENTED_EDGE('',*,*,#4725,.T.);
#6450=ORIENTED_EDGE('',*,*,#4723,.T.);
#6451=ORIENTED_EDGE('',*,*,#4721,.T.);
#6452=ORIENTED_EDGE('',*,*,#4719,.T.);
#6453=ORIENTED_EDGE('',*,*,#4717,.T.);
#6454=ORIENTED_EDGE('',*,*,#4715,.T.);
#6455=ORIENTED_EDGE('',*,*,#4533,.T.);
#6456=ORIENTED_EDGE('',*,*,#4541,.T.);
#6457=ORIENTED_EDGE('',*,*,#4539,.T.);
#6458=ORIENTED_EDGE('',*,*,#4537,.T.);
#6459=ORIENTED_EDGE('',*,*,#4535,.T.);
#6460=ORIENTED_EDGE('',*,*,#4488,.T.);
#6461=ORIENTED_EDGE('',*,*,#4502,.T.);
#6462=ORIENTED_EDGE('',*,*,#4500,.T.);
#6463=ORIENTED_EDGE('',*,*,#4498,.T.);
#6464=ORIENTED_EDGE('',*,*,#4496,.T.);
#6465=ORIENTED_EDGE('',*,*,#4494,.T.);
#6466=ORIENTED_EDGE('',*,*,#4492,.T.);
#6467=ORIENTED_EDGE('',*,*,#4490,.T.);
#6468=ORIENTED_EDGE('',*,*,#4752,.F.);
#6469=ORIENTED_EDGE('',*,*,#4753,.F.);
#6470=ORIENTED_EDGE('',*,*,#4754,.F.);
#6471=ORIENTED_EDGE('',*,*,#4755,.F.);
#6472=ORIENTED_EDGE('',*,*,#4756,.F.);
#6473=ORIENTED_EDGE('',*,*,#4757,.F.);
#6474=ORIENTED_EDGE('',*,*,#4758,.F.);
#6475=ORIENTED_EDGE('',*,*,#4759,.F.);
#6476=ORIENTED_EDGE('',*,*,#4760,.F.);
#6477=ORIENTED_EDGE('',*,*,#4761,.F.);
#6478=ORIENTED_EDGE('',*,*,#4762,.F.);
#6479=ORIENTED_EDGE('',*,*,#4763,.F.);
#6480=ORIENTED_EDGE('',*,*,#4764,.F.);
#6481=ORIENTED_EDGE('',*,*,#4765,.F.);
#6482=ORIENTED_EDGE('',*,*,#4766,.F.);
#6483=ORIENTED_EDGE('',*,*,#4767,.F.);
#6484=ORIENTED_EDGE('',*,*,#4768,.F.);
#6485=ORIENTED_EDGE('',*,*,#4769,.F.);
#6486=ORIENTED_EDGE('',*,*,#4770,.F.);
#6487=ORIENTED_EDGE('',*,*,#4771,.F.);
#6488=ORIENTED_EDGE('',*,*,#4772,.F.);
#6489=ORIENTED_EDGE('',*,*,#4773,.F.);
#6490=ORIENTED_EDGE('',*,*,#4774,.F.);
#6491=ORIENTED_EDGE('',*,*,#4775,.F.);
#6492=ORIENTED_EDGE('',*,*,#4776,.F.);
#6493=ORIENTED_EDGE('',*,*,#4777,.F.);
#6494=ORIENTED_EDGE('',*,*,#4778,.F.);
#6495=ORIENTED_EDGE('',*,*,#4779,.F.);
#6496=ORIENTED_EDGE('',*,*,#4780,.F.);
#6497=ORIENTED_EDGE('',*,*,#4752,.T.);
#6498=ORIENTED_EDGE('',*,*,#4781,.T.);
#6499=ORIENTED_EDGE('',*,*,#4782,.F.);
#6500=ORIENTED_EDGE('',*,*,#4783,.F.);
#6501=ORIENTED_EDGE('',*,*,#4753,.T.);
#6502=ORIENTED_EDGE('',*,*,#4783,.T.);
#6503=ORIENTED_EDGE('',*,*,#4784,.F.);
#6504=ORIENTED_EDGE('',*,*,#4785,.F.);
#6505=ORIENTED_EDGE('',*,*,#4754,.T.);
#6506=ORIENTED_EDGE('',*,*,#4785,.T.);
#6507=ORIENTED_EDGE('',*,*,#4786,.F.);
#6508=ORIENTED_EDGE('',*,*,#4787,.F.);
#6509=ORIENTED_EDGE('',*,*,#4755,.T.);
#6510=ORIENTED_EDGE('',*,*,#4787,.T.);
#6511=ORIENTED_EDGE('',*,*,#4788,.F.);
#6512=ORIENTED_EDGE('',*,*,#4789,.F.);
#6513=ORIENTED_EDGE('',*,*,#4756,.T.);
#6514=ORIENTED_EDGE('',*,*,#4789,.T.);
#6515=ORIENTED_EDGE('',*,*,#4790,.F.);
#6516=ORIENTED_EDGE('',*,*,#4791,.F.);
#6517=ORIENTED_EDGE('',*,*,#4757,.T.);
#6518=ORIENTED_EDGE('',*,*,#4791,.T.);
#6519=ORIENTED_EDGE('',*,*,#4792,.F.);
#6520=ORIENTED_EDGE('',*,*,#4793,.F.);
#6521=ORIENTED_EDGE('',*,*,#4758,.T.);
#6522=ORIENTED_EDGE('',*,*,#4793,.T.);
#6523=ORIENTED_EDGE('',*,*,#4794,.F.);
#6524=ORIENTED_EDGE('',*,*,#4795,.F.);
#6525=ORIENTED_EDGE('',*,*,#4759,.T.);
#6526=ORIENTED_EDGE('',*,*,#4795,.T.);
#6527=ORIENTED_EDGE('',*,*,#4796,.F.);
#6528=ORIENTED_EDGE('',*,*,#4797,.F.);
#6529=ORIENTED_EDGE('',*,*,#4760,.T.);
#6530=ORIENTED_EDGE('',*,*,#4797,.T.);
#6531=ORIENTED_EDGE('',*,*,#4798,.F.);
#6532=ORIENTED_EDGE('',*,*,#4799,.F.);
#6533=ORIENTED_EDGE('',*,*,#4761,.T.);
#6534=ORIENTED_EDGE('',*,*,#4799,.T.);
#6535=ORIENTED_EDGE('',*,*,#4800,.F.);
#6536=ORIENTED_EDGE('',*,*,#4801,.F.);
#6537=ORIENTED_EDGE('',*,*,#4762,.T.);
#6538=ORIENTED_EDGE('',*,*,#4801,.T.);
#6539=ORIENTED_EDGE('',*,*,#4802,.F.);
#6540=ORIENTED_EDGE('',*,*,#4803,.F.);
#6541=ORIENTED_EDGE('',*,*,#4763,.T.);
#6542=ORIENTED_EDGE('',*,*,#4803,.T.);
#6543=ORIENTED_EDGE('',*,*,#4804,.F.);
#6544=ORIENTED_EDGE('',*,*,#4805,.F.);
#6545=ORIENTED_EDGE('',*,*,#4764,.T.);
#6546=ORIENTED_EDGE('',*,*,#4805,.T.);
#6547=ORIENTED_EDGE('',*,*,#4806,.F.);
#6548=ORIENTED_EDGE('',*,*,#4807,.F.);
#6549=ORIENTED_EDGE('',*,*,#4765,.T.);
#6550=ORIENTED_EDGE('',*,*,#4807,.T.);
#6551=ORIENTED_EDGE('',*,*,#4808,.F.);
#6552=ORIENTED_EDGE('',*,*,#4809,.F.);
#6553=ORIENTED_EDGE('',*,*,#4766,.T.);
#6554=ORIENTED_EDGE('',*,*,#4809,.T.);
#6555=ORIENTED_EDGE('',*,*,#4810,.F.);
#6556=ORIENTED_EDGE('',*,*,#4811,.F.);
#6557=ORIENTED_EDGE('',*,*,#4767,.T.);
#6558=ORIENTED_EDGE('',*,*,#4811,.T.);
#6559=ORIENTED_EDGE('',*,*,#4812,.F.);
#6560=ORIENTED_EDGE('',*,*,#4813,.F.);
#6561=ORIENTED_EDGE('',*,*,#4768,.T.);
#6562=ORIENTED_EDGE('',*,*,#4813,.T.);
#6563=ORIENTED_EDGE('',*,*,#4814,.F.);
#6564=ORIENTED_EDGE('',*,*,#4815,.F.);
#6565=ORIENTED_EDGE('',*,*,#4769,.T.);
#6566=ORIENTED_EDGE('',*,*,#4815,.T.);
#6567=ORIENTED_EDGE('',*,*,#4816,.F.);
#6568=ORIENTED_EDGE('',*,*,#4817,.F.);
#6569=ORIENTED_EDGE('',*,*,#4770,.T.);
#6570=ORIENTED_EDGE('',*,*,#4817,.T.);
#6571=ORIENTED_EDGE('',*,*,#4818,.F.);
#6572=ORIENTED_EDGE('',*,*,#4819,.F.);
#6573=ORIENTED_EDGE('',*,*,#4771,.T.);
#6574=ORIENTED_EDGE('',*,*,#4819,.T.);
#6575=ORIENTED_EDGE('',*,*,#4820,.F.);
#6576=ORIENTED_EDGE('',*,*,#4821,.F.);
#6577=ORIENTED_EDGE('',*,*,#4772,.T.);
#6578=ORIENTED_EDGE('',*,*,#4821,.T.);
#6579=ORIENTED_EDGE('',*,*,#4822,.F.);
#6580=ORIENTED_EDGE('',*,*,#4823,.F.);
#6581=ORIENTED_EDGE('',*,*,#4773,.T.);
#6582=ORIENTED_EDGE('',*,*,#4823,.T.);
#6583=ORIENTED_EDGE('',*,*,#4824,.F.);
#6584=ORIENTED_EDGE('',*,*,#4825,.F.);
#6585=ORIENTED_EDGE('',*,*,#4774,.T.);
#6586=ORIENTED_EDGE('',*,*,#4825,.T.);
#6587=ORIENTED_EDGE('',*,*,#4826,.F.);
#6588=ORIENTED_EDGE('',*,*,#4827,.F.);
#6589=ORIENTED_EDGE('',*,*,#4775,.T.);
#6590=ORIENTED_EDGE('',*,*,#4827,.T.);
#6591=ORIENTED_EDGE('',*,*,#4828,.F.);
#6592=ORIENTED_EDGE('',*,*,#4829,.F.);
#6593=ORIENTED_EDGE('',*,*,#4776,.T.);
#6594=ORIENTED_EDGE('',*,*,#4829,.T.);
#6595=ORIENTED_EDGE('',*,*,#4830,.F.);
#6596=ORIENTED_EDGE('',*,*,#4831,.F.);
#6597=ORIENTED_EDGE('',*,*,#4777,.T.);
#6598=ORIENTED_EDGE('',*,*,#4831,.T.);
#6599=ORIENTED_EDGE('',*,*,#4832,.F.);
#6600=ORIENTED_EDGE('',*,*,#4833,.F.);
#6601=ORIENTED_EDGE('',*,*,#4778,.T.);
#6602=ORIENTED_EDGE('',*,*,#4833,.T.);
#6603=ORIENTED_EDGE('',*,*,#4834,.F.);
#6604=ORIENTED_EDGE('',*,*,#4835,.F.);
#6605=ORIENTED_EDGE('',*,*,#4779,.T.);
#6606=ORIENTED_EDGE('',*,*,#4835,.T.);
#6607=ORIENTED_EDGE('',*,*,#4836,.F.);
#6608=ORIENTED_EDGE('',*,*,#4837,.F.);
#6609=ORIENTED_EDGE('',*,*,#4780,.T.);
#6610=ORIENTED_EDGE('',*,*,#4837,.T.);
#6611=ORIENTED_EDGE('',*,*,#4838,.F.);
#6612=ORIENTED_EDGE('',*,*,#4781,.F.);
#6613=ORIENTED_EDGE('',*,*,#4839,.F.);
#6614=ORIENTED_EDGE('',*,*,#4840,.F.);
#6615=ORIENTED_EDGE('',*,*,#4841,.F.);
#6616=ORIENTED_EDGE('',*,*,#4842,.F.);
#6617=ORIENTED_EDGE('',*,*,#4839,.T.);
#6618=ORIENTED_EDGE('',*,*,#4843,.T.);
#6619=ORIENTED_EDGE('',*,*,#4844,.F.);
#6620=ORIENTED_EDGE('',*,*,#4845,.F.);
#6621=ORIENTED_EDGE('',*,*,#4840,.T.);
#6622=ORIENTED_EDGE('',*,*,#4845,.T.);
#6623=ORIENTED_EDGE('',*,*,#4846,.F.);
#6624=ORIENTED_EDGE('',*,*,#4847,.F.);
#6625=ORIENTED_EDGE('',*,*,#4841,.T.);
#6626=ORIENTED_EDGE('',*,*,#4847,.T.);
#6627=ORIENTED_EDGE('',*,*,#4848,.F.);
#6628=ORIENTED_EDGE('',*,*,#4849,.F.);
#6629=ORIENTED_EDGE('',*,*,#4842,.T.);
#6630=ORIENTED_EDGE('',*,*,#4849,.T.);
#6631=ORIENTED_EDGE('',*,*,#4850,.F.);
#6632=ORIENTED_EDGE('',*,*,#4843,.F.);
#6633=ORIENTED_EDGE('',*,*,#4851,.F.);
#6634=ORIENTED_EDGE('',*,*,#4852,.F.);
#6635=ORIENTED_EDGE('',*,*,#4853,.F.);
#6636=ORIENTED_EDGE('',*,*,#4854,.F.);
#6637=ORIENTED_EDGE('',*,*,#4851,.T.);
#6638=ORIENTED_EDGE('',*,*,#4855,.T.);
#6639=ORIENTED_EDGE('',*,*,#4856,.F.);
#6640=ORIENTED_EDGE('',*,*,#4857,.F.);
#6641=ORIENTED_EDGE('',*,*,#4852,.T.);
#6642=ORIENTED_EDGE('',*,*,#4857,.T.);
#6643=ORIENTED_EDGE('',*,*,#4858,.F.);
#6644=ORIENTED_EDGE('',*,*,#4859,.F.);
#6645=ORIENTED_EDGE('',*,*,#4853,.T.);
#6646=ORIENTED_EDGE('',*,*,#4859,.T.);
#6647=ORIENTED_EDGE('',*,*,#4860,.F.);
#6648=ORIENTED_EDGE('',*,*,#4861,.F.);
#6649=ORIENTED_EDGE('',*,*,#4854,.T.);
#6650=ORIENTED_EDGE('',*,*,#4861,.T.);
#6651=ORIENTED_EDGE('',*,*,#4862,.F.);
#6652=ORIENTED_EDGE('',*,*,#4855,.F.);
#6653=ORIENTED_EDGE('',*,*,#4863,.F.);
#6654=ORIENTED_EDGE('',*,*,#4864,.F.);
#6655=ORIENTED_EDGE('',*,*,#4865,.F.);
#6656=ORIENTED_EDGE('',*,*,#4866,.F.);
#6657=ORIENTED_EDGE('',*,*,#4867,.F.);
#6658=ORIENTED_EDGE('',*,*,#4868,.F.);
#6659=ORIENTED_EDGE('',*,*,#4869,.F.);
#6660=ORIENTED_EDGE('',*,*,#4870,.F.);
#6661=ORIENTED_EDGE('',*,*,#4871,.F.);
#6662=ORIENTED_EDGE('',*,*,#4872,.F.);
#6663=ORIENTED_EDGE('',*,*,#4873,.F.);
#6664=ORIENTED_EDGE('',*,*,#4874,.F.);
#6665=ORIENTED_EDGE('',*,*,#4875,.F.);
#6666=ORIENTED_EDGE('',*,*,#4876,.F.);
#6667=ORIENTED_EDGE('',*,*,#4877,.F.);
#6668=ORIENTED_EDGE('',*,*,#4878,.F.);
#6669=ORIENTED_EDGE('',*,*,#4879,.F.);
#6670=ORIENTED_EDGE('',*,*,#4880,.F.);
#6671=ORIENTED_EDGE('',*,*,#4881,.F.);
#6672=ORIENTED_EDGE('',*,*,#4863,.T.);
#6673=ORIENTED_EDGE('',*,*,#4882,.T.);
#6674=ORIENTED_EDGE('',*,*,#4883,.F.);
#6675=ORIENTED_EDGE('',*,*,#4884,.F.);
#6676=ORIENTED_EDGE('',*,*,#4864,.T.);
#6677=ORIENTED_EDGE('',*,*,#4884,.T.);
#6678=ORIENTED_EDGE('',*,*,#4885,.F.);
#6679=ORIENTED_EDGE('',*,*,#4886,.F.);
#6680=ORIENTED_EDGE('',*,*,#4865,.T.);
#6681=ORIENTED_EDGE('',*,*,#4886,.T.);
#6682=ORIENTED_EDGE('',*,*,#4887,.F.);
#6683=ORIENTED_EDGE('',*,*,#4888,.F.);
#6684=ORIENTED_EDGE('',*,*,#4866,.T.);
#6685=ORIENTED_EDGE('',*,*,#4888,.T.);
#6686=ORIENTED_EDGE('',*,*,#4889,.F.);
#6687=ORIENTED_EDGE('',*,*,#4890,.F.);
#6688=ORIENTED_EDGE('',*,*,#4867,.T.);
#6689=ORIENTED_EDGE('',*,*,#4890,.T.);
#6690=ORIENTED_EDGE('',*,*,#4891,.F.);
#6691=ORIENTED_EDGE('',*,*,#4892,.F.);
#6692=ORIENTED_EDGE('',*,*,#4868,.T.);
#6693=ORIENTED_EDGE('',*,*,#4892,.T.);
#6694=ORIENTED_EDGE('',*,*,#4893,.F.);
#6695=ORIENTED_EDGE('',*,*,#4894,.F.);
#6696=ORIENTED_EDGE('',*,*,#4869,.T.);
#6697=ORIENTED_EDGE('',*,*,#4894,.T.);
#6698=ORIENTED_EDGE('',*,*,#4895,.F.);
#6699=ORIENTED_EDGE('',*,*,#4896,.F.);
#6700=ORIENTED_EDGE('',*,*,#4870,.T.);
#6701=ORIENTED_EDGE('',*,*,#4896,.T.);
#6702=ORIENTED_EDGE('',*,*,#4897,.F.);
#6703=ORIENTED_EDGE('',*,*,#4898,.F.);
#6704=ORIENTED_EDGE('',*,*,#4871,.T.);
#6705=ORIENTED_EDGE('',*,*,#4898,.T.);
#6706=ORIENTED_EDGE('',*,*,#4899,.F.);
#6707=ORIENTED_EDGE('',*,*,#4900,.F.);
#6708=ORIENTED_EDGE('',*,*,#4872,.T.);
#6709=ORIENTED_EDGE('',*,*,#4900,.T.);
#6710=ORIENTED_EDGE('',*,*,#4901,.F.);
#6711=ORIENTED_EDGE('',*,*,#4902,.F.);
#6712=ORIENTED_EDGE('',*,*,#4873,.T.);
#6713=ORIENTED_EDGE('',*,*,#4902,.T.);
#6714=ORIENTED_EDGE('',*,*,#4903,.F.);
#6715=ORIENTED_EDGE('',*,*,#4882,.F.);
#6716=ORIENTED_EDGE('',*,*,#4874,.T.);
#6717=ORIENTED_EDGE('',*,*,#4904,.T.);
#6718=ORIENTED_EDGE('',*,*,#4905,.F.);
#6719=ORIENTED_EDGE('',*,*,#4906,.F.);
#6720=ORIENTED_EDGE('',*,*,#4875,.T.);
#6721=ORIENTED_EDGE('',*,*,#4906,.T.);
#6722=ORIENTED_EDGE('',*,*,#4907,.F.);
#6723=ORIENTED_EDGE('',*,*,#4908,.F.);
#6724=ORIENTED_EDGE('',*,*,#4876,.T.);
#6725=ORIENTED_EDGE('',*,*,#4908,.T.);
#6726=ORIENTED_EDGE('',*,*,#4909,.F.);
#6727=ORIENTED_EDGE('',*,*,#4910,.F.);
#6728=ORIENTED_EDGE('',*,*,#4877,.T.);
#6729=ORIENTED_EDGE('',*,*,#4910,.T.);
#6730=ORIENTED_EDGE('',*,*,#4911,.F.);
#6731=ORIENTED_EDGE('',*,*,#4912,.F.);
#6732=ORIENTED_EDGE('',*,*,#4878,.T.);
#6733=ORIENTED_EDGE('',*,*,#4912,.T.);
#6734=ORIENTED_EDGE('',*,*,#4913,.F.);
#6735=ORIENTED_EDGE('',*,*,#4914,.F.);
#6736=ORIENTED_EDGE('',*,*,#4879,.T.);
#6737=ORIENTED_EDGE('',*,*,#4914,.T.);
#6738=ORIENTED_EDGE('',*,*,#4915,.F.);
#6739=ORIENTED_EDGE('',*,*,#4916,.F.);
#6740=ORIENTED_EDGE('',*,*,#4880,.T.);
#6741=ORIENTED_EDGE('',*,*,#4916,.T.);
#6742=ORIENTED_EDGE('',*,*,#4917,.F.);
#6743=ORIENTED_EDGE('',*,*,#4918,.F.);
#6744=ORIENTED_EDGE('',*,*,#4881,.T.);
#6745=ORIENTED_EDGE('',*,*,#4918,.T.);
#6746=ORIENTED_EDGE('',*,*,#4919,.F.);
#6747=ORIENTED_EDGE('',*,*,#4904,.F.);
#6748=ORIENTED_EDGE('',*,*,#4920,.F.);
#6749=ORIENTED_EDGE('',*,*,#4921,.F.);
#6750=ORIENTED_EDGE('',*,*,#4922,.F.);
#6751=ORIENTED_EDGE('',*,*,#4923,.F.);
#6752=ORIENTED_EDGE('',*,*,#4920,.T.);
#6753=ORIENTED_EDGE('',*,*,#4924,.T.);
#6754=ORIENTED_EDGE('',*,*,#4925,.F.);
#6755=ORIENTED_EDGE('',*,*,#4926,.F.);
#6756=ORIENTED_EDGE('',*,*,#4921,.T.);
#6757=ORIENTED_EDGE('',*,*,#4926,.T.);
#6758=ORIENTED_EDGE('',*,*,#4927,.F.);
#6759=ORIENTED_EDGE('',*,*,#4928,.F.);
#6760=ORIENTED_EDGE('',*,*,#4922,.T.);
#6761=ORIENTED_EDGE('',*,*,#4928,.T.);
#6762=ORIENTED_EDGE('',*,*,#4929,.F.);
#6763=ORIENTED_EDGE('',*,*,#4930,.F.);
#6764=ORIENTED_EDGE('',*,*,#4923,.T.);
#6765=ORIENTED_EDGE('',*,*,#4930,.T.);
#6766=ORIENTED_EDGE('',*,*,#4931,.F.);
#6767=ORIENTED_EDGE('',*,*,#4924,.F.);
#6768=ORIENTED_EDGE('',*,*,#4932,.F.);
#6769=ORIENTED_EDGE('',*,*,#4933,.F.);
#6770=ORIENTED_EDGE('',*,*,#4934,.F.);
#6771=ORIENTED_EDGE('',*,*,#4935,.F.);
#6772=ORIENTED_EDGE('',*,*,#4936,.F.);
#6773=ORIENTED_EDGE('',*,*,#4937,.F.);
#6774=ORIENTED_EDGE('',*,*,#4938,.F.);
#6775=ORIENTED_EDGE('',*,*,#4932,.T.);
#6776=ORIENTED_EDGE('',*,*,#4939,.T.);
#6777=ORIENTED_EDGE('',*,*,#4940,.F.);
#6778=ORIENTED_EDGE('',*,*,#4941,.F.);
#6779=ORIENTED_EDGE('',*,*,#4933,.T.);
#6780=ORIENTED_EDGE('',*,*,#4941,.T.);
#6781=ORIENTED_EDGE('',*,*,#4942,.F.);
#6782=ORIENTED_EDGE('',*,*,#4943,.F.);
#6783=ORIENTED_EDGE('',*,*,#4934,.T.);
#6784=ORIENTED_EDGE('',*,*,#4943,.T.);
#6785=ORIENTED_EDGE('',*,*,#4944,.F.);
#6786=ORIENTED_EDGE('',*,*,#4945,.F.);
#6787=ORIENTED_EDGE('',*,*,#4935,.T.);
#6788=ORIENTED_EDGE('',*,*,#4945,.T.);
#6789=ORIENTED_EDGE('',*,*,#4946,.F.);
#6790=ORIENTED_EDGE('',*,*,#4947,.F.);
#6791=ORIENTED_EDGE('',*,*,#4936,.T.);
#6792=ORIENTED_EDGE('',*,*,#4947,.T.);
#6793=ORIENTED_EDGE('',*,*,#4948,.F.);
#6794=ORIENTED_EDGE('',*,*,#4949,.F.);
#6795=ORIENTED_EDGE('',*,*,#4937,.T.);
#6796=ORIENTED_EDGE('',*,*,#4949,.T.);
#6797=ORIENTED_EDGE('',*,*,#4950,.F.);
#6798=ORIENTED_EDGE('',*,*,#4951,.F.);
#6799=ORIENTED_EDGE('',*,*,#4938,.T.);
#6800=ORIENTED_EDGE('',*,*,#4951,.T.);
#6801=ORIENTED_EDGE('',*,*,#4952,.F.);
#6802=ORIENTED_EDGE('',*,*,#4939,.F.);
#6803=ORIENTED_EDGE('',*,*,#4953,.F.);
#6804=ORIENTED_EDGE('',*,*,#4954,.F.);
#6805=ORIENTED_EDGE('',*,*,#4955,.F.);
#6806=ORIENTED_EDGE('',*,*,#4956,.F.);
#6807=ORIENTED_EDGE('',*,*,#4957,.F.);
#6808=ORIENTED_EDGE('',*,*,#4958,.F.);
#6809=ORIENTED_EDGE('',*,*,#4959,.F.);
#6810=ORIENTED_EDGE('',*,*,#4960,.F.);
#6811=ORIENTED_EDGE('',*,*,#4961,.F.);
#6812=ORIENTED_EDGE('',*,*,#4962,.F.);
#6813=ORIENTED_EDGE('',*,*,#4963,.F.);
#6814=ORIENTED_EDGE('',*,*,#4964,.F.);
#6815=ORIENTED_EDGE('',*,*,#4965,.F.);
#6816=ORIENTED_EDGE('',*,*,#4966,.F.);
#6817=ORIENTED_EDGE('',*,*,#4967,.F.);
#6818=ORIENTED_EDGE('',*,*,#4968,.F.);
#6819=ORIENTED_EDGE('',*,*,#4969,.F.);
#6820=ORIENTED_EDGE('',*,*,#4970,.F.);
#6821=ORIENTED_EDGE('',*,*,#4971,.F.);
#6822=ORIENTED_EDGE('',*,*,#4972,.F.);
#6823=ORIENTED_EDGE('',*,*,#4953,.T.);
#6824=ORIENTED_EDGE('',*,*,#4973,.T.);
#6825=ORIENTED_EDGE('',*,*,#4974,.F.);
#6826=ORIENTED_EDGE('',*,*,#4975,.F.);
#6827=ORIENTED_EDGE('',*,*,#4954,.T.);
#6828=ORIENTED_EDGE('',*,*,#4975,.T.);
#6829=ORIENTED_EDGE('',*,*,#4976,.F.);
#6830=ORIENTED_EDGE('',*,*,#4977,.F.);
#6831=ORIENTED_EDGE('',*,*,#4955,.T.);
#6832=ORIENTED_EDGE('',*,*,#4977,.T.);
#6833=ORIENTED_EDGE('',*,*,#4978,.F.);
#6834=ORIENTED_EDGE('',*,*,#4979,.F.);
#6835=ORIENTED_EDGE('',*,*,#4956,.T.);
#6836=ORIENTED_EDGE('',*,*,#4979,.T.);
#6837=ORIENTED_EDGE('',*,*,#4980,.F.);
#6838=ORIENTED_EDGE('',*,*,#4981,.F.);
#6839=ORIENTED_EDGE('',*,*,#4957,.T.);
#6840=ORIENTED_EDGE('',*,*,#4981,.T.);
#6841=ORIENTED_EDGE('',*,*,#4982,.F.);
#6842=ORIENTED_EDGE('',*,*,#4983,.F.);
#6843=ORIENTED_EDGE('',*,*,#4958,.T.);
#6844=ORIENTED_EDGE('',*,*,#4983,.T.);
#6845=ORIENTED_EDGE('',*,*,#4984,.F.);
#6846=ORIENTED_EDGE('',*,*,#4985,.F.);
#6847=ORIENTED_EDGE('',*,*,#4959,.T.);
#6848=ORIENTED_EDGE('',*,*,#4985,.T.);
#6849=ORIENTED_EDGE('',*,*,#4986,.F.);
#6850=ORIENTED_EDGE('',*,*,#4987,.F.);
#6851=ORIENTED_EDGE('',*,*,#4960,.T.);
#6852=ORIENTED_EDGE('',*,*,#4987,.T.);
#6853=ORIENTED_EDGE('',*,*,#4988,.F.);
#6854=ORIENTED_EDGE('',*,*,#4989,.F.);
#6855=ORIENTED_EDGE('',*,*,#4961,.T.);
#6856=ORIENTED_EDGE('',*,*,#4989,.T.);
#6857=ORIENTED_EDGE('',*,*,#4990,.F.);
#6858=ORIENTED_EDGE('',*,*,#4991,.F.);
#6859=ORIENTED_EDGE('',*,*,#4962,.T.);
#6860=ORIENTED_EDGE('',*,*,#4991,.T.);
#6861=ORIENTED_EDGE('',*,*,#4992,.F.);
#6862=ORIENTED_EDGE('',*,*,#4993,.F.);
#6863=ORIENTED_EDGE('',*,*,#4963,.T.);
#6864=ORIENTED_EDGE('',*,*,#4993,.T.);
#6865=ORIENTED_EDGE('',*,*,#4994,.F.);
#6866=ORIENTED_EDGE('',*,*,#4973,.F.);
#6867=ORIENTED_EDGE('',*,*,#4964,.T.);
#6868=ORIENTED_EDGE('',*,*,#4995,.T.);
#6869=ORIENTED_EDGE('',*,*,#4996,.F.);
#6870=ORIENTED_EDGE('',*,*,#4997,.F.);
#6871=ORIENTED_EDGE('',*,*,#4965,.T.);
#6872=ORIENTED_EDGE('',*,*,#4997,.T.);
#6873=ORIENTED_EDGE('',*,*,#4998,.F.);
#6874=ORIENTED_EDGE('',*,*,#4999,.F.);
#6875=ORIENTED_EDGE('',*,*,#4966,.T.);
#6876=ORIENTED_EDGE('',*,*,#4999,.T.);
#6877=ORIENTED_EDGE('',*,*,#5000,.F.);
#6878=ORIENTED_EDGE('',*,*,#5001,.F.);
#6879=ORIENTED_EDGE('',*,*,#4967,.T.);
#6880=ORIENTED_EDGE('',*,*,#5001,.T.);
#6881=ORIENTED_EDGE('',*,*,#5002,.F.);
#6882=ORIENTED_EDGE('',*,*,#5003,.F.);
#6883=ORIENTED_EDGE('',*,*,#4968,.T.);
#6884=ORIENTED_EDGE('',*,*,#5003,.T.);
#6885=ORIENTED_EDGE('',*,*,#5004,.F.);
#6886=ORIENTED_EDGE('',*,*,#5005,.F.);
#6887=ORIENTED_EDGE('',*,*,#4969,.T.);
#6888=ORIENTED_EDGE('',*,*,#5005,.T.);
#6889=ORIENTED_EDGE('',*,*,#5006,.F.);
#6890=ORIENTED_EDGE('',*,*,#5007,.F.);
#6891=ORIENTED_EDGE('',*,*,#4970,.T.);
#6892=ORIENTED_EDGE('',*,*,#5007,.T.);
#6893=ORIENTED_EDGE('',*,*,#5008,.F.);
#6894=ORIENTED_EDGE('',*,*,#5009,.F.);
#6895=ORIENTED_EDGE('',*,*,#4971,.T.);
#6896=ORIENTED_EDGE('',*,*,#5009,.T.);
#6897=ORIENTED_EDGE('',*,*,#5010,.F.);
#6898=ORIENTED_EDGE('',*,*,#5011,.F.);
#6899=ORIENTED_EDGE('',*,*,#4972,.T.);
#6900=ORIENTED_EDGE('',*,*,#5011,.T.);
#6901=ORIENTED_EDGE('',*,*,#5012,.F.);
#6902=ORIENTED_EDGE('',*,*,#4995,.F.);
#6903=ORIENTED_EDGE('',*,*,#5013,.F.);
#6904=ORIENTED_EDGE('',*,*,#5014,.F.);
#6905=ORIENTED_EDGE('',*,*,#5015,.F.);
#6906=ORIENTED_EDGE('',*,*,#5016,.F.);
#6907=ORIENTED_EDGE('',*,*,#5017,.F.);
#6908=ORIENTED_EDGE('',*,*,#5018,.F.);
#6909=ORIENTED_EDGE('',*,*,#5019,.F.);
#6910=ORIENTED_EDGE('',*,*,#5020,.F.);
#6911=ORIENTED_EDGE('',*,*,#5021,.F.);
#6912=ORIENTED_EDGE('',*,*,#5022,.F.);
#6913=ORIENTED_EDGE('',*,*,#5023,.F.);
#6914=ORIENTED_EDGE('',*,*,#5024,.F.);
#6915=ORIENTED_EDGE('',*,*,#5025,.F.);
#6916=ORIENTED_EDGE('',*,*,#5026,.F.);
#6917=ORIENTED_EDGE('',*,*,#5027,.F.);
#6918=ORIENTED_EDGE('',*,*,#5028,.F.);
#6919=ORIENTED_EDGE('',*,*,#5029,.F.);
#6920=ORIENTED_EDGE('',*,*,#5030,.F.);
#6921=ORIENTED_EDGE('',*,*,#5031,.F.);
#6922=ORIENTED_EDGE('',*,*,#5032,.F.);
#6923=ORIENTED_EDGE('',*,*,#5013,.T.);
#6924=ORIENTED_EDGE('',*,*,#5033,.T.);
#6925=ORIENTED_EDGE('',*,*,#5034,.F.);
#6926=ORIENTED_EDGE('',*,*,#5035,.F.);
#6927=ORIENTED_EDGE('',*,*,#5014,.T.);
#6928=ORIENTED_EDGE('',*,*,#5035,.T.);
#6929=ORIENTED_EDGE('',*,*,#5036,.F.);
#6930=ORIENTED_EDGE('',*,*,#5037,.F.);
#6931=ORIENTED_EDGE('',*,*,#5015,.T.);
#6932=ORIENTED_EDGE('',*,*,#5037,.T.);
#6933=ORIENTED_EDGE('',*,*,#5038,.F.);
#6934=ORIENTED_EDGE('',*,*,#5039,.F.);
#6935=ORIENTED_EDGE('',*,*,#5016,.T.);
#6936=ORIENTED_EDGE('',*,*,#5039,.T.);
#6937=ORIENTED_EDGE('',*,*,#5040,.F.);
#6938=ORIENTED_EDGE('',*,*,#5041,.F.);
#6939=ORIENTED_EDGE('',*,*,#5017,.T.);
#6940=ORIENTED_EDGE('',*,*,#5041,.T.);
#6941=ORIENTED_EDGE('',*,*,#5042,.F.);
#6942=ORIENTED_EDGE('',*,*,#5043,.F.);
#6943=ORIENTED_EDGE('',*,*,#5018,.T.);
#6944=ORIENTED_EDGE('',*,*,#5043,.T.);
#6945=ORIENTED_EDGE('',*,*,#5044,.F.);
#6946=ORIENTED_EDGE('',*,*,#5045,.F.);
#6947=ORIENTED_EDGE('',*,*,#5019,.T.);
#6948=ORIENTED_EDGE('',*,*,#5045,.T.);
#6949=ORIENTED_EDGE('',*,*,#5046,.F.);
#6950=ORIENTED_EDGE('',*,*,#5047,.F.);
#6951=ORIENTED_EDGE('',*,*,#5020,.T.);
#6952=ORIENTED_EDGE('',*,*,#5047,.T.);
#6953=ORIENTED_EDGE('',*,*,#5048,.F.);
#6954=ORIENTED_EDGE('',*,*,#5049,.F.);
#6955=ORIENTED_EDGE('',*,*,#5021,.T.);
#6956=ORIENTED_EDGE('',*,*,#5049,.T.);
#6957=ORIENTED_EDGE('',*,*,#5050,.F.);
#6958=ORIENTED_EDGE('',*,*,#5051,.F.);
#6959=ORIENTED_EDGE('',*,*,#5022,.T.);
#6960=ORIENTED_EDGE('',*,*,#5051,.T.);
#6961=ORIENTED_EDGE('',*,*,#5052,.F.);
#6962=ORIENTED_EDGE('',*,*,#5053,.F.);
#6963=ORIENTED_EDGE('',*,*,#5023,.T.);
#6964=ORIENTED_EDGE('',*,*,#5053,.T.);
#6965=ORIENTED_EDGE('',*,*,#5054,.F.);
#6966=ORIENTED_EDGE('',*,*,#5033,.F.);
#6967=ORIENTED_EDGE('',*,*,#5024,.T.);
#6968=ORIENTED_EDGE('',*,*,#5055,.T.);
#6969=ORIENTED_EDGE('',*,*,#5056,.F.);
#6970=ORIENTED_EDGE('',*,*,#5057,.F.);
#6971=ORIENTED_EDGE('',*,*,#5025,.T.);
#6972=ORIENTED_EDGE('',*,*,#5057,.T.);
#6973=ORIENTED_EDGE('',*,*,#5058,.F.);
#6974=ORIENTED_EDGE('',*,*,#5059,.F.);
#6975=ORIENTED_EDGE('',*,*,#5026,.T.);
#6976=ORIENTED_EDGE('',*,*,#5059,.T.);
#6977=ORIENTED_EDGE('',*,*,#5060,.F.);
#6978=ORIENTED_EDGE('',*,*,#5061,.F.);
#6979=ORIENTED_EDGE('',*,*,#5027,.T.);
#6980=ORIENTED_EDGE('',*,*,#5061,.T.);
#6981=ORIENTED_EDGE('',*,*,#5062,.F.);
#6982=ORIENTED_EDGE('',*,*,#5063,.F.);
#6983=ORIENTED_EDGE('',*,*,#5028,.T.);
#6984=ORIENTED_EDGE('',*,*,#5063,.T.);
#6985=ORIENTED_EDGE('',*,*,#5064,.F.);
#6986=ORIENTED_EDGE('',*,*,#5065,.F.);
#6987=ORIENTED_EDGE('',*,*,#5029,.T.);
#6988=ORIENTED_EDGE('',*,*,#5065,.T.);
#6989=ORIENTED_EDGE('',*,*,#5066,.F.);
#6990=ORIENTED_EDGE('',*,*,#5067,.F.);
#6991=ORIENTED_EDGE('',*,*,#5030,.T.);
#6992=ORIENTED_EDGE('',*,*,#5067,.T.);
#6993=ORIENTED_EDGE('',*,*,#5068,.F.);
#6994=ORIENTED_EDGE('',*,*,#5069,.F.);
#6995=ORIENTED_EDGE('',*,*,#5031,.T.);
#6996=ORIENTED_EDGE('',*,*,#5069,.T.);
#6997=ORIENTED_EDGE('',*,*,#5070,.F.);
#6998=ORIENTED_EDGE('',*,*,#5071,.F.);
#6999=ORIENTED_EDGE('',*,*,#5032,.T.);
#7000=ORIENTED_EDGE('',*,*,#5071,.T.);
#7001=ORIENTED_EDGE('',*,*,#5072,.F.);
#7002=ORIENTED_EDGE('',*,*,#5055,.F.);
#7003=ORIENTED_EDGE('',*,*,#5056,.T.);
#7004=ORIENTED_EDGE('',*,*,#5072,.T.);
#7005=ORIENTED_EDGE('',*,*,#5070,.T.);
#7006=ORIENTED_EDGE('',*,*,#5068,.T.);
#7007=ORIENTED_EDGE('',*,*,#5066,.T.);
#7008=ORIENTED_EDGE('',*,*,#5064,.T.);
#7009=ORIENTED_EDGE('',*,*,#5062,.T.);
#7010=ORIENTED_EDGE('',*,*,#5060,.T.);
#7011=ORIENTED_EDGE('',*,*,#5058,.T.);
#7012=ORIENTED_EDGE('',*,*,#4996,.T.);
#7013=ORIENTED_EDGE('',*,*,#5012,.T.);
#7014=ORIENTED_EDGE('',*,*,#5010,.T.);
#7015=ORIENTED_EDGE('',*,*,#5008,.T.);
#7016=ORIENTED_EDGE('',*,*,#5006,.T.);
#7017=ORIENTED_EDGE('',*,*,#5004,.T.);
#7018=ORIENTED_EDGE('',*,*,#5002,.T.);
#7019=ORIENTED_EDGE('',*,*,#5000,.T.);
#7020=ORIENTED_EDGE('',*,*,#4998,.T.);
#7021=ORIENTED_EDGE('',*,*,#4905,.T.);
#7022=ORIENTED_EDGE('',*,*,#4919,.T.);
#7023=ORIENTED_EDGE('',*,*,#4917,.T.);
#7024=ORIENTED_EDGE('',*,*,#4915,.T.);
#7025=ORIENTED_EDGE('',*,*,#4913,.T.);
#7026=ORIENTED_EDGE('',*,*,#4911,.T.);
#7027=ORIENTED_EDGE('',*,*,#4909,.T.);
#7028=ORIENTED_EDGE('',*,*,#4907,.T.);
#7029=ORIENTED_EDGE('',*,*,#5073,.F.);
#7030=ORIENTED_EDGE('',*,*,#5074,.F.);
#7031=ORIENTED_EDGE('',*,*,#5075,.F.);
#7032=ORIENTED_EDGE('',*,*,#5076,.F.);
#7033=ORIENTED_EDGE('',*,*,#5077,.F.);
#7034=ORIENTED_EDGE('',*,*,#5078,.F.);
#7035=ORIENTED_EDGE('',*,*,#5079,.F.);
#7036=ORIENTED_EDGE('',*,*,#5080,.F.);
#7037=ORIENTED_EDGE('',*,*,#5081,.F.);
#7038=ORIENTED_EDGE('',*,*,#5082,.F.);
#7039=ORIENTED_EDGE('',*,*,#5083,.F.);
#7040=ORIENTED_EDGE('',*,*,#5084,.F.);
#7041=ORIENTED_EDGE('',*,*,#5085,.F.);
#7042=ORIENTED_EDGE('',*,*,#5073,.T.);
#7043=ORIENTED_EDGE('',*,*,#5086,.T.);
#7044=ORIENTED_EDGE('',*,*,#5087,.F.);
#7045=ORIENTED_EDGE('',*,*,#5088,.F.);
#7046=ORIENTED_EDGE('',*,*,#5074,.T.);
#7047=ORIENTED_EDGE('',*,*,#5088,.T.);
#7048=ORIENTED_EDGE('',*,*,#5089,.F.);
#7049=ORIENTED_EDGE('',*,*,#5090,.F.);
#7050=ORIENTED_EDGE('',*,*,#5075,.T.);
#7051=ORIENTED_EDGE('',*,*,#5090,.T.);
#7052=ORIENTED_EDGE('',*,*,#5091,.F.);
#7053=ORIENTED_EDGE('',*,*,#5092,.F.);
#7054=ORIENTED_EDGE('',*,*,#5076,.T.);
#7055=ORIENTED_EDGE('',*,*,#5092,.T.);
#7056=ORIENTED_EDGE('',*,*,#5093,.F.);
#7057=ORIENTED_EDGE('',*,*,#5094,.F.);
#7058=ORIENTED_EDGE('',*,*,#5077,.T.);
#7059=ORIENTED_EDGE('',*,*,#5094,.T.);
#7060=ORIENTED_EDGE('',*,*,#5095,.F.);
#7061=ORIENTED_EDGE('',*,*,#5096,.F.);
#7062=ORIENTED_EDGE('',*,*,#5078,.T.);
#7063=ORIENTED_EDGE('',*,*,#5096,.T.);
#7064=ORIENTED_EDGE('',*,*,#5097,.F.);
#7065=ORIENTED_EDGE('',*,*,#5098,.F.);
#7066=ORIENTED_EDGE('',*,*,#5079,.T.);
#7067=ORIENTED_EDGE('',*,*,#5098,.T.);
#7068=ORIENTED_EDGE('',*,*,#5099,.F.);
#7069=ORIENTED_EDGE('',*,*,#5100,.F.);
#7070=ORIENTED_EDGE('',*,*,#5080,.T.);
#7071=ORIENTED_EDGE('',*,*,#5100,.T.);
#7072=ORIENTED_EDGE('',*,*,#5101,.F.);
#7073=ORIENTED_EDGE('',*,*,#5102,.F.);
#7074=ORIENTED_EDGE('',*,*,#5081,.T.);
#7075=ORIENTED_EDGE('',*,*,#5102,.T.);
#7076=ORIENTED_EDGE('',*,*,#5103,.F.);
#7077=ORIENTED_EDGE('',*,*,#5104,.F.);
#7078=ORIENTED_EDGE('',*,*,#5082,.T.);
#7079=ORIENTED_EDGE('',*,*,#5104,.T.);
#7080=ORIENTED_EDGE('',*,*,#5105,.F.);
#7081=ORIENTED_EDGE('',*,*,#5106,.F.);
#7082=ORIENTED_EDGE('',*,*,#5083,.T.);
#7083=ORIENTED_EDGE('',*,*,#5106,.T.);
#7084=ORIENTED_EDGE('',*,*,#5107,.F.);
#7085=ORIENTED_EDGE('',*,*,#5108,.F.);
#7086=ORIENTED_EDGE('',*,*,#5084,.T.);
#7087=ORIENTED_EDGE('',*,*,#5108,.T.);
#7088=ORIENTED_EDGE('',*,*,#5109,.F.);
#7089=ORIENTED_EDGE('',*,*,#5110,.F.);
#7090=ORIENTED_EDGE('',*,*,#5085,.T.);
#7091=ORIENTED_EDGE('',*,*,#5110,.T.);
#7092=ORIENTED_EDGE('',*,*,#5111,.F.);
#7093=ORIENTED_EDGE('',*,*,#5086,.F.);
#7094=ORIENTED_EDGE('',*,*,#5112,.F.);
#7095=ORIENTED_EDGE('',*,*,#5113,.F.);
#7096=ORIENTED_EDGE('',*,*,#5114,.F.);
#7097=ORIENTED_EDGE('',*,*,#5115,.F.);
#7098=ORIENTED_EDGE('',*,*,#5116,.F.);
#7099=ORIENTED_EDGE('',*,*,#5117,.F.);
#7100=ORIENTED_EDGE('',*,*,#5118,.F.);
#7101=ORIENTED_EDGE('',*,*,#5119,.F.);
#7102=ORIENTED_EDGE('',*,*,#5120,.F.);
#7103=ORIENTED_EDGE('',*,*,#5121,.F.);
#7104=ORIENTED_EDGE('',*,*,#5122,.F.);
#7105=ORIENTED_EDGE('',*,*,#5123,.F.);
#7106=ORIENTED_EDGE('',*,*,#5124,.F.);
#7107=ORIENTED_EDGE('',*,*,#5125,.F.);
#7108=ORIENTED_EDGE('',*,*,#5126,.F.);
#7109=ORIENTED_EDGE('',*,*,#5127,.F.);
#7110=ORIENTED_EDGE('',*,*,#5128,.F.);
#7111=ORIENTED_EDGE('',*,*,#5129,.F.);
#7112=ORIENTED_EDGE('',*,*,#5130,.F.);
#7113=ORIENTED_EDGE('',*,*,#5131,.F.);
#7114=ORIENTED_EDGE('',*,*,#5132,.F.);
#7115=ORIENTED_EDGE('',*,*,#5133,.F.);
#7116=ORIENTED_EDGE('',*,*,#5134,.F.);
#7117=ORIENTED_EDGE('',*,*,#5135,.F.);
#7118=ORIENTED_EDGE('',*,*,#5136,.F.);
#7119=ORIENTED_EDGE('',*,*,#5137,.F.);
#7120=ORIENTED_EDGE('',*,*,#5138,.F.);
#7121=ORIENTED_EDGE('',*,*,#5139,.F.);
#7122=ORIENTED_EDGE('',*,*,#5140,.F.);
#7123=ORIENTED_EDGE('',*,*,#5141,.F.);
#7124=ORIENTED_EDGE('',*,*,#5142,.F.);
#7125=ORIENTED_EDGE('',*,*,#5143,.F.);
#7126=ORIENTED_EDGE('',*,*,#5144,.F.);
#7127=ORIENTED_EDGE('',*,*,#5112,.T.);
#7128=ORIENTED_EDGE('',*,*,#5145,.T.);
#7129=ORIENTED_EDGE('',*,*,#5146,.F.);
#7130=ORIENTED_EDGE('',*,*,#5147,.F.);
#7131=ORIENTED_EDGE('',*,*,#5113,.T.);
#7132=ORIENTED_EDGE('',*,*,#5147,.T.);
#7133=ORIENTED_EDGE('',*,*,#5148,.F.);
#7134=ORIENTED_EDGE('',*,*,#5149,.F.);
#7135=ORIENTED_EDGE('',*,*,#5114,.T.);
#7136=ORIENTED_EDGE('',*,*,#5149,.T.);
#7137=ORIENTED_EDGE('',*,*,#5150,.F.);
#7138=ORIENTED_EDGE('',*,*,#5151,.F.);
#7139=ORIENTED_EDGE('',*,*,#5115,.T.);
#7140=ORIENTED_EDGE('',*,*,#5151,.T.);
#7141=ORIENTED_EDGE('',*,*,#5152,.F.);
#7142=ORIENTED_EDGE('',*,*,#5153,.F.);
#7143=ORIENTED_EDGE('',*,*,#5116,.T.);
#7144=ORIENTED_EDGE('',*,*,#5153,.T.);
#7145=ORIENTED_EDGE('',*,*,#5154,.F.);
#7146=ORIENTED_EDGE('',*,*,#5155,.F.);
#7147=ORIENTED_EDGE('',*,*,#5117,.T.);
#7148=ORIENTED_EDGE('',*,*,#5155,.T.);
#7149=ORIENTED_EDGE('',*,*,#5156,.F.);
#7150=ORIENTED_EDGE('',*,*,#5157,.F.);
#7151=ORIENTED_EDGE('',*,*,#5118,.T.);
#7152=ORIENTED_EDGE('',*,*,#5157,.T.);
#7153=ORIENTED_EDGE('',*,*,#5158,.F.);
#7154=ORIENTED_EDGE('',*,*,#5159,.F.);
#7155=ORIENTED_EDGE('',*,*,#5119,.T.);
#7156=ORIENTED_EDGE('',*,*,#5159,.T.);
#7157=ORIENTED_EDGE('',*,*,#5160,.F.);
#7158=ORIENTED_EDGE('',*,*,#5161,.F.);
#7159=ORIENTED_EDGE('',*,*,#5120,.T.);
#7160=ORIENTED_EDGE('',*,*,#5161,.T.);
#7161=ORIENTED_EDGE('',*,*,#5162,.F.);
#7162=ORIENTED_EDGE('',*,*,#5163,.F.);
#7163=ORIENTED_EDGE('',*,*,#5121,.T.);
#7164=ORIENTED_EDGE('',*,*,#5163,.T.);
#7165=ORIENTED_EDGE('',*,*,#5164,.F.);
#7166=ORIENTED_EDGE('',*,*,#5165,.F.);
#7167=ORIENTED_EDGE('',*,*,#5122,.T.);
#7168=ORIENTED_EDGE('',*,*,#5165,.T.);
#7169=ORIENTED_EDGE('',*,*,#5166,.F.);
#7170=ORIENTED_EDGE('',*,*,#5167,.F.);
#7171=ORIENTED_EDGE('',*,*,#5123,.T.);
#7172=ORIENTED_EDGE('',*,*,#5167,.T.);
#7173=ORIENTED_EDGE('',*,*,#5168,.F.);
#7174=ORIENTED_EDGE('',*,*,#5169,.F.);
#7175=ORIENTED_EDGE('',*,*,#5124,.T.);
#7176=ORIENTED_EDGE('',*,*,#5169,.T.);
#7177=ORIENTED_EDGE('',*,*,#5170,.F.);
#7178=ORIENTED_EDGE('',*,*,#5171,.F.);
#7179=ORIENTED_EDGE('',*,*,#5125,.T.);
#7180=ORIENTED_EDGE('',*,*,#5171,.T.);
#7181=ORIENTED_EDGE('',*,*,#5172,.F.);
#7182=ORIENTED_EDGE('',*,*,#5145,.F.);
#7183=ORIENTED_EDGE('',*,*,#5126,.T.);
#7184=ORIENTED_EDGE('',*,*,#5173,.T.);
#7185=ORIENTED_EDGE('',*,*,#5174,.F.);
#7186=ORIENTED_EDGE('',*,*,#5175,.F.);
#7187=ORIENTED_EDGE('',*,*,#5127,.T.);
#7188=ORIENTED_EDGE('',*,*,#5175,.T.);
#7189=ORIENTED_EDGE('',*,*,#5176,.F.);
#7190=ORIENTED_EDGE('',*,*,#5177,.F.);
#7191=ORIENTED_EDGE('',*,*,#5128,.T.);
#7192=ORIENTED_EDGE('',*,*,#5177,.T.);
#7193=ORIENTED_EDGE('',*,*,#5178,.F.);
#7194=ORIENTED_EDGE('',*,*,#5179,.F.);
#7195=ORIENTED_EDGE('',*,*,#5129,.T.);
#7196=ORIENTED_EDGE('',*,*,#5179,.T.);
#7197=ORIENTED_EDGE('',*,*,#5180,.F.);
#7198=ORIENTED_EDGE('',*,*,#5181,.F.);
#7199=ORIENTED_EDGE('',*,*,#5130,.T.);
#7200=ORIENTED_EDGE('',*,*,#5181,.T.);
#7201=ORIENTED_EDGE('',*,*,#5182,.F.);
#7202=ORIENTED_EDGE('',*,*,#5183,.F.);
#7203=ORIENTED_EDGE('',*,*,#5131,.T.);
#7204=ORIENTED_EDGE('',*,*,#5183,.T.);
#7205=ORIENTED_EDGE('',*,*,#5184,.F.);
#7206=ORIENTED_EDGE('',*,*,#5185,.F.);
#7207=ORIENTED_EDGE('',*,*,#5132,.T.);
#7208=ORIENTED_EDGE('',*,*,#5185,.T.);
#7209=ORIENTED_EDGE('',*,*,#5186,.F.);
#7210=ORIENTED_EDGE('',*,*,#5187,.F.);
#7211=ORIENTED_EDGE('',*,*,#5133,.T.);
#7212=ORIENTED_EDGE('',*,*,#5187,.T.);
#7213=ORIENTED_EDGE('',*,*,#5188,.F.);
#7214=ORIENTED_EDGE('',*,*,#5189,.F.);
#7215=ORIENTED_EDGE('',*,*,#5134,.T.);
#7216=ORIENTED_EDGE('',*,*,#5189,.T.);
#7217=ORIENTED_EDGE('',*,*,#5190,.F.);
#7218=ORIENTED_EDGE('',*,*,#5191,.F.);
#7219=ORIENTED_EDGE('',*,*,#5135,.T.);
#7220=ORIENTED_EDGE('',*,*,#5191,.T.);
#7221=ORIENTED_EDGE('',*,*,#5192,.F.);
#7222=ORIENTED_EDGE('',*,*,#5173,.F.);
#7223=ORIENTED_EDGE('',*,*,#5136,.T.);
#7224=ORIENTED_EDGE('',*,*,#5193,.T.);
#7225=ORIENTED_EDGE('',*,*,#5194,.F.);
#7226=ORIENTED_EDGE('',*,*,#5195,.F.);
#7227=ORIENTED_EDGE('',*,*,#5137,.T.);
#7228=ORIENTED_EDGE('',*,*,#5195,.T.);
#7229=ORIENTED_EDGE('',*,*,#5196,.F.);
#7230=ORIENTED_EDGE('',*,*,#5197,.F.);
#7231=ORIENTED_EDGE('',*,*,#5138,.T.);
#7232=ORIENTED_EDGE('',*,*,#5197,.T.);
#7233=ORIENTED_EDGE('',*,*,#5198,.F.);
#7234=ORIENTED_EDGE('',*,*,#5199,.F.);
#7235=ORIENTED_EDGE('',*,*,#5139,.T.);
#7236=ORIENTED_EDGE('',*,*,#5199,.T.);
#7237=ORIENTED_EDGE('',*,*,#5200,.F.);
#7238=ORIENTED_EDGE('',*,*,#5201,.F.);
#7239=ORIENTED_EDGE('',*,*,#5140,.T.);
#7240=ORIENTED_EDGE('',*,*,#5201,.T.);
#7241=ORIENTED_EDGE('',*,*,#5202,.F.);
#7242=ORIENTED_EDGE('',*,*,#5203,.F.);
#7243=ORIENTED_EDGE('',*,*,#5141,.T.);
#7244=ORIENTED_EDGE('',*,*,#5203,.T.);
#7245=ORIENTED_EDGE('',*,*,#5204,.F.);
#7246=ORIENTED_EDGE('',*,*,#5205,.F.);
#7247=ORIENTED_EDGE('',*,*,#5142,.T.);
#7248=ORIENTED_EDGE('',*,*,#5205,.T.);
#7249=ORIENTED_EDGE('',*,*,#5206,.F.);
#7250=ORIENTED_EDGE('',*,*,#5207,.F.);
#7251=ORIENTED_EDGE('',*,*,#5143,.T.);
#7252=ORIENTED_EDGE('',*,*,#5207,.T.);
#7253=ORIENTED_EDGE('',*,*,#5208,.F.);
#7254=ORIENTED_EDGE('',*,*,#5209,.F.);
#7255=ORIENTED_EDGE('',*,*,#5144,.T.);
#7256=ORIENTED_EDGE('',*,*,#5209,.T.);
#7257=ORIENTED_EDGE('',*,*,#5210,.F.);
#7258=ORIENTED_EDGE('',*,*,#5193,.F.);
#7259=ORIENTED_EDGE('',*,*,#5211,.T.);
#7260=ORIENTED_EDGE('',*,*,#5212,.T.);
#7261=ORIENTED_EDGE('',*,*,#5213,.F.);
#7262=ORIENTED_EDGE('',*,*,#5214,.T.);
#7263=ORIENTED_EDGE('',*,*,#5211,.F.);
#7264=ORIENTED_EDGE('',*,*,#5214,.F.);
#7265=ORIENTED_EDGE('',*,*,#5212,.F.);
#7266=ORIENTED_EDGE('',*,*,#5215,.T.);
#7267=ORIENTED_EDGE('',*,*,#5216,.F.);
#7268=ORIENTED_EDGE('',*,*,#5215,.F.);
#7269=ORIENTED_EDGE('',*,*,#5217,.F.);
#7270=ORIENTED_EDGE('',*,*,#5218,.F.);
#7271=ORIENTED_EDGE('',*,*,#5219,.F.);
#7272=ORIENTED_EDGE('',*,*,#5220,.F.);
#7273=ORIENTED_EDGE('',*,*,#5221,.F.);
#7274=ORIENTED_EDGE('',*,*,#5222,.F.);
#7275=ORIENTED_EDGE('',*,*,#5223,.F.);
#7276=ORIENTED_EDGE('',*,*,#5224,.F.);
#7277=ORIENTED_EDGE('',*,*,#5225,.F.);
#7278=ORIENTED_EDGE('',*,*,#5226,.F.);
#7279=ORIENTED_EDGE('',*,*,#5227,.F.);
#7280=ORIENTED_EDGE('',*,*,#5228,.F.);
#7281=ORIENTED_EDGE('',*,*,#5229,.F.);
#7282=ORIENTED_EDGE('',*,*,#5217,.T.);
#7283=ORIENTED_EDGE('',*,*,#5230,.T.);
#7284=ORIENTED_EDGE('',*,*,#5231,.F.);
#7285=ORIENTED_EDGE('',*,*,#5232,.F.);
#7286=ORIENTED_EDGE('',*,*,#5218,.T.);
#7287=ORIENTED_EDGE('',*,*,#5232,.T.);
#7288=ORIENTED_EDGE('',*,*,#5233,.F.);
#7289=ORIENTED_EDGE('',*,*,#5234,.F.);
#7290=ORIENTED_EDGE('',*,*,#5219,.T.);
#7291=ORIENTED_EDGE('',*,*,#5234,.T.);
#7292=ORIENTED_EDGE('',*,*,#5235,.F.);
#7293=ORIENTED_EDGE('',*,*,#5236,.F.);
#7294=ORIENTED_EDGE('',*,*,#5220,.T.);
#7295=ORIENTED_EDGE('',*,*,#5236,.T.);
#7296=ORIENTED_EDGE('',*,*,#5237,.F.);
#7297=ORIENTED_EDGE('',*,*,#5238,.F.);
#7298=ORIENTED_EDGE('',*,*,#5221,.T.);
#7299=ORIENTED_EDGE('',*,*,#5238,.T.);
#7300=ORIENTED_EDGE('',*,*,#5239,.F.);
#7301=ORIENTED_EDGE('',*,*,#5240,.F.);
#7302=ORIENTED_EDGE('',*,*,#5222,.T.);
#7303=ORIENTED_EDGE('',*,*,#5240,.T.);
#7304=ORIENTED_EDGE('',*,*,#5241,.F.);
#7305=ORIENTED_EDGE('',*,*,#5242,.F.);
#7306=ORIENTED_EDGE('',*,*,#5223,.T.);
#7307=ORIENTED_EDGE('',*,*,#5242,.T.);
#7308=ORIENTED_EDGE('',*,*,#5243,.F.);
#7309=ORIENTED_EDGE('',*,*,#5244,.F.);
#7310=ORIENTED_EDGE('',*,*,#5224,.T.);
#7311=ORIENTED_EDGE('',*,*,#5244,.T.);
#7312=ORIENTED_EDGE('',*,*,#5245,.F.);
#7313=ORIENTED_EDGE('',*,*,#5246,.F.);
#7314=ORIENTED_EDGE('',*,*,#5225,.T.);
#7315=ORIENTED_EDGE('',*,*,#5246,.T.);
#7316=ORIENTED_EDGE('',*,*,#5247,.F.);
#7317=ORIENTED_EDGE('',*,*,#5248,.F.);
#7318=ORIENTED_EDGE('',*,*,#5226,.T.);
#7319=ORIENTED_EDGE('',*,*,#5248,.T.);
#7320=ORIENTED_EDGE('',*,*,#5249,.F.);
#7321=ORIENTED_EDGE('',*,*,#5250,.F.);
#7322=ORIENTED_EDGE('',*,*,#5227,.T.);
#7323=ORIENTED_EDGE('',*,*,#5250,.T.);
#7324=ORIENTED_EDGE('',*,*,#5251,.F.);
#7325=ORIENTED_EDGE('',*,*,#5252,.F.);
#7326=ORIENTED_EDGE('',*,*,#5228,.T.);
#7327=ORIENTED_EDGE('',*,*,#5252,.T.);
#7328=ORIENTED_EDGE('',*,*,#5253,.F.);
#7329=ORIENTED_EDGE('',*,*,#5254,.F.);
#7330=ORIENTED_EDGE('',*,*,#5229,.T.);
#7331=ORIENTED_EDGE('',*,*,#5254,.T.);
#7332=ORIENTED_EDGE('',*,*,#5255,.F.);
#7333=ORIENTED_EDGE('',*,*,#5230,.F.);
#7334=ORIENTED_EDGE('',*,*,#5216,.T.);
#7335=ORIENTED_EDGE('',*,*,#5194,.T.);
#7336=ORIENTED_EDGE('',*,*,#5210,.T.);
#7337=ORIENTED_EDGE('',*,*,#5208,.T.);
#7338=ORIENTED_EDGE('',*,*,#5206,.T.);
#7339=ORIENTED_EDGE('',*,*,#5204,.T.);
#7340=ORIENTED_EDGE('',*,*,#5202,.T.);
#7341=ORIENTED_EDGE('',*,*,#5200,.T.);
#7342=ORIENTED_EDGE('',*,*,#5198,.T.);
#7343=ORIENTED_EDGE('',*,*,#5196,.T.);
#7344=ORIENTED_EDGE('',*,*,#5174,.T.);
#7345=ORIENTED_EDGE('',*,*,#5192,.T.);
#7346=ORIENTED_EDGE('',*,*,#5190,.T.);
#7347=ORIENTED_EDGE('',*,*,#5188,.T.);
#7348=ORIENTED_EDGE('',*,*,#5186,.T.);
#7349=ORIENTED_EDGE('',*,*,#5184,.T.);
#7350=ORIENTED_EDGE('',*,*,#5182,.T.);
#7351=ORIENTED_EDGE('',*,*,#5180,.T.);
#7352=ORIENTED_EDGE('',*,*,#5178,.T.);
#7353=ORIENTED_EDGE('',*,*,#5176,.T.);
#7354=ORIENTED_EDGE('',*,*,#5256,.F.);
#7355=ORIENTED_EDGE('',*,*,#5257,.T.);
#7356=ORIENTED_EDGE('',*,*,#5258,.F.);
#7357=ORIENTED_EDGE('',*,*,#5259,.F.);
#7358=ORIENTED_EDGE('',*,*,#5260,.F.);
#7359=ORIENTED_EDGE('',*,*,#5261,.F.);
#7360=ORIENTED_EDGE('',*,*,#5262,.F.);
#7361=ORIENTED_EDGE('',*,*,#5263,.F.);
#7362=ORIENTED_EDGE('',*,*,#5264,.T.);
#7363=ORIENTED_EDGE('',*,*,#5265,.T.);
#7364=ORIENTED_EDGE('',*,*,#5266,.F.);
#7365=ORIENTED_EDGE('',*,*,#5258,.T.);
#7366=ORIENTED_EDGE('',*,*,#5267,.T.);
#7367=ORIENTED_EDGE('',*,*,#5264,.F.);
#7368=ORIENTED_EDGE('',*,*,#5268,.F.);
#7369=ORIENTED_EDGE('',*,*,#5265,.F.);
#7370=ORIENTED_EDGE('',*,*,#5267,.F.);
#7371=ORIENTED_EDGE('',*,*,#5257,.F.);
#7372=ORIENTED_EDGE('',*,*,#4737,.T.);
#7373=ORIENTED_EDGE('',*,*,#4751,.T.);
#7374=ORIENTED_EDGE('',*,*,#4749,.T.);
#7375=ORIENTED_EDGE('',*,*,#4747,.T.);
#7376=ORIENTED_EDGE('',*,*,#4745,.T.);
#7377=ORIENTED_EDGE('',*,*,#4743,.T.);
#7378=ORIENTED_EDGE('',*,*,#4741,.T.);
#7379=ORIENTED_EDGE('',*,*,#4739,.T.);
#7380=ORIENTED_EDGE('',*,*,#4675,.T.);
#7381=ORIENTED_EDGE('',*,*,#4711,.T.);
#7382=ORIENTED_EDGE('',*,*,#4709,.T.);
#7383=ORIENTED_EDGE('',*,*,#4707,.T.);
#7384=ORIENTED_EDGE('',*,*,#4705,.T.);
#7385=ORIENTED_EDGE('',*,*,#4703,.T.);
#7386=ORIENTED_EDGE('',*,*,#4701,.T.);
#7387=ORIENTED_EDGE('',*,*,#4699,.T.);
#7388=ORIENTED_EDGE('',*,*,#4697,.T.);
#7389=ORIENTED_EDGE('',*,*,#4695,.T.);
#7390=ORIENTED_EDGE('',*,*,#4693,.T.);
#7391=ORIENTED_EDGE('',*,*,#4691,.T.);
#7392=ORIENTED_EDGE('',*,*,#4689,.T.);
#7393=ORIENTED_EDGE('',*,*,#4687,.T.);
#7394=ORIENTED_EDGE('',*,*,#4685,.T.);
#7395=ORIENTED_EDGE('',*,*,#4683,.T.);
#7396=ORIENTED_EDGE('',*,*,#4681,.T.);
#7397=ORIENTED_EDGE('',*,*,#4679,.T.);
#7398=ORIENTED_EDGE('',*,*,#4677,.T.);
#7399=ORIENTED_EDGE('',*,*,#4578,.T.);
#7400=ORIENTED_EDGE('',*,*,#4646,.T.);
#7401=ORIENTED_EDGE('',*,*,#4644,.T.);
#7402=ORIENTED_EDGE('',*,*,#4642,.T.);
#7403=ORIENTED_EDGE('',*,*,#4640,.T.);
#7404=ORIENTED_EDGE('',*,*,#4638,.T.);
#7405=ORIENTED_EDGE('',*,*,#4636,.T.);
#7406=ORIENTED_EDGE('',*,*,#4634,.T.);
#7407=ORIENTED_EDGE('',*,*,#4632,.T.);
#7408=ORIENTED_EDGE('',*,*,#4630,.T.);
#7409=ORIENTED_EDGE('',*,*,#4628,.T.);
#7410=ORIENTED_EDGE('',*,*,#4626,.T.);
#7411=ORIENTED_EDGE('',*,*,#4624,.T.);
#7412=ORIENTED_EDGE('',*,*,#4622,.T.);
#7413=ORIENTED_EDGE('',*,*,#4620,.T.);
#7414=ORIENTED_EDGE('',*,*,#4618,.T.);
#7415=ORIENTED_EDGE('',*,*,#4616,.T.);
#7416=ORIENTED_EDGE('',*,*,#4614,.T.);
#7417=ORIENTED_EDGE('',*,*,#4612,.T.);
#7418=ORIENTED_EDGE('',*,*,#4610,.T.);
#7419=ORIENTED_EDGE('',*,*,#4608,.T.);
#7420=ORIENTED_EDGE('',*,*,#4606,.T.);
#7421=ORIENTED_EDGE('',*,*,#4604,.T.);
#7422=ORIENTED_EDGE('',*,*,#4602,.T.);
#7423=ORIENTED_EDGE('',*,*,#4600,.T.);
#7424=ORIENTED_EDGE('',*,*,#4598,.T.);
#7425=ORIENTED_EDGE('',*,*,#4596,.T.);
#7426=ORIENTED_EDGE('',*,*,#4594,.T.);
#7427=ORIENTED_EDGE('',*,*,#4592,.T.);
#7428=ORIENTED_EDGE('',*,*,#4590,.T.);
#7429=ORIENTED_EDGE('',*,*,#4588,.T.);
#7430=ORIENTED_EDGE('',*,*,#4586,.T.);
#7431=ORIENTED_EDGE('',*,*,#4584,.T.);
#7432=ORIENTED_EDGE('',*,*,#4582,.T.);
#7433=ORIENTED_EDGE('',*,*,#4580,.T.);
#7434=ORIENTED_EDGE('',*,*,#4517,.T.);
#7435=ORIENTED_EDGE('',*,*,#4531,.T.);
#7436=ORIENTED_EDGE('',*,*,#4529,.T.);
#7437=ORIENTED_EDGE('',*,*,#4527,.T.);
#7438=ORIENTED_EDGE('',*,*,#4525,.T.);
#7439=ORIENTED_EDGE('',*,*,#4523,.T.);
#7440=ORIENTED_EDGE('',*,*,#4521,.T.);
#7441=ORIENTED_EDGE('',*,*,#4519,.T.);
#7442=ORIENTED_EDGE('',*,*,#4466,.T.);
#7443=ORIENTED_EDGE('',*,*,#4486,.T.);
#7444=ORIENTED_EDGE('',*,*,#4484,.T.);
#7445=ORIENTED_EDGE('',*,*,#4482,.T.);
#7446=ORIENTED_EDGE('',*,*,#4480,.T.);
#7447=ORIENTED_EDGE('',*,*,#4478,.T.);
#7448=ORIENTED_EDGE('',*,*,#4476,.T.);
#7449=ORIENTED_EDGE('',*,*,#4474,.T.);
#7450=ORIENTED_EDGE('',*,*,#4472,.T.);
#7451=ORIENTED_EDGE('',*,*,#4470,.T.);
#7452=ORIENTED_EDGE('',*,*,#4468,.T.);
#7453=ORIENTED_EDGE('',*,*,#5269,.F.);
#7454=ORIENTED_EDGE('',*,*,#5270,.F.);
#7455=ORIENTED_EDGE('',*,*,#5271,.F.);
#7456=ORIENTED_EDGE('',*,*,#5272,.T.);
#7457=ORIENTED_EDGE('',*,*,#5273,.T.);
#7458=ORIENTED_EDGE('',*,*,#5274,.F.);
#7459=ORIENTED_EDGE('',*,*,#5273,.F.);
#7460=ORIENTED_EDGE('',*,*,#5275,.F.);
#7461=ORIENTED_EDGE('',*,*,#5276,.F.);
#7462=ORIENTED_EDGE('',*,*,#4431,.T.);
#7463=ORIENTED_EDGE('',*,*,#4445,.T.);
#7464=ORIENTED_EDGE('',*,*,#4443,.T.);
#7465=ORIENTED_EDGE('',*,*,#4441,.T.);
#7466=ORIENTED_EDGE('',*,*,#4439,.T.);
#7467=ORIENTED_EDGE('',*,*,#4437,.T.);
#7468=ORIENTED_EDGE('',*,*,#4435,.T.);
#7469=ORIENTED_EDGE('',*,*,#4433,.T.);
#7470=ORIENTED_EDGE('',*,*,#4369,.T.);
#7471=ORIENTED_EDGE('',*,*,#4405,.T.);
#7472=ORIENTED_EDGE('',*,*,#4403,.T.);
#7473=ORIENTED_EDGE('',*,*,#4401,.T.);
#7474=ORIENTED_EDGE('',*,*,#4399,.T.);
#7475=ORIENTED_EDGE('',*,*,#4397,.T.);
#7476=ORIENTED_EDGE('',*,*,#4395,.T.);
#7477=ORIENTED_EDGE('',*,*,#4393,.T.);
#7478=ORIENTED_EDGE('',*,*,#4391,.T.);
#7479=ORIENTED_EDGE('',*,*,#4389,.T.);
#7480=ORIENTED_EDGE('',*,*,#4387,.T.);
#7481=ORIENTED_EDGE('',*,*,#4385,.T.);
#7482=ORIENTED_EDGE('',*,*,#4383,.T.);
#7483=ORIENTED_EDGE('',*,*,#4381,.T.);
#7484=ORIENTED_EDGE('',*,*,#4379,.T.);
#7485=ORIENTED_EDGE('',*,*,#4377,.T.);
#7486=ORIENTED_EDGE('',*,*,#4375,.T.);
#7487=ORIENTED_EDGE('',*,*,#4373,.T.);
#7488=ORIENTED_EDGE('',*,*,#4371,.T.);
#7489=ORIENTED_EDGE('',*,*,#4272,.T.);
#7490=ORIENTED_EDGE('',*,*,#4340,.T.);
#7491=ORIENTED_EDGE('',*,*,#4338,.T.);
#7492=ORIENTED_EDGE('',*,*,#4336,.T.);
#7493=ORIENTED_EDGE('',*,*,#4334,.T.);
#7494=ORIENTED_EDGE('',*,*,#4332,.T.);
#7495=ORIENTED_EDGE('',*,*,#4330,.T.);
#7496=ORIENTED_EDGE('',*,*,#4328,.T.);
#7497=ORIENTED_EDGE('',*,*,#4326,.T.);
#7498=ORIENTED_EDGE('',*,*,#4324,.T.);
#7499=ORIENTED_EDGE('',*,*,#4322,.T.);
#7500=ORIENTED_EDGE('',*,*,#4320,.T.);
#7501=ORIENTED_EDGE('',*,*,#4318,.T.);
#7502=ORIENTED_EDGE('',*,*,#4316,.T.);
#7503=ORIENTED_EDGE('',*,*,#4314,.T.);
#7504=ORIENTED_EDGE('',*,*,#4312,.T.);
#7505=ORIENTED_EDGE('',*,*,#4310,.T.);
#7506=ORIENTED_EDGE('',*,*,#4308,.T.);
#7507=ORIENTED_EDGE('',*,*,#4306,.T.);
#7508=ORIENTED_EDGE('',*,*,#4304,.T.);
#7509=ORIENTED_EDGE('',*,*,#4302,.T.);
#7510=ORIENTED_EDGE('',*,*,#4300,.T.);
#7511=ORIENTED_EDGE('',*,*,#4298,.T.);
#7512=ORIENTED_EDGE('',*,*,#4296,.T.);
#7513=ORIENTED_EDGE('',*,*,#4294,.T.);
#7514=ORIENTED_EDGE('',*,*,#4292,.T.);
#7515=ORIENTED_EDGE('',*,*,#4290,.T.);
#7516=ORIENTED_EDGE('',*,*,#4288,.T.);
#7517=ORIENTED_EDGE('',*,*,#4286,.T.);
#7518=ORIENTED_EDGE('',*,*,#4284,.T.);
#7519=ORIENTED_EDGE('',*,*,#4282,.T.);
#7520=ORIENTED_EDGE('',*,*,#4280,.T.);
#7521=ORIENTED_EDGE('',*,*,#4278,.T.);
#7522=ORIENTED_EDGE('',*,*,#4276,.T.);
#7523=ORIENTED_EDGE('',*,*,#4274,.T.);
#7524=ORIENTED_EDGE('',*,*,#4211,.T.);
#7525=ORIENTED_EDGE('',*,*,#4225,.T.);
#7526=ORIENTED_EDGE('',*,*,#4223,.T.);
#7527=ORIENTED_EDGE('',*,*,#4221,.T.);
#7528=ORIENTED_EDGE('',*,*,#4219,.T.);
#7529=ORIENTED_EDGE('',*,*,#4217,.T.);
#7530=ORIENTED_EDGE('',*,*,#4215,.T.);
#7531=ORIENTED_EDGE('',*,*,#4213,.T.);
#7532=ORIENTED_EDGE('',*,*,#4160,.T.);
#7533=ORIENTED_EDGE('',*,*,#4180,.T.);
#7534=ORIENTED_EDGE('',*,*,#4178,.T.);
#7535=ORIENTED_EDGE('',*,*,#4176,.T.);
#7536=ORIENTED_EDGE('',*,*,#4174,.T.);
#7537=ORIENTED_EDGE('',*,*,#4172,.T.);
#7538=ORIENTED_EDGE('',*,*,#4170,.T.);
#7539=ORIENTED_EDGE('',*,*,#4168,.T.);
#7540=ORIENTED_EDGE('',*,*,#4166,.T.);
#7541=ORIENTED_EDGE('',*,*,#4164,.T.);
#7542=ORIENTED_EDGE('',*,*,#4162,.T.);
#7543=ORIENTED_EDGE('',*,*,#5277,.F.);
#7544=ORIENTED_EDGE('',*,*,#5278,.T.);
#7545=ORIENTED_EDGE('',*,*,#5275,.T.);
#7546=ORIENTED_EDGE('',*,*,#5272,.F.);
#7547=ORIENTED_EDGE('',*,*,#5279,.F.);
#7548=ORIENTED_EDGE('',*,*,#5276,.T.);
#7549=ORIENTED_EDGE('',*,*,#5278,.F.);
#7550=ORIENTED_EDGE('',*,*,#5280,.F.);
#7551=ORIENTED_EDGE('',*,*,#5281,.F.);
#7552=ORIENTED_EDGE('',*,*,#5262,.T.);
#7553=ORIENTED_EDGE('',*,*,#5282,.F.);
#7554=ORIENTED_EDGE('',*,*,#5283,.F.);
#7555=ORIENTED_EDGE('',*,*,#5284,.F.);
#7556=ORIENTED_EDGE('',*,*,#5260,.T.);
#7557=ORIENTED_EDGE('',*,*,#5285,.F.);
#7558=ORIENTED_EDGE('',*,*,#5286,.F.);
#7559=ORIENTED_EDGE('',*,*,#5287,.F.);
#7560=ORIENTED_EDGE('',*,*,#5259,.T.);
#7561=ORIENTED_EDGE('',*,*,#5266,.T.);
#7562=ORIENTED_EDGE('',*,*,#5263,.T.);
#7563=ORIENTED_EDGE('',*,*,#5284,.T.);
#7564=ORIENTED_EDGE('',*,*,#5288,.F.);
#7565=ORIENTED_EDGE('',*,*,#5289,.T.);
#7566=ORIENTED_EDGE('',*,*,#5290,.F.);
#7567=ORIENTED_EDGE('',*,*,#5291,.T.);
#7568=ORIENTED_EDGE('',*,*,#5280,.T.);
#7569=ORIENTED_EDGE('',*,*,#5277,.T.);
#7570=ORIENTED_EDGE('',*,*,#5271,.T.);
#7571=ORIENTED_EDGE('',*,*,#5292,.T.);
#7572=ORIENTED_EDGE('',*,*,#5293,.F.);
#7573=ORIENTED_EDGE('',*,*,#5294,.T.);
#7574=ORIENTED_EDGE('',*,*,#5295,.F.);
#7575=ORIENTED_EDGE('',*,*,#5285,.T.);
#7576=ORIENTED_EDGE('',*,*,#5296,.T.);
#7577=ORIENTED_EDGE('',*,*,#5297,.T.);
#7578=ORIENTED_EDGE('',*,*,#5298,.T.);
#7579=ORIENTED_EDGE('',*,*,#5299,.T.);
#7580=ORIENTED_EDGE('',*,*,#5300,.T.);
#7581=ORIENTED_EDGE('',*,*,#5301,.T.);
#7582=ORIENTED_EDGE('',*,*,#5302,.T.);
#7583=ORIENTED_EDGE('',*,*,#5303,.T.);
#7584=ORIENTED_EDGE('',*,*,#5304,.T.);
#7585=ORIENTED_EDGE('',*,*,#5305,.T.);
#7586=ORIENTED_EDGE('',*,*,#5306,.T.);
#7587=ORIENTED_EDGE('',*,*,#5307,.T.);
#7588=ORIENTED_EDGE('',*,*,#5308,.T.);
#7589=ORIENTED_EDGE('',*,*,#5309,.T.);
#7590=ORIENTED_EDGE('',*,*,#5310,.T.);
#7591=ORIENTED_EDGE('',*,*,#5311,.T.);
#7592=ORIENTED_EDGE('',*,*,#5281,.T.);
#7593=ORIENTED_EDGE('',*,*,#5291,.F.);
#7594=ORIENTED_EDGE('',*,*,#5312,.F.);
#7595=ORIENTED_EDGE('',*,*,#5313,.F.);
#7596=ORIENTED_EDGE('',*,*,#5270,.T.);
#7597=ORIENTED_EDGE('',*,*,#5314,.F.);
#7598=ORIENTED_EDGE('',*,*,#5315,.F.);
#7599=ORIENTED_EDGE('',*,*,#5292,.F.);
#7600=ORIENTED_EDGE('',*,*,#5269,.T.);
#7601=ORIENTED_EDGE('',*,*,#5274,.T.);
#7602=ORIENTED_EDGE('',*,*,#5279,.T.);
#7603=ORIENTED_EDGE('',*,*,#5313,.T.);
#7604=ORIENTED_EDGE('',*,*,#5316,.T.);
#7605=ORIENTED_EDGE('',*,*,#5317,.T.);
#7606=ORIENTED_EDGE('',*,*,#5318,.T.);
#7607=ORIENTED_EDGE('',*,*,#5319,.T.);
#7608=ORIENTED_EDGE('',*,*,#5320,.T.);
#7609=ORIENTED_EDGE('',*,*,#5321,.T.);
#7610=ORIENTED_EDGE('',*,*,#5322,.T.);
#7611=ORIENTED_EDGE('',*,*,#5323,.T.);
#7612=ORIENTED_EDGE('',*,*,#5314,.T.);
#7613=ORIENTED_EDGE('',*,*,#5324,.T.);
#7614=ORIENTED_EDGE('',*,*,#5325,.T.);
#7615=ORIENTED_EDGE('',*,*,#5321,.F.);
#7616=ORIENTED_EDGE('',*,*,#5326,.F.);
#7617=ORIENTED_EDGE('',*,*,#5327,.T.);
#7618=ORIENTED_EDGE('',*,*,#5323,.F.);
#7619=ORIENTED_EDGE('',*,*,#5328,.T.);
#7620=ORIENTED_EDGE('',*,*,#5316,.F.);
#7621=ORIENTED_EDGE('',*,*,#5329,.T.);
#7622=ORIENTED_EDGE('',*,*,#5330,.F.);
#7623=ORIENTED_EDGE('',*,*,#5319,.F.);
#7624=ORIENTED_EDGE('',*,*,#5331,.T.);
#7625=ORIENTED_EDGE('',*,*,#5332,.F.);
#7626=ORIENTED_EDGE('',*,*,#5333,.F.);
#7627=ORIENTED_EDGE('',*,*,#5334,.T.);
#7628=ORIENTED_EDGE('',*,*,#5335,.F.);
#7629=ORIENTED_EDGE('',*,*,#5336,.T.);
#7630=ORIENTED_EDGE('',*,*,#5337,.T.);
#7631=ORIENTED_EDGE('',*,*,#5338,.F.);
#7632=ORIENTED_EDGE('',*,*,#5339,.T.);
#7633=ORIENTED_EDGE('',*,*,#5340,.F.);
#7634=ORIENTED_EDGE('',*,*,#5341,.F.);
#7635=ORIENTED_EDGE('',*,*,#5340,.T.);
#7636=ORIENTED_EDGE('',*,*,#5342,.T.);
#7637=ORIENTED_EDGE('',*,*,#5326,.T.);
#7638=ORIENTED_EDGE('',*,*,#5343,.T.);
#7639=ORIENTED_EDGE('',*,*,#5256,.T.);
#7640=ORIENTED_EDGE('',*,*,#5287,.T.);
#7641=ORIENTED_EDGE('',*,*,#5338,.T.);
#7642=ORIENTED_EDGE('',*,*,#5344,.T.);
#7643=ORIENTED_EDGE('',*,*,#5341,.T.);
#7644=ORIENTED_EDGE('',*,*,#5345,.T.);
#7645=ORIENTED_EDGE('',*,*,#5332,.T.);
#7646=ORIENTED_EDGE('',*,*,#5346,.T.);
#7647=ORIENTED_EDGE('',*,*,#5347,.T.);
#7648=ORIENTED_EDGE('',*,*,#5335,.T.);
#7649=ORIENTED_EDGE('',*,*,#5282,.T.);
#7650=ORIENTED_EDGE('',*,*,#5261,.T.);
#7651=ORIENTED_EDGE('',*,*,#5268,.T.);
#7652=ORIENTED_EDGE('',*,*,#5330,.T.);
#7653=ORIENTED_EDGE('',*,*,#5348,.T.);
#7654=ORIENTED_EDGE('',*,*,#5333,.T.);
#7655=ORIENTED_EDGE('',*,*,#5349,.T.);
#7656=ORIENTED_EDGE('',*,*,#5339,.F.);
#7657=ORIENTED_EDGE('',*,*,#5286,.T.);
#7658=ORIENTED_EDGE('',*,*,#5295,.T.);
#7659=ORIENTED_EDGE('',*,*,#5350,.T.);
#7660=ORIENTED_EDGE('',*,*,#5334,.F.);
#7661=ORIENTED_EDGE('',*,*,#5351,.T.);
#7662=ORIENTED_EDGE('',*,*,#5288,.T.);
#7663=ORIENTED_EDGE('',*,*,#5283,.T.);
#7664=ORIENTED_EDGE('',*,*,#5348,.F.);
#7665=ORIENTED_EDGE('',*,*,#5352,.F.);
#7666=ORIENTED_EDGE('',*,*,#5289,.F.);
#7667=ORIENTED_EDGE('',*,*,#5351,.F.);
#7668=ORIENTED_EDGE('',*,*,#5322,.F.);
#7669=ORIENTED_EDGE('',*,*,#5325,.F.);
#7670=ORIENTED_EDGE('',*,*,#5353,.T.);
#7671=ORIENTED_EDGE('',*,*,#5354,.T.);
#7672=ORIENTED_EDGE('',*,*,#5353,.F.);
#7673=ORIENTED_EDGE('',*,*,#5324,.F.);
#7674=ORIENTED_EDGE('',*,*,#5317,.F.);
#7675=ORIENTED_EDGE('',*,*,#5328,.F.);
#7676=ORIENTED_EDGE('',*,*,#5318,.F.);
#7677=ORIENTED_EDGE('',*,*,#5355,.T.);
#7678=ORIENTED_EDGE('',*,*,#5356,.T.);
#7679=ORIENTED_EDGE('',*,*,#5355,.F.);
#7680=ORIENTED_EDGE('',*,*,#5320,.F.);
#7681=ORIENTED_EDGE('',*,*,#5349,.F.);
#7682=ORIENTED_EDGE('',*,*,#5345,.F.);
#7683=ORIENTED_EDGE('',*,*,#5343,.F.);
#7684=ORIENTED_EDGE('',*,*,#5357,.T.);
#7685=ORIENTED_EDGE('',*,*,#5358,.T.);
#7686=ORIENTED_EDGE('',*,*,#5359,.T.);
#7687=ORIENTED_EDGE('',*,*,#5360,.T.);
#7688=ORIENTED_EDGE('',*,*,#5346,.F.);
#7689=ORIENTED_EDGE('',*,*,#5331,.F.);
#7690=ORIENTED_EDGE('',*,*,#5347,.F.);
#7691=ORIENTED_EDGE('',*,*,#5361,.T.);
#7692=ORIENTED_EDGE('',*,*,#5362,.T.);
#7693=ORIENTED_EDGE('',*,*,#5361,.F.);
#7694=ORIENTED_EDGE('',*,*,#5344,.F.);
#7695=ORIENTED_EDGE('',*,*,#5337,.F.);
#7696=ORIENTED_EDGE('',*,*,#5363,.T.);
#7697=ORIENTED_EDGE('',*,*,#5364,.T.);
#7698=ORIENTED_EDGE('',*,*,#5363,.F.);
#7699=ORIENTED_EDGE('',*,*,#5336,.F.);
#7700=ORIENTED_EDGE('',*,*,#5327,.F.);
#7701=ORIENTED_EDGE('',*,*,#5365,.T.);
#7702=ORIENTED_EDGE('',*,*,#5293,.T.);
#7703=ORIENTED_EDGE('',*,*,#5315,.T.);
#7704=ORIENTED_EDGE('',*,*,#5342,.F.);
#7705=ORIENTED_EDGE('',*,*,#5350,.F.);
#7706=ORIENTED_EDGE('',*,*,#5294,.F.);
#7707=ORIENTED_EDGE('',*,*,#5365,.F.);
#7708=ORIENTED_EDGE('',*,*,#5329,.F.);
#7709=ORIENTED_EDGE('',*,*,#5312,.T.);
#7710=ORIENTED_EDGE('',*,*,#5290,.T.);
#7711=ORIENTED_EDGE('',*,*,#5352,.T.);
#7712=ORIENTED_EDGE('',*,*,#5354,.F.);
#7713=ORIENTED_EDGE('',*,*,#5366,.T.);
#7714=ORIENTED_EDGE('',*,*,#5366,.F.);
#7715=ORIENTED_EDGE('',*,*,#5367,.T.);
#7716=ORIENTED_EDGE('',*,*,#5296,.F.);
#7717=ORIENTED_EDGE('',*,*,#5367,.F.);
#7718=ORIENTED_EDGE('',*,*,#5362,.F.);
#7719=ORIENTED_EDGE('',*,*,#5368,.T.);
#7720=ORIENTED_EDGE('',*,*,#5368,.F.);
#7721=ORIENTED_EDGE('',*,*,#5369,.T.);
#7722=ORIENTED_EDGE('',*,*,#5297,.F.);
#7723=ORIENTED_EDGE('',*,*,#5369,.F.);
#7724=ORIENTED_EDGE('',*,*,#5356,.F.);
#7725=ORIENTED_EDGE('',*,*,#5370,.T.);
#7726=ORIENTED_EDGE('',*,*,#5370,.F.);
#7727=ORIENTED_EDGE('',*,*,#5371,.T.);
#7728=ORIENTED_EDGE('',*,*,#5298,.F.);
#7729=ORIENTED_EDGE('',*,*,#5371,.F.);
#7730=ORIENTED_EDGE('',*,*,#5364,.F.);
#7731=ORIENTED_EDGE('',*,*,#5372,.T.);
#7732=ORIENTED_EDGE('',*,*,#5372,.F.);
#7733=ORIENTED_EDGE('',*,*,#5373,.T.);
#7734=ORIENTED_EDGE('',*,*,#5299,.F.);
#7735=ORIENTED_EDGE('',*,*,#5373,.F.);
#7736=ORIENTED_EDGE('',*,*,#5374,.F.);
#7737=ORIENTED_EDGE('',*,*,#5375,.F.);
#7738=ORIENTED_EDGE('',*,*,#5306,.F.);
#7739=ORIENTED_EDGE('',*,*,#5376,.F.);
#7740=ORIENTED_EDGE('',*,*,#5377,.F.);
#7741=ORIENTED_EDGE('',*,*,#5378,.F.);
#7742=ORIENTED_EDGE('',*,*,#5300,.F.);
#7743=ORIENTED_EDGE('',*,*,#5379,.F.);
#7744=ORIENTED_EDGE('',*,*,#5376,.T.);
#7745=ORIENTED_EDGE('',*,*,#5305,.F.);
#7746=ORIENTED_EDGE('',*,*,#5380,.F.);
#7747=ORIENTED_EDGE('',*,*,#5381,.F.);
#7748=ORIENTED_EDGE('',*,*,#5375,.T.);
#7749=ORIENTED_EDGE('',*,*,#5382,.F.);
#7750=ORIENTED_EDGE('',*,*,#5383,.T.);
#7751=ORIENTED_EDGE('',*,*,#5307,.F.);
#7752=ORIENTED_EDGE('',*,*,#5384,.F.);
#7753=ORIENTED_EDGE('',*,*,#5385,.T.);
#7754=ORIENTED_EDGE('',*,*,#5302,.F.);
#7755=ORIENTED_EDGE('',*,*,#5386,.F.);
#7756=ORIENTED_EDGE('',*,*,#5387,.F.);
#7757=ORIENTED_EDGE('',*,*,#5388,.T.);
#7758=ORIENTED_EDGE('',*,*,#5303,.F.);
#7759=ORIENTED_EDGE('',*,*,#5385,.F.);
#7760=ORIENTED_EDGE('',*,*,#5389,.F.);
#7761=ORIENTED_EDGE('',*,*,#5380,.T.);
#7762=ORIENTED_EDGE('',*,*,#5304,.F.);
#7763=ORIENTED_EDGE('',*,*,#5388,.F.);
#7764=ORIENTED_EDGE('',*,*,#5378,.T.);
#7765=ORIENTED_EDGE('',*,*,#5390,.F.);
#7766=ORIENTED_EDGE('',*,*,#5386,.T.);
#7767=ORIENTED_EDGE('',*,*,#5301,.F.);
#7768=ORIENTED_EDGE('',*,*,#5390,.T.);
#7769=ORIENTED_EDGE('',*,*,#5377,.T.);
#7770=ORIENTED_EDGE('',*,*,#5391,.T.);
#7771=ORIENTED_EDGE('',*,*,#5392,.T.);
#7772=ORIENTED_EDGE('',*,*,#5393,.T.);
#7773=ORIENTED_EDGE('',*,*,#5394,.T.);
#7774=ORIENTED_EDGE('',*,*,#5382,.T.);
#7775=ORIENTED_EDGE('',*,*,#5374,.T.);
#7776=ORIENTED_EDGE('',*,*,#5381,.T.);
#7777=ORIENTED_EDGE('',*,*,#5389,.T.);
#7778=ORIENTED_EDGE('',*,*,#5387,.T.);
#7779=ORIENTED_EDGE('',*,*,#5384,.T.);
#7780=ORIENTED_EDGE('',*,*,#5087,.T.);
#7781=ORIENTED_EDGE('',*,*,#5111,.T.);
#7782=ORIENTED_EDGE('',*,*,#5109,.T.);
#7783=ORIENTED_EDGE('',*,*,#5107,.T.);
#7784=ORIENTED_EDGE('',*,*,#5105,.T.);
#7785=ORIENTED_EDGE('',*,*,#5103,.T.);
#7786=ORIENTED_EDGE('',*,*,#5101,.T.);
#7787=ORIENTED_EDGE('',*,*,#5099,.T.);
#7788=ORIENTED_EDGE('',*,*,#5097,.T.);
#7789=ORIENTED_EDGE('',*,*,#5095,.T.);
#7790=ORIENTED_EDGE('',*,*,#5093,.T.);
#7791=ORIENTED_EDGE('',*,*,#5091,.T.);
#7792=ORIENTED_EDGE('',*,*,#5089,.T.);
#7793=ORIENTED_EDGE('',*,*,#5146,.T.);
#7794=ORIENTED_EDGE('',*,*,#5172,.T.);
#7795=ORIENTED_EDGE('',*,*,#5170,.T.);
#7796=ORIENTED_EDGE('',*,*,#5168,.T.);
#7797=ORIENTED_EDGE('',*,*,#5166,.T.);
#7798=ORIENTED_EDGE('',*,*,#5164,.T.);
#7799=ORIENTED_EDGE('',*,*,#5162,.T.);
#7800=ORIENTED_EDGE('',*,*,#5160,.T.);
#7801=ORIENTED_EDGE('',*,*,#5158,.T.);
#7802=ORIENTED_EDGE('',*,*,#5156,.T.);
#7803=ORIENTED_EDGE('',*,*,#5154,.T.);
#7804=ORIENTED_EDGE('',*,*,#5152,.T.);
#7805=ORIENTED_EDGE('',*,*,#5150,.T.);
#7806=ORIENTED_EDGE('',*,*,#5148,.T.);
#7807=ORIENTED_EDGE('',*,*,#5213,.T.);
#7808=ORIENTED_EDGE('',*,*,#5231,.T.);
#7809=ORIENTED_EDGE('',*,*,#5255,.T.);
#7810=ORIENTED_EDGE('',*,*,#5253,.T.);
#7811=ORIENTED_EDGE('',*,*,#5251,.T.);
#7812=ORIENTED_EDGE('',*,*,#5249,.T.);
#7813=ORIENTED_EDGE('',*,*,#5247,.T.);
#7814=ORIENTED_EDGE('',*,*,#5245,.T.);
#7815=ORIENTED_EDGE('',*,*,#5243,.T.);
#7816=ORIENTED_EDGE('',*,*,#5241,.T.);
#7817=ORIENTED_EDGE('',*,*,#5239,.T.);
#7818=ORIENTED_EDGE('',*,*,#5237,.T.);
#7819=ORIENTED_EDGE('',*,*,#5235,.T.);
#7820=ORIENTED_EDGE('',*,*,#5233,.T.);
#7821=ORIENTED_EDGE('',*,*,#5395,.T.);
#7822=ORIENTED_EDGE('',*,*,#5396,.T.);
#7823=ORIENTED_EDGE('',*,*,#5397,.T.);
#7824=ORIENTED_EDGE('',*,*,#5398,.T.);
#7825=ORIENTED_EDGE('',*,*,#5034,.T.);
#7826=ORIENTED_EDGE('',*,*,#5054,.T.);
#7827=ORIENTED_EDGE('',*,*,#5052,.T.);
#7828=ORIENTED_EDGE('',*,*,#5050,.T.);
#7829=ORIENTED_EDGE('',*,*,#5048,.T.);
#7830=ORIENTED_EDGE('',*,*,#5046,.T.);
#7831=ORIENTED_EDGE('',*,*,#5044,.T.);
#7832=ORIENTED_EDGE('',*,*,#5042,.T.);
#7833=ORIENTED_EDGE('',*,*,#5040,.T.);
#7834=ORIENTED_EDGE('',*,*,#5038,.T.);
#7835=ORIENTED_EDGE('',*,*,#5036,.T.);
#7836=ORIENTED_EDGE('',*,*,#4974,.T.);
#7837=ORIENTED_EDGE('',*,*,#4994,.T.);
#7838=ORIENTED_EDGE('',*,*,#4992,.T.);
#7839=ORIENTED_EDGE('',*,*,#4990,.T.);
#7840=ORIENTED_EDGE('',*,*,#4988,.T.);
#7841=ORIENTED_EDGE('',*,*,#4986,.T.);
#7842=ORIENTED_EDGE('',*,*,#4984,.T.);
#7843=ORIENTED_EDGE('',*,*,#4982,.T.);
#7844=ORIENTED_EDGE('',*,*,#4980,.T.);
#7845=ORIENTED_EDGE('',*,*,#4978,.T.);
#7846=ORIENTED_EDGE('',*,*,#4976,.T.);
#7847=ORIENTED_EDGE('',*,*,#4940,.T.);
#7848=ORIENTED_EDGE('',*,*,#4952,.T.);
#7849=ORIENTED_EDGE('',*,*,#4950,.T.);
#7850=ORIENTED_EDGE('',*,*,#4948,.T.);
#7851=ORIENTED_EDGE('',*,*,#4946,.T.);
#7852=ORIENTED_EDGE('',*,*,#4944,.T.);
#7853=ORIENTED_EDGE('',*,*,#4942,.T.);
#7854=ORIENTED_EDGE('',*,*,#4925,.T.);
#7855=ORIENTED_EDGE('',*,*,#4931,.T.);
#7856=ORIENTED_EDGE('',*,*,#4929,.T.);
#7857=ORIENTED_EDGE('',*,*,#4927,.T.);
#7858=ORIENTED_EDGE('',*,*,#4883,.T.);
#7859=ORIENTED_EDGE('',*,*,#4903,.T.);
#7860=ORIENTED_EDGE('',*,*,#4901,.T.);
#7861=ORIENTED_EDGE('',*,*,#4899,.T.);
#7862=ORIENTED_EDGE('',*,*,#4897,.T.);
#7863=ORIENTED_EDGE('',*,*,#4895,.T.);
#7864=ORIENTED_EDGE('',*,*,#4893,.T.);
#7865=ORIENTED_EDGE('',*,*,#4891,.T.);
#7866=ORIENTED_EDGE('',*,*,#4889,.T.);
#7867=ORIENTED_EDGE('',*,*,#4887,.T.);
#7868=ORIENTED_EDGE('',*,*,#4885,.T.);
#7869=ORIENTED_EDGE('',*,*,#4856,.T.);
#7870=ORIENTED_EDGE('',*,*,#4862,.T.);
#7871=ORIENTED_EDGE('',*,*,#4860,.T.);
#7872=ORIENTED_EDGE('',*,*,#4858,.T.);
#7873=ORIENTED_EDGE('',*,*,#4844,.T.);
#7874=ORIENTED_EDGE('',*,*,#4850,.T.);
#7875=ORIENTED_EDGE('',*,*,#4848,.T.);
#7876=ORIENTED_EDGE('',*,*,#4846,.T.);
#7877=ORIENTED_EDGE('',*,*,#4782,.T.);
#7878=ORIENTED_EDGE('',*,*,#4838,.T.);
#7879=ORIENTED_EDGE('',*,*,#4836,.T.);
#7880=ORIENTED_EDGE('',*,*,#4834,.T.);
#7881=ORIENTED_EDGE('',*,*,#4832,.T.);
#7882=ORIENTED_EDGE('',*,*,#4830,.T.);
#7883=ORIENTED_EDGE('',*,*,#4828,.T.);
#7884=ORIENTED_EDGE('',*,*,#4826,.T.);
#7885=ORIENTED_EDGE('',*,*,#4824,.T.);
#7886=ORIENTED_EDGE('',*,*,#4822,.T.);
#7887=ORIENTED_EDGE('',*,*,#4820,.T.);
#7888=ORIENTED_EDGE('',*,*,#4818,.T.);
#7889=ORIENTED_EDGE('',*,*,#4816,.T.);
#7890=ORIENTED_EDGE('',*,*,#4814,.T.);
#7891=ORIENTED_EDGE('',*,*,#4812,.T.);
#7892=ORIENTED_EDGE('',*,*,#4810,.T.);
#7893=ORIENTED_EDGE('',*,*,#4808,.T.);
#7894=ORIENTED_EDGE('',*,*,#4806,.T.);
#7895=ORIENTED_EDGE('',*,*,#4804,.T.);
#7896=ORIENTED_EDGE('',*,*,#4802,.T.);
#7897=ORIENTED_EDGE('',*,*,#4800,.T.);
#7898=ORIENTED_EDGE('',*,*,#4798,.T.);
#7899=ORIENTED_EDGE('',*,*,#4796,.T.);
#7900=ORIENTED_EDGE('',*,*,#4794,.T.);
#7901=ORIENTED_EDGE('',*,*,#4792,.T.);
#7902=ORIENTED_EDGE('',*,*,#4790,.T.);
#7903=ORIENTED_EDGE('',*,*,#4788,.T.);
#7904=ORIENTED_EDGE('',*,*,#4786,.T.);
#7905=ORIENTED_EDGE('',*,*,#4784,.T.);
#7906=ORIENTED_EDGE('',*,*,#5379,.T.);
#7907=ORIENTED_EDGE('',*,*,#5311,.F.);
#7908=ORIENTED_EDGE('',*,*,#5399,.F.);
#7909=ORIENTED_EDGE('',*,*,#5391,.F.);
#7910=ORIENTED_EDGE('',*,*,#5392,.F.);
#7911=ORIENTED_EDGE('',*,*,#5399,.T.);
#7912=ORIENTED_EDGE('',*,*,#5310,.F.);
#7913=ORIENTED_EDGE('',*,*,#5400,.F.);
#7914=ORIENTED_EDGE('',*,*,#5393,.F.);
#7915=ORIENTED_EDGE('',*,*,#5400,.T.);
#7916=ORIENTED_EDGE('',*,*,#5309,.F.);
#7917=ORIENTED_EDGE('',*,*,#5401,.F.);
#7918=ORIENTED_EDGE('',*,*,#5394,.F.);
#7919=ORIENTED_EDGE('',*,*,#5401,.T.);
#7920=ORIENTED_EDGE('',*,*,#5308,.F.);
#7921=ORIENTED_EDGE('',*,*,#5383,.F.);
#7922=ORIENTED_EDGE('',*,*,#5395,.F.);
#7923=ORIENTED_EDGE('',*,*,#5402,.T.);
#7924=ORIENTED_EDGE('',*,*,#5357,.F.);
#7925=ORIENTED_EDGE('',*,*,#5403,.F.);
#7926=ORIENTED_EDGE('',*,*,#5398,.F.);
#7927=ORIENTED_EDGE('',*,*,#5404,.T.);
#7928=ORIENTED_EDGE('',*,*,#5358,.F.);
#7929=ORIENTED_EDGE('',*,*,#5402,.F.);
#7930=ORIENTED_EDGE('',*,*,#5397,.F.);
#7931=ORIENTED_EDGE('',*,*,#5405,.T.);
#7932=ORIENTED_EDGE('',*,*,#5359,.F.);
#7933=ORIENTED_EDGE('',*,*,#5404,.F.);
#7934=ORIENTED_EDGE('',*,*,#5396,.F.);
#7935=ORIENTED_EDGE('',*,*,#5403,.T.);
#7936=ORIENTED_EDGE('',*,*,#5360,.F.);
#7937=ORIENTED_EDGE('',*,*,#5405,.F.);
#7938=PLANE('',#8623);
#7939=PLANE('',#8624);
#7940=PLANE('',#8625);
#7941=PLANE('',#8626);
#7942=PLANE('',#8627);
#7943=PLANE('',#8628);
#7944=PLANE('',#8629);
#7945=PLANE('',#8630);
#7946=PLANE('',#8631);
#7947=PLANE('',#8632);
#7948=PLANE('',#8633);
#7949=PLANE('',#8634);
#7950=PLANE('',#8635);
#7951=PLANE('',#8636);
#7952=PLANE('',#8637);
#7953=PLANE('',#8638);
#7954=PLANE('',#8639);
#7955=PLANE('',#8640);
#7956=PLANE('',#8641);
#7957=PLANE('',#8642);
#7958=PLANE('',#8643);
#7959=PLANE('',#8644);
#7960=PLANE('',#8645);
#7961=PLANE('',#8646);
#7962=PLANE('',#8647);
#7963=PLANE('',#8648);
#7964=PLANE('',#8649);
#7965=PLANE('',#8650);
#7966=PLANE('',#8651);
#7967=PLANE('',#8652);
#7968=PLANE('',#8653);
#7969=PLANE('',#8654);
#7970=PLANE('',#8655);
#7971=PLANE('',#8656);
#7972=PLANE('',#8657);
#7973=PLANE('',#8658);
#7974=PLANE('',#8659);
#7975=PLANE('',#8660);
#7976=PLANE('',#8661);
#7977=PLANE('',#8662);
#7978=PLANE('',#8663);
#7979=PLANE('',#8664);
#7980=PLANE('',#8665);
#7981=PLANE('',#8666);
#7982=PLANE('',#8667);
#7983=PLANE('',#8668);
#7984=PLANE('',#8669);
#7985=PLANE('',#8670);
#7986=PLANE('',#8671);
#7987=PLANE('',#8672);
#7988=PLANE('',#8673);
#7989=PLANE('',#8674);
#7990=PLANE('',#8675);
#7991=PLANE('',#8676);
#7992=PLANE('',#8677);
#7993=PLANE('',#8678);
#7994=PLANE('',#8679);
#7995=PLANE('',#8680);
#7996=PLANE('',#8681);
#7997=PLANE('',#8682);
#7998=PLANE('',#8683);
#7999=PLANE('',#8684);
#8000=PLANE('',#8685);
#8001=PLANE('',#8686);
#8002=PLANE('',#8687);
#8003=PLANE('',#8688);
#8004=PLANE('',#8689);
#8005=PLANE('',#8690);
#8006=PLANE('',#8691);
#8007=PLANE('',#8692);
#8008=PLANE('',#8693);
#8009=PLANE('',#8694);
#8010=PLANE('',#8695);
#8011=PLANE('',#8696);
#8012=PLANE('',#8697);
#8013=PLANE('',#8698);
#8014=PLANE('',#8699);
#8015=PLANE('',#8700);
#8016=PLANE('',#8701);
#8017=PLANE('',#8702);
#8018=PLANE('',#8703);
#8019=PLANE('',#8704);
#8020=PLANE('',#8705);
#8021=PLANE('',#8706);
#8022=PLANE('',#8707);
#8023=PLANE('',#8708);
#8024=PLANE('',#8709);
#8025=PLANE('',#8710);
#8026=PLANE('',#8711);
#8027=PLANE('',#8712);
#8028=PLANE('',#8713);
#8029=PLANE('',#8714);
#8030=PLANE('',#8715);
#8031=PLANE('',#8716);
#8032=PLANE('',#8717);
#8033=PLANE('',#8718);
#8034=PLANE('',#8719);
#8035=PLANE('',#8720);
#8036=PLANE('',#8721);
#8037=PLANE('',#8722);
#8038=PLANE('',#8723);
#8039=PLANE('',#8724);
#8040=PLANE('',#8725);
#8041=PLANE('',#8726);
#8042=PLANE('',#8727);
#8043=PLANE('',#8728);
#8044=PLANE('',#8729);
#8045=PLANE('',#8730);
#8046=PLANE('',#8731);
#8047=PLANE('',#8732);
#8048=PLANE('',#8733);
#8049=PLANE('',#8734);
#8050=PLANE('',#8735);
#8051=PLANE('',#8736);
#8052=PLANE('',#8737);
#8053=PLANE('',#8738);
#8054=PLANE('',#8739);
#8055=PLANE('',#8740);
#8056=PLANE('',#8741);
#8057=PLANE('',#8742);
#8058=PLANE('',#8743);
#8059=PLANE('',#8744);
#8060=PLANE('',#8745);
#8061=PLANE('',#8746);
#8062=PLANE('',#8747);
#8063=PLANE('',#8748);
#8064=PLANE('',#8749);
#8065=PLANE('',#8750);
#8066=PLANE('',#8751);
#8067=PLANE('',#8752);
#8068=PLANE('',#8753);
#8069=PLANE('',#8754);
#8070=PLANE('',#8755);
#8071=PLANE('',#8756);
#8072=PLANE('',#8757);
#8073=PLANE('',#8758);
#8074=PLANE('',#8759);
#8075=PLANE('',#8760);
#8076=PLANE('',#8761);
#8077=PLANE('',#8762);
#8078=PLANE('',#8763);
#8079=PLANE('',#8764);
#8080=PLANE('',#8765);
#8081=PLANE('',#8766);
#8082=PLANE('',#8767);
#8083=PLANE('',#8768);
#8084=PLANE('',#8769);
#8085=PLANE('',#8770);
#8086=PLANE('',#8771);
#8087=PLANE('',#8772);
#8088=PLANE('',#8773);
#8089=PLANE('',#8774);
#8090=PLANE('',#8775);
#8091=PLANE('',#8776);
#8092=PLANE('',#8777);
#8093=PLANE('',#8778);
#8094=PLANE('',#8779);
#8095=PLANE('',#8780);
#8096=PLANE('',#8781);
#8097=PLANE('',#8782);
#8098=PLANE('',#8783);
#8099=PLANE('',#8784);
#8100=PLANE('',#8785);
#8101=PLANE('',#8792);
#8102=PLANE('',#8793);
#8103=PLANE('',#8794);
#8104=PLANE('',#8795);
#8105=PLANE('',#8796);
#8106=PLANE('',#8797);
#8107=PLANE('',#8798);
#8108=PLANE('',#8799);
#8109=PLANE('',#8800);
#8110=PLANE('',#8801);
#8111=PLANE('',#8802);
#8112=PLANE('',#8803);
#8113=PLANE('',#8804);
#8114=PLANE('',#8805);
#8115=PLANE('',#8806);
#8116=PLANE('',#8813);
#8117=PLANE('',#8814);
#8118=PLANE('',#8818);
#8119=PLANE('',#8820);
#8120=PLANE('',#8823);
#8121=PLANE('',#8824);
#8122=PLANE('',#8825);
#8123=PLANE('',#8835);
#8124=PLANE('',#8836);
#8125=PLANE('',#8863);
#8126=PLANE('',#8868);
#8127=PLANE('',#8876);
#8128=PLANE('',#8878);
#8129=PLANE('',#8881);
#8130=PLANE('',#8884);
#8131=PLANE('',#8887);
#8132=PLANE('',#8890);
#8133=PLANE('',#8891);
#8134=PLANE('',#8892);
#8135=PLANE('',#8893);
#8136=PLANE('',#8894);
#8137=PLANE('',#8895);
#8138=PLANE('',#8896);
#8139=PLANE('',#8897);
#8140=PLANE('',#8898);
#8141=PLANE('',#8902);
#8142=PLANE('',#8903);
#8143=PLANE('',#8904);
#8144=PLANE('',#8906);
#8145=PLANE('',#8908);
#8146=ADVANCED_FACE('',(#365,#320),#7938,.T.);
#8147=ADVANCED_FACE('',(#366),#7939,.T.);
#8148=ADVANCED_FACE('',(#367),#7940,.T.);
#8149=ADVANCED_FACE('',(#368),#94,.T.);
#8150=ADVANCED_FACE('',(#369),#95,.T.);
#8151=ADVANCED_FACE('',(#370),#96,.T.);
#8152=ADVANCED_FACE('',(#371),#97,.T.);
#8153=ADVANCED_FACE('',(#372),#98,.T.);
#8154=ADVANCED_FACE('',(#373),#99,.T.);
#8155=ADVANCED_FACE('',(#374),#7941,.T.);
#8156=ADVANCED_FACE('',(#375),#7942,.T.);
#8157=ADVANCED_FACE('',(#376),#7943,.T.);
#8158=ADVANCED_FACE('',(#377),#7944,.T.);
#8159=ADVANCED_FACE('',(#378),#100,.T.);
#8160=ADVANCED_FACE('',(#379),#101,.T.);
#8161=ADVANCED_FACE('',(#380),#102,.T.);
#8162=ADVANCED_FACE('',(#381),#103,.T.);
#8163=ADVANCED_FACE('',(#382),#104,.T.);
#8164=ADVANCED_FACE('',(#383),#7945,.T.);
#8165=ADVANCED_FACE('',(#384),#7946,.T.);
#8166=ADVANCED_FACE('',(#385,#321),#7947,.T.);
#8167=ADVANCED_FACE('',(#386),#7948,.T.);
#8168=ADVANCED_FACE('',(#387),#7949,.T.);
#8169=ADVANCED_FACE('',(#388),#7950,.T.);
#8170=ADVANCED_FACE('',(#389),#7951,.T.);
#8171=ADVANCED_FACE('',(#390),#7952,.T.);
#8172=ADVANCED_FACE('',(#391),#7953,.T.);
#8173=ADVANCED_FACE('',(#392),#7954,.T.);
#8174=ADVANCED_FACE('',(#393),#7955,.T.);
#8175=ADVANCED_FACE('',(#394),#105,.T.);
#8176=ADVANCED_FACE('',(#395),#106,.T.);
#8177=ADVANCED_FACE('',(#396),#7956,.T.);
#8178=ADVANCED_FACE('',(#397),#7957,.T.);
#8179=ADVANCED_FACE('',(#398),#7958,.T.);
#8180=ADVANCED_FACE('',(#399),#7959,.T.);
#8181=ADVANCED_FACE('',(#400),#107,.T.);
#8182=ADVANCED_FACE('',(#401),#108,.T.);
#8183=ADVANCED_FACE('',(#402),#109,.T.);
#8184=ADVANCED_FACE('',(#403),#110,.T.);
#8185=ADVANCED_FACE('',(#404),#111,.T.);
#8186=ADVANCED_FACE('',(#405),#112,.T.);
#8187=ADVANCED_FACE('',(#406),#113,.T.);
#8188=ADVANCED_FACE('',(#407),#114,.T.);
#8189=ADVANCED_FACE('',(#408),#115,.T.);
#8190=ADVANCED_FACE('',(#409),#116,.T.);
#8191=ADVANCED_FACE('',(#410),#117,.T.);
#8192=ADVANCED_FACE('',(#411),#118,.T.);
#8193=ADVANCED_FACE('',(#412),#119,.T.);
#8194=ADVANCED_FACE('',(#413),#120,.T.);
#8195=ADVANCED_FACE('',(#414),#7960,.T.);
#8196=ADVANCED_FACE('',(#415),#121,.T.);
#8197=ADVANCED_FACE('',(#416),#122,.T.);
#8198=ADVANCED_FACE('',(#417),#123,.T.);
#8199=ADVANCED_FACE('',(#418),#124,.T.);
#8200=ADVANCED_FACE('',(#419),#125,.T.);
#8201=ADVANCED_FACE('',(#420),#126,.T.);
#8202=ADVANCED_FACE('',(#421),#127,.T.);
#8203=ADVANCED_FACE('',(#422),#128,.T.);
#8204=ADVANCED_FACE('',(#423),#129,.T.);
#8205=ADVANCED_FACE('',(#424),#130,.T.);
#8206=ADVANCED_FACE('',(#425),#131,.T.);
#8207=ADVANCED_FACE('',(#426),#132,.T.);
#8208=ADVANCED_FACE('',(#427),#133,.T.);
#8209=ADVANCED_FACE('',(#428),#134,.T.);
#8210=ADVANCED_FACE('',(#429),#135,.T.);
#8211=ADVANCED_FACE('',(#430),#136,.T.);
#8212=ADVANCED_FACE('',(#431),#137,.T.);
#8213=ADVANCED_FACE('',(#432),#138,.T.);
#8214=ADVANCED_FACE('',(#433),#7961,.T.);
#8215=ADVANCED_FACE('',(#434),#139,.T.);
#8216=ADVANCED_FACE('',(#435,#322),#7962,.T.);
#8217=ADVANCED_FACE('',(#436),#7963,.T.);
#8218=ADVANCED_FACE('',(#437),#7964,.T.);
#8219=ADVANCED_FACE('',(#438),#140,.T.);
#8220=ADVANCED_FACE('',(#439),#141,.T.);
#8221=ADVANCED_FACE('',(#440),#142,.T.);
#8222=ADVANCED_FACE('',(#441),#143,.T.);
#8223=ADVANCED_FACE('',(#442),#7965,.T.);
#8224=ADVANCED_FACE('',(#443),#7966,.T.);
#8225=ADVANCED_FACE('',(#444),#7967,.T.);
#8226=ADVANCED_FACE('',(#445),#144,.T.);
#8227=ADVANCED_FACE('',(#446),#145,.T.);
#8228=ADVANCED_FACE('',(#447),#146,.T.);
#8229=ADVANCED_FACE('',(#448),#147,.T.);
#8230=ADVANCED_FACE('',(#449),#148,.T.);
#8231=ADVANCED_FACE('',(#450),#149,.T.);
#8232=ADVANCED_FACE('',(#451),#150,.T.);
#8233=ADVANCED_FACE('',(#452),#7968,.T.);
#8234=ADVANCED_FACE('',(#453),#7969,.T.);
#8235=ADVANCED_FACE('',(#454),#7970,.T.);
#8236=ADVANCED_FACE('',(#455),#7971,.T.);
#8237=ADVANCED_FACE('',(#456),#151,.T.);
#8238=ADVANCED_FACE('',(#457),#152,.T.);
#8239=ADVANCED_FACE('',(#458),#153,.T.);
#8240=ADVANCED_FACE('',(#459),#154,.T.);
#8241=ADVANCED_FACE('',(#460),#155,.T.);
#8242=ADVANCED_FACE('',(#461),#7972,.T.);
#8243=ADVANCED_FACE('',(#462),#7973,.T.);
#8244=ADVANCED_FACE('',(#463),#7974,.T.);
#8245=ADVANCED_FACE('',(#464),#7975,.T.);
#8246=ADVANCED_FACE('',(#465),#7976,.T.);
#8247=ADVANCED_FACE('',(#466),#7977,.T.);
#8248=ADVANCED_FACE('',(#467),#7978,.T.);
#8249=ADVANCED_FACE('',(#468),#7979,.T.);
#8250=ADVANCED_FACE('',(#469),#7980,.T.);
#8251=ADVANCED_FACE('',(#470),#7981,.T.);
#8252=ADVANCED_FACE('',(#471),#7982,.T.);
#8253=ADVANCED_FACE('',(#472),#7983,.T.);
#8254=ADVANCED_FACE('',(#473),#7984,.T.);
#8255=ADVANCED_FACE('',(#474),#7985,.T.);
#8256=ADVANCED_FACE('',(#475,#323),#7986,.T.);
#8257=ADVANCED_FACE('',(#476),#7987,.T.);
#8258=ADVANCED_FACE('',(#477),#7988,.T.);
#8259=ADVANCED_FACE('',(#478),#156,.T.);
#8260=ADVANCED_FACE('',(#479),#157,.T.);
#8261=ADVANCED_FACE('',(#480),#158,.T.);
#8262=ADVANCED_FACE('',(#481),#159,.T.);
#8263=ADVANCED_FACE('',(#482),#160,.T.);
#8264=ADVANCED_FACE('',(#483),#161,.T.);
#8265=ADVANCED_FACE('',(#484),#7989,.T.);
#8266=ADVANCED_FACE('',(#485),#7990,.T.);
#8267=ADVANCED_FACE('',(#486),#7991,.T.);
#8268=ADVANCED_FACE('',(#487),#7992,.T.);
#8269=ADVANCED_FACE('',(#488),#162,.T.);
#8270=ADVANCED_FACE('',(#489),#163,.T.);
#8271=ADVANCED_FACE('',(#490),#164,.T.);
#8272=ADVANCED_FACE('',(#491),#165,.T.);
#8273=ADVANCED_FACE('',(#492),#166,.T.);
#8274=ADVANCED_FACE('',(#493),#7993,.T.);
#8275=ADVANCED_FACE('',(#494),#7994,.T.);
#8276=ADVANCED_FACE('',(#495,#324),#7995,.T.);
#8277=ADVANCED_FACE('',(#496),#7996,.T.);
#8278=ADVANCED_FACE('',(#497),#7997,.T.);
#8279=ADVANCED_FACE('',(#498),#7998,.T.);
#8280=ADVANCED_FACE('',(#499),#7999,.T.);
#8281=ADVANCED_FACE('',(#500),#8000,.T.);
#8282=ADVANCED_FACE('',(#501),#8001,.T.);
#8283=ADVANCED_FACE('',(#502),#8002,.T.);
#8284=ADVANCED_FACE('',(#503),#8003,.T.);
#8285=ADVANCED_FACE('',(#504),#167,.T.);
#8286=ADVANCED_FACE('',(#505),#168,.T.);
#8287=ADVANCED_FACE('',(#506),#8004,.T.);
#8288=ADVANCED_FACE('',(#507),#8005,.T.);
#8289=ADVANCED_FACE('',(#508),#8006,.T.);
#8290=ADVANCED_FACE('',(#509),#8007,.T.);
#8291=ADVANCED_FACE('',(#510),#169,.T.);
#8292=ADVANCED_FACE('',(#511),#170,.T.);
#8293=ADVANCED_FACE('',(#512),#171,.T.);
#8294=ADVANCED_FACE('',(#513),#172,.T.);
#8295=ADVANCED_FACE('',(#514),#173,.T.);
#8296=ADVANCED_FACE('',(#515),#174,.T.);
#8297=ADVANCED_FACE('',(#516),#175,.T.);
#8298=ADVANCED_FACE('',(#517),#176,.T.);
#8299=ADVANCED_FACE('',(#518),#177,.T.);
#8300=ADVANCED_FACE('',(#519),#178,.T.);
#8301=ADVANCED_FACE('',(#520),#179,.T.);
#8302=ADVANCED_FACE('',(#521),#180,.T.);
#8303=ADVANCED_FACE('',(#522),#181,.T.);
#8304=ADVANCED_FACE('',(#523),#182,.T.);
#8305=ADVANCED_FACE('',(#524),#8008,.T.);
#8306=ADVANCED_FACE('',(#525),#183,.T.);
#8307=ADVANCED_FACE('',(#526),#184,.T.);
#8308=ADVANCED_FACE('',(#527),#185,.T.);
#8309=ADVANCED_FACE('',(#528),#186,.T.);
#8310=ADVANCED_FACE('',(#529),#187,.T.);
#8311=ADVANCED_FACE('',(#530),#188,.T.);
#8312=ADVANCED_FACE('',(#531),#189,.T.);
#8313=ADVANCED_FACE('',(#532),#190,.T.);
#8314=ADVANCED_FACE('',(#533),#191,.T.);
#8315=ADVANCED_FACE('',(#534),#192,.T.);
#8316=ADVANCED_FACE('',(#535),#193,.T.);
#8317=ADVANCED_FACE('',(#536),#194,.T.);
#8318=ADVANCED_FACE('',(#537),#195,.T.);
#8319=ADVANCED_FACE('',(#538),#196,.T.);
#8320=ADVANCED_FACE('',(#539),#197,.T.);
#8321=ADVANCED_FACE('',(#540),#198,.T.);
#8322=ADVANCED_FACE('',(#541),#199,.T.);
#8323=ADVANCED_FACE('',(#542),#200,.T.);
#8324=ADVANCED_FACE('',(#543),#8009,.T.);
#8325=ADVANCED_FACE('',(#544),#201,.T.);
#8326=ADVANCED_FACE('',(#545,#325),#8010,.T.);
#8327=ADVANCED_FACE('',(#546),#8011,.T.);
#8328=ADVANCED_FACE('',(#547),#8012,.T.);
#8329=ADVANCED_FACE('',(#548),#202,.T.);
#8330=ADVANCED_FACE('',(#549),#203,.T.);
#8331=ADVANCED_FACE('',(#550),#204,.T.);
#8332=ADVANCED_FACE('',(#551),#205,.T.);
#8333=ADVANCED_FACE('',(#552),#8013,.T.);
#8334=ADVANCED_FACE('',(#553),#8014,.T.);
#8335=ADVANCED_FACE('',(#554),#8015,.T.);
#8336=ADVANCED_FACE('',(#555),#206,.T.);
#8337=ADVANCED_FACE('',(#556),#207,.T.);
#8338=ADVANCED_FACE('',(#557),#208,.T.);
#8339=ADVANCED_FACE('',(#558),#209,.T.);
#8340=ADVANCED_FACE('',(#559),#210,.T.);
#8341=ADVANCED_FACE('',(#560),#211,.T.);
#8342=ADVANCED_FACE('',(#561),#212,.T.);
#8343=ADVANCED_FACE('',(#562),#8016,.T.);
#8344=ADVANCED_FACE('',(#563),#8017,.T.);
#8345=ADVANCED_FACE('',(#564),#8018,.T.);
#8346=ADVANCED_FACE('',(#565),#8019,.T.);
#8347=ADVANCED_FACE('',(#566),#213,.T.);
#8348=ADVANCED_FACE('',(#567),#214,.T.);
#8349=ADVANCED_FACE('',(#568),#215,.T.);
#8350=ADVANCED_FACE('',(#569),#216,.T.);
#8351=ADVANCED_FACE('',(#570),#217,.T.);
#8352=ADVANCED_FACE('',(#571),#8020,.T.);
#8353=ADVANCED_FACE('',(#572),#8021,.T.);
#8354=ADVANCED_FACE('',(#573),#8022,.T.);
#8355=ADVANCED_FACE('',(#574),#8023,.T.);
#8356=ADVANCED_FACE('',(#575),#8024,.T.);
#8357=ADVANCED_FACE('',(#576),#8025,.T.);
#8358=ADVANCED_FACE('',(#577),#8026,.T.);
#8359=ADVANCED_FACE('',(#578),#8027,.T.);
#8360=ADVANCED_FACE('',(#579),#8028,.T.);
#8361=ADVANCED_FACE('',(#580),#8029,.T.);
#8362=ADVANCED_FACE('',(#581),#8030,.T.);
#8363=ADVANCED_FACE('',(#582),#8031,.T.);
#8364=ADVANCED_FACE('',(#583),#8032,.T.);
#8365=ADVANCED_FACE('',(#584),#8033,.T.);
#8366=ADVANCED_FACE('',(#585),#8034,.T.);
#8367=ADVANCED_FACE('',(#586),#8035,.T.);
#8368=ADVANCED_FACE('',(#587),#218,.T.);
#8369=ADVANCED_FACE('',(#588),#219,.T.);
#8370=ADVANCED_FACE('',(#589),#220,.T.);
#8371=ADVANCED_FACE('',(#590),#221,.T.);
#8372=ADVANCED_FACE('',(#591),#222,.T.);
#8373=ADVANCED_FACE('',(#592),#223,.T.);
#8374=ADVANCED_FACE('',(#593),#224,.T.);
#8375=ADVANCED_FACE('',(#594),#225,.T.);
#8376=ADVANCED_FACE('',(#595),#226,.T.);
#8377=ADVANCED_FACE('',(#596),#227,.T.);
#8378=ADVANCED_FACE('',(#597),#228,.T.);
#8379=ADVANCED_FACE('',(#598),#229,.T.);
#8380=ADVANCED_FACE('',(#599),#8036,.T.);
#8381=ADVANCED_FACE('',(#600),#230,.T.);
#8382=ADVANCED_FACE('',(#601),#231,.T.);
#8383=ADVANCED_FACE('',(#602),#232,.T.);
#8384=ADVANCED_FACE('',(#603),#233,.T.);
#8385=ADVANCED_FACE('',(#604),#234,.T.);
#8386=ADVANCED_FACE('',(#605),#235,.T.);
#8387=ADVANCED_FACE('',(#606),#236,.T.);
#8388=ADVANCED_FACE('',(#607),#237,.T.);
#8389=ADVANCED_FACE('',(#608),#238,.T.);
#8390=ADVANCED_FACE('',(#609),#239,.T.);
#8391=ADVANCED_FACE('',(#610),#240,.T.);
#8392=ADVANCED_FACE('',(#611),#8037,.T.);
#8393=ADVANCED_FACE('',(#612),#8038,.T.);
#8394=ADVANCED_FACE('',(#613),#8039,.T.);
#8395=ADVANCED_FACE('',(#614),#8040,.T.);
#8396=ADVANCED_FACE('',(#615),#8041,.T.);
#8397=ADVANCED_FACE('',(#616),#8042,.T.);
#8398=ADVANCED_FACE('',(#617),#8043,.T.);
#8399=ADVANCED_FACE('',(#618),#8044,.T.);
#8400=ADVANCED_FACE('',(#619),#8045,.T.);
#8401=ADVANCED_FACE('',(#620),#8046,.T.);
#8402=ADVANCED_FACE('',(#621),#8047,.T.);
#8403=ADVANCED_FACE('',(#622),#8048,.T.);
#8404=ADVANCED_FACE('',(#623),#8049,.T.);
#8405=ADVANCED_FACE('',(#624),#8050,.T.);
#8406=ADVANCED_FACE('',(#625,#326),#8051,.T.);
#8407=ADVANCED_FACE('',(#626),#8052,.T.);
#8408=ADVANCED_FACE('',(#627),#8053,.T.);
#8409=ADVANCED_FACE('',(#628),#241,.T.);
#8410=ADVANCED_FACE('',(#629),#242,.T.);
#8411=ADVANCED_FACE('',(#630),#243,.T.);
#8412=ADVANCED_FACE('',(#631),#244,.T.);
#8413=ADVANCED_FACE('',(#632),#245,.T.);
#8414=ADVANCED_FACE('',(#633),#246,.T.);
#8415=ADVANCED_FACE('',(#634),#8054,.T.);
#8416=ADVANCED_FACE('',(#635),#8055,.T.);
#8417=ADVANCED_FACE('',(#636),#8056,.T.);
#8418=ADVANCED_FACE('',(#637),#8057,.T.);
#8419=ADVANCED_FACE('',(#638),#247,.T.);
#8420=ADVANCED_FACE('',(#639),#248,.T.);
#8421=ADVANCED_FACE('',(#640),#249,.T.);
#8422=ADVANCED_FACE('',(#641),#250,.T.);
#8423=ADVANCED_FACE('',(#642),#251,.T.);
#8424=ADVANCED_FACE('',(#643),#8058,.T.);
#8425=ADVANCED_FACE('',(#644),#8059,.T.);
#8426=ADVANCED_FACE('',(#645),#8060,.T.);
#8427=ADVANCED_FACE('',(#646),#8061,.T.);
#8428=ADVANCED_FACE('',(#647),#8062,.T.);
#8429=ADVANCED_FACE('',(#648),#8063,.T.);
#8430=ADVANCED_FACE('',(#649),#8064,.T.);
#8431=ADVANCED_FACE('',(#650),#8065,.T.);
#8432=ADVANCED_FACE('',(#651),#8066,.T.);
#8433=ADVANCED_FACE('',(#652),#8067,.T.);
#8434=ADVANCED_FACE('',(#653),#8068,.T.);
#8435=ADVANCED_FACE('',(#654),#8069,.T.);
#8436=ADVANCED_FACE('',(#655),#8070,.T.);
#8437=ADVANCED_FACE('',(#656),#8071,.T.);
#8438=ADVANCED_FACE('',(#657),#8072,.T.);
#8439=ADVANCED_FACE('',(#658,#327),#8073,.T.);
#8440=ADVANCED_FACE('',(#659),#252,.T.);
#8441=ADVANCED_FACE('',(#660),#253,.T.);
#8442=ADVANCED_FACE('',(#661),#254,.T.);
#8443=ADVANCED_FACE('',(#662),#255,.T.);
#8444=ADVANCED_FACE('',(#663),#256,.T.);
#8445=ADVANCED_FACE('',(#664),#257,.T.);
#8446=ADVANCED_FACE('',(#665),#258,.T.);
#8447=ADVANCED_FACE('',(#666),#259,.T.);
#8448=ADVANCED_FACE('',(#667),#260,.T.);
#8449=ADVANCED_FACE('',(#668),#261,.T.);
#8450=ADVANCED_FACE('',(#669),#262,.T.);
#8451=ADVANCED_FACE('',(#670),#263,.T.);
#8452=ADVANCED_FACE('',(#671),#264,.T.);
#8453=ADVANCED_FACE('',(#672),#265,.T.);
#8454=ADVANCED_FACE('',(#673),#266,.T.);
#8455=ADVANCED_FACE('',(#674),#267,.T.);
#8456=ADVANCED_FACE('',(#675),#268,.T.);
#8457=ADVANCED_FACE('',(#676),#269,.T.);
#8458=ADVANCED_FACE('',(#677),#270,.T.);
#8459=ADVANCED_FACE('',(#678),#271,.T.);
#8460=ADVANCED_FACE('',(#679,#328),#8074,.T.);
#8461=ADVANCED_FACE('',(#680),#272,.T.);
#8462=ADVANCED_FACE('',(#681),#273,.T.);
#8463=ADVANCED_FACE('',(#682),#274,.T.);
#8464=ADVANCED_FACE('',(#683),#275,.T.);
#8465=ADVANCED_FACE('',(#684),#276,.T.);
#8466=ADVANCED_FACE('',(#685),#277,.T.);
#8467=ADVANCED_FACE('',(#686),#278,.T.);
#8468=ADVANCED_FACE('',(#687),#279,.T.);
#8469=ADVANCED_FACE('',(#688),#280,.T.);
#8470=ADVANCED_FACE('',(#689),#281,.T.);
#8471=ADVANCED_FACE('',(#690),#282,.T.);
#8472=ADVANCED_FACE('',(#691),#283,.T.);
#8473=ADVANCED_FACE('',(#692),#284,.T.);
#8474=ADVANCED_FACE('',(#693),#285,.T.);
#8475=ADVANCED_FACE('',(#694),#286,.T.);
#8476=ADVANCED_FACE('',(#695),#287,.T.);
#8477=ADVANCED_FACE('',(#696),#288,.T.);
#8478=ADVANCED_FACE('',(#697),#289,.T.);
#8479=ADVANCED_FACE('',(#698),#290,.T.);
#8480=ADVANCED_FACE('',(#699),#291,.T.);
#8481=ADVANCED_FACE('',(#700),#8075,.T.);
#8482=ADVANCED_FACE('',(#701),#8076,.T.);
#8483=ADVANCED_FACE('',(#702),#8077,.T.);
#8484=ADVANCED_FACE('',(#703),#8078,.T.);
#8485=ADVANCED_FACE('',(#704),#8079,.T.);
#8486=ADVANCED_FACE('',(#705),#8080,.T.);
#8487=ADVANCED_FACE('',(#706),#292,.T.);
#8488=ADVANCED_FACE('',(#707),#8081,.T.);
#8489=ADVANCED_FACE('',(#708),#8082,.T.);
#8490=ADVANCED_FACE('',(#709),#8083,.T.);
#8491=ADVANCED_FACE('',(#710),#8084,.T.);
#8492=ADVANCED_FACE('',(#711),#8085,.T.);
#8493=ADVANCED_FACE('',(#712),#8086,.T.);
#8494=ADVANCED_FACE('',(#713),#293,.T.);
#8495=ADVANCED_FACE('',(#714),#8087,.T.);
#8496=ADVANCED_FACE('',(#715),#8088,.T.);
#8497=ADVANCED_FACE('',(#716),#8089,.T.);
#8498=ADVANCED_FACE('',(#717,#329,#330),#8090,.T.);
#8499=ADVANCED_FACE('',(#718),#294,.T.);
#8500=ADVANCED_FACE('',(#719),#295,.T.);
#8501=ADVANCED_FACE('',(#720),#296,.T.);
#8502=ADVANCED_FACE('',(#721),#297,.T.);
#8503=ADVANCED_FACE('',(#722),#298,.T.);
#8504=ADVANCED_FACE('',(#723),#299,.T.);
#8505=ADVANCED_FACE('',(#724),#300,.T.);
#8506=ADVANCED_FACE('',(#725),#301,.T.);
#8507=ADVANCED_FACE('',(#726),#302,.T.);
#8508=ADVANCED_FACE('',(#727),#303,.T.);
#8509=ADVANCED_FACE('',(#728),#304,.T.);
#8510=ADVANCED_FACE('',(#729),#8091,.T.);
#8511=ADVANCED_FACE('',(#730),#8092,.T.);
#8512=ADVANCED_FACE('',(#731),#8093,.T.);
#8513=ADVANCED_FACE('',(#732),#8094,.T.);
#8514=ADVANCED_FACE('',(#733),#305,.T.);
#8515=ADVANCED_FACE('',(#734),#306,.T.);
#8516=ADVANCED_FACE('',(#735),#307,.T.);
#8517=ADVANCED_FACE('',(#736),#308,.T.);
#8518=ADVANCED_FACE('',(#737),#309,.T.);
#8519=ADVANCED_FACE('',(#738),#310,.T.);
#8520=ADVANCED_FACE('',(#739),#311,.T.);
#8521=ADVANCED_FACE('',(#740),#8095,.T.);
#8522=ADVANCED_FACE('',(#741),#8096,.T.);
#8523=ADVANCED_FACE('',(#742),#8097,.T.);
#8524=ADVANCED_FACE('',(#743),#312,.T.);
#8525=ADVANCED_FACE('',(#744),#313,.T.);
#8526=ADVANCED_FACE('',(#745),#314,.T.);
#8527=ADVANCED_FACE('',(#746),#315,.T.);
#8528=ADVANCED_FACE('',(#747),#316,.T.);
#8529=ADVANCED_FACE('',(#748),#317,.T.);
#8530=ADVANCED_FACE('',(#749),#8098,.T.);
#8531=ADVANCED_FACE('',(#750),#8099,.T.);
#8532=ADVANCED_FACE('',(#751,#331),#8100,.T.);
#8533=ADVANCED_FACE('',(#752),#19,.F.);
#8534=ADVANCED_FACE('',(#753),#20,.T.);
#8535=ADVANCED_FACE('',(#754),#8101,.T.);
#8536=ADVANCED_FACE('',(#755),#8102,.T.);
#8537=ADVANCED_FACE('',(#756),#8103,.T.);
#8538=ADVANCED_FACE('',(#757),#318,.T.);
#8539=ADVANCED_FACE('',(#758),#8104,.T.);
#8540=ADVANCED_FACE('',(#759),#8105,.T.);
#8541=ADVANCED_FACE('',(#760),#8106,.T.);
#8542=ADVANCED_FACE('',(#761),#8107,.T.);
#8543=ADVANCED_FACE('',(#762),#8108,.T.);
#8544=ADVANCED_FACE('',(#763),#8109,.T.);
#8545=ADVANCED_FACE('',(#764),#319,.T.);
#8546=ADVANCED_FACE('',(#765),#8110,.T.);
#8547=ADVANCED_FACE('',(#766),#8111,.T.);
#8548=ADVANCED_FACE('',(#767),#8112,.T.);
#8549=ADVANCED_FACE('',(#768),#8113,.T.);
#8550=ADVANCED_FACE('',(#769),#8114,.T.);
#8551=ADVANCED_FACE('',(#770),#8115,.T.);
#8552=ADVANCED_FACE('',(#771),#21,.F.);
#8553=ADVANCED_FACE('',(#772),#22,.F.);
#8554=ADVANCED_FACE('',(#773),#8116,.F.);
#8555=ADVANCED_FACE('',(#774,#332,#333,#334,#335,#336),#8117,.T.);
#8556=ADVANCED_FACE('',(#775),#23,.F.);
#8557=ADVANCED_FACE('',(#776,#337,#338,#339,#340,#341),#8118,.T.);
#8558=ADVANCED_FACE('',(#777),#8119,.F.);
#8559=ADVANCED_FACE('',(#778),#24,.F.);
#8560=ADVANCED_FACE('',(#779),#8120,.T.);
#8561=ADVANCED_FACE('',(#780),#8121,.T.);
#8562=ADVANCED_FACE('',(#781,#342,#343,#344,#345,#346),#8122,.T.);
#8563=ADVANCED_FACE('',(#782),#8123,.T.);
#8564=ADVANCED_FACE('',(#783),#8124,.T.);
#8565=ADVANCED_FACE('',(#784),#25,.T.);
#8566=ADVANCED_FACE('',(#785),#15,.T.);
#8567=ADVANCED_FACE('',(#786),#16,.T.);
#8568=ADVANCED_FACE('',(#787),#17,.T.);
#8569=ADVANCED_FACE('',(#788),#18,.T.);
#8570=ADVANCED_FACE('',(#789),#26,.T.);
#8571=ADVANCED_FACE('',(#790),#27,.T.);
#8572=ADVANCED_FACE('',(#791),#28,.T.);
#8573=ADVANCED_FACE('',(#792),#29,.T.);
#8574=ADVANCED_FACE('',(#793),#30,.T.);
#8575=ADVANCED_FACE('',(#794),#8125,.T.);
#8576=ADVANCED_FACE('',(#795),#31,.F.);
#8577=ADVANCED_FACE('',(#796),#32,.F.);
#8578=ADVANCED_FACE('',(#797,#347),#8126,.T.);
#8579=ADVANCED_FACE('',(#798),#33,.F.);
#8580=ADVANCED_FACE('',(#799),#34,.F.);
#8581=ADVANCED_FACE('',(#800),#35,.T.);
#8582=ADVANCED_FACE('',(#801),#8127,.T.);
#8583=ADVANCED_FACE('',(#802),#36,.T.);
#8584=ADVANCED_FACE('',(#803,#348),#8128,.F.);
#8585=ADVANCED_FACE('',(#804),#37,.F.);
#8586=ADVANCED_FACE('',(#805,#349),#8129,.F.);
#8587=ADVANCED_FACE('',(#806),#38,.F.);
#8588=ADVANCED_FACE('',(#807,#350),#8130,.F.);
#8589=ADVANCED_FACE('',(#808),#39,.F.);
#8590=ADVANCED_FACE('',(#809,#351),#8131,.F.);
#8591=ADVANCED_FACE('',(#810),#40,.F.);
#8592=ADVANCED_FACE('',(#811),#8132,.F.);
#8593=ADVANCED_FACE('',(#812),#8133,.F.);
#8594=ADVANCED_FACE('',(#813),#8134,.F.);
#8595=ADVANCED_FACE('',(#814),#8135,.T.);
#8596=ADVANCED_FACE('',(#815),#8136,.F.);
#8597=ADVANCED_FACE('',(#816),#8137,.F.);
#8598=ADVANCED_FACE('',(#817),#8138,.F.);
#8599=ADVANCED_FACE('',(#818),#8139,.F.);
#8600=ADVANCED_FACE('',(#819,#352,#353,#354,#355,#356,#357,#358,#359,#360,
#361,#362,#363,#364),#8140,.T.);
#8601=ADVANCED_FACE('',(#820),#8141,.T.);
#8602=ADVANCED_FACE('',(#821),#8142,.T.);
#8603=ADVANCED_FACE('',(#822),#8143,.T.);
#8604=ADVANCED_FACE('',(#823),#41,.F.);
#8605=ADVANCED_FACE('',(#824),#8144,.F.);
#8606=ADVANCED_FACE('',(#825),#42,.F.);
#8607=ADVANCED_FACE('',(#826),#8145,.F.);
#8608=ADVANCED_FACE('',(#827),#43,.F.);
#8609=CLOSED_SHELL('',(#8146,#8147,#8148,#8149,#8150,#8151,#8152,#8153,
#8154,#8155,#8156,#8157,#8158,#8159,#8160,#8161,#8162,#8163,#8164,#8165,
#8166,#8167,#8168,#8169,#8170,#8171,#8172,#8173,#8174,#8175,#8176,#8177,
#8178,#8179,#8180,#8181,#8182,#8183,#8184,#8185,#8186,#8187,#8188,#8189,
#8190,#8191,#8192,#8193,#8194,#8195,#8196,#8197,#8198,#8199,#8200,#8201,
#8202,#8203,#8204,#8205,#8206,#8207,#8208,#8209,#8210,#8211,#8212,#8213,
#8214,#8215,#8216,#8217,#8218,#8219,#8220,#8221,#8222,#8223,#8224,#8225,
#8226,#8227,#8228,#8229,#8230,#8231,#8232,#8233,#8234,#8235,#8236,#8237,
#8238,#8239,#8240,#8241,#8242,#8243,#8244,#8245,#8246,#8247,#8248,#8249,
#8250,#8251,#8252,#8253,#8254,#8255,#8256,#8257,#8258,#8259,#8260,#8261,
#8262,#8263,#8264,#8265,#8266,#8267,#8268,#8269,#8270,#8271,#8272,#8273,
#8274,#8275,#8276,#8277,#8278,#8279,#8280,#8281,#8282,#8283,#8284,#8285,
#8286,#8287,#8288,#8289,#8290,#8291,#8292,#8293,#8294,#8295,#8296,#8297,
#8298,#8299,#8300,#8301,#8302,#8303,#8304,#8305,#8306,#8307,#8308,#8309,
#8310,#8311,#8312,#8313,#8314,#8315,#8316,#8317,#8318,#8319,#8320,#8321,
#8322,#8323,#8324,#8325,#8326,#8327,#8328,#8329,#8330,#8331,#8332,#8333,
#8334,#8335,#8336,#8337,#8338,#8339,#8340,#8341,#8342,#8343,#8344,#8345,
#8346,#8347,#8348,#8349,#8350,#8351,#8352,#8353,#8354,#8355,#8356,#8357,
#8358,#8359,#8360,#8361,#8362,#8363,#8364,#8365,#8366,#8367,#8368,#8369,
#8370,#8371,#8372,#8373,#8374,#8375,#8376,#8377,#8378,#8379,#8380,#8381,
#8382,#8383,#8384,#8385,#8386,#8387,#8388,#8389,#8390,#8391,#8392,#8393,
#8394,#8395,#8396,#8397,#8398,#8399,#8400,#8401,#8402,#8403,#8404,#8405,
#8406,#8407,#8408,#8409,#8410,#8411,#8412,#8413,#8414,#8415,#8416,#8417,
#8418,#8419,#8420,#8421,#8422,#8423,#8424,#8425,#8426,#8427,#8428,#8429,
#8430,#8431,#8432,#8433,#8434,#8435,#8436,#8437,#8438,#8439,#8440,#8441,
#8442,#8443,#8444,#8445,#8446,#8447,#8448,#8449,#8450,#8451,#8452,#8453,
#8454,#8455,#8456,#8457,#8458,#8459,#8460,#8461,#8462,#8463,#8464,#8465,
#8466,#8467,#8468,#8469,#8470,#8471,#8472,#8473,#8474,#8475,#8476,#8477,
#8478,#8479,#8480,#8481,#8482,#8483,#8484,#8485,#8486,#8487,#8488,#8489,
#8490,#8491,#8492,#8493,#8494,#8495,#8496,#8497,#8498,#8499,#8500,#8501,
#8502,#8503,#8504,#8505,#8506,#8507,#8508,#8509,#8510,#8511,#8512,#8513,
#8514,#8515,#8516,#8517,#8518,#8519,#8520,#8521,#8522,#8523,#8524,#8525,
#8526,#8527,#8528,#8529,#8530,#8531,#8532,#8533,#8534,#8535,#8536,#8537,
#8538,#8539,#8540,#8541,#8542,#8543,#8544,#8545,#8546,#8547,#8548,#8549,
#8550,#8551,#8552,#8553,#8554,#8555,#8556,#8557,#8558,#8559,#8560,#8561,
#8562,#8563,#8564,#8565,#8566,#8567,#8568,#8569,#8570,#8571,#8572,#8573,
#8574,#8575,#8576,#8577,#8578,#8579,#8580,#8581,#8582,#8583,#8584,#8585,
#8586,#8587,#8588,#8589,#8590,#8591,#8592,#8593,#8594,#8595,#8596,#8597,
#8598,#8599,#8600,#8601,#8602,#8603,#8604,#8605,#8606,#8607,#8608));
#8610=DERIVED_UNIT_ELEMENT(#8612,1.);
#8611=DERIVED_UNIT_ELEMENT(#16863,-3.);
#8612=(
MASS_UNIT()
NAMED_UNIT(*)
SI_UNIT(.KILO.,.GRAM.)
);
#8613=DERIVED_UNIT((#8610,#8611));
#8614=MEASURE_REPRESENTATION_ITEM('density measure',
POSITIVE_RATIO_MEASURE(7850.),#8613);
#8615=PROPERTY_DEFINITION_REPRESENTATION(#8620,#8617);
#8616=PROPERTY_DEFINITION_REPRESENTATION(#8621,#8618);
#8617=REPRESENTATION('material name',(#8619),#16860);
#8618=REPRESENTATION('density',(#8614),#16860);
#8619=DESCRIPTIVE_REPRESENTATION_ITEM('Acier','Acier');
#8620=PROPERTY_DEFINITION('material property','material name',#16870);
#8621=PROPERTY_DEFINITION('material property','density of part',#16870);
#8622=AXIS2_PLACEMENT_3D('',#10234,#8910,#8911);
#8623=AXIS2_PLACEMENT_3D('',#10235,#8912,#8913);
#8624=AXIS2_PLACEMENT_3D('',#10318,#8922,#8923);
#8625=AXIS2_PLACEMENT_3D('',#10324,#8927,#8928);
#8626=AXIS2_PLACEMENT_3D('',#10430,#8937,#8938);
#8627=AXIS2_PLACEMENT_3D('',#10434,#8941,#8942);
#8628=AXIS2_PLACEMENT_3D('',#10438,#8945,#8946);
#8629=AXIS2_PLACEMENT_3D('',#10440,#8948,#8949);
#8630=AXIS2_PLACEMENT_3D('',#10531,#8958,#8959);
#8631=AXIS2_PLACEMENT_3D('',#10535,#8962,#8963);
#8632=AXIS2_PLACEMENT_3D('',#10537,#8965,#8966);
#8633=AXIS2_PLACEMENT_3D('',#10572,#8978,#8979);
#8634=AXIS2_PLACEMENT_3D('',#10578,#8983,#8984);
#8635=AXIS2_PLACEMENT_3D('',#10582,#8987,#8988);
#8636=AXIS2_PLACEMENT_3D('',#10586,#8991,#8992);
#8637=AXIS2_PLACEMENT_3D('',#10590,#8995,#8996);
#8638=AXIS2_PLACEMENT_3D('',#10594,#8999,#9000);
#8639=AXIS2_PLACEMENT_3D('',#10598,#9003,#9004);
#8640=AXIS2_PLACEMENT_3D('',#10602,#9007,#9008);
#8641=AXIS2_PLACEMENT_3D('',#10640,#9013,#9014);
#8642=AXIS2_PLACEMENT_3D('',#10644,#9017,#9018);
#8643=AXIS2_PLACEMENT_3D('',#10648,#9021,#9022);
#8644=AXIS2_PLACEMENT_3D('',#10650,#9024,#9025);
#8645=AXIS2_PLACEMENT_3D('',#11093,#9043,#9044);
#8646=AXIS2_PLACEMENT_3D('',#11403,#9065,#9066);
#8647=AXIS2_PLACEMENT_3D('',#11422,#9069,#9070);
#8648=AXIS2_PLACEMENT_3D('',#11541,#9082,#9083);
#8649=AXIS2_PLACEMENT_3D('',#11547,#9087,#9088);
#8650=AXIS2_PLACEMENT_3D('',#11619,#9095,#9096);
#8651=AXIS2_PLACEMENT_3D('',#11623,#9099,#9100);
#8652=AXIS2_PLACEMENT_3D('',#11627,#9103,#9104);
#8653=AXIS2_PLACEMENT_3D('',#11750,#9114,#9115);
#8654=AXIS2_PLACEMENT_3D('',#11754,#9118,#9119);
#8655=AXIS2_PLACEMENT_3D('',#11758,#9122,#9123);
#8656=AXIS2_PLACEMENT_3D('',#11760,#9125,#9126);
#8657=AXIS2_PLACEMENT_3D('',#11851,#9135,#9136);
#8658=AXIS2_PLACEMENT_3D('',#11855,#9139,#9140);
#8659=AXIS2_PLACEMENT_3D('',#11857,#9142,#9143);
#8660=AXIS2_PLACEMENT_3D('',#11874,#9152,#9153);
#8661=AXIS2_PLACEMENT_3D('',#11880,#9157,#9158);
#8662=AXIS2_PLACEMENT_3D('',#11884,#9161,#9162);
#8663=AXIS2_PLACEMENT_3D('',#11888,#9165,#9166);
#8664=AXIS2_PLACEMENT_3D('',#11892,#9169,#9170);
#8665=AXIS2_PLACEMENT_3D('',#11896,#9173,#9174);
#8666=AXIS2_PLACEMENT_3D('',#11900,#9177,#9178);
#8667=AXIS2_PLACEMENT_3D('',#11904,#9181,#9182);
#8668=AXIS2_PLACEMENT_3D('',#11906,#9184,#9185);
#8669=AXIS2_PLACEMENT_3D('',#11907,#9186,#9187);
#8670=AXIS2_PLACEMENT_3D('',#11908,#9188,#9189);
#8671=AXIS2_PLACEMENT_3D('',#11909,#9190,#9191);
#8672=AXIS2_PLACEMENT_3D('',#11992,#9200,#9201);
#8673=AXIS2_PLACEMENT_3D('',#11998,#9205,#9206);
#8674=AXIS2_PLACEMENT_3D('',#12104,#9215,#9216);
#8675=AXIS2_PLACEMENT_3D('',#12108,#9219,#9220);
#8676=AXIS2_PLACEMENT_3D('',#12112,#9223,#9224);
#8677=AXIS2_PLACEMENT_3D('',#12114,#9226,#9227);
#8678=AXIS2_PLACEMENT_3D('',#12205,#9236,#9237);
#8679=AXIS2_PLACEMENT_3D('',#12209,#9240,#9241);
#8680=AXIS2_PLACEMENT_3D('',#12211,#9243,#9244);
#8681=AXIS2_PLACEMENT_3D('',#12246,#9256,#9257);
#8682=AXIS2_PLACEMENT_3D('',#12252,#9261,#9262);
#8683=AXIS2_PLACEMENT_3D('',#12256,#9265,#9266);
#8684=AXIS2_PLACEMENT_3D('',#12260,#9269,#9270);
#8685=AXIS2_PLACEMENT_3D('',#12264,#9273,#9274);
#8686=AXIS2_PLACEMENT_3D('',#12268,#9277,#9278);
#8687=AXIS2_PLACEMENT_3D('',#12272,#9281,#9282);
#8688=AXIS2_PLACEMENT_3D('',#12276,#9285,#9286);
#8689=AXIS2_PLACEMENT_3D('',#12314,#9291,#9292);
#8690=AXIS2_PLACEMENT_3D('',#12318,#9295,#9296);
#8691=AXIS2_PLACEMENT_3D('',#12322,#9299,#9300);
#8692=AXIS2_PLACEMENT_3D('',#12324,#9302,#9303);
#8693=AXIS2_PLACEMENT_3D('',#12767,#9321,#9322);
#8694=AXIS2_PLACEMENT_3D('',#13077,#9343,#9344);
#8695=AXIS2_PLACEMENT_3D('',#13096,#9347,#9348);
#8696=AXIS2_PLACEMENT_3D('',#13215,#9360,#9361);
#8697=AXIS2_PLACEMENT_3D('',#13221,#9365,#9366);
#8698=AXIS2_PLACEMENT_3D('',#13293,#9373,#9374);
#8699=AXIS2_PLACEMENT_3D('',#13297,#9377,#9378);
#8700=AXIS2_PLACEMENT_3D('',#13301,#9381,#9382);
#8701=AXIS2_PLACEMENT_3D('',#13424,#9392,#9393);
#8702=AXIS2_PLACEMENT_3D('',#13428,#9396,#9397);
#8703=AXIS2_PLACEMENT_3D('',#13432,#9400,#9401);
#8704=AXIS2_PLACEMENT_3D('',#13434,#9403,#9404);
#8705=AXIS2_PLACEMENT_3D('',#13525,#9413,#9414);
#8706=AXIS2_PLACEMENT_3D('',#13529,#9417,#9418);
#8707=AXIS2_PLACEMENT_3D('',#13531,#9420,#9421);
#8708=AXIS2_PLACEMENT_3D('',#13548,#9430,#9431);
#8709=AXIS2_PLACEMENT_3D('',#13554,#9435,#9436);
#8710=AXIS2_PLACEMENT_3D('',#13558,#9439,#9440);
#8711=AXIS2_PLACEMENT_3D('',#13562,#9443,#9444);
#8712=AXIS2_PLACEMENT_3D('',#13566,#9447,#9448);
#8713=AXIS2_PLACEMENT_3D('',#13570,#9451,#9452);
#8714=AXIS2_PLACEMENT_3D('',#13574,#9455,#9456);
#8715=AXIS2_PLACEMENT_3D('',#13578,#9459,#9460);
#8716=AXIS2_PLACEMENT_3D('',#13580,#9462,#9463);
#8717=AXIS2_PLACEMENT_3D('',#13581,#9464,#9465);
#8718=AXIS2_PLACEMENT_3D('',#13582,#9466,#9467);
#8719=AXIS2_PLACEMENT_3D('',#13583,#9468,#9469);
#8720=AXIS2_PLACEMENT_3D('',#13734,#9476,#9477);
#8721=AXIS2_PLACEMENT_3D('',#13944,#9493,#9494);
#8722=AXIS2_PLACEMENT_3D('',#14135,#9508,#9509);
#8723=AXIS2_PLACEMENT_3D('',#14139,#9512,#9513);
#8724=AXIS2_PLACEMENT_3D('',#14143,#9516,#9517);
#8725=AXIS2_PLACEMENT_3D('',#14147,#9520,#9521);
#8726=AXIS2_PLACEMENT_3D('',#14149,#9523,#9524);
#8727=AXIS2_PLACEMENT_3D('',#14158,#9529,#9530);
#8728=AXIS2_PLACEMENT_3D('',#14164,#9534,#9535);
#8729=AXIS2_PLACEMENT_3D('',#14168,#9538,#9539);
#8730=AXIS2_PLACEMENT_3D('',#14172,#9542,#9543);
#8731=AXIS2_PLACEMENT_3D('',#14174,#9545,#9546);
#8732=AXIS2_PLACEMENT_3D('',#14183,#9551,#9552);
#8733=AXIS2_PLACEMENT_3D('',#14189,#9556,#9557);
#8734=AXIS2_PLACEMENT_3D('',#14193,#9560,#9561);
#8735=AXIS2_PLACEMENT_3D('',#14197,#9564,#9565);
#8736=AXIS2_PLACEMENT_3D('',#14199,#9567,#9568);
#8737=AXIS2_PLACEMENT_3D('',#14282,#9577,#9578);
#8738=AXIS2_PLACEMENT_3D('',#14288,#9582,#9583);
#8739=AXIS2_PLACEMENT_3D('',#14394,#9592,#9593);
#8740=AXIS2_PLACEMENT_3D('',#14398,#9596,#9597);
#8741=AXIS2_PLACEMENT_3D('',#14402,#9600,#9601);
#8742=AXIS2_PLACEMENT_3D('',#14404,#9603,#9604);
#8743=AXIS2_PLACEMENT_3D('',#14495,#9613,#9614);
#8744=AXIS2_PLACEMENT_3D('',#14499,#9617,#9618);
#8745=AXIS2_PLACEMENT_3D('',#14501,#9620,#9621);
#8746=AXIS2_PLACEMENT_3D('',#14510,#9626,#9627);
#8747=AXIS2_PLACEMENT_3D('',#14516,#9631,#9632);
#8748=AXIS2_PLACEMENT_3D('',#14520,#9635,#9636);
#8749=AXIS2_PLACEMENT_3D('',#14524,#9639,#9640);
#8750=AXIS2_PLACEMENT_3D('',#14526,#9642,#9643);
#8751=AXIS2_PLACEMENT_3D('',#14541,#9651,#9652);
#8752=AXIS2_PLACEMENT_3D('',#14547,#9656,#9657);
#8753=AXIS2_PLACEMENT_3D('',#14551,#9660,#9661);
#8754=AXIS2_PLACEMENT_3D('',#14555,#9664,#9665);
#8755=AXIS2_PLACEMENT_3D('',#14559,#9668,#9669);
#8756=AXIS2_PLACEMENT_3D('',#14563,#9672,#9673);
#8757=AXIS2_PLACEMENT_3D('',#14567,#9676,#9677);
#8758=AXIS2_PLACEMENT_3D('',#14569,#9679,#9680);
#8759=AXIS2_PLACEMENT_3D('',#15030,#9701,#9702);
#8760=AXIS2_PLACEMENT_3D('',#15491,#9723,#9724);
#8761=AXIS2_PLACEMENT_3D('',#15492,#9725,#9726);
#8762=AXIS2_PLACEMENT_3D('',#15493,#9727,#9728);
#8763=AXIS2_PLACEMENT_3D('',#15494,#9729,#9730);
#8764=AXIS2_PLACEMENT_3D('',#15529,#9742,#9743);
#8765=AXIS2_PLACEMENT_3D('',#15535,#9747,#9748);
#8766=AXIS2_PLACEMENT_3D('',#15556,#9752,#9753);
#8767=AXIS2_PLACEMENT_3D('',#15560,#9756,#9757);
#8768=AXIS2_PLACEMENT_3D('',#15564,#9760,#9761);
#8769=AXIS2_PLACEMENT_3D('',#15568,#9764,#9765);
#8770=AXIS2_PLACEMENT_3D('',#15572,#9768,#9769);
#8771=AXIS2_PLACEMENT_3D('',#15576,#9772,#9773);
#8772=AXIS2_PLACEMENT_3D('',#15597,#9777,#9778);
#8773=AXIS2_PLACEMENT_3D('',#15601,#9781,#9782);
#8774=AXIS2_PLACEMENT_3D('',#15605,#9785,#9786);
#8775=AXIS2_PLACEMENT_3D('',#15607,#9788,#9789);
#8776=AXIS2_PLACEMENT_3D('',#15959,#9811,#9812);
#8777=AXIS2_PLACEMENT_3D('',#15963,#9815,#9816);
#8778=AXIS2_PLACEMENT_3D('',#15967,#9819,#9820);
#8779=AXIS2_PLACEMENT_3D('',#15969,#9822,#9823);
#8780=AXIS2_PLACEMENT_3D('',#16094,#9834,#9835);
#8781=AXIS2_PLACEMENT_3D('',#16098,#9838,#9839);
#8782=AXIS2_PLACEMENT_3D('',#16100,#9841,#9842);
#8783=AXIS2_PLACEMENT_3D('',#16208,#9852,#9853);
#8784=AXIS2_PLACEMENT_3D('',#16212,#9856,#9857);
#8785=AXIS2_PLACEMENT_3D('',#16214,#9859,#9860);
#8786=AXIS2_PLACEMENT_3D('',#16216,#9861,#9862);
#8787=AXIS2_PLACEMENT_3D('',#16218,#9863,#9864);
#8788=AXIS2_PLACEMENT_3D('',#16219,#9865,#9866);
#8789=AXIS2_PLACEMENT_3D('',#16221,#9867,#9868);
#8790=AXIS2_PLACEMENT_3D('',#16223,#9870,#9871);
#8791=AXIS2_PLACEMENT_3D('',#16226,#9873,#9874);
#8792=AXIS2_PLACEMENT_3D('',#16227,#9875,#9876);
#8793=AXIS2_PLACEMENT_3D('',#16262,#9888,#9889);
#8794=AXIS2_PLACEMENT_3D('',#16268,#9893,#9894);
#8795=AXIS2_PLACEMENT_3D('',#16289,#9898,#9899);
#8796=AXIS2_PLACEMENT_3D('',#16293,#9902,#9903);
#8797=AXIS2_PLACEMENT_3D('',#16297,#9906,#9907);
#8798=AXIS2_PLACEMENT_3D('',#16301,#9910,#9911);
#8799=AXIS2_PLACEMENT_3D('',#16305,#9914,#9915);
#8800=AXIS2_PLACEMENT_3D('',#16309,#9918,#9919);
#8801=AXIS2_PLACEMENT_3D('',#16330,#9923,#9924);
#8802=AXIS2_PLACEMENT_3D('',#16334,#9927,#9928);
#8803=AXIS2_PLACEMENT_3D('',#16338,#9931,#9932);
#8804=AXIS2_PLACEMENT_3D('',#16340,#9934,#9935);
#8805=AXIS2_PLACEMENT_3D('',#16341,#9936,#9937);
#8806=AXIS2_PLACEMENT_3D('',#16342,#9938,#9939);
#8807=AXIS2_PLACEMENT_3D('',#16343,#9940,#9941);
#8808=AXIS2_PLACEMENT_3D('',#16353,#9942,#9943);
#8809=AXIS2_PLACEMENT_3D('',#16357,#9945,#9946);
#8810=AXIS2_PLACEMENT_3D('',#16359,#9948,#9949);
#8811=AXIS2_PLACEMENT_3D('',#16369,#9951,#9952);
#8812=AXIS2_PLACEMENT_3D('',#16372,#9954,#9955);
#8813=AXIS2_PLACEMENT_3D('',#16373,#9956,#9957);
#8814=AXIS2_PLACEMENT_3D('',#16376,#9960,#9961);
#8815=AXIS2_PLACEMENT_3D('',#16378,#9963,#9964);
#8816=AXIS2_PLACEMENT_3D('',#16388,#9966,#9967);
#8817=AXIS2_PLACEMENT_3D('',#16391,#9969,#9970);
#8818=AXIS2_PLACEMENT_3D('',#16392,#9971,#9972);
#8819=AXIS2_PLACEMENT_3D('',#16397,#9975,#9976);
#8820=AXIS2_PLACEMENT_3D('',#16398,#9977,#9978);
#8821=AXIS2_PLACEMENT_3D('',#16402,#9981,#9982);
#8822=AXIS2_PLACEMENT_3D('',#16411,#9983,#9984);
#8823=AXIS2_PLACEMENT_3D('',#16413,#9986,#9987);
#8824=AXIS2_PLACEMENT_3D('',#16419,#9991,#9992);
#8825=AXIS2_PLACEMENT_3D('',#16425,#9996,#9997);
#8826=AXIS2_PLACEMENT_3D('',#16427,#9998,#9999);
#8827=AXIS2_PLACEMENT_3D('',#16431,#10001,#10002);
#8828=AXIS2_PLACEMENT_3D('',#16436,#10005,#10006);
#8829=AXIS2_PLACEMENT_3D('',#16439,#10008,#10009);
#8830=AXIS2_PLACEMENT_3D('',#16441,#10010,#10011);
#8831=AXIS2_PLACEMENT_3D('',#16443,#10012,#10013);
#8832=AXIS2_PLACEMENT_3D('',#16445,#10014,#10015);
#8833=AXIS2_PLACEMENT_3D('',#16447,#10016,#10017);
#8834=AXIS2_PLACEMENT_3D('',#16466,#10026,#10027);
#8835=AXIS2_PLACEMENT_3D('',#16472,#10031,#10032);
#8836=AXIS2_PLACEMENT_3D('',#16476,#10035,#10036);
#8837=AXIS2_PLACEMENT_3D('',#16480,#10039,#10040);
#8838=AXIS2_PLACEMENT_3D('',#16482,#10041,#10042);
#8839=AXIS2_PLACEMENT_3D('',#16527,#10043,#10044);
#8840=AXIS2_PLACEMENT_3D('',#16531,#10046,#10047);
#8841=AXIS2_PLACEMENT_3D('',#16572,#10048,#10049);
#8842=AXIS2_PLACEMENT_3D('',#16573,#10050,#10051);
#8843=AXIS2_PLACEMENT_3D('',#16590,#10052,#10053);
#8844=AXIS2_PLACEMENT_3D('',#16591,#10054,#10055);
#8845=AXIS2_PLACEMENT_3D('',#16592,#10056,#10057);
#8846=AXIS2_PLACEMENT_3D('',#16604,#10058,#10059);
#8847=AXIS2_PLACEMENT_3D('',#16605,#10060,#10061);
#8848=AXIS2_PLACEMENT_3D('',#16606,#10062,#10063);
#8849=AXIS2_PLACEMENT_3D('',#16620,#10064,#10065);
#8850=AXIS2_PLACEMENT_3D('',#16622,#10066,#10067);
#8851=AXIS2_PLACEMENT_3D('',#16623,#10068,#10069);
#8852=AXIS2_PLACEMENT_3D('',#16624,#10070,#10071);
#8853=AXIS2_PLACEMENT_3D('',#16625,#10072,#10073);
#8854=AXIS2_PLACEMENT_3D('',#16643,#10074,#10075);
#8855=AXIS2_PLACEMENT_3D('',#16645,#10076,#10077);
#8856=AXIS2_PLACEMENT_3D('',#16647,#10078,#10079);
#8857=AXIS2_PLACEMENT_3D('',#16648,#10080,#10081);
#8858=AXIS2_PLACEMENT_3D('',#16649,#10082,#10083);
#8859=AXIS2_PLACEMENT_3D('',#16652,#10086,#10087);
#8860=AXIS2_PLACEMENT_3D('',#16735,#10089,#10090);
#8861=AXIS2_PLACEMENT_3D('',#16738,#10093,#10094);
#8862=AXIS2_PLACEMENT_3D('',#16740,#10096,#10097);
#8863=AXIS2_PLACEMENT_3D('',#16742,#10099,#10100);
#8864=AXIS2_PLACEMENT_3D('',#16744,#10102,#10103);
#8865=AXIS2_PLACEMENT_3D('',#16747,#10105,#10106);
#8866=AXIS2_PLACEMENT_3D('',#16748,#10107,#10108);
#8867=AXIS2_PLACEMENT_3D('',#16751,#10110,#10111);
#8868=AXIS2_PLACEMENT_3D('',#16752,#10112,#10113);
#8869=AXIS2_PLACEMENT_3D('',#16757,#10115,#10116);
#8870=AXIS2_PLACEMENT_3D('',#16760,#10118,#10119);
#8871=AXIS2_PLACEMENT_3D('',#16761,#10120,#10121);
#8872=AXIS2_PLACEMENT_3D('',#16764,#10123,#10124);
#8873=AXIS2_PLACEMENT_3D('',#16765,#10125,#10126);
#8874=AXIS2_PLACEMENT_3D('',#16768,#10128,#10129);
#8875=AXIS2_PLACEMENT_3D('',#16769,#10130,#10131);
#8876=AXIS2_PLACEMENT_3D('',#16771,#10133,#10134);
#8877=AXIS2_PLACEMENT_3D('',#16772,#10135,#10136);
#8878=AXIS2_PLACEMENT_3D('',#16773,#10137,#10138);
#8879=AXIS2_PLACEMENT_3D('',#16775,#10139,#10140);
#8880=AXIS2_PLACEMENT_3D('',#16776,#10141,#10142);
#8881=AXIS2_PLACEMENT_3D('',#16778,#10144,#10145);
#8882=AXIS2_PLACEMENT_3D('',#16780,#10146,#10147);
#8883=AXIS2_PLACEMENT_3D('',#16781,#10148,#10149);
#8884=AXIS2_PLACEMENT_3D('',#16783,#10151,#10152);
#8885=AXIS2_PLACEMENT_3D('',#16785,#10153,#10154);
#8886=AXIS2_PLACEMENT_3D('',#16786,#10155,#10156);
#8887=AXIS2_PLACEMENT_3D('',#16788,#10158,#10159);
#8888=AXIS2_PLACEMENT_3D('',#16790,#10160,#10161);
#8889=AXIS2_PLACEMENT_3D('',#16791,#10162,#10163);
#8890=AXIS2_PLACEMENT_3D('',#16793,#10165,#10166);
#8891=AXIS2_PLACEMENT_3D('',#16799,#10170,#10171);
#8892=AXIS2_PLACEMENT_3D('',#16805,#10175,#10176);
#8893=AXIS2_PLACEMENT_3D('',#16809,#10179,#10180);
#8894=AXIS2_PLACEMENT_3D('',#16813,#10183,#10184);
#8895=AXIS2_PLACEMENT_3D('',#16819,#10188,#10189);
#8896=AXIS2_PLACEMENT_3D('',#16823,#10192,#10193);
#8897=AXIS2_PLACEMENT_3D('',#16825,#10195,#10196);
#8898=AXIS2_PLACEMENT_3D('',#16827,#10198,#10199);
#8899=AXIS2_PLACEMENT_3D('',#16834,#10203,#10204);
#8900=AXIS2_PLACEMENT_3D('',#16839,#10206,#10207);
#8901=AXIS2_PLACEMENT_3D('',#16842,#10209,#10210);
#8902=AXIS2_PLACEMENT_3D('',#16843,#10211,#10212);
#8903=AXIS2_PLACEMENT_3D('',#16845,#10214,#10215);
#8904=AXIS2_PLACEMENT_3D('',#16847,#10217,#10218);
#8905=AXIS2_PLACEMENT_3D('',#16849,#10220,#10221);
#8906=AXIS2_PLACEMENT_3D('',#16850,#10222,#10223);
#8907=AXIS2_PLACEMENT_3D('',#16853,#10226,#10227);
#8908=AXIS2_PLACEMENT_3D('',#16855,#10229,#10230);
#8909=AXIS2_PLACEMENT_3D('',#16857,#10232,#10233);
#8910=DIRECTION('axis',(0.,0.,1.));
#8911=DIRECTION('refdir',(1.,0.,0.));
#8912=DIRECTION('center_axis',(0.,0.,-1.));
#8913=DIRECTION('ref_axis',(1.,0.,0.));
#8914=DIRECTION('',(0.,-1.,0.));
#8915=DIRECTION('',(1.,0.,0.));
#8916=DIRECTION('',(-1.,0.,0.));
#8917=DIRECTION('',(0.,1.,0.));
#8918=DIRECTION('',(1.,0.,0.));
#8919=DIRECTION('',(1.,0.,0.));
#8920=DIRECTION('',(-1.,0.,0.));
#8921=DIRECTION('',(0.,-1.,0.));
#8922=DIRECTION('center_axis',(1.,0.,0.));
#8923=DIRECTION('ref_axis',(0.,0.,-1.));
#8924=DIRECTION('',(0.,0.,-1.));
#8925=DIRECTION('',(0.,-1.,0.));
#8926=DIRECTION('',(0.,0.,-1.));
#8927=DIRECTION('center_axis',(0.,1.,0.));
#8928=DIRECTION('ref_axis',(0.,0.,1.));
#8929=DIRECTION('',(1.,0.,0.));
#8930=DIRECTION('',(0.,0.,-1.));
#8931=DIRECTION('',(0.,0.,-1.));
#8932=DIRECTION('',(0.,0.,-1.));
#8933=DIRECTION('',(0.,0.,-1.));
#8934=DIRECTION('',(0.,0.,-1.));
#8935=DIRECTION('',(0.,0.,-1.));
#8936=DIRECTION('',(0.,0.,-1.));
#8937=DIRECTION('center_axis',(0.,-1.,0.));
#8938=DIRECTION('ref_axis',(0.,0.,-1.));
#8939=DIRECTION('',(-1.,0.,0.));
#8940=DIRECTION('',(0.,0.,-1.));
#8941=DIRECTION('center_axis',(-1.,0.,0.));
#8942=DIRECTION('ref_axis',(0.,0.,1.));
#8943=DIRECTION('',(0.,1.,0.));
#8944=DIRECTION('',(0.,0.,-1.));
#8945=DIRECTION('center_axis',(0.,1.,0.));
#8946=DIRECTION('ref_axis',(0.,0.,1.));
#8947=DIRECTION('',(1.,0.,0.));
#8948=DIRECTION('center_axis',(0.,1.,0.));
#8949=DIRECTION('ref_axis',(0.,0.,1.));
#8950=DIRECTION('',(0.,0.,-1.));
#8951=DIRECTION('',(1.,0.,0.));
#8952=DIRECTION('',(0.,0.,-1.));
#8953=DIRECTION('',(0.,0.,-1.));
#8954=DIRECTION('',(0.,0.,-1.));
#8955=DIRECTION('',(0.,0.,-1.));
#8956=DIRECTION('',(0.,0.,-1.));
#8957=DIRECTION('',(0.,0.,-1.));
#8958=DIRECTION('center_axis',(0.,-1.,0.));
#8959=DIRECTION('ref_axis',(0.,0.,-1.));
#8960=DIRECTION('',(-1.,0.,0.));
#8961=DIRECTION('',(0.,0.,-1.));
#8962=DIRECTION('center_axis',(1.,0.,0.));
#8963=DIRECTION('ref_axis',(0.,0.,-1.));
#8964=DIRECTION('',(0.,-1.,0.));
#8965=DIRECTION('center_axis',(0.,0.,-1.));
#8966=DIRECTION('ref_axis',(1.,0.,0.));
#8967=DIRECTION('',(0.340892388876064,-0.940102323795857,0.));
#8968=DIRECTION('',(1.,0.,0.));
#8969=DIRECTION('',(0.359401529578064,0.933183015563907,0.));
#8970=DIRECTION('',(1.,0.,0.));
#8971=DIRECTION('',(-0.378780434701297,-0.925486565157753,0.));
#8972=DIRECTION('',(-1.,0.,0.));
#8973=DIRECTION('',(-0.35850955864858,0.933526055532249,0.));
#8974=DIRECTION('',(1.,0.,0.));
#8975=DIRECTION('',(0.352638588395354,0.935759598387605,0.));
#8976=DIRECTION('',(-1.,0.,0.));
#8977=DIRECTION('',(0.350646348535496,-0.936507948849727,0.));
#8978=DIRECTION('center_axis',(0.940102323795857,0.340892388876064,0.));
#8979=DIRECTION('ref_axis',(0.,0.,-1.));
#8980=DIRECTION('',(0.,0.,-1.));
#8981=DIRECTION('',(0.340892388876064,-0.940102323795857,0.));
#8982=DIRECTION('',(0.,0.,-1.));
#8983=DIRECTION('center_axis',(0.,1.,0.));
#8984=DIRECTION('ref_axis',(0.,0.,1.));
#8985=DIRECTION('',(1.,0.,0.));
#8986=DIRECTION('',(0.,0.,-1.));
#8987=DIRECTION('center_axis',(-0.933183015563908,0.359401529578064,0.));
#8988=DIRECTION('ref_axis',(0.,0.,1.));
#8989=DIRECTION('',(0.359401529578064,0.933183015563907,0.));
#8990=DIRECTION('',(0.,0.,-1.));
#8991=DIRECTION('center_axis',(0.,1.,0.));
#8992=DIRECTION('ref_axis',(0.,0.,1.));
#8993=DIRECTION('',(1.,0.,0.));
#8994=DIRECTION('',(0.,0.,-1.));
#8995=DIRECTION('center_axis',(0.925486565157753,-0.378780434701297,0.));
#8996=DIRECTION('ref_axis',(0.,0.,-1.));
#8997=DIRECTION('',(-0.378780434701297,-0.925486565157753,0.));
#8998=DIRECTION('',(0.,0.,-1.));
#8999=DIRECTION('center_axis',(0.,-1.,0.));
#9000=DIRECTION('ref_axis',(0.,0.,-1.));
#9001=DIRECTION('',(-1.,0.,0.));
#9002=DIRECTION('',(0.,0.,-1.));
#9003=DIRECTION('center_axis',(-0.93352605553225,-0.35850955864858,0.));
#9004=DIRECTION('ref_axis',(0.,0.,1.));
#9005=DIRECTION('',(-0.35850955864858,0.933526055532249,0.));
#9006=DIRECTION('',(0.,0.,-1.));
#9007=DIRECTION('center_axis',(0.,1.,0.));
#9008=DIRECTION('ref_axis',(0.,0.,1.));
#9009=DIRECTION('',(1.,0.,0.));
#9010=DIRECTION('',(0.,0.,-1.));
#9011=DIRECTION('',(0.,0.,-1.));
#9012=DIRECTION('',(0.,0.,-1.));
#9013=DIRECTION('center_axis',(-0.935759598387605,0.352638588395354,0.));
#9014=DIRECTION('ref_axis',(0.,0.,1.));
#9015=DIRECTION('',(0.352638588395354,0.935759598387605,0.));
#9016=DIRECTION('',(0.,0.,-1.));
#9017=DIRECTION('center_axis',(0.,-1.,0.));
#9018=DIRECTION('ref_axis',(0.,0.,-1.));
#9019=DIRECTION('',(-1.,0.,0.));
#9020=DIRECTION('',(0.,0.,-1.));
#9021=DIRECTION('center_axis',(0.936507948849727,0.350646348535497,0.));
#9022=DIRECTION('ref_axis',(0.,0.,-1.));
#9023=DIRECTION('',(0.350646348535496,-0.936507948849727,0.));
#9024=DIRECTION('center_axis',(0.,0.,-1.));
#9025=DIRECTION('ref_axis',(1.,0.,0.));
#9026=DIRECTION('',(0.997179290778196,-0.0750563924199235,0.));
#9027=DIRECTION('',(-0.996199619800988,0.0870994690475547,0.));
#9028=DIRECTION('',(0.,0.,-1.));
#9029=DIRECTION('',(0.,0.,-1.));
#9030=DIRECTION('',(0.,0.,-1.));
#9031=DIRECTION('',(0.,0.,-1.));
#9032=DIRECTION('',(0.,0.,-1.));
#9033=DIRECTION('',(0.,0.,-1.));
#9034=DIRECTION('',(0.,0.,-1.));
#9035=DIRECTION('',(0.,0.,-1.));
#9036=DIRECTION('',(0.,0.,-1.));
#9037=DIRECTION('',(0.,0.,-1.));
#9038=DIRECTION('',(0.,0.,-1.));
#9039=DIRECTION('',(0.,0.,-1.));
#9040=DIRECTION('',(0.,0.,-1.));
#9041=DIRECTION('',(0.,0.,-1.));
#9042=DIRECTION('',(0.,0.,-1.));
#9043=DIRECTION('center_axis',(0.0750563924199235,0.997179290778196,0.));
#9044=DIRECTION('ref_axis',(0.,0.,1.));
#9045=DIRECTION('',(0.997179290778196,-0.0750563924199235,0.));
#9046=DIRECTION('',(0.,0.,-1.));
#9047=DIRECTION('',(0.,0.,-1.));
#9048=DIRECTION('',(0.,0.,-1.));
#9049=DIRECTION('',(0.,0.,-1.));
#9050=DIRECTION('',(0.,0.,-1.));
#9051=DIRECTION('',(0.,0.,-1.));
#9052=DIRECTION('',(0.,0.,-1.));
#9053=DIRECTION('',(0.,0.,-1.));
#9054=DIRECTION('',(0.,0.,-1.));
#9055=DIRECTION('',(0.,0.,-1.));
#9056=DIRECTION('',(0.,0.,-1.));
#9057=DIRECTION('',(0.,0.,-1.));
#9058=DIRECTION('',(0.,0.,-1.));
#9059=DIRECTION('',(0.,0.,-1.));
#9060=DIRECTION('',(0.,0.,-1.));
#9061=DIRECTION('',(0.,0.,-1.));
#9062=DIRECTION('',(0.,0.,-1.));
#9063=DIRECTION('',(0.,0.,-1.));
#9064=DIRECTION('',(0.,0.,-1.));
#9065=DIRECTION('center_axis',(-0.0870994690475547,-0.996199619800989,0.));
#9066=DIRECTION('ref_axis',(0.,0.,-1.));
#9067=DIRECTION('',(-0.996199619800988,0.0870994690475547,0.));
#9068=DIRECTION('',(0.,0.,-1.));
#9069=DIRECTION('center_axis',(0.,0.,-1.));
#9070=DIRECTION('ref_axis',(1.,0.,0.));
#9071=DIRECTION('',(0.,-1.,0.));
#9072=DIRECTION('',(1.,0.,0.));
#9073=DIRECTION('',(0.536696929861414,0.843775091761622,0.));
#9074=DIRECTION('',(1.,0.,0.));
#9075=DIRECTION('',(-0.538514312398237,-0.842616363087172,0.));
#9076=DIRECTION('',(-1.,0.,0.));
#9077=DIRECTION('',(0.,1.,0.));
#9078=DIRECTION('',(1.,0.,0.));
#9079=DIRECTION('',(1.,0.,0.));
#9080=DIRECTION('',(-1.,0.,0.));
#9081=DIRECTION('',(0.,-1.,0.));
#9082=DIRECTION('center_axis',(1.,0.,0.));
#9083=DIRECTION('ref_axis',(0.,0.,-1.));
#9084=DIRECTION('',(0.,0.,-1.));
#9085=DIRECTION('',(0.,-1.,0.));
#9086=DIRECTION('',(0.,0.,-1.));
#9087=DIRECTION('center_axis',(0.,1.,0.));
#9088=DIRECTION('ref_axis',(0.,0.,1.));
#9089=DIRECTION('',(1.,0.,0.));
#9090=DIRECTION('',(0.,0.,-1.));
#9091=DIRECTION('',(0.,0.,-1.));
#9092=DIRECTION('',(0.,0.,-1.));
#9093=DIRECTION('',(0.,0.,-1.));
#9094=DIRECTION('',(0.,0.,-1.));
#9095=DIRECTION('center_axis',(-0.843775091761621,0.536696929861414,0.));
#9096=DIRECTION('ref_axis',(0.,0.,1.));
#9097=DIRECTION('',(0.536696929861414,0.843775091761622,0.));
#9098=DIRECTION('',(0.,0.,-1.));
#9099=DIRECTION('center_axis',(0.,1.,0.));
#9100=DIRECTION('ref_axis',(0.,0.,1.));
#9101=DIRECTION('',(1.,0.,0.));
#9102=DIRECTION('',(0.,0.,-1.));
#9103=DIRECTION('center_axis',(0.842616363087172,-0.538514312398237,0.));
#9104=DIRECTION('ref_axis',(0.,0.,-1.));
#9105=DIRECTION('',(-0.538514312398237,-0.842616363087173,0.));
#9106=DIRECTION('',(0.,0.,-1.));
#9107=DIRECTION('',(0.,0.,-1.));
#9108=DIRECTION('',(0.,0.,-1.));
#9109=DIRECTION('',(0.,0.,-1.));
#9110=DIRECTION('',(0.,0.,-1.));
#9111=DIRECTION('',(0.,0.,-1.));
#9112=DIRECTION('',(0.,0.,-1.));
#9113=DIRECTION('',(0.,0.,-1.));
#9114=DIRECTION('center_axis',(0.,-1.,0.));
#9115=DIRECTION('ref_axis',(0.,0.,-1.));
#9116=DIRECTION('',(-1.,0.,0.));
#9117=DIRECTION('',(0.,0.,-1.));
#9118=DIRECTION('center_axis',(-1.,0.,0.));
#9119=DIRECTION('ref_axis',(0.,0.,1.));
#9120=DIRECTION('',(0.,1.,0.));
#9121=DIRECTION('',(0.,0.,-1.));
#9122=DIRECTION('center_axis',(0.,1.,0.));
#9123=DIRECTION('ref_axis',(0.,0.,1.));
#9124=DIRECTION('',(1.,0.,0.));
#9125=DIRECTION('center_axis',(0.,1.,0.));
#9126=DIRECTION('ref_axis',(0.,0.,1.));
#9127=DIRECTION('',(0.,0.,-1.));
#9128=DIRECTION('',(1.,0.,0.));
#9129=DIRECTION('',(0.,0.,-1.));
#9130=DIRECTION('',(0.,0.,-1.));
#9131=DIRECTION('',(0.,0.,-1.));
#9132=DIRECTION('',(0.,0.,-1.));
#9133=DIRECTION('',(0.,0.,-1.));
#9134=DIRECTION('',(0.,0.,-1.));
#9135=DIRECTION('center_axis',(0.,-1.,0.));
#9136=DIRECTION('ref_axis',(0.,0.,-1.));
#9137=DIRECTION('',(-1.,0.,0.));
#9138=DIRECTION('',(0.,0.,-1.));
#9139=DIRECTION('center_axis',(1.,0.,0.));
#9140=DIRECTION('ref_axis',(0.,0.,-1.));
#9141=DIRECTION('',(0.,-1.,0.));
#9142=DIRECTION('center_axis',(0.,0.,-1.));
#9143=DIRECTION('ref_axis',(1.,0.,0.));
#9144=DIRECTION('',(0.,-1.,0.));
#9145=DIRECTION('',(1.,0.,0.));
#9146=DIRECTION('',(0.,-1.,0.));
#9147=DIRECTION('',(-1.,0.,0.));
#9148=DIRECTION('',(0.,1.,0.));
#9149=DIRECTION('',(1.,0.,0.));
#9150=DIRECTION('',(0.,1.,0.));
#9151=DIRECTION('',(1.,0.,0.));
#9152=DIRECTION('center_axis',(1.,0.,0.));
#9153=DIRECTION('ref_axis',(0.,0.,-1.));
#9154=DIRECTION('',(0.,0.,-1.));
#9155=DIRECTION('',(0.,-1.,0.));
#9156=DIRECTION('',(0.,0.,-1.));
#9157=DIRECTION('center_axis',(0.,1.,0.));
#9158=DIRECTION('ref_axis',(0.,0.,1.));
#9159=DIRECTION('',(1.,0.,0.));
#9160=DIRECTION('',(0.,0.,-1.));
#9161=DIRECTION('center_axis',(1.,0.,0.));
#9162=DIRECTION('ref_axis',(0.,0.,-1.));
#9163=DIRECTION('',(0.,-1.,0.));
#9164=DIRECTION('',(0.,0.,-1.));
#9165=DIRECTION('center_axis',(0.,-1.,0.));
#9166=DIRECTION('ref_axis',(0.,0.,-1.));
#9167=DIRECTION('',(-1.,0.,0.));
#9168=DIRECTION('',(0.,0.,-1.));
#9169=DIRECTION('center_axis',(-1.,0.,0.));
#9170=DIRECTION('ref_axis',(0.,0.,1.));
#9171=DIRECTION('',(0.,1.,0.));
#9172=DIRECTION('',(0.,0.,-1.));
#9173=DIRECTION('center_axis',(0.,1.,0.));
#9174=DIRECTION('ref_axis',(0.,0.,1.));
#9175=DIRECTION('',(1.,0.,0.));
#9176=DIRECTION('',(0.,0.,-1.));
#9177=DIRECTION('center_axis',(-1.,0.,0.));
#9178=DIRECTION('ref_axis',(0.,0.,1.));
#9179=DIRECTION('',(0.,1.,0.));
#9180=DIRECTION('',(0.,0.,-1.));
#9181=DIRECTION('center_axis',(0.,1.,0.));
#9182=DIRECTION('ref_axis',(0.,0.,1.));
#9183=DIRECTION('',(1.,0.,0.));
#9184=DIRECTION('center_axis',(0.,0.,-1.));
#9185=DIRECTION('ref_axis',(1.,0.,0.));
#9186=DIRECTION('center_axis',(0.,0.,-1.));
#9187=DIRECTION('ref_axis',(1.,0.,0.));
#9188=DIRECTION('center_axis',(0.,0.,-1.));
#9189=DIRECTION('ref_axis',(1.,0.,0.));
#9190=DIRECTION('center_axis',(0.,0.,-1.));
#9191=DIRECTION('ref_axis',(1.,0.,0.));
#9192=DIRECTION('',(-0.000584964070664258,-0.999999828908503,0.));
#9193=DIRECTION('',(0.999999828908503,-0.000584964070660966,0.));
#9194=DIRECTION('',(-0.999999828908503,0.000584964070663951,0.));
#9195=DIRECTION('',(0.000584964070665379,0.999999828908503,0.));
#9196=DIRECTION('',(0.999999828908503,-0.000584964070650399,0.));
#9197=DIRECTION('',(0.999999828908503,-0.000584964070657283,0.));
#9198=DIRECTION('',(-0.999999828908503,0.000584964070671908,0.));
#9199=DIRECTION('',(-0.000584964070665477,-0.999999828908503,0.));
#9200=DIRECTION('center_axis',(0.999999828908503,-0.000584964070664258,
0.));
#9201=DIRECTION('ref_axis',(0.,0.,-1.));
#9202=DIRECTION('',(0.,0.,-1.));
#9203=DIRECTION('',(-0.000584964070664258,-0.999999828908503,0.));
#9204=DIRECTION('',(0.,0.,-1.));
#9205=DIRECTION('center_axis',(0.000584964070660966,0.999999828908503,0.));
#9206=DIRECTION('ref_axis',(0.,0.,1.));
#9207=DIRECTION('',(0.999999828908503,-0.000584964070660966,0.));
#9208=DIRECTION('',(0.,0.,-1.));
#9209=DIRECTION('',(0.,0.,-1.));
#9210=DIRECTION('',(0.,0.,-1.));
#9211=DIRECTION('',(0.,0.,-1.));
#9212=DIRECTION('',(0.,0.,-1.));
#9213=DIRECTION('',(0.,0.,-1.));
#9214=DIRECTION('',(0.,0.,-1.));
#9215=DIRECTION('center_axis',(-0.000584964070663951,-0.999999828908503,
0.));
#9216=DIRECTION('ref_axis',(0.,0.,-1.));
#9217=DIRECTION('',(-0.999999828908503,0.000584964070663951,0.));
#9218=DIRECTION('',(0.,0.,-1.));
#9219=DIRECTION('center_axis',(-0.999999828908503,0.000584964070665379,
0.));
#9220=DIRECTION('ref_axis',(0.,0.,1.));
#9221=DIRECTION('',(0.000584964070665379,0.999999828908503,0.));
#9222=DIRECTION('',(0.,0.,-1.));
#9223=DIRECTION('center_axis',(0.000584964070650399,0.999999828908503,0.));
#9224=DIRECTION('ref_axis',(0.,0.,1.));
#9225=DIRECTION('',(0.999999828908503,-0.000584964070650399,0.));
#9226=DIRECTION('center_axis',(0.000584964070657283,0.999999828908503,0.));
#9227=DIRECTION('ref_axis',(0.,0.,1.));
#9228=DIRECTION('',(0.,0.,-1.));
#9229=DIRECTION('',(0.999999828908503,-0.000584964070657283,0.));
#9230=DIRECTION('',(0.,0.,-1.));
#9231=DIRECTION('',(0.,0.,-1.));
#9232=DIRECTION('',(0.,0.,-1.));
#9233=DIRECTION('',(0.,0.,-1.));
#9234=DIRECTION('',(0.,0.,-1.));
#9235=DIRECTION('',(0.,0.,-1.));
#9236=DIRECTION('center_axis',(-0.000584964070671908,-0.999999828908503,
0.));
#9237=DIRECTION('ref_axis',(0.,0.,-1.));
#9238=DIRECTION('',(-0.999999828908503,0.000584964070671908,0.));
#9239=DIRECTION('',(0.,0.,-1.));
#9240=DIRECTION('center_axis',(0.999999828908503,-0.000584964070665476,
0.));
#9241=DIRECTION('ref_axis',(0.,0.,-1.));
#9242=DIRECTION('',(-0.000584964070665477,-0.999999828908503,0.));
#9243=DIRECTION('center_axis',(0.,0.,-1.));
#9244=DIRECTION('ref_axis',(1.,0.,0.));
#9245=DIRECTION('',(0.340342404470105,-0.940301572751799,0.));
#9246=DIRECTION('',(0.999999828908503,-0.00058496407066584,0.));
#9247=DIRECTION('',(0.359947346622979,0.932972618922483,0.));
#9248=DIRECTION('',(0.999999828908503,-0.000584964070676102,0.));
#9249=DIRECTION('',(-0.379321746283686,-0.925264833869901,0.));
#9250=DIRECTION('',(-0.999999828908503,0.000584964070673981,0.));
#9251=DIRECTION('',(-0.357963418109126,0.933735611024679,0.));
#9252=DIRECTION('',(0.999999828908503,-0.000584964070676984,0.));
#9253=DIRECTION('',(0.353185913805726,0.935553157382954,0.));
#9254=DIRECTION('',(-0.999999828908503,0.000584964070659622,0.));
#9255=DIRECTION('',(0.350098465040918,-0.936712904136584,0.));
#9256=DIRECTION('center_axis',(0.940301572751799,0.340342404470105,0.));
#9257=DIRECTION('ref_axis',(0.,0.,-1.));
#9258=DIRECTION('',(0.,0.,-1.));
#9259=DIRECTION('',(0.340342404470105,-0.940301572751799,0.));
#9260=DIRECTION('',(0.,0.,-1.));
#9261=DIRECTION('center_axis',(0.00058496407066584,0.999999828908503,0.));
#9262=DIRECTION('ref_axis',(0.,0.,1.));
#9263=DIRECTION('',(0.999999828908503,-0.00058496407066584,0.));
#9264=DIRECTION('',(0.,0.,-1.));
#9265=DIRECTION('center_axis',(-0.932972618922483,0.359947346622979,0.));
#9266=DIRECTION('ref_axis',(0.,0.,1.));
#9267=DIRECTION('',(0.359947346622979,0.932972618922483,0.));
#9268=DIRECTION('',(0.,0.,-1.));
#9269=DIRECTION('center_axis',(0.000584964070676101,0.999999828908503,0.));
#9270=DIRECTION('ref_axis',(0.,0.,1.));
#9271=DIRECTION('',(0.999999828908503,-0.000584964070676102,0.));
#9272=DIRECTION('',(0.,0.,-1.));
#9273=DIRECTION('center_axis',(0.925264833869901,-0.379321746283686,0.));
#9274=DIRECTION('ref_axis',(0.,0.,-1.));
#9275=DIRECTION('',(-0.379321746283686,-0.925264833869901,0.));
#9276=DIRECTION('',(0.,0.,-1.));
#9277=DIRECTION('center_axis',(-0.000584964070673981,-0.999999828908503,
0.));
#9278=DIRECTION('ref_axis',(0.,0.,-1.));
#9279=DIRECTION('',(-0.999999828908503,0.000584964070673981,0.));
#9280=DIRECTION('',(0.,0.,-1.));
#9281=DIRECTION('center_axis',(-0.933735611024679,-0.357963418109126,0.));
#9282=DIRECTION('ref_axis',(0.,0.,1.));
#9283=DIRECTION('',(-0.357963418109126,0.933735611024679,0.));
#9284=DIRECTION('',(0.,0.,-1.));
#9285=DIRECTION('center_axis',(0.000584964070676984,0.999999828908503,0.));
#9286=DIRECTION('ref_axis',(0.,0.,1.));
#9287=DIRECTION('',(0.999999828908503,-0.000584964070676984,0.));
#9288=DIRECTION('',(0.,0.,-1.));
#9289=DIRECTION('',(0.,0.,-1.));
#9290=DIRECTION('',(0.,0.,-1.));
#9291=DIRECTION('center_axis',(-0.935553157382954,0.353185913805726,0.));
#9292=DIRECTION('ref_axis',(0.,0.,1.));
#9293=DIRECTION('',(0.353185913805726,0.935553157382954,0.));
#9294=DIRECTION('',(0.,0.,-1.));
#9295=DIRECTION('center_axis',(-0.000584964070659622,-0.999999828908503,
0.));
#9296=DIRECTION('ref_axis',(0.,0.,-1.));
#9297=DIRECTION('',(-0.999999828908503,0.000584964070659622,0.));
#9298=DIRECTION('',(0.,0.,-1.));
#9299=DIRECTION('center_axis',(0.936712904136584,0.350098465040918,0.));
#9300=DIRECTION('ref_axis',(0.,0.,-1.));
#9301=DIRECTION('',(0.350098465040918,-0.936712904136584,0.));
#9302=DIRECTION('center_axis',(0.,0.,-1.));
#9303=DIRECTION('ref_axis',(1.,0.,0.));
#9304=DIRECTION('',(0.99713521487646,-0.075639693635526,0.));
#9305=DIRECTION('',(-0.996148499299739,0.0876821951303565,0.));
#9306=DIRECTION('',(0.,0.,-1.));
#9307=DIRECTION('',(0.,0.,-1.));
#9308=DIRECTION('',(0.,0.,-1.));
#9309=DIRECTION('',(0.,0.,-1.));
#9310=DIRECTION('',(0.,0.,-1.));
#9311=DIRECTION('',(0.,0.,-1.));
#9312=DIRECTION('',(0.,0.,-1.));
#9313=DIRECTION('',(0.,0.,-1.));
#9314=DIRECTION('',(0.,0.,-1.));
#9315=DIRECTION('',(0.,0.,-1.));
#9316=DIRECTION('',(0.,0.,-1.));
#9317=DIRECTION('',(0.,0.,-1.));
#9318=DIRECTION('',(0.,0.,-1.));
#9319=DIRECTION('',(0.,0.,-1.));
#9320=DIRECTION('',(0.,0.,-1.));
#9321=DIRECTION('center_axis',(0.075639693635526,0.99713521487646,0.));
#9322=DIRECTION('ref_axis',(0.,0.,1.));
#9323=DIRECTION('',(0.99713521487646,-0.075639693635526,0.));
#9324=DIRECTION('',(0.,0.,-1.));
#9325=DIRECTION('',(0.,0.,-1.));
#9326=DIRECTION('',(0.,0.,-1.));
#9327=DIRECTION('',(0.,0.,-1.));
#9328=DIRECTION('',(0.,0.,-1.));
#9329=DIRECTION('',(0.,0.,-1.));
#9330=DIRECTION('',(0.,0.,-1.));
#9331=DIRECTION('',(0.,0.,-1.));
#9332=DIRECTION('',(0.,0.,-1.));
#9333=DIRECTION('',(0.,0.,-1.));
#9334=DIRECTION('',(0.,0.,-1.));
#9335=DIRECTION('',(0.,0.,-1.));
#9336=DIRECTION('',(0.,0.,-1.));
#9337=DIRECTION('',(0.,0.,-1.));
#9338=DIRECTION('',(0.,0.,-1.));
#9339=DIRECTION('',(0.,0.,-1.));
#9340=DIRECTION('',(0.,0.,-1.));
#9341=DIRECTION('',(0.,0.,-1.));
#9342=DIRECTION('',(0.,0.,-1.));
#9343=DIRECTION('center_axis',(-0.0876821951303565,-0.996148499299739,0.));
#9344=DIRECTION('ref_axis',(0.,0.,-1.));
#9345=DIRECTION('',(-0.996148499299739,0.0876821951303565,0.));
#9346=DIRECTION('',(0.,0.,-1.));
#9347=DIRECTION('center_axis',(0.,0.,-1.));
#9348=DIRECTION('ref_axis',(1.,0.,0.));
#9349=DIRECTION('',(-0.000584964070664047,-0.999999828908503,0.));
#9350=DIRECTION('',(0.999999828908503,-0.00058496407067544,0.));
#9351=DIRECTION('',(0.537190416149537,0.843460998978072,0.));
#9352=DIRECTION('',(0.999999828908503,-0.000584964070674129,0.));
#9353=DIRECTION('',(-0.53900712056078,-0.842301207398385,0.));
#9354=DIRECTION('',(-0.999999828908503,0.00058496407066193,0.));
#9355=DIRECTION('',(0.000584964070665379,0.999999828908503,0.));
#9356=DIRECTION('',(0.999999828908503,-0.00058496407067936,0.));
#9357=DIRECTION('',(0.999999828908503,-0.000584964070668272,0.));
#9358=DIRECTION('',(-0.999999828908503,0.0005849640706707,0.));
#9359=DIRECTION('',(-0.000584964070665931,-0.999999828908503,0.));
#9360=DIRECTION('center_axis',(0.999999828908503,-0.000584964070664047,
0.));
#9361=DIRECTION('ref_axis',(0.,0.,-1.));
#9362=DIRECTION('',(0.,0.,-1.));
#9363=DIRECTION('',(-0.000584964070664047,-0.999999828908503,0.));
#9364=DIRECTION('',(0.,0.,-1.));
#9365=DIRECTION('center_axis',(0.00058496407067544,0.999999828908503,0.));
#9366=DIRECTION('ref_axis',(0.,0.,1.));
#9367=DIRECTION('',(0.999999828908503,-0.00058496407067544,0.));
#9368=DIRECTION('',(0.,0.,-1.));
#9369=DIRECTION('',(0.,0.,-1.));
#9370=DIRECTION('',(0.,0.,-1.));
#9371=DIRECTION('',(0.,0.,-1.));
#9372=DIRECTION('',(0.,0.,-1.));
#9373=DIRECTION('center_axis',(-0.843460998978072,0.537190416149537,0.));
#9374=DIRECTION('ref_axis',(0.,0.,1.));
#9375=DIRECTION('',(0.537190416149537,0.843460998978072,0.));
#9376=DIRECTION('',(0.,0.,-1.));
#9377=DIRECTION('center_axis',(0.000584964070674128,0.999999828908503,0.));
#9378=DIRECTION('ref_axis',(0.,0.,1.));
#9379=DIRECTION('',(0.999999828908503,-0.000584964070674129,0.));
#9380=DIRECTION('',(0.,0.,-1.));
#9381=DIRECTION('center_axis',(0.842301207398385,-0.53900712056078,0.));
#9382=DIRECTION('ref_axis',(0.,0.,-1.));
#9383=DIRECTION('',(-0.53900712056078,-0.842301207398385,0.));
#9384=DIRECTION('',(0.,0.,-1.));
#9385=DIRECTION('',(0.,0.,-1.));
#9386=DIRECTION('',(0.,0.,-1.));
#9387=DIRECTION('',(0.,0.,-1.));
#9388=DIRECTION('',(0.,0.,-1.));
#9389=DIRECTION('',(0.,0.,-1.));
#9390=DIRECTION('',(0.,0.,-1.));
#9391=DIRECTION('',(0.,0.,-1.));
#9392=DIRECTION('center_axis',(-0.00058496407066193,-0.999999828908503,
0.));
#9393=DIRECTION('ref_axis',(0.,0.,-1.));
#9394=DIRECTION('',(-0.999999828908503,0.00058496407066193,0.));
#9395=DIRECTION('',(0.,0.,-1.));
#9396=DIRECTION('center_axis',(-0.999999828908503,0.000584964070665379,
0.));
#9397=DIRECTION('ref_axis',(0.,0.,1.));
#9398=DIRECTION('',(0.000584964070665379,0.999999828908503,0.));
#9399=DIRECTION('',(0.,0.,-1.));
#9400=DIRECTION('center_axis',(0.00058496407067936,0.999999828908503,0.));
#9401=DIRECTION('ref_axis',(0.,0.,1.));
#9402=DIRECTION('',(0.999999828908503,-0.00058496407067936,0.));
#9403=DIRECTION('center_axis',(0.000584964070668272,0.999999828908503,0.));
#9404=DIRECTION('ref_axis',(0.,0.,1.));
#9405=DIRECTION('',(0.,0.,-1.));
#9406=DIRECTION('',(0.999999828908503,-0.000584964070668272,0.));
#9407=DIRECTION('',(0.,0.,-1.));
#9408=DIRECTION('',(0.,0.,-1.));
#9409=DIRECTION('',(0.,0.,-1.));
#9410=DIRECTION('',(0.,0.,-1.));
#9411=DIRECTION('',(0.,0.,-1.));
#9412=DIRECTION('',(0.,0.,-1.));
#9413=DIRECTION('center_axis',(-0.0005849640706707,-0.999999828908503,0.));
#9414=DIRECTION('ref_axis',(0.,0.,-1.));
#9415=DIRECTION('',(-0.999999828908503,0.0005849640706707,0.));
#9416=DIRECTION('',(0.,0.,-1.));
#9417=DIRECTION('center_axis',(0.999999828908503,-0.000584964070665931,
0.));
#9418=DIRECTION('ref_axis',(0.,0.,-1.));
#9419=DIRECTION('',(-0.000584964070665931,-0.999999828908503,0.));
#9420=DIRECTION('center_axis',(0.,0.,-1.));
#9421=DIRECTION('ref_axis',(1.,0.,0.));
#9422=DIRECTION('',(-0.00058496407066497,-0.999999828908503,0.));
#9423=DIRECTION('',(0.999999828908503,-0.000584964070660143,0.));
#9424=DIRECTION('',(-0.000584964070668442,-0.999999828908503,0.));
#9425=DIRECTION('',(-0.999999828908503,0.000584964070665803,0.));
#9426=DIRECTION('',(0.000584964070668442,0.999999828908503,0.));
#9427=DIRECTION('',(0.999999828908503,-0.000584964070666045,0.));
#9428=DIRECTION('',(0.00058496407066497,0.999999828908503,0.));
#9429=DIRECTION('',(0.999999828908503,-0.00058496407067936,0.));
#9430=DIRECTION('center_axis',(0.999999828908503,-0.00058496407066497,0.));
#9431=DIRECTION('ref_axis',(0.,0.,-1.));
#9432=DIRECTION('',(0.,0.,-1.));
#9433=DIRECTION('',(-0.00058496407066497,-0.999999828908503,0.));
#9434=DIRECTION('',(0.,0.,-1.));
#9435=DIRECTION('center_axis',(0.000584964070660143,0.999999828908503,0.));
#9436=DIRECTION('ref_axis',(0.,0.,1.));
#9437=DIRECTION('',(0.999999828908503,-0.000584964070660143,0.));
#9438=DIRECTION('',(0.,0.,-1.));
#9439=DIRECTION('center_axis',(0.999999828908503,-0.000584964070668442,
0.));
#9440=DIRECTION('ref_axis',(0.,0.,-1.));
#9441=DIRECTION('',(-0.000584964070668442,-0.999999828908503,0.));
#9442=DIRECTION('',(0.,0.,-1.));
#9443=DIRECTION('center_axis',(-0.000584964070665803,-0.999999828908503,
0.));
#9444=DIRECTION('ref_axis',(0.,0.,-1.));
#9445=DIRECTION('',(-0.999999828908503,0.000584964070665803,0.));
#9446=DIRECTION('',(0.,0.,-1.));
#9447=DIRECTION('center_axis',(-0.999999828908503,0.000584964070668442,
0.));
#9448=DIRECTION('ref_axis',(0.,0.,1.));
#9449=DIRECTION('',(0.000584964070668442,0.999999828908503,0.));
#9450=DIRECTION('',(0.,0.,-1.));
#9451=DIRECTION('center_axis',(0.000584964070666045,0.999999828908503,0.));
#9452=DIRECTION('ref_axis',(0.,0.,1.));
#9453=DIRECTION('',(0.999999828908503,-0.000584964070666045,0.));
#9454=DIRECTION('',(0.,0.,-1.));
#9455=DIRECTION('center_axis',(-0.999999828908503,0.00058496407066497,0.));
#9456=DIRECTION('ref_axis',(0.,0.,1.));
#9457=DIRECTION('',(0.00058496407066497,0.999999828908503,0.));
#9458=DIRECTION('',(0.,0.,-1.));
#9459=DIRECTION('center_axis',(0.00058496407067936,0.999999828908503,0.));
#9460=DIRECTION('ref_axis',(0.,0.,1.));
#9461=DIRECTION('',(0.999999828908503,-0.00058496407067936,0.));
#9462=DIRECTION('center_axis',(0.,0.,-1.));
#9463=DIRECTION('ref_axis',(1.,0.,0.));
#9464=DIRECTION('center_axis',(0.,0.,-1.));
#9465=DIRECTION('ref_axis',(1.,0.,0.));
#9466=DIRECTION('center_axis',(0.,0.,-1.));
#9467=DIRECTION('ref_axis',(1.,0.,0.));
#9468=DIRECTION('center_axis',(0.,0.,-1.));
#9469=DIRECTION('ref_axis',(1.,0.,0.));
#9470=DIRECTION('',(0.,1.,0.));
#9471=DIRECTION('',(0.964381183033824,-0.264516415011021,0.));
#9472=DIRECTION('',(0.,-1.,0.));
#9473=DIRECTION('',(-0.999998703282915,0.00161041376347261,0.));
#9474=DIRECTION('',(0.,1.,0.));
#9475=DIRECTION('',(1.,0.,0.));
#9476=DIRECTION('center_axis',(-1.,0.,0.));
#9477=DIRECTION('ref_axis',(0.,0.,1.));
#9478=DIRECTION('',(0.,0.,-1.));
#9479=DIRECTION('',(0.,1.,0.));
#9480=DIRECTION('',(0.,0.,-1.));
#9481=DIRECTION('',(0.,0.,-1.));
#9482=DIRECTION('',(0.,0.,-1.));
#9483=DIRECTION('',(0.,0.,-1.));
#9484=DIRECTION('',(0.,0.,-1.));
#9485=DIRECTION('',(0.,0.,-1.));
#9486=DIRECTION('',(0.,0.,-1.));
#9487=DIRECTION('',(0.,0.,-1.));
#9488=DIRECTION('',(0.,0.,-1.));
#9489=DIRECTION('',(0.,0.,-1.));
#9490=DIRECTION('',(0.,0.,-1.));
#9491=DIRECTION('',(0.,0.,-1.));
#9492=DIRECTION('',(0.,0.,-1.));
#9493=DIRECTION('center_axis',(0.264516415011021,0.964381183033824,0.));
#9494=DIRECTION('ref_axis',(0.,0.,1.));
#9495=DIRECTION('',(0.964381183033824,-0.264516415011021,0.));
#9496=DIRECTION('',(0.,0.,-1.));
#9497=DIRECTION('',(0.,0.,-1.));
#9498=DIRECTION('',(0.,0.,-1.));
#9499=DIRECTION('',(0.,0.,-1.));
#9500=DIRECTION('',(0.,0.,-1.));
#9501=DIRECTION('',(0.,0.,-1.));
#9502=DIRECTION('',(0.,0.,-1.));
#9503=DIRECTION('',(0.,0.,-1.));
#9504=DIRECTION('',(0.,0.,-1.));
#9505=DIRECTION('',(0.,0.,-1.));
#9506=DIRECTION('',(0.,0.,-1.));
#9507=DIRECTION('',(0.,0.,-1.));
#9508=DIRECTION('center_axis',(1.,0.,0.));
#9509=DIRECTION('ref_axis',(0.,0.,-1.));
#9510=DIRECTION('',(0.,-1.,0.));
#9511=DIRECTION('',(0.,0.,-1.));
#9512=DIRECTION('center_axis',(-0.00161041376347261,-0.999998703282915,
0.));
#9513=DIRECTION('ref_axis',(0.,0.,-1.));
#9514=DIRECTION('',(-0.999998703282915,0.00161041376347261,0.));
#9515=DIRECTION('',(0.,0.,-1.));
#9516=DIRECTION('center_axis',(-1.,0.,0.));
#9517=DIRECTION('ref_axis',(0.,0.,1.));
#9518=DIRECTION('',(0.,1.,0.));
#9519=DIRECTION('',(0.,0.,-1.));
#9520=DIRECTION('center_axis',(0.,1.,0.));
#9521=DIRECTION('ref_axis',(0.,0.,1.));
#9522=DIRECTION('',(1.,0.,0.));
#9523=DIRECTION('center_axis',(0.,0.,-1.));
#9524=DIRECTION('ref_axis',(1.,0.,0.));
#9525=DIRECTION('',(0.,-1.,0.));
#9526=DIRECTION('',(-1.,0.,0.));
#9527=DIRECTION('',(0.,1.,0.));
#9528=DIRECTION('',(1.,0.,0.));
#9529=DIRECTION('center_axis',(1.,0.,0.));
#9530=DIRECTION('ref_axis',(0.,0.,-1.));
#9531=DIRECTION('',(0.,0.,-1.));
#9532=DIRECTION('',(0.,-1.,0.));
#9533=DIRECTION('',(0.,0.,-1.));
#9534=DIRECTION('center_axis',(0.,-1.,0.));
#9535=DIRECTION('ref_axis',(0.,0.,-1.));
#9536=DIRECTION('',(-1.,0.,0.));
#9537=DIRECTION('',(0.,0.,-1.));
#9538=DIRECTION('center_axis',(-1.,0.,0.));
#9539=DIRECTION('ref_axis',(0.,0.,1.));
#9540=DIRECTION('',(0.,1.,0.));
#9541=DIRECTION('',(0.,0.,-1.));
#9542=DIRECTION('center_axis',(0.,1.,0.));
#9543=DIRECTION('ref_axis',(0.,0.,1.));
#9544=DIRECTION('',(1.,0.,0.));
#9545=DIRECTION('center_axis',(0.,0.,-1.));
#9546=DIRECTION('ref_axis',(1.,0.,0.));
#9547=DIRECTION('',(0.,-1.,0.));
#9548=DIRECTION('',(-1.,0.,0.));
#9549=DIRECTION('',(0.,1.,0.));
#9550=DIRECTION('',(1.,0.,0.));
#9551=DIRECTION('center_axis',(1.,0.,0.));
#9552=DIRECTION('ref_axis',(0.,0.,-1.));
#9553=DIRECTION('',(0.,0.,-1.));
#9554=DIRECTION('',(0.,-1.,0.));
#9555=DIRECTION('',(0.,0.,-1.));
#9556=DIRECTION('center_axis',(0.,-1.,0.));
#9557=DIRECTION('ref_axis',(0.,0.,-1.));
#9558=DIRECTION('',(-1.,0.,0.));
#9559=DIRECTION('',(0.,0.,-1.));
#9560=DIRECTION('center_axis',(-1.,0.,0.));
#9561=DIRECTION('ref_axis',(0.,0.,1.));
#9562=DIRECTION('',(0.,1.,0.));
#9563=DIRECTION('',(0.,0.,-1.));
#9564=DIRECTION('center_axis',(0.,1.,0.));
#9565=DIRECTION('ref_axis',(0.,0.,1.));
#9566=DIRECTION('',(1.,0.,0.));
#9567=DIRECTION('center_axis',(0.,0.,-1.));
#9568=DIRECTION('ref_axis',(1.,0.,0.));
#9569=DIRECTION('',(0.,-1.,0.));
#9570=DIRECTION('',(1.,0.,0.));
#9571=DIRECTION('',(-1.,0.,0.));
#9572=DIRECTION('',(0.,1.,0.));
#9573=DIRECTION('',(1.,0.,0.));
#9574=DIRECTION('',(1.,0.,0.));
#9575=DIRECTION('',(-1.,0.,0.));
#9576=DIRECTION('',(0.,-1.,0.));
#9577=DIRECTION('center_axis',(1.,0.,0.));
#9578=DIRECTION('ref_axis',(0.,0.,-1.));
#9579=DIRECTION('',(0.,0.,-1.));
#9580=DIRECTION('',(0.,-1.,0.));
#9581=DIRECTION('',(0.,0.,-1.));
#9582=DIRECTION('center_axis',(0.,1.,0.));
#9583=DIRECTION('ref_axis',(0.,0.,1.));
#9584=DIRECTION('',(1.,0.,0.));
#9585=DIRECTION('',(0.,0.,-1.));
#9586=DIRECTION('',(0.,0.,-1.));
#9587=DIRECTION('',(0.,0.,-1.));
#9588=DIRECTION('',(0.,0.,-1.));
#9589=DIRECTION('',(0.,0.,-1.));
#9590=DIRECTION('',(0.,0.,-1.));
#9591=DIRECTION('',(0.,0.,-1.));
#9592=DIRECTION('center_axis',(0.,-1.,0.));
#9593=DIRECTION('ref_axis',(0.,0.,-1.));
#9594=DIRECTION('',(-1.,0.,0.));
#9595=DIRECTION('',(0.,0.,-1.));
#9596=DIRECTION('center_axis',(-1.,0.,0.));
#9597=DIRECTION('ref_axis',(0.,0.,1.));
#9598=DIRECTION('',(0.,1.,0.));
#9599=DIRECTION('',(0.,0.,-1.));
#9600=DIRECTION('center_axis',(0.,1.,0.));
#9601=DIRECTION('ref_axis',(0.,0.,1.));
#9602=DIRECTION('',(1.,0.,0.));
#9603=DIRECTION('center_axis',(0.,1.,0.));
#9604=DIRECTION('ref_axis',(0.,0.,1.));
#9605=DIRECTION('',(0.,0.,-1.));
#9606=DIRECTION('',(1.,0.,0.));
#9607=DIRECTION('',(0.,0.,-1.));
#9608=DIRECTION('',(0.,0.,-1.));
#9609=DIRECTION('',(0.,0.,-1.));
#9610=DIRECTION('',(0.,0.,-1.));
#9611=DIRECTION('',(0.,0.,-1.));
#9612=DIRECTION('',(0.,0.,-1.));
#9613=DIRECTION('center_axis',(0.,-1.,0.));
#9614=DIRECTION('ref_axis',(0.,0.,-1.));
#9615=DIRECTION('',(-1.,0.,0.));
#9616=DIRECTION('',(0.,0.,-1.));
#9617=DIRECTION('center_axis',(1.,0.,0.));
#9618=DIRECTION('ref_axis',(0.,0.,-1.));
#9619=DIRECTION('',(0.,-1.,0.));
#9620=DIRECTION('center_axis',(0.,0.,-1.));
#9621=DIRECTION('ref_axis',(1.,0.,0.));
#9622=DIRECTION('',(0.,-1.,0.));
#9623=DIRECTION('',(-1.,0.,0.));
#9624=DIRECTION('',(0.,1.,0.));
#9625=DIRECTION('',(1.,0.,0.));
#9626=DIRECTION('center_axis',(1.,0.,0.));
#9627=DIRECTION('ref_axis',(0.,0.,-1.));
#9628=DIRECTION('',(0.,0.,-1.));
#9629=DIRECTION('',(0.,-1.,0.));
#9630=DIRECTION('',(0.,0.,-1.));
#9631=DIRECTION('center_axis',(0.,-1.,0.));
#9632=DIRECTION('ref_axis',(0.,0.,-1.));
#9633=DIRECTION('',(-1.,0.,0.));
#9634=DIRECTION('',(0.,0.,-1.));
#9635=DIRECTION('center_axis',(-1.,0.,0.));
#9636=DIRECTION('ref_axis',(0.,0.,1.));
#9637=DIRECTION('',(0.,1.,0.));
#9638=DIRECTION('',(0.,0.,-1.));
#9639=DIRECTION('center_axis',(0.,1.,0.));
#9640=DIRECTION('ref_axis',(0.,0.,1.));
#9641=DIRECTION('',(1.,0.,0.));
#9642=DIRECTION('center_axis',(0.,0.,-1.));
#9643=DIRECTION('ref_axis',(1.,0.,0.));
#9644=DIRECTION('',(0.,-1.,0.));
#9645=DIRECTION('',(-0.923855906179153,-0.382740466397134,0.));
#9646=DIRECTION('',(0.925125370927633,-0.379661754810791,0.));
#9647=DIRECTION('',(0.,-1.,0.));
#9648=DIRECTION('',(-0.921241983947497,0.388989983177561,0.));
#9649=DIRECTION('',(0.,1.,0.));
#9650=DIRECTION('',(0.919536371558497,0.393004912667812,0.));
#9651=DIRECTION('center_axis',(1.,0.,0.));
#9652=DIRECTION('ref_axis',(0.,0.,-1.));
#9653=DIRECTION('',(0.,0.,-1.));
#9654=DIRECTION('',(0.,-1.,0.));
#9655=DIRECTION('',(0.,0.,-1.));
#9656=DIRECTION('center_axis',(0.382740466397134,-0.923855906179153,0.));
#9657=DIRECTION('ref_axis',(0.,0.,-1.));
#9658=DIRECTION('',(-0.923855906179153,-0.382740466397134,0.));
#9659=DIRECTION('',(0.,0.,-1.));
#9660=DIRECTION('center_axis',(0.379661754810791,0.925125370927633,0.));
#9661=DIRECTION('ref_axis',(0.,0.,1.));
#9662=DIRECTION('',(0.925125370927633,-0.379661754810791,0.));
#9663=DIRECTION('',(0.,0.,-1.));
#9664=DIRECTION('center_axis',(1.,0.,0.));
#9665=DIRECTION('ref_axis',(0.,0.,-1.));
#9666=DIRECTION('',(0.,-1.,0.));
#9667=DIRECTION('',(0.,0.,-1.));
#9668=DIRECTION('center_axis',(-0.388989983177561,-0.921241983947497,0.));
#9669=DIRECTION('ref_axis',(0.,0.,-1.));
#9670=DIRECTION('',(-0.921241983947497,0.388989983177561,0.));
#9671=DIRECTION('',(0.,0.,-1.));
#9672=DIRECTION('center_axis',(-1.,0.,0.));
#9673=DIRECTION('ref_axis',(0.,0.,1.));
#9674=DIRECTION('',(0.,1.,0.));
#9675=DIRECTION('',(0.,0.,-1.));
#9676=DIRECTION('center_axis',(-0.393004912667812,0.919536371558497,0.));
#9677=DIRECTION('ref_axis',(0.,0.,1.));
#9678=DIRECTION('',(0.919536371558497,0.393004912667812,0.));
#9679=DIRECTION('center_axis',(0.,0.,-1.));
#9680=DIRECTION('ref_axis',(1.,0.,0.));
#9681=DIRECTION('',(0.,0.,-1.));
#9682=DIRECTION('',(0.,0.,-1.));
#9683=DIRECTION('',(0.,0.,-1.));
#9684=DIRECTION('',(0.,0.,-1.));
#9685=DIRECTION('',(0.,0.,-1.));
#9686=DIRECTION('',(0.,0.,-1.));
#9687=DIRECTION('',(0.,0.,-1.));
#9688=DIRECTION('',(0.,0.,-1.));
#9689=DIRECTION('',(0.,0.,-1.));
#9690=DIRECTION('',(0.,0.,-1.));
#9691=DIRECTION('',(0.,0.,-1.));
#9692=DIRECTION('',(0.,0.,-1.));
#9693=DIRECTION('',(0.,0.,-1.));
#9694=DIRECTION('',(0.,0.,-1.));
#9695=DIRECTION('',(0.,0.,-1.));
#9696=DIRECTION('',(0.,0.,-1.));
#9697=DIRECTION('',(0.,0.,-1.));
#9698=DIRECTION('',(0.,0.,-1.));
#9699=DIRECTION('',(0.,0.,-1.));
#9700=DIRECTION('',(0.,0.,-1.));
#9701=DIRECTION('center_axis',(0.,0.,-1.));
#9702=DIRECTION('ref_axis',(1.,0.,0.));
#9703=DIRECTION('',(0.,0.,-1.));
#9704=DIRECTION('',(0.,0.,-1.));
#9705=DIRECTION('',(0.,0.,-1.));
#9706=DIRECTION('',(0.,0.,-1.));
#9707=DIRECTION('',(0.,0.,-1.));
#9708=DIRECTION('',(0.,0.,-1.));
#9709=DIRECTION('',(0.,0.,-1.));
#9710=DIRECTION('',(0.,0.,-1.));
#9711=DIRECTION('',(0.,0.,-1.));
#9712=DIRECTION('',(0.,0.,-1.));
#9713=DIRECTION('',(0.,0.,-1.));
#9714=DIRECTION('',(0.,0.,-1.));
#9715=DIRECTION('',(0.,0.,-1.));
#9716=DIRECTION('',(0.,0.,-1.));
#9717=DIRECTION('',(0.,0.,-1.));
#9718=DIRECTION('',(0.,0.,-1.));
#9719=DIRECTION('',(0.,0.,-1.));
#9720=DIRECTION('',(0.,0.,-1.));
#9721=DIRECTION('',(0.,0.,-1.));
#9722=DIRECTION('',(0.,0.,-1.));
#9723=DIRECTION('center_axis',(0.,0.,-1.));
#9724=DIRECTION('ref_axis',(1.,0.,0.));
#9725=DIRECTION('center_axis',(0.,0.,-1.));
#9726=DIRECTION('ref_axis',(1.,0.,0.));
#9727=DIRECTION('center_axis',(0.,0.,-1.));
#9728=DIRECTION('ref_axis',(1.,0.,0.));
#9729=DIRECTION('center_axis',(0.,0.,-1.));
#9730=DIRECTION('ref_axis',(1.,0.,0.));
#9731=DIRECTION('',(-0.999999843704825,0.000559097778709181,0.));
#9732=DIRECTION('',(0.000559097778715808,0.999999843704825,0.));
#9733=DIRECTION('',(-0.74276744931062,-0.669549487524705,0.));
#9734=DIRECTION('',(-0.761131087824754,-0.64859807827861,0.));
#9735=DIRECTION('',(-0.999999843704825,0.000559097778714878,0.));
#9736=DIRECTION('',(0.000559097778715429,0.999999843704825,0.));
#9737=DIRECTION('',(0.999999843704825,-0.00055909777870918,0.));
#9738=DIRECTION('',(-0.000559097778714818,-0.999999843704825,0.));
#9739=DIRECTION('',(0.754386677342122,0.656430301744758,0.));
#9740=DIRECTION('',(0.999999843704825,-0.00055909777870918,0.));
#9741=DIRECTION('',(-0.000559097778715384,-0.999999843704825,0.));
#9742=DIRECTION('center_axis',(-0.000559097778709181,-0.999999843704825,
0.));
#9743=DIRECTION('ref_axis',(0.,0.,-1.));
#9744=DIRECTION('',(0.,0.,-1.));
#9745=DIRECTION('',(-0.999999843704825,0.000559097778709181,0.));
#9746=DIRECTION('',(0.,0.,-1.));
#9747=DIRECTION('center_axis',(-0.999999843704825,0.000559097778715808,
0.));
#9748=DIRECTION('ref_axis',(0.,0.,1.));
#9749=DIRECTION('',(0.000559097778715808,0.999999843704825,0.));
#9750=DIRECTION('',(0.,0.,-1.));
#9751=DIRECTION('',(0.,0.,-1.));
#9752=DIRECTION('center_axis',(0.669549487524705,-0.74276744931062,0.));
#9753=DIRECTION('ref_axis',(0.,0.,-1.));
#9754=DIRECTION('',(-0.74276744931062,-0.669549487524705,0.));
#9755=DIRECTION('',(0.,0.,-1.));
#9756=DIRECTION('center_axis',(0.64859807827861,-0.761131087824754,0.));
#9757=DIRECTION('ref_axis',(0.,0.,-1.));
#9758=DIRECTION('',(-0.761131087824754,-0.64859807827861,0.));
#9759=DIRECTION('',(0.,0.,-1.));
#9760=DIRECTION('center_axis',(-0.000559097778714878,-0.999999843704825,
0.));
#9761=DIRECTION('ref_axis',(0.,0.,-1.));
#9762=DIRECTION('',(-0.999999843704825,0.000559097778714878,0.));
#9763=DIRECTION('',(0.,0.,-1.));
#9764=DIRECTION('center_axis',(-0.999999843704825,0.000559097778715429,
0.));
#9765=DIRECTION('ref_axis',(0.,0.,1.));
#9766=DIRECTION('',(0.000559097778715429,0.999999843704825,0.));
#9767=DIRECTION('',(0.,0.,-1.));
#9768=DIRECTION('center_axis',(0.00055909777870918,0.999999843704825,0.));
#9769=DIRECTION('ref_axis',(0.,0.,1.));
#9770=DIRECTION('',(0.999999843704825,-0.00055909777870918,0.));
#9771=DIRECTION('',(0.,0.,-1.));
#9772=DIRECTION('center_axis',(0.999999843704825,-0.000559097778714818,
0.));
#9773=DIRECTION('ref_axis',(0.,0.,-1.));
#9774=DIRECTION('',(-0.000559097778714818,-0.999999843704825,0.));
#9775=DIRECTION('',(0.,0.,-1.));
#9776=DIRECTION('',(0.,0.,-1.));
#9777=DIRECTION('center_axis',(-0.656430301744758,0.754386677342122,0.));
#9778=DIRECTION('ref_axis',(0.,0.,1.));
#9779=DIRECTION('',(0.754386677342122,0.656430301744758,0.));
#9780=DIRECTION('',(0.,0.,-1.));
#9781=DIRECTION('center_axis',(0.00055909777870918,0.999999843704825,0.));
#9782=DIRECTION('ref_axis',(0.,0.,1.));
#9783=DIRECTION('',(0.999999843704825,-0.00055909777870918,0.));
#9784=DIRECTION('',(0.,0.,-1.));
#9785=DIRECTION('center_axis',(0.999999843704825,-0.000559097778715384,
0.));
#9786=DIRECTION('ref_axis',(0.,0.,-1.));
#9787=DIRECTION('',(-0.000559097778715384,-0.999999843704825,0.));
#9788=DIRECTION('center_axis',(0.,0.,-1.));
#9789=DIRECTION('ref_axis',(1.,0.,0.));
#9790=DIRECTION('',(0.000559097778715714,0.999999843704825,0.));
#9791=DIRECTION('',(0.999999843704825,-0.000559097778708347,0.));
#9792=DIRECTION('',(-0.000559097778715003,-0.999999843704825,0.));
#9793=DIRECTION('',(-0.000559097778715681,-0.999999843704825,0.));
#9794=DIRECTION('',(0.000559097778715404,0.999999843704825,0.));
#9795=DIRECTION('',(-0.999999843704825,0.000559097778707834,0.));
#9796=DIRECTION('',(-0.000559097778715545,-0.999999843704825,0.));
#9797=DIRECTION('',(0.000559097778716346,0.999999843704825,0.));
#9798=DIRECTION('',(-0.999999843704825,0.000559097778707342,0.));
#9799=DIRECTION('',(0.,0.,-1.));
#9800=DIRECTION('',(0.,0.,-1.));
#9801=DIRECTION('',(0.,0.,-1.));
#9802=DIRECTION('',(0.,0.,-1.));
#9803=DIRECTION('',(0.,0.,-1.));
#9804=DIRECTION('',(0.,0.,-1.));
#9805=DIRECTION('',(0.,0.,-1.));
#9806=DIRECTION('',(0.,0.,-1.));
#9807=DIRECTION('',(0.,0.,-1.));
#9808=DIRECTION('',(0.,0.,-1.));
#9809=DIRECTION('',(0.,0.,-1.));
#9810=DIRECTION('',(0.,0.,-1.));
#9811=DIRECTION('center_axis',(-0.999999843704825,0.000559097778715714,
0.));
#9812=DIRECTION('ref_axis',(0.,0.,1.));
#9813=DIRECTION('',(0.000559097778715714,0.999999843704825,0.));
#9814=DIRECTION('',(0.,0.,-1.));
#9815=DIRECTION('center_axis',(0.000559097778708347,0.999999843704825,0.));
#9816=DIRECTION('ref_axis',(0.,0.,1.));
#9817=DIRECTION('',(0.999999843704825,-0.000559097778708347,0.));
#9818=DIRECTION('',(0.,0.,-1.));
#9819=DIRECTION('center_axis',(0.999999843704825,-0.000559097778715003,
0.));
#9820=DIRECTION('ref_axis',(0.,0.,-1.));
#9821=DIRECTION('',(-0.000559097778715003,-0.999999843704825,0.));
#9822=DIRECTION('center_axis',(0.999999843704825,-0.000559097778715681,
0.));
#9823=DIRECTION('ref_axis',(0.,0.,-1.));
#9824=DIRECTION('',(0.,0.,-1.));
#9825=DIRECTION('',(-0.000559097778715681,-0.999999843704825,0.));
#9826=DIRECTION('',(0.,0.,-1.));
#9827=DIRECTION('',(0.,0.,-1.));
#9828=DIRECTION('',(0.,0.,-1.));
#9829=DIRECTION('',(0.,0.,-1.));
#9830=DIRECTION('',(0.,0.,-1.));
#9831=DIRECTION('',(0.,0.,-1.));
#9832=DIRECTION('',(0.,0.,-1.));
#9833=DIRECTION('',(0.,0.,-1.));
#9834=DIRECTION('center_axis',(-0.999999843704825,0.000559097778715404,
0.));
#9835=DIRECTION('ref_axis',(0.,0.,1.));
#9836=DIRECTION('',(0.000559097778715404,0.999999843704825,0.));
#9837=DIRECTION('',(0.,0.,-1.));
#9838=DIRECTION('center_axis',(-0.000559097778707834,-0.999999843704825,
0.));
#9839=DIRECTION('ref_axis',(0.,0.,-1.));
#9840=DIRECTION('',(-0.999999843704825,0.000559097778707834,0.));
#9841=DIRECTION('center_axis',(0.999999843704825,-0.000559097778715545,
0.));
#9842=DIRECTION('ref_axis',(0.,0.,-1.));
#9843=DIRECTION('',(0.,0.,-1.));
#9844=DIRECTION('',(-0.000559097778715545,-0.999999843704825,0.));
#9845=DIRECTION('',(0.,0.,-1.));
#9846=DIRECTION('',(0.,0.,-1.));
#9847=DIRECTION('',(0.,0.,-1.));
#9848=DIRECTION('',(0.,0.,-1.));
#9849=DIRECTION('',(0.,0.,-1.));
#9850=DIRECTION('',(0.,0.,-1.));
#9851=DIRECTION('',(0.,0.,-1.));
#9852=DIRECTION('center_axis',(-0.999999843704825,0.000559097778716346,
0.));
#9853=DIRECTION('ref_axis',(0.,0.,1.));
#9854=DIRECTION('',(0.000559097778716346,0.999999843704825,0.));
#9855=DIRECTION('',(0.,0.,-1.));
#9856=DIRECTION('center_axis',(-0.000559097778707342,-0.999999843704825,
0.));
#9857=DIRECTION('ref_axis',(0.,0.,-1.));
#9858=DIRECTION('',(-0.999999843704825,0.000559097778707342,0.));
#9859=DIRECTION('center_axis',(0.,0.,-1.));
#9860=DIRECTION('ref_axis',(1.,0.,0.));
#9861=DIRECTION('center_axis',(0.,0.,-1.));
#9862=DIRECTION('ref_axis',(1.,0.,0.));
#9863=DIRECTION('center_axis',(0.,0.,1.));
#9864=DIRECTION('ref_axis',(1.,0.,0.));
#9865=DIRECTION('center_axis',(0.,0.,-1.));
#9866=DIRECTION('ref_axis',(1.,0.,0.));
#9867=DIRECTION('center_axis',(0.,0.,1.));
#9868=DIRECTION('ref_axis',(1.,0.,0.));
#9869=DIRECTION('',(0.,0.,1.));
#9870=DIRECTION('center_axis',(0.,0.,1.));
#9871=DIRECTION('ref_axis',(1.,0.,0.));
#9872=DIRECTION('',(0.,0.,-1.));
#9873=DIRECTION('center_axis',(0.,0.,-1.));
#9874=DIRECTION('ref_axis',(1.,0.,0.));
#9875=DIRECTION('center_axis',(0.,0.,-1.));
#9876=DIRECTION('ref_axis',(1.,0.,0.));
#9877=DIRECTION('',(-0.999999843704825,0.000559097778709181,0.));
#9878=DIRECTION('',(0.000559097778715257,0.999999843704825,0.));
#9879=DIRECTION('',(-0.74276744931062,-0.669549487524705,0.));
#9880=DIRECTION('',(-0.761131148658519,-0.648598006890064,0.));
#9881=DIRECTION('',(-0.999999843704825,0.000559097778714878,0.));
#9882=DIRECTION('',(0.00055909777871543,0.999999843704825,0.));
#9883=DIRECTION('',(0.999999843704825,-0.00055909777870918,0.));
#9884=DIRECTION('',(-0.000559097778715444,-0.999999843704825,0.));
#9885=DIRECTION('',(0.754386624811056,0.656430362114812,0.));
#9886=DIRECTION('',(0.999999843704825,-0.00055909777870918,0.));
#9887=DIRECTION('',(-0.00055909777871524,-0.999999843704825,0.));
#9888=DIRECTION('center_axis',(-0.000559097778709181,-0.999999843704825,
0.));
#9889=DIRECTION('ref_axis',(0.,0.,-1.));
#9890=DIRECTION('',(0.,0.,-1.));
#9891=DIRECTION('',(-0.999999843704825,0.000559097778709181,0.));
#9892=DIRECTION('',(0.,0.,-1.));
#9893=DIRECTION('center_axis',(-0.999999843704825,0.000559097778715257,
0.));
#9894=DIRECTION('ref_axis',(0.,0.,1.));
#9895=DIRECTION('',(0.000559097778715257,0.999999843704825,0.));
#9896=DIRECTION('',(0.,0.,-1.));
#9897=DIRECTION('',(0.,0.,-1.));
#9898=DIRECTION('center_axis',(0.669549487524705,-0.74276744931062,0.));
#9899=DIRECTION('ref_axis',(0.,0.,-1.));
#9900=DIRECTION('',(-0.74276744931062,-0.669549487524705,0.));
#9901=DIRECTION('',(0.,0.,-1.));
#9902=DIRECTION('center_axis',(0.648598006890064,-0.761131148658519,0.));
#9903=DIRECTION('ref_axis',(0.,0.,-1.));
#9904=DIRECTION('',(-0.761131148658519,-0.648598006890064,0.));
#9905=DIRECTION('',(0.,0.,-1.));
#9906=DIRECTION('center_axis',(-0.000559097778714878,-0.999999843704825,
0.));
#9907=DIRECTION('ref_axis',(0.,0.,-1.));
#9908=DIRECTION('',(-0.999999843704825,0.000559097778714878,0.));
#9909=DIRECTION('',(0.,0.,-1.));
#9910=DIRECTION('center_axis',(-0.999999843704825,0.00055909777871543,0.));
#9911=DIRECTION('ref_axis',(0.,0.,1.));
#9912=DIRECTION('',(0.00055909777871543,0.999999843704825,0.));
#9913=DIRECTION('',(0.,0.,-1.));
#9914=DIRECTION('center_axis',(0.00055909777870918,0.999999843704825,0.));
#9915=DIRECTION('ref_axis',(0.,0.,1.));
#9916=DIRECTION('',(0.999999843704825,-0.00055909777870918,0.));
#9917=DIRECTION('',(0.,0.,-1.));
#9918=DIRECTION('center_axis',(0.999999843704825,-0.000559097778715444,
0.));
#9919=DIRECTION('ref_axis',(0.,0.,-1.));
#9920=DIRECTION('',(-0.000559097778715444,-0.999999843704825,0.));
#9921=DIRECTION('',(0.,0.,-1.));
#9922=DIRECTION('',(0.,0.,-1.));
#9923=DIRECTION('center_axis',(-0.656430362114812,0.754386624811056,0.));
#9924=DIRECTION('ref_axis',(0.,0.,1.));
#9925=DIRECTION('',(0.754386624811056,0.656430362114812,0.));
#9926=DIRECTION('',(0.,0.,-1.));
#9927=DIRECTION('center_axis',(0.00055909777870918,0.999999843704825,0.));
#9928=DIRECTION('ref_axis',(0.,0.,1.));
#9929=DIRECTION('',(0.999999843704825,-0.00055909777870918,0.));
#9930=DIRECTION('',(0.,0.,-1.));
#9931=DIRECTION('center_axis',(0.999999843704825,-0.00055909777871524,0.));
#9932=DIRECTION('ref_axis',(0.,0.,-1.));
#9933=DIRECTION('',(-0.00055909777871524,-0.999999843704825,0.));
#9934=DIRECTION('center_axis',(0.,0.,-1.));
#9935=DIRECTION('ref_axis',(1.,0.,0.));
#9936=DIRECTION('center_axis',(0.,0.,-1.));
#9937=DIRECTION('ref_axis',(1.,0.,0.));
#9938=DIRECTION('center_axis',(0.,0.,-1.));
#9939=DIRECTION('ref_axis',(1.,0.,0.));
#9940=DIRECTION('center_axis',(0.,0.,1.));
#9941=DIRECTION('ref_axis',(-0.936329177569044,0.351123441588392,0.));
#9942=DIRECTION('center_axis',(0.,0.,1.));
#9943=DIRECTION('ref_axis',(-0.936329177569044,0.351123441588392,0.));
#9944=DIRECTION('',(0.,0.,1.));
#9945=DIRECTION('center_axis',(0.,0.,1.));
#9946=DIRECTION('ref_axis',(-0.936329177569044,0.351123441588392,0.));
#9947=DIRECTION('',(0.,0.,-1.));
#9948=DIRECTION('center_axis',(0.,0.,1.));
#9949=DIRECTION('ref_axis',(0.351123441588392,0.936329177569044,0.));
#9950=DIRECTION('',(0.,0.,1.));
#9951=DIRECTION('center_axis',(0.,0.,1.));
#9952=DIRECTION('ref_axis',(0.351123441588392,0.936329177569044,0.));
#9953=DIRECTION('',(0.,0.,1.));
#9954=DIRECTION('center_axis',(0.,0.,1.));
#9955=DIRECTION('ref_axis',(0.351123441588392,0.936329177569044,0.));
#9956=DIRECTION('center_axis',(0.,-1.,0.));
#9957=DIRECTION('ref_axis',(1.,0.,0.));
#9958=DIRECTION('',(1.,0.,0.));
#9959=DIRECTION('',(1.,0.,0.));
#9960=DIRECTION('center_axis',(0.,0.,-1.));
#9961=DIRECTION('ref_axis',(1.,0.,0.));
#9962=DIRECTION('',(-1.,0.,0.));
#9963=DIRECTION('center_axis',(0.,0.,1.));
#9964=DIRECTION('ref_axis',(-0.351123441588392,-0.936329177569044,0.));
#9965=DIRECTION('',(0.,0.,1.));
#9966=DIRECTION('center_axis',(0.,0.,1.));
#9967=DIRECTION('ref_axis',(-0.351123441588392,-0.936329177569044,0.));
#9968=DIRECTION('',(0.,0.,1.));
#9969=DIRECTION('center_axis',(0.,0.,1.));
#9970=DIRECTION('ref_axis',(-0.351123441588392,-0.936329177569044,0.));
#9971=DIRECTION('center_axis',(0.,0.,-1.));
#9972=DIRECTION('ref_axis',(1.,0.,0.));
#9973=DIRECTION('',(1.,0.,0.));
#9974=DIRECTION('',(-1.,-1.5419764230905E-16,0.));
#9975=DIRECTION('center_axis',(0.,0.,1.));
#9976=DIRECTION('ref_axis',(0.936329177569044,-0.351123441588392,0.));
#9977=DIRECTION('center_axis',(-1.5419764230905E-16,1.,0.));
#9978=DIRECTION('ref_axis',(-1.,-1.5419764230905E-16,0.));
#9979=DIRECTION('',(-1.,-1.5419764230905E-16,0.));
#9980=DIRECTION('',(0.,0.,1.));
#9981=DIRECTION('center_axis',(0.,0.,1.));
#9982=DIRECTION('ref_axis',(0.936329177569044,-0.351123441588392,0.));
#9983=DIRECTION('center_axis',(0.,0.,1.));
#9984=DIRECTION('ref_axis',(0.936329177569044,-0.351123441588392,0.));
#9985=DIRECTION('',(0.,0.,-1.));
#9986=DIRECTION('center_axis',(0.,1.,0.));
#9987=DIRECTION('ref_axis',(-1.,0.,0.));
#9988=DIRECTION('',(-1.,0.,0.));
#9989=DIRECTION('',(0.,0.,1.));
#9990=DIRECTION('',(1.,0.,0.));
#9991=DIRECTION('center_axis',(0.,1.,0.));
#9992=DIRECTION('ref_axis',(-1.,0.,0.));
#9993=DIRECTION('',(1.,0.,0.));
#9994=DIRECTION('',(0.,0.,-1.));
#9995=DIRECTION('',(-1.,0.,0.));
#9996=DIRECTION('center_axis',(0.,0.,-1.));
#9997=DIRECTION('ref_axis',(1.,0.,0.));
#9998=DIRECTION('center_axis',(0.,0.,1.));
#9999=DIRECTION('ref_axis',(0.707106781186547,0.707106781186547,0.));
#10000=DIRECTION('',(0.,-1.,0.));
#10001=DIRECTION('center_axis',(0.,0.,1.));
#10002=DIRECTION('ref_axis',(0.707106781186547,-0.707106781186547,0.));
#10003=DIRECTION('',(-1.,0.,0.));
#10004=DIRECTION('',(-1.,0.,0.));
#10005=DIRECTION('center_axis',(0.,0.,1.));
#10006=DIRECTION('ref_axis',(-0.707106781186547,-0.707106781186547,0.));
#10007=DIRECTION('',(0.,1.,0.));
#10008=DIRECTION('center_axis',(0.,0.,1.));
#10009=DIRECTION('ref_axis',(-0.707106781186547,0.707106781186547,0.));
#10010=DIRECTION('center_axis',(0.,0.,1.));
#10011=DIRECTION('ref_axis',(1.,0.,0.));
#10012=DIRECTION('center_axis',(0.,0.,1.));
#10013=DIRECTION('ref_axis',(1.,0.,0.));
#10014=DIRECTION('center_axis',(0.,0.,1.));
#10015=DIRECTION('ref_axis',(1.,0.,0.));
#10016=DIRECTION('center_axis',(0.,0.,1.));
#10017=DIRECTION('ref_axis',(1.,0.,0.));
#10018=DIRECTION('',(1.,0.,0.));
#10019=DIRECTION('',(0.,-1.,0.));
#10020=DIRECTION('',(1.,0.,0.));
#10021=DIRECTION('',(0.,1.,0.));
#10022=DIRECTION('',(-1.,0.,0.));
#10023=DIRECTION('',(0.,-1.,0.));
#10024=DIRECTION('',(-1.,0.,0.));
#10025=DIRECTION('',(0.,1.,0.));
#10026=DIRECTION('center_axis',(0.,0.,1.));
#10027=DIRECTION('ref_axis',(-1.,0.,0.));
#10028=DIRECTION('',(0.,-1.,0.));
#10029=DIRECTION('',(1.,0.,0.));
#10030=DIRECTION('',(0.,1.,0.));
#10031=DIRECTION('center_axis',(0.,-1.,0.));
#10032=DIRECTION('ref_axis',(1.,0.,0.));
#10033=DIRECTION('',(0.,0.,-1.));
#10034=DIRECTION('',(1.,0.,0.));
#10035=DIRECTION('center_axis',(0.,-1.,0.));
#10036=DIRECTION('ref_axis',(1.,0.,0.));
#10037=DIRECTION('',(1.,0.,0.));
#10038=DIRECTION('',(0.,0.,1.));
#10039=DIRECTION('center_axis',(1.,0.,0.));
#10040=DIRECTION('ref_axis',(0.,-0.707106781186547,0.707106781186547));
#10041=DIRECTION('center_axis',(-1.,0.,0.));
#10042=DIRECTION('ref_axis',(0.,-1.,0.));
#10043=DIRECTION('center_axis',(-1.,0.,0.));
#10044=DIRECTION('ref_axis',(0.,-1.,0.));
#10045=DIRECTION('',(-1.,0.,0.));
#10046=DIRECTION('center_axis',(1.,0.,0.));
#10047=DIRECTION('ref_axis',(0.,0.,1.));
#10048=DIRECTION('center_axis',(1.,0.,0.));
#10049=DIRECTION('ref_axis',(0.,0.,1.));
#10050=DIRECTION('center_axis',(0.20754204615552,-0.813767750587085,-0.54287046998526));
#10051=DIRECTION('ref_axis',(-0.290595099797139,-0.581190199594278,0.760113438816506));
#10052=DIRECTION('center_axis',(0.,1.,0.));
#10053=DIRECTION('ref_axis',(-1.,0.,0.));
#10054=DIRECTION('center_axis',(0.,0.,1.));
#10055=DIRECTION('ref_axis',(-0.707106781186547,-0.707106781186547,0.));
#10056=DIRECTION('center_axis',(-0.20754204615552,-0.813767750587085,-0.54287046998526));
#10057=DIRECTION('ref_axis',(0.290595099797139,-0.581190199594278,0.760113438816506));
#10058=DIRECTION('center_axis',(0.,0.,1.));
#10059=DIRECTION('ref_axis',(0.707106781186548,-0.707106781186547,0.));
#10060=DIRECTION('center_axis',(0.,1.,0.));
#10061=DIRECTION('ref_axis',(0.,0.,1.));
#10062=DIRECTION('center_axis',(0.20754204615552,-0.813767750587084,0.54287046998526));
#10063=DIRECTION('ref_axis',(0.290595099797139,0.581190199594278,0.760113438816506));
#10064=DIRECTION('center_axis',(-1.,0.,0.));
#10065=DIRECTION('ref_axis',(0.,0.,1.));
#10066=DIRECTION('center_axis',(0.,-1.,0.));
#10067=DIRECTION('ref_axis',(1.,0.,0.));
#10068=DIRECTION('center_axis',(0.,0.,1.));
#10069=DIRECTION('ref_axis',(0.707106781186548,0.707106781186548,0.));
#10070=DIRECTION('center_axis',(-1.,0.,0.));
#10071=DIRECTION('ref_axis',(0.,0.,1.));
#10072=DIRECTION('center_axis',(-0.20754204615552,-0.813767750587085,0.54287046998526));
#10073=DIRECTION('ref_axis',(-0.290595099797139,0.581190199594278,0.760113438816506));
#10074=DIRECTION('center_axis',(1.,0.,0.));
#10075=DIRECTION('ref_axis',(0.,1.,0.));
#10076=DIRECTION('center_axis',(0.,0.,1.));
#10077=DIRECTION('ref_axis',(-0.707106781186547,0.707106781186548,0.));
#10078=DIRECTION('center_axis',(0.,-1.,0.));
#10079=DIRECTION('ref_axis',(0.,0.,1.));
#10080=DIRECTION('center_axis',(1.,0.,0.));
#10081=DIRECTION('ref_axis',(0.,1.,0.));
#10082=DIRECTION('center_axis',(0.,-1.,0.));
#10083=DIRECTION('ref_axis',(-0.707106781186547,0.,0.707106781186547));
#10084=DIRECTION('',(0.,-1.,0.));
#10085=DIRECTION('',(0.,1.,0.));
#10086=DIRECTION('center_axis',(-1.,0.,0.));
#10087=DIRECTION('ref_axis',(0.,0.707106781186547,0.707106781186547));
#10088=DIRECTION('',(1.,0.,0.));
#10089=DIRECTION('center_axis',(0.,1.,0.));
#10090=DIRECTION('ref_axis',(0.707106781186547,0.,0.707106781186547));
#10091=DIRECTION('',(0.,1.,0.));
#10092=DIRECTION('',(0.,-1.,0.));
#10093=DIRECTION('center_axis',(0.,0.,-1.));
#10094=DIRECTION('ref_axis',(-0.707106781186547,0.707106781186547,0.));
#10095=DIRECTION('',(0.,0.,1.));
#10096=DIRECTION('center_axis',(0.,0.,1.));
#10097=DIRECTION('ref_axis',(0.707106781186547,0.707106781186547,0.));
#10098=DIRECTION('',(0.,0.,-1.));
#10099=DIRECTION('center_axis',(1.,0.,0.));
#10100=DIRECTION('ref_axis',(0.,1.,0.));
#10101=DIRECTION('',(0.,0.,1.));
#10102=DIRECTION('center_axis',(0.,0.,-1.));
#10103=DIRECTION('ref_axis',(1.,0.,0.));
#10104=DIRECTION('',(0.,0.,-1.));
#10105=DIRECTION('center_axis',(0.,0.,-1.));
#10106=DIRECTION('ref_axis',(1.,0.,0.));
#10107=DIRECTION('center_axis',(0.,0.,-1.));
#10108=DIRECTION('ref_axis',(1.,0.,0.));
#10109=DIRECTION('',(0.,0.,-1.));
#10110=DIRECTION('center_axis',(0.,0.,-1.));
#10111=DIRECTION('ref_axis',(1.,0.,0.));
#10112=DIRECTION('center_axis',(0.,0.,1.));
#10113=DIRECTION('ref_axis',(1.,0.,0.));
#10114=DIRECTION('',(-4.93432455388958E-16,-1.,0.));
#10115=DIRECTION('center_axis',(0.,0.,-1.));
#10116=DIRECTION('ref_axis',(1.,0.,0.));
#10117=DIRECTION('',(4.93432455388958E-16,1.,0.));
#10118=DIRECTION('center_axis',(0.,0.,-1.));
#10119=DIRECTION('ref_axis',(-1.,0.,0.));
#10120=DIRECTION('center_axis',(0.,0.,-1.));
#10121=DIRECTION('ref_axis',(1.,0.,0.));
#10122=DIRECTION('',(0.,0.,-1.));
#10123=DIRECTION('center_axis',(0.,0.,-1.));
#10124=DIRECTION('ref_axis',(1.,0.,0.));
#10125=DIRECTION('center_axis',(0.,0.,-1.));
#10126=DIRECTION('ref_axis',(1.,0.,0.));
#10127=DIRECTION('',(0.,0.,-1.));
#10128=DIRECTION('center_axis',(0.,0.,-1.));
#10129=DIRECTION('ref_axis',(1.,0.,0.));
#10130=DIRECTION('center_axis',(0.,0.,1.));
#10131=DIRECTION('ref_axis',(-0.707106781186547,-0.707106781186547,0.));
#10132=DIRECTION('',(0.,0.,-1.));
#10133=DIRECTION('center_axis',(-1.,0.,0.));
#10134=DIRECTION('ref_axis',(0.,-1.,0.));
#10135=DIRECTION('center_axis',(0.,0.,1.));
#10136=DIRECTION('ref_axis',(0.707106781186547,-0.707106781186547,0.));
#10137=DIRECTION('center_axis',(0.,0.,-1.));
#10138=DIRECTION('ref_axis',(1.,0.,0.));
#10139=DIRECTION('center_axis',(0.,0.,-1.));
#10140=DIRECTION('ref_axis',(1.,0.,0.));
#10141=DIRECTION('center_axis',(0.,0.,-1.));
#10142=DIRECTION('ref_axis',(1.,0.,0.));
#10143=DIRECTION('',(0.,0.,-1.));
#10144=DIRECTION('center_axis',(0.,0.,-1.));
#10145=DIRECTION('ref_axis',(1.,0.,0.));
#10146=DIRECTION('center_axis',(0.,0.,-1.));
#10147=DIRECTION('ref_axis',(1.,0.,0.));
#10148=DIRECTION('center_axis',(0.,0.,-1.));
#10149=DIRECTION('ref_axis',(1.,0.,0.));
#10150=DIRECTION('',(0.,0.,-1.));
#10151=DIRECTION('center_axis',(0.,0.,-1.));
#10152=DIRECTION('ref_axis',(1.,0.,0.));
#10153=DIRECTION('center_axis',(0.,0.,-1.));
#10154=DIRECTION('ref_axis',(1.,0.,0.));
#10155=DIRECTION('center_axis',(0.,0.,-1.));
#10156=DIRECTION('ref_axis',(1.,0.,0.));
#10157=DIRECTION('',(0.,0.,-1.));
#10158=DIRECTION('center_axis',(0.,0.,-1.));
#10159=DIRECTION('ref_axis',(1.,0.,0.));
#10160=DIRECTION('center_axis',(0.,0.,-1.));
#10161=DIRECTION('ref_axis',(1.,0.,0.));
#10162=DIRECTION('center_axis',(0.,0.,-1.));
#10163=DIRECTION('ref_axis',(1.,0.,0.));
#10164=DIRECTION('',(0.,0.,-1.));
#10165=DIRECTION('center_axis',(0.,1.,0.));
#10166=DIRECTION('ref_axis',(1.,0.,0.));
#10167=DIRECTION('',(1.,0.,0.));
#10168=DIRECTION('',(0.,0.,1.));
#10169=DIRECTION('',(0.,0.,-1.));
#10170=DIRECTION('center_axis',(0.,-1.,0.));
#10171=DIRECTION('ref_axis',(-1.,0.,0.));
#10172=DIRECTION('',(-1.,0.,0.));
#10173=DIRECTION('',(0.,0.,1.));
#10174=DIRECTION('',(0.,0.,-1.));
#10175=DIRECTION('center_axis',(-1.,0.,0.));
#10176=DIRECTION('ref_axis',(0.,1.,0.));
#10177=DIRECTION('',(0.,0.,-1.));
#10178=DIRECTION('',(0.,1.,0.));
#10179=DIRECTION('center_axis',(-1.,0.,0.));
#10180=DIRECTION('ref_axis',(0.,1.,0.));
#10181=DIRECTION('',(0.,-1.,0.));
#10182=DIRECTION('',(0.,0.,-1.));
#10183=DIRECTION('center_axis',(0.,-1.,0.));
#10184=DIRECTION('ref_axis',(-1.,0.,0.));
#10185=DIRECTION('',(-1.,0.,0.));
#10186=DIRECTION('',(0.,0.,-1.));
#10187=DIRECTION('',(0.,0.,-1.));
#10188=DIRECTION('center_axis',(1.,0.,0.));
#10189=DIRECTION('ref_axis',(0.,-1.,0.));
#10190=DIRECTION('',(0.,-1.,0.));
#10191=DIRECTION('',(0.,0.,-1.));
#10192=DIRECTION('center_axis',(0.,1.,0.));
#10193=DIRECTION('ref_axis',(1.,0.,0.));
#10194=DIRECTION('',(1.,0.,0.));
#10195=DIRECTION('center_axis',(-1.,0.,0.));
#10196=DIRECTION('ref_axis',(0.,1.,0.));
#10197=DIRECTION('',(0.,1.,0.));
#10198=DIRECTION('center_axis',(0.,0.,-1.));
#10199=DIRECTION('ref_axis',(1.,0.,0.));
#10200=DIRECTION('',(0.,-1.,0.));
#10201=DIRECTION('',(-1.,0.,0.));
#10202=DIRECTION('',(0.,1.,0.));
#10203=DIRECTION('center_axis',(0.,0.,-1.));
#10204=DIRECTION('ref_axis',(-1.,0.,0.));
#10205=DIRECTION('',(4.93432455388958E-16,1.,0.));
#10206=DIRECTION('center_axis',(0.,0.,1.));
#10207=DIRECTION('ref_axis',(-1.,0.,0.));
#10208=DIRECTION('',(-4.93432455388958E-16,-1.,0.));
#10209=DIRECTION('center_axis',(0.,0.,1.));
#10210=DIRECTION('ref_axis',(1.,0.,0.));
#10211=DIRECTION('center_axis',(-1.,0.,0.));
#10212=DIRECTION('ref_axis',(0.,1.,0.));
#10213=DIRECTION('',(0.,0.,-1.));
#10214=DIRECTION('center_axis',(0.,1.,0.));
#10215=DIRECTION('ref_axis',(1.,0.,0.));
#10216=DIRECTION('',(0.,0.,-1.));
#10217=DIRECTION('center_axis',(1.,0.,0.));
#10218=DIRECTION('ref_axis',(0.,-1.,0.));
#10219=DIRECTION('',(0.,0.,-1.));
#10220=DIRECTION('center_axis',(0.,0.,-1.));
#10221=DIRECTION('ref_axis',(-1.,0.,0.));
#10222=DIRECTION('center_axis',(1.,-4.93432455388958E-16,0.));
#10223=DIRECTION('ref_axis',(4.93432455388958E-16,1.,0.));
#10224=DIRECTION('',(0.,0.,1.));
#10225=DIRECTION('',(0.,0.,1.));
#10226=DIRECTION('center_axis',(0.,0.,1.));
#10227=DIRECTION('ref_axis',(1.,0.,0.));
#10228=DIRECTION('',(0.,0.,1.));
#10229=DIRECTION('center_axis',(-1.,4.93432455388958E-16,0.));
#10230=DIRECTION('ref_axis',(-4.93432455388958E-16,-1.,0.));
#10231=DIRECTION('',(0.,0.,1.));
#10232=DIRECTION('center_axis',(0.,0.,1.));
#10233=DIRECTION('ref_axis',(-1.,0.,0.));
#10234=CARTESIAN_POINT('',(0.,0.,0.));
#10235=CARTESIAN_POINT('Origin',(28.5,2.25,-1.6));
#10236=CARTESIAN_POINT('',(24.9656690029413,2.2278188799695,-1.6));
#10237=CARTESIAN_POINT('',(24.9656690029413,1.41472211826601,-1.6));
#10238=CARTESIAN_POINT('',(24.9656690029413,2.2278188799695,-1.6));
#10239=CARTESIAN_POINT('',(24.452708449772,2.2278188799695,-1.6));
#10240=CARTESIAN_POINT('',(24.452708449772,2.2278188799695,-1.6));
#10241=CARTESIAN_POINT('',(23.8660777477533,2.40449017632761,-1.6));
#10242=CARTESIAN_POINT('Ctrl Pts',(23.8660777477533,2.40449017632761,-1.6));
#10243=CARTESIAN_POINT('Ctrl Pts',(23.9396492789193,2.35327356405729,-1.6));
#10244=CARTESIAN_POINT('Ctrl Pts',(24.1141338574503,2.23180662074192,-1.6));
#10245=CARTESIAN_POINT('Ctrl Pts',(24.3286456741385,2.22928009472085,-1.6));
#10246=CARTESIAN_POINT('Ctrl Pts',(24.452708449772,2.2278188799695,-1.6));
#10247=CARTESIAN_POINT('',(23.7037313846856,2.83627739895144,-1.6));
#10248=CARTESIAN_POINT('Ctrl Pts',(23.7037313846856,2.83627739895144,-1.6));
#10249=CARTESIAN_POINT('Ctrl Pts',(23.7100238005367,2.75502751829399,-1.6));
#10250=CARTESIAN_POINT('Ctrl Pts',(23.7223980938275,2.59524630279672,-1.6));
#10251=CARTESIAN_POINT('Ctrl Pts',(23.8187308707375,2.46735020287386,-1.6));
#10252=CARTESIAN_POINT('Ctrl Pts',(23.8660777477533,2.40449017632761,-1.6));
#10253=CARTESIAN_POINT('',(23.7644410995752,3.10912868727007,-1.6));
#10254=CARTESIAN_POINT('Ctrl Pts',(23.7644410995752,3.10912868727007,-1.6));
#10255=CARTESIAN_POINT('Ctrl Pts',(23.7467360458893,3.06626811078497,-1.6));
#10256=CARTESIAN_POINT('Ctrl Pts',(23.7106387316746,2.97888336040521,-1.6));
#10257=CARTESIAN_POINT('Ctrl Pts',(23.7060628715064,2.88441222122453,-1.6));
#10258=CARTESIAN_POINT('Ctrl Pts',(23.7037313846856,2.83627739895144,-1.6));
#10259=CARTESIAN_POINT('',(23.9247412351877,3.30217099536219,-1.6));
#10260=CARTESIAN_POINT('Ctrl Pts',(23.9247412351877,3.30217099536219,-1.6));
#10261=CARTESIAN_POINT('Ctrl Pts',(23.8928411433624,3.27623006172383,-1.6));
#10262=CARTESIAN_POINT('Ctrl Pts',(23.826753011793,3.22248765105238,-1.6));
#10263=CARTESIAN_POINT('Ctrl Pts',(23.7856856495369,3.1477771588699,-1.6));
#10264=CARTESIAN_POINT('Ctrl Pts',(23.7644410995752,3.10912868727007,-1.6));
#10265=CARTESIAN_POINT('',(24.1716713575632,3.39562243569651,-1.6));
#10266=CARTESIAN_POINT('Ctrl Pts',(24.1716713575632,3.39562243569651,-1.6));
#10267=CARTESIAN_POINT('Ctrl Pts',(24.125562641836,3.38627150884309,-1.6));
#10268=CARTESIAN_POINT('Ctrl Pts',(24.0380852698437,3.36853094734774,-1.6));
#10269=CARTESIAN_POINT('Ctrl Pts',(23.961132658911,3.32347721706407,-1.6));
#10270=CARTESIAN_POINT('Ctrl Pts',(23.9247412351877,3.30217099536219,-1.6));
#10271=CARTESIAN_POINT('',(24.4759006170541,3.41472214806834,-1.6));
#10272=CARTESIAN_POINT('Ctrl Pts',(24.4759006170541,3.41472214806834,-1.6));
#10273=CARTESIAN_POINT('Ctrl Pts',(24.4172538964351,3.41453965176127,-1.6));
#10274=CARTESIAN_POINT('Ctrl Pts',(24.3154256648827,3.41422278363944,-1.6));
#10275=CARTESIAN_POINT('Ctrl Pts',(24.214479020599,3.40116131270087,-1.6));
#10276=CARTESIAN_POINT('Ctrl Pts',(24.1716713575632,3.39562243569651,-1.6));
#10277=CARTESIAN_POINT('',(25.2303344873697,3.41472214806834,-1.6));
#10278=CARTESIAN_POINT('',(25.2303344873697,3.41472214806834,-1.6));
#10279=CARTESIAN_POINT('',(25.2303344873697,1.41472211826601,-1.6));
#10280=CARTESIAN_POINT('',(25.2303344873697,1.41472211826601,-1.6));
#10281=CARTESIAN_POINT('',(24.9656690029413,1.41472211826601,-1.6));
#10282=CARTESIAN_POINT('',(24.4540728000909,3.17870578516283,-1.6));
#10283=CARTESIAN_POINT('',(24.9656690029413,3.17870578516283,-1.6));
#10284=CARTESIAN_POINT('',(24.4540728000909,3.17870578516283,-1.6));
#10285=CARTESIAN_POINT('',(24.207142081669,3.16097042310992,-1.6));
#10286=CARTESIAN_POINT('Ctrl Pts',(24.207142081669,3.16097042310992,-1.6));
#10287=CARTESIAN_POINT('Ctrl Pts',(24.2388039781222,3.16608221014784,-1.6));
#10288=CARTESIAN_POINT('Ctrl Pts',(24.3205010809712,3.17927213994235,-1.6));
#10289=CARTESIAN_POINT('Ctrl Pts',(24.4033389400902,3.17892090078973,-1.6));
#10290=CARTESIAN_POINT('Ctrl Pts',(24.4540728000909,3.17870578516283,-1.6));
#10291=CARTESIAN_POINT('',(24.0400207905084,3.04296216715136,-1.6));
#10292=CARTESIAN_POINT('Ctrl Pts',(24.0400207905084,3.04296216715136,-1.6));
#10293=CARTESIAN_POINT('Ctrl Pts',(24.062755066598,3.07019428048235,-1.6));
#10294=CARTESIAN_POINT('Ctrl Pts',(24.1079940710517,3.12438354480782,-1.6));
#10295=CARTESIAN_POINT('Ctrl Pts',(24.1742047315411,3.14881612154382,-1.6));
#10296=CARTESIAN_POINT('Ctrl Pts',(24.207142081669,3.16097042310992,-1.6));
#10297=CARTESIAN_POINT('',(23.9765829710275,2.82809174407282,-1.6));
#10298=CARTESIAN_POINT('Ctrl Pts',(23.9765829710275,2.82809174407282,-1.6));
#10299=CARTESIAN_POINT('Ctrl Pts',(23.978819610336,2.86783577348706,-1.6));
#10300=CARTESIAN_POINT('Ctrl Pts',(23.9831358824183,2.94453389997583,-1.6));
#10301=CARTESIAN_POINT('Ctrl Pts',(24.0215246243118,3.01095814975475,-1.6));
#10302=CARTESIAN_POINT('Ctrl Pts',(24.0400207905084,3.04296216715136,-1.6));
#10303=CARTESIAN_POINT('',(24.0843588976175,2.5593333576993,-1.6));
#10304=CARTESIAN_POINT('Ctrl Pts',(24.0843588976175,2.5593333576993,-1.6));
#10305=CARTESIAN_POINT('Ctrl Pts',(24.052948124822,2.59579357448145,-1.6));
#10306=CARTESIAN_POINT('Ctrl Pts',(23.9866290375094,2.67277379766634,-1.6));
#10307=CARTESIAN_POINT('Ctrl Pts',(23.9800473615193,2.77453028121493,-1.6));
#10308=CARTESIAN_POINT('Ctrl Pts',(23.9765829710275,2.82809174407282,-1.6));
#10309=CARTESIAN_POINT('',(24.4486153988153,2.46383539188662,-1.6));
#10310=CARTESIAN_POINT('Ctrl Pts',(24.4486153988153,2.46383539188662,-1.6));
#10311=CARTESIAN_POINT('Ctrl Pts',(24.3734433558809,2.4646910277504,-1.6));
#10312=CARTESIAN_POINT('Ctrl Pts',(24.2431760967441,2.46617377764575,-1.6));
#10313=CARTESIAN_POINT('Ctrl Pts',(24.1315640717313,2.53164357207799,-1.6));
#10314=CARTESIAN_POINT('Ctrl Pts',(24.0843588976175,2.5593333576993,-1.6));
#10315=CARTESIAN_POINT('',(24.9656690029413,2.46383539188662,-1.6));
#10316=CARTESIAN_POINT('',(24.9656690029413,2.46383539188662,-1.6));
#10317=CARTESIAN_POINT('',(24.9656690029413,3.17870578516283,-1.6));
#10318=CARTESIAN_POINT('Origin',(24.9656690029413,1.82127049911776,-2.));
#10319=CARTESIAN_POINT('',(24.9656690029413,1.41472211826601,-2.));
#10320=CARTESIAN_POINT('',(24.9656690029413,1.41472211826601,-2.));
#10321=CARTESIAN_POINT('',(24.9656690029413,2.2278188799695,-2.));
#10322=CARTESIAN_POINT('',(24.9656690029413,2.03563524955888,-2.));
#10323=CARTESIAN_POINT('',(24.9656690029413,2.2278188799695,-2.));
#10324=CARTESIAN_POINT('Origin',(24.7091887263566,2.2278188799695,-2.));
#10325=CARTESIAN_POINT('',(24.452708449772,2.2278188799695,-2.));
#10326=CARTESIAN_POINT('',(26.6045943631783,2.2278188799695,-2.));
#10327=CARTESIAN_POINT('',(24.452708449772,2.2278188799695,-2.));
#10328=CARTESIAN_POINT('Ctrl Pts',(23.8660777477533,2.40449017632761,-1.6));
#10329=CARTESIAN_POINT('Ctrl Pts',(23.8660777477533,2.40449017632761,-2.));
#10330=CARTESIAN_POINT('Ctrl Pts',(23.9396492789193,2.35327356405729,-1.6));
#10331=CARTESIAN_POINT('Ctrl Pts',(23.9396492789193,2.35327356405729,-2.));
#10332=CARTESIAN_POINT('Ctrl Pts',(24.1141338574503,2.23180662074192,-1.6));
#10333=CARTESIAN_POINT('Ctrl Pts',(24.1141338574503,2.23180662074192,-2.));
#10334=CARTESIAN_POINT('Ctrl Pts',(24.3286456741385,2.22928009472085,-1.6));
#10335=CARTESIAN_POINT('Ctrl Pts',(24.3286456741385,2.22928009472085,-2.));
#10336=CARTESIAN_POINT('Ctrl Pts',(24.452708449772,2.2278188799695,-1.6));
#10337=CARTESIAN_POINT('Ctrl Pts',(24.452708449772,2.2278188799695,-2.));
#10338=CARTESIAN_POINT('',(23.8660777477533,2.40449017632761,-2.));
#10339=CARTESIAN_POINT('Ctrl Pts',(23.8660777477533,2.40449017632761,-2.));
#10340=CARTESIAN_POINT('Ctrl Pts',(23.9396492789193,2.35327356405729,-2.));
#10341=CARTESIAN_POINT('Ctrl Pts',(24.1141338574503,2.23180662074192,-2.));
#10342=CARTESIAN_POINT('Ctrl Pts',(24.3286456741385,2.22928009472085,-2.));
#10343=CARTESIAN_POINT('Ctrl Pts',(24.452708449772,2.2278188799695,-2.));
#10344=CARTESIAN_POINT('',(23.8660777477533,2.40449017632761,-2.));
#10345=CARTESIAN_POINT('Ctrl Pts',(23.7037313846856,2.83627739895144,-1.6));
#10346=CARTESIAN_POINT('Ctrl Pts',(23.7037313846856,2.83627739895144,-2.));
#10347=CARTESIAN_POINT('Ctrl Pts',(23.7100238005367,2.75502751829399,-1.6));
#10348=CARTESIAN_POINT('Ctrl Pts',(23.7100238005367,2.75502751829399,-2.));
#10349=CARTESIAN_POINT('Ctrl Pts',(23.7223980938275,2.59524630279672,-1.6));
#10350=CARTESIAN_POINT('Ctrl Pts',(23.7223980938275,2.59524630279672,-2.));
#10351=CARTESIAN_POINT('Ctrl Pts',(23.8187308707375,2.46735020287386,-1.6));
#10352=CARTESIAN_POINT('Ctrl Pts',(23.8187308707375,2.46735020287386,-2.));
#10353=CARTESIAN_POINT('Ctrl Pts',(23.8660777477533,2.40449017632761,-1.6));
#10354=CARTESIAN_POINT('Ctrl Pts',(23.8660777477533,2.40449017632761,-2.));
#10355=CARTESIAN_POINT('',(23.7037313846856,2.83627739895144,-2.));
#10356=CARTESIAN_POINT('Ctrl Pts',(23.7037313846856,2.83627739895144,-2.));
#10357=CARTESIAN_POINT('Ctrl Pts',(23.7100238005367,2.75502751829399,-2.));
#10358=CARTESIAN_POINT('Ctrl Pts',(23.7223980938275,2.59524630279672,-2.));
#10359=CARTESIAN_POINT('Ctrl Pts',(23.8187308707375,2.46735020287386,-2.));
#10360=CARTESIAN_POINT('Ctrl Pts',(23.8660777477533,2.40449017632761,-2.));
#10361=CARTESIAN_POINT('',(23.7037313846856,2.83627739895144,-2.));
#10362=CARTESIAN_POINT('Ctrl Pts',(23.7644410995752,3.10912868727007,-1.6));
#10363=CARTESIAN_POINT('Ctrl Pts',(23.7644410995752,3.10912868727007,-2.));
#10364=CARTESIAN_POINT('Ctrl Pts',(23.7467360458893,3.06626811078497,-1.6));
#10365=CARTESIAN_POINT('Ctrl Pts',(23.7467360458893,3.06626811078497,-2.));
#10366=CARTESIAN_POINT('Ctrl Pts',(23.7106387316746,2.97888336040521,-1.6));
#10367=CARTESIAN_POINT('Ctrl Pts',(23.7106387316746,2.97888336040521,-2.));
#10368=CARTESIAN_POINT('Ctrl Pts',(23.7060628715064,2.88441222122453,-1.6));
#10369=CARTESIAN_POINT('Ctrl Pts',(23.7060628715064,2.88441222122453,-2.));
#10370=CARTESIAN_POINT('Ctrl Pts',(23.7037313846856,2.83627739895144,-1.6));
#10371=CARTESIAN_POINT('Ctrl Pts',(23.7037313846856,2.83627739895144,-2.));
#10372=CARTESIAN_POINT('',(23.7644410995752,3.10912868727007,-2.));
#10373=CARTESIAN_POINT('Ctrl Pts',(23.7644410995752,3.10912868727007,-2.));
#10374=CARTESIAN_POINT('Ctrl Pts',(23.7467360458893,3.06626811078497,-2.));
#10375=CARTESIAN_POINT('Ctrl Pts',(23.7106387316746,2.97888336040521,-2.));
#10376=CARTESIAN_POINT('Ctrl Pts',(23.7060628715064,2.88441222122453,-2.));
#10377=CARTESIAN_POINT('Ctrl Pts',(23.7037313846856,2.83627739895144,-2.));
#10378=CARTESIAN_POINT('',(23.7644410995752,3.10912868727007,-2.));
#10379=CARTESIAN_POINT('Ctrl Pts',(23.9247412351877,3.30217099536219,-1.6));
#10380=CARTESIAN_POINT('Ctrl Pts',(23.9247412351877,3.30217099536219,-2.));
#10381=CARTESIAN_POINT('Ctrl Pts',(23.8928411433624,3.27623006172383,-1.6));
#10382=CARTESIAN_POINT('Ctrl Pts',(23.8928411433624,3.27623006172383,-2.));
#10383=CARTESIAN_POINT('Ctrl Pts',(23.826753011793,3.22248765105238,-1.6));
#10384=CARTESIAN_POINT('Ctrl Pts',(23.826753011793,3.22248765105238,-2.));
#10385=CARTESIAN_POINT('Ctrl Pts',(23.7856856495369,3.1477771588699,-1.6));
#10386=CARTESIAN_POINT('Ctrl Pts',(23.7856856495369,3.1477771588699,-2.));
#10387=CARTESIAN_POINT('Ctrl Pts',(23.7644410995752,3.10912868727007,-1.6));
#10388=CARTESIAN_POINT('Ctrl Pts',(23.7644410995752,3.10912868727007,-2.));
#10389=CARTESIAN_POINT('',(23.9247412351877,3.30217099536219,-2.));
#10390=CARTESIAN_POINT('Ctrl Pts',(23.9247412351877,3.30217099536219,-2.));
#10391=CARTESIAN_POINT('Ctrl Pts',(23.8928411433624,3.27623006172383,-2.));
#10392=CARTESIAN_POINT('Ctrl Pts',(23.826753011793,3.22248765105238,-2.));
#10393=CARTESIAN_POINT('Ctrl Pts',(23.7856856495369,3.1477771588699,-2.));
#10394=CARTESIAN_POINT('Ctrl Pts',(23.7644410995752,3.10912868727007,-2.));
#10395=CARTESIAN_POINT('',(23.9247412351877,3.30217099536219,-2.));
#10396=CARTESIAN_POINT('Ctrl Pts',(24.1716713575632,3.39562243569651,-1.6));
#10397=CARTESIAN_POINT('Ctrl Pts',(24.1716713575632,3.39562243569651,-2.));
#10398=CARTESIAN_POINT('Ctrl Pts',(24.125562641836,3.38627150884309,-1.6));
#10399=CARTESIAN_POINT('Ctrl Pts',(24.125562641836,3.38627150884309,-2.));
#10400=CARTESIAN_POINT('Ctrl Pts',(24.0380852698437,3.36853094734774,-1.6));
#10401=CARTESIAN_POINT('Ctrl Pts',(24.0380852698437,3.36853094734774,-2.));
#10402=CARTESIAN_POINT('Ctrl Pts',(23.961132658911,3.32347721706407,-1.6));
#10403=CARTESIAN_POINT('Ctrl Pts',(23.961132658911,3.32347721706407,-2.));
#10404=CARTESIAN_POINT('Ctrl Pts',(23.9247412351877,3.30217099536219,-1.6));
#10405=CARTESIAN_POINT('Ctrl Pts',(23.9247412351877,3.30217099536219,-2.));
#10406=CARTESIAN_POINT('',(24.1716713575632,3.39562243569651,-2.));
#10407=CARTESIAN_POINT('Ctrl Pts',(24.1716713575632,3.39562243569651,-2.));
#10408=CARTESIAN_POINT('Ctrl Pts',(24.125562641836,3.38627150884309,-2.));
#10409=CARTESIAN_POINT('Ctrl Pts',(24.0380852698437,3.36853094734774,-2.));
#10410=CARTESIAN_POINT('Ctrl Pts',(23.961132658911,3.32347721706407,-2.));
#10411=CARTESIAN_POINT('Ctrl Pts',(23.9247412351877,3.30217099536219,-2.));
#10412=CARTESIAN_POINT('',(24.1716713575632,3.39562243569651,-2.));
#10413=CARTESIAN_POINT('Ctrl Pts',(24.4759006170541,3.41472214806834,-1.6));
#10414=CARTESIAN_POINT('Ctrl Pts',(24.4759006170541,3.41472214806834,-2.));
#10415=CARTESIAN_POINT('Ctrl Pts',(24.4172538964351,3.41453965176127,-1.6));
#10416=CARTESIAN_POINT('Ctrl Pts',(24.4172538964351,3.41453965176127,-2.));
#10417=CARTESIAN_POINT('Ctrl Pts',(24.3154256648827,3.41422278363944,-1.6));
#10418=CARTESIAN_POINT('Ctrl Pts',(24.3154256648827,3.41422278363944,-2.));
#10419=CARTESIAN_POINT('Ctrl Pts',(24.214479020599,3.40116131270087,-1.6));
#10420=CARTESIAN_POINT('Ctrl Pts',(24.214479020599,3.40116131270087,-2.));
#10421=CARTESIAN_POINT('Ctrl Pts',(24.1716713575632,3.39562243569651,-1.6));
#10422=CARTESIAN_POINT('Ctrl Pts',(24.1716713575632,3.39562243569651,-2.));
#10423=CARTESIAN_POINT('',(24.4759006170541,3.41472214806834,-2.));
#10424=CARTESIAN_POINT('Ctrl Pts',(24.4759006170541,3.41472214806834,-2.));
#10425=CARTESIAN_POINT('Ctrl Pts',(24.4172538964351,3.41453965176127,-2.));
#10426=CARTESIAN_POINT('Ctrl Pts',(24.3154256648827,3.41422278363944,-2.));
#10427=CARTESIAN_POINT('Ctrl Pts',(24.214479020599,3.40116131270087,-2.));
#10428=CARTESIAN_POINT('Ctrl Pts',(24.1716713575632,3.39562243569651,-2.));
#10429=CARTESIAN_POINT('',(24.4759006170541,3.41472214806834,-2.));
#10430=CARTESIAN_POINT('Origin',(24.8531175522119,3.41472214806834,-2.));
#10431=CARTESIAN_POINT('',(25.2303344873697,3.41472214806834,-2.));
#10432=CARTESIAN_POINT('',(26.6765587761059,3.41472214806834,-2.));
#10433=CARTESIAN_POINT('',(25.2303344873697,3.41472214806834,-2.));
#10434=CARTESIAN_POINT('Origin',(25.2303344873697,2.41472213316717,-2.));
#10435=CARTESIAN_POINT('',(25.2303344873697,1.41472211826601,-2.));
#10436=CARTESIAN_POINT('',(25.2303344873697,2.33236106658359,-2.));
#10437=CARTESIAN_POINT('',(25.2303344873697,1.41472211826601,-2.));
#10438=CARTESIAN_POINT('Origin',(25.0980017451555,1.41472211826601,-2.));
#10439=CARTESIAN_POINT('',(26.7990008725777,1.41472211826601,-2.));
#10440=CARTESIAN_POINT('Origin',(24.7098709015161,3.17870578516283,-2.));
#10441=CARTESIAN_POINT('',(24.9656690029413,3.17870578516283,-2.));
#10442=CARTESIAN_POINT('',(24.9656690029413,3.17870578516283,-2.));
#10443=CARTESIAN_POINT('',(24.4540728000909,3.17870578516283,-2.));
#10444=CARTESIAN_POINT('',(26.604935450758,3.17870578516283,-2.));
#10445=CARTESIAN_POINT('',(24.4540728000909,3.17870578516283,-2.));
#10446=CARTESIAN_POINT('Ctrl Pts',(24.207142081669,3.16097042310992,-1.6));
#10447=CARTESIAN_POINT('Ctrl Pts',(24.207142081669,3.16097042310992,-2.));
#10448=CARTESIAN_POINT('Ctrl Pts',(24.2388039781222,3.16608221014784,-1.6));
#10449=CARTESIAN_POINT('Ctrl Pts',(24.2388039781222,3.16608221014784,-2.));
#10450=CARTESIAN_POINT('Ctrl Pts',(24.3205010809712,3.17927213994235,-1.6));
#10451=CARTESIAN_POINT('Ctrl Pts',(24.3205010809712,3.17927213994235,-2.));
#10452=CARTESIAN_POINT('Ctrl Pts',(24.4033389400902,3.17892090078973,-1.6));
#10453=CARTESIAN_POINT('Ctrl Pts',(24.4033389400902,3.17892090078973,-2.));
#10454=CARTESIAN_POINT('Ctrl Pts',(24.4540728000909,3.17870578516283,-1.6));
#10455=CARTESIAN_POINT('Ctrl Pts',(24.4540728000909,3.17870578516283,-2.));
#10456=CARTESIAN_POINT('',(24.207142081669,3.16097042310992,-2.));
#10457=CARTESIAN_POINT('Ctrl Pts',(24.207142081669,3.16097042310992,-2.));
#10458=CARTESIAN_POINT('Ctrl Pts',(24.2388039781222,3.16608221014784,-2.));
#10459=CARTESIAN_POINT('Ctrl Pts',(24.3205010809712,3.17927213994235,-2.));
#10460=CARTESIAN_POINT('Ctrl Pts',(24.4033389400902,3.17892090078973,-2.));
#10461=CARTESIAN_POINT('Ctrl Pts',(24.4540728000909,3.17870578516283,-2.));
#10462=CARTESIAN_POINT('',(24.207142081669,3.16097042310992,-2.));
#10463=CARTESIAN_POINT('Ctrl Pts',(24.0400207905084,3.04296216715136,-1.6));
#10464=CARTESIAN_POINT('Ctrl Pts',(24.0400207905084,3.04296216715136,-2.));
#10465=CARTESIAN_POINT('Ctrl Pts',(24.062755066598,3.07019428048235,-1.6));
#10466=CARTESIAN_POINT('Ctrl Pts',(24.062755066598,3.07019428048235,-2.));
#10467=CARTESIAN_POINT('Ctrl Pts',(24.1079940710517,3.12438354480782,-1.6));
#10468=CARTESIAN_POINT('Ctrl Pts',(24.1079940710517,3.12438354480782,-2.));
#10469=CARTESIAN_POINT('Ctrl Pts',(24.1742047315411,3.14881612154382,-1.6));
#10470=CARTESIAN_POINT('Ctrl Pts',(24.1742047315411,3.14881612154382,-2.));
#10471=CARTESIAN_POINT('Ctrl Pts',(24.207142081669,3.16097042310992,-1.6));
#10472=CARTESIAN_POINT('Ctrl Pts',(24.207142081669,3.16097042310992,-2.));
#10473=CARTESIAN_POINT('',(24.0400207905084,3.04296216715136,-2.));
#10474=CARTESIAN_POINT('Ctrl Pts',(24.0400207905084,3.04296216715136,-2.));
#10475=CARTESIAN_POINT('Ctrl Pts',(24.062755066598,3.07019428048235,-2.));
#10476=CARTESIAN_POINT('Ctrl Pts',(24.1079940710517,3.12438354480782,-2.));
#10477=CARTESIAN_POINT('Ctrl Pts',(24.1742047315411,3.14881612154382,-2.));
#10478=CARTESIAN_POINT('Ctrl Pts',(24.207142081669,3.16097042310992,-2.));
#10479=CARTESIAN_POINT('',(24.0400207905084,3.04296216715136,-2.));
#10480=CARTESIAN_POINT('Ctrl Pts',(23.9765829710275,2.82809174407282,-1.6));
#10481=CARTESIAN_POINT('Ctrl Pts',(23.9765829710275,2.82809174407282,-2.));
#10482=CARTESIAN_POINT('Ctrl Pts',(23.978819610336,2.86783577348706,-1.6));
#10483=CARTESIAN_POINT('Ctrl Pts',(23.978819610336,2.86783577348706,-2.));
#10484=CARTESIAN_POINT('Ctrl Pts',(23.9831358824183,2.94453389997583,-1.6));
#10485=CARTESIAN_POINT('Ctrl Pts',(23.9831358824183,2.94453389997583,-2.));
#10486=CARTESIAN_POINT('Ctrl Pts',(24.0215246243118,3.01095814975475,-1.6));
#10487=CARTESIAN_POINT('Ctrl Pts',(24.0215246243118,3.01095814975475,-2.));
#10488=CARTESIAN_POINT('Ctrl Pts',(24.0400207905084,3.04296216715136,-1.6));
#10489=CARTESIAN_POINT('Ctrl Pts',(24.0400207905084,3.04296216715136,-2.));
#10490=CARTESIAN_POINT('',(23.9765829710275,2.82809174407282,-2.));
#10491=CARTESIAN_POINT('Ctrl Pts',(23.9765829710275,2.82809174407282,-2.));
#10492=CARTESIAN_POINT('Ctrl Pts',(23.978819610336,2.86783577348706,-2.));
#10493=CARTESIAN_POINT('Ctrl Pts',(23.9831358824183,2.94453389997583,-2.));
#10494=CARTESIAN_POINT('Ctrl Pts',(24.0215246243118,3.01095814975475,-2.));
#10495=CARTESIAN_POINT('Ctrl Pts',(24.0400207905084,3.04296216715136,-2.));
#10496=CARTESIAN_POINT('',(23.9765829710275,2.82809174407282,-2.));
#10497=CARTESIAN_POINT('Ctrl Pts',(24.0843588976175,2.5593333576993,-1.6));
#10498=CARTESIAN_POINT('Ctrl Pts',(24.0843588976175,2.5593333576993,-2.));
#10499=CARTESIAN_POINT('Ctrl Pts',(24.052948124822,2.59579357448145,-1.6));
#10500=CARTESIAN_POINT('Ctrl Pts',(24.052948124822,2.59579357448145,-2.));
#10501=CARTESIAN_POINT('Ctrl Pts',(23.9866290375094,2.67277379766634,-1.6));
#10502=CARTESIAN_POINT('Ctrl Pts',(23.9866290375094,2.67277379766634,-2.));
#10503=CARTESIAN_POINT('Ctrl Pts',(23.9800473615193,2.77453028121493,-1.6));
#10504=CARTESIAN_POINT('Ctrl Pts',(23.9800473615193,2.77453028121493,-2.));
#10505=CARTESIAN_POINT('Ctrl Pts',(23.9765829710275,2.82809174407282,-1.6));
#10506=CARTESIAN_POINT('Ctrl Pts',(23.9765829710275,2.82809174407282,-2.));
#10507=CARTESIAN_POINT('',(24.0843588976175,2.5593333576993,-2.));
#10508=CARTESIAN_POINT('Ctrl Pts',(24.0843588976175,2.5593333576993,-2.));
#10509=CARTESIAN_POINT('Ctrl Pts',(24.052948124822,2.59579357448145,-2.));
#10510=CARTESIAN_POINT('Ctrl Pts',(23.9866290375094,2.67277379766634,-2.));
#10511=CARTESIAN_POINT('Ctrl Pts',(23.9800473615193,2.77453028121493,-2.));
#10512=CARTESIAN_POINT('Ctrl Pts',(23.9765829710275,2.82809174407282,-2.));
#10513=CARTESIAN_POINT('',(24.0843588976175,2.5593333576993,-2.));
#10514=CARTESIAN_POINT('Ctrl Pts',(24.4486153988153,2.46383539188662,-1.6));
#10515=CARTESIAN_POINT('Ctrl Pts',(24.4486153988153,2.46383539188662,-2.));
#10516=CARTESIAN_POINT('Ctrl Pts',(24.3734433558809,2.4646910277504,-1.6));
#10517=CARTESIAN_POINT('Ctrl Pts',(24.3734433558809,2.4646910277504,-2.));
#10518=CARTESIAN_POINT('Ctrl Pts',(24.2431760967441,2.46617377764575,-1.6));
#10519=CARTESIAN_POINT('Ctrl Pts',(24.2431760967441,2.46617377764575,-2.));
#10520=CARTESIAN_POINT('Ctrl Pts',(24.1315640717313,2.53164357207799,-1.6));
#10521=CARTESIAN_POINT('Ctrl Pts',(24.1315640717313,2.53164357207799,-2.));
#10522=CARTESIAN_POINT('Ctrl Pts',(24.0843588976175,2.5593333576993,-1.6));
#10523=CARTESIAN_POINT('Ctrl Pts',(24.0843588976175,2.5593333576993,-2.));
#10524=CARTESIAN_POINT('',(24.4486153988153,2.46383539188662,-2.));
#10525=CARTESIAN_POINT('Ctrl Pts',(24.4486153988153,2.46383539188662,-2.));
#10526=CARTESIAN_POINT('Ctrl Pts',(24.3734433558809,2.4646910277504,-2.));
#10527=CARTESIAN_POINT('Ctrl Pts',(24.2431760967441,2.46617377764575,-2.));
#10528=CARTESIAN_POINT('Ctrl Pts',(24.1315640717313,2.53164357207799,-2.));
#10529=CARTESIAN_POINT('Ctrl Pts',(24.0843588976175,2.5593333576993,-2.));
#10530=CARTESIAN_POINT('',(24.4486153988153,2.46383539188662,-2.));
#10531=CARTESIAN_POINT('Origin',(24.7071422008783,2.46383539188662,-2.));
#10532=CARTESIAN_POINT('',(24.9656690029413,2.46383539188662,-2.));
#10533=CARTESIAN_POINT('',(26.6035711004391,2.46383539188662,-2.));
#10534=CARTESIAN_POINT('',(24.9656690029413,2.46383539188662,-2.));
#10535=CARTESIAN_POINT('Origin',(24.9656690029413,2.82127058852473,-2.));
#10536=CARTESIAN_POINT('',(24.9656690029413,2.53563529426236,-2.));
#10537=CARTESIAN_POINT('Origin',(28.5,2.25,-1.6));
#10538=CARTESIAN_POINT('',(26.8128723768503,2.02045193661013,-1.6));
#10539=CARTESIAN_POINT('',(27.0325172809869,1.41472211826601,-1.6));
#10540=CARTESIAN_POINT('',(26.8128723768503,2.02045193661013,-1.6));
#10541=CARTESIAN_POINT('',(25.9765828518182,2.02045193661013,-1.6));
#10542=CARTESIAN_POINT('',(25.9765828518182,2.02045193661013,-1.6));
#10543=CARTESIAN_POINT('',(25.7432950405389,1.41472211826601,-1.6));
#10544=CARTESIAN_POINT('',(25.7432950405389,1.41472211826601,-1.6));
#10545=CARTESIAN_POINT('',(25.4417944816858,1.41472211826601,-1.6));
#10546=CARTESIAN_POINT('',(25.4417944816858,1.41472211826601,-1.6));
#10547=CARTESIAN_POINT('',(26.2603486446649,3.41472214806834,-1.6));
#10548=CARTESIAN_POINT('',(26.2603486446649,3.41472214806834,-1.6));
#10549=CARTESIAN_POINT('',(26.545478191784,3.41472214806834,-1.6));
#10550=CARTESIAN_POINT('',(26.545478191784,3.41472214806834,-1.6));
#10551=CARTESIAN_POINT('',(27.3135543731958,1.41472211826601,-1.6));
#10552=CARTESIAN_POINT('',(27.3135543731958,1.41472211826601,-1.6));
#10553=CARTESIAN_POINT('',(27.0325172809869,1.41472211826601,-1.6));
#10554=CARTESIAN_POINT('',(26.4090521005899,3.20462665308276,-1.6));
#10555=CARTESIAN_POINT('',(26.5168286232263,2.82263478983202,-1.6));
#10556=CARTESIAN_POINT('Ctrl Pts',(26.4090521005899,3.20462665308276,-1.6));
#10557=CARTESIAN_POINT('Ctrl Pts',(26.4231775676296,3.14038940320174,-1.6));
#10558=CARTESIAN_POINT('Ctrl Pts',(26.4516395108458,3.01095531416686,-1.6));
#10559=CARTESIAN_POINT('Ctrl Pts',(26.4949917850937,2.88571779030214,-1.6));
#10560=CARTESIAN_POINT('Ctrl Pts',(26.5168286232263,2.82263478983202,-1.6));
#10561=CARTESIAN_POINT('',(26.267169800213,2.78989261735239,-1.6));
#10562=CARTESIAN_POINT('Ctrl Pts',(26.267169800213,2.78989261735239,-1.6));
#10563=CARTESIAN_POINT('Ctrl Pts',(26.2957712116216,2.86622584679679,-1.6));
#10564=CARTESIAN_POINT('Ctrl Pts',(26.3470618801532,3.00311357983357,-1.6));
#10565=CARTESIAN_POINT('Ctrl Pts',(26.3900400234872,3.14282364514328,-1.6));
#10566=CARTESIAN_POINT('Ctrl Pts',(26.4090521005899,3.20462665308276,-1.6));
#10567=CARTESIAN_POINT('',(26.0584385065347,2.23600453484812,-1.6));
#10568=CARTESIAN_POINT('',(26.0584385065347,2.23600453484812,-1.6));
#10569=CARTESIAN_POINT('',(26.7364741234094,2.23600453484812,-1.6));
#10570=CARTESIAN_POINT('',(26.7364741234094,2.23600453484812,-1.6));
#10571=CARTESIAN_POINT('',(26.5168286232263,2.82263478983202,-1.6));
#10572=CARTESIAN_POINT('Origin',(26.9226948289186,1.71758702743807,-2.));
#10573=CARTESIAN_POINT('',(27.0325172809869,1.41472211826601,-2.));
#10574=CARTESIAN_POINT('',(27.0325172809869,1.41472211826601,-2.));
#10575=CARTESIAN_POINT('',(26.8128723768503,2.02045193661013,-2.));
#10576=CARTESIAN_POINT('',(26.9290300847212,1.70011585795411,-2.));
#10577=CARTESIAN_POINT('',(26.8128723768503,2.02045193661013,-2.));
#10578=CARTESIAN_POINT('Origin',(26.3947276143342,2.02045193661013,-2.));
#10579=CARTESIAN_POINT('',(25.9765828518182,2.02045193661013,-2.));
#10580=CARTESIAN_POINT('',(27.4473638071671,2.02045193661013,-2.));
#10581=CARTESIAN_POINT('',(25.9765828518182,2.02045193661013,-2.));
#10582=CARTESIAN_POINT('Origin',(25.8599389461786,1.71758702743807,-2.));
#10583=CARTESIAN_POINT('',(25.7432950405389,1.41472211826601,-2.));
#10584=CARTESIAN_POINT('',(26.1197288779551,2.3921293763062,-2.));
#10585=CARTESIAN_POINT('',(25.7432950405389,1.41472211826601,-2.));
#10586=CARTESIAN_POINT('Origin',(25.5925447611123,1.41472211826601,-2.));
#10587=CARTESIAN_POINT('',(25.4417944816858,1.41472211826601,-2.));
#10588=CARTESIAN_POINT('',(27.0462723805562,1.41472211826601,-2.));
#10589=CARTESIAN_POINT('',(25.4417944816858,1.41472211826601,-2.));
#10590=CARTESIAN_POINT('Origin',(25.8510715631753,2.41472213316717,-2.));
#10591=CARTESIAN_POINT('',(26.2603486446649,3.41472214806834,-2.));
#10592=CARTESIAN_POINT('',(26.0122263777714,2.80847693715219,-2.));
#10593=CARTESIAN_POINT('',(26.2603486446649,3.41472214806834,-2.));
#10594=CARTESIAN_POINT('Origin',(26.4029134182245,3.41472214806834,-2.));
#10595=CARTESIAN_POINT('',(26.545478191784,3.41472214806834,-2.));
#10596=CARTESIAN_POINT('',(27.4514567091122,3.41472214806834,-2.));
#10597=CARTESIAN_POINT('',(26.545478191784,3.41472214806834,-2.));
#10598=CARTESIAN_POINT('Origin',(26.9295162824899,2.41472213316717,-2.));
#10599=CARTESIAN_POINT('',(27.3135543731958,1.41472211826601,-2.));
#10600=CARTESIAN_POINT('',(27.0580071529461,2.08014367472645,-2.));
#10601=CARTESIAN_POINT('',(27.3135543731958,1.41472211826601,-2.));
#10602=CARTESIAN_POINT('Origin',(27.1730358270914,1.41472211826601,-2.));
#10603=CARTESIAN_POINT('',(27.8365179135457,1.41472211826601,-2.));
#10604=CARTESIAN_POINT('Ctrl Pts',(26.4090521005899,3.20462665308276,-1.6));
#10605=CARTESIAN_POINT('Ctrl Pts',(26.4090521005899,3.20462665308276,-2.));
#10606=CARTESIAN_POINT('Ctrl Pts',(26.4231775676296,3.14038940320174,-1.6));
#10607=CARTESIAN_POINT('Ctrl Pts',(26.4231775676296,3.14038940320174,-2.));
#10608=CARTESIAN_POINT('Ctrl Pts',(26.4516395108458,3.01095531416686,-1.6));
#10609=CARTESIAN_POINT('Ctrl Pts',(26.4516395108458,3.01095531416686,-2.));
#10610=CARTESIAN_POINT('Ctrl Pts',(26.4949917850937,2.88571779030214,-1.6));
#10611=CARTESIAN_POINT('Ctrl Pts',(26.4949917850937,2.88571779030214,-2.));
#10612=CARTESIAN_POINT('Ctrl Pts',(26.5168286232263,2.82263478983202,-1.6));
#10613=CARTESIAN_POINT('Ctrl Pts',(26.5168286232263,2.82263478983202,-2.));
#10614=CARTESIAN_POINT('',(26.5168286232263,2.82263478983202,-2.));
#10615=CARTESIAN_POINT('',(26.5168286232263,2.82263478983202,-2.));
#10616=CARTESIAN_POINT('',(26.4090521005899,3.20462665308276,-2.));
#10617=CARTESIAN_POINT('Ctrl Pts',(26.4090521005899,3.20462665308276,-2.));
#10618=CARTESIAN_POINT('Ctrl Pts',(26.4231775676296,3.14038940320174,-2.));
#10619=CARTESIAN_POINT('Ctrl Pts',(26.4516395108458,3.01095531416686,-2.));
#10620=CARTESIAN_POINT('Ctrl Pts',(26.4949917850937,2.88571779030214,-2.));
#10621=CARTESIAN_POINT('Ctrl Pts',(26.5168286232263,2.82263478983202,-2.));
#10622=CARTESIAN_POINT('',(26.4090521005899,3.20462665308276,-2.));
#10623=CARTESIAN_POINT('Ctrl Pts',(26.267169800213,2.78989261735239,-1.6));
#10624=CARTESIAN_POINT('Ctrl Pts',(26.267169800213,2.78989261735239,-2.));
#10625=CARTESIAN_POINT('Ctrl Pts',(26.2957712116216,2.86622584679679,-1.6));
#10626=CARTESIAN_POINT('Ctrl Pts',(26.2957712116216,2.86622584679679,-2.));
#10627=CARTESIAN_POINT('Ctrl Pts',(26.3470618801532,3.00311357983357,-1.6));
#10628=CARTESIAN_POINT('Ctrl Pts',(26.3470618801532,3.00311357983357,-2.));
#10629=CARTESIAN_POINT('Ctrl Pts',(26.3900400234872,3.14282364514328,-1.6));
#10630=CARTESIAN_POINT('Ctrl Pts',(26.3900400234872,3.14282364514328,-2.));
#10631=CARTESIAN_POINT('Ctrl Pts',(26.4090521005899,3.20462665308276,-1.6));
#10632=CARTESIAN_POINT('Ctrl Pts',(26.4090521005899,3.20462665308276,-2.));
#10633=CARTESIAN_POINT('',(26.267169800213,2.78989261735239,-2.));
#10634=CARTESIAN_POINT('Ctrl Pts',(26.267169800213,2.78989261735239,-2.));
#10635=CARTESIAN_POINT('Ctrl Pts',(26.2957712116216,2.86622584679679,-2.));
#10636=CARTESIAN_POINT('Ctrl Pts',(26.3470618801532,3.00311357983357,-2.));
#10637=CARTESIAN_POINT('Ctrl Pts',(26.3900400234872,3.14282364514328,-2.));
#10638=CARTESIAN_POINT('Ctrl Pts',(26.4090521005899,3.20462665308276,-2.));
#10639=CARTESIAN_POINT('',(26.267169800213,2.78989261735239,-2.));
#10640=CARTESIAN_POINT('Origin',(26.1628041533739,2.51294857610026,-2.));
#10641=CARTESIAN_POINT('',(26.0584385065347,2.23600453484812,-2.));
#10642=CARTESIAN_POINT('',(26.2647394136154,2.78344335836231,-2.));
#10643=CARTESIAN_POINT('',(26.0584385065347,2.23600453484812,-2.));
#10644=CARTESIAN_POINT('Origin',(26.3974563149721,2.23600453484812,-2.));
#10645=CARTESIAN_POINT('',(26.7364741234094,2.23600453484812,-2.));
#10646=CARTESIAN_POINT('',(27.448728157486,2.23600453484812,-2.));
#10647=CARTESIAN_POINT('',(26.7364741234094,2.23600453484812,-2.));
#10648=CARTESIAN_POINT('Origin',(26.6266513733179,2.52931966234007,-2.));
#10649=CARTESIAN_POINT('',(26.7876800879397,2.09924339927259,-2.));
#10650=CARTESIAN_POINT('Origin',(28.5,2.25,-1.6));
#10651=CARTESIAN_POINT('',(32.3742634175331,1.45974254954615,-1.6));
#10652=CARTESIAN_POINT('',(32.6621215349048,1.6978052889184,-1.6));
#10653=CARTESIAN_POINT('Ctrl Pts',(32.3742634175331,1.45974254954615,-1.6));
#10654=CARTESIAN_POINT('Ctrl Pts',(32.4318929868066,1.48908462560513,-1.6));
#10655=CARTESIAN_POINT('Ctrl Pts',(32.5456460558826,1.54700196295201,-1.6));
#10656=CARTESIAN_POINT('Ctrl Pts',(32.6236405862546,1.64798317106564,-1.6));
#10657=CARTESIAN_POINT('Ctrl Pts',(32.6621215349048,1.6978052889184,-1.6));
#10658=CARTESIAN_POINT('',(31.9192838786155,1.38061574447909,-1.6));
#10659=CARTESIAN_POINT('Ctrl Pts',(31.9192838786155,1.38061574447909,-1.6));
#10660=CARTESIAN_POINT('Ctrl Pts',(32.0032593604525,1.38274705307437,-1.6));
#10661=CARTESIAN_POINT('Ctrl Pts',(32.1590026090991,1.38669983687789,-1.6));
#10662=CARTESIAN_POINT('Ctrl Pts',(32.3063599471364,1.43670141301303,-1.6));
#10663=CARTESIAN_POINT('Ctrl Pts',(32.3742634175331,1.45974254954615,-1.6));
#10664=CARTESIAN_POINT('',(31.5338813630849,1.45906052339831,-1.6));
#10665=CARTESIAN_POINT('Ctrl Pts',(31.5338813630849,1.45906052339831,-1.6));
#10666=CARTESIAN_POINT('Ctrl Pts',(31.5938578111238,1.4361877547855,-1.6));
#10667=CARTESIAN_POINT('Ctrl Pts',(31.7179364604984,1.38886880993746,-1.6));
#10668=CARTESIAN_POINT('Ctrl Pts',(31.8506965984228,1.38342708081672,-1.6));
#10669=CARTESIAN_POINT('Ctrl Pts',(31.9192838786155,1.38061574447909,-1.6));
#10670=CARTESIAN_POINT('',(31.2712621061117,1.67870572555819,-1.6));
#10671=CARTESIAN_POINT('Ctrl Pts',(31.2712621061117,1.67870572555819,-1.6));
#10672=CARTESIAN_POINT('Ctrl Pts',(31.3058672872608,1.63388915923959,-1.6));
#10673=CARTESIAN_POINT('Ctrl Pts',(31.3772164422464,1.54148611351066,-1.6));
#10674=CARTESIAN_POINT('Ctrl Pts',(31.4806264354581,1.48707936011387,-1.6));
#10675=CARTESIAN_POINT('Ctrl Pts',(31.5338813630849,1.45906052339831,-1.6));
#10676=CARTESIAN_POINT('',(31.1798568932325,1.9795242582635,-1.6));
#10677=CARTESIAN_POINT('Ctrl Pts',(31.1798568932325,1.9795242582635,-1.6));
#10678=CARTESIAN_POINT('Ctrl Pts',(31.1838733684747,1.9267670509409,-1.6));
#10679=CARTESIAN_POINT('Ctrl Pts',(31.1920198262232,1.81976169563031,-1.6));
#10680=CARTESIAN_POINT('Ctrl Pts',(31.2446037896202,1.72615911405849,-1.6));
#10681=CARTESIAN_POINT('Ctrl Pts',(31.2712621061117,1.67870572555819,-1.6));
#10682=CARTESIAN_POINT('',(31.2630766002447,2.26397177923479,-1.6));
#10683=CARTESIAN_POINT('Ctrl Pts',(31.2630766002447,2.26397177923479,-1.6));
#10684=CARTESIAN_POINT('Ctrl Pts',(31.238807099271,2.22071587746506,-1.6));
#10685=CARTESIAN_POINT('Ctrl Pts',(31.1892350321844,2.13236282617021,-1.6));
#10686=CARTESIAN_POINT('Ctrl Pts',(31.1830260704385,2.03117336562896,-1.6));
#10687=CARTESIAN_POINT('Ctrl Pts',(31.1798568932325,1.9795242582635,-1.6));
#10688=CARTESIAN_POINT('',(31.5209210781366,2.46792814482012,-1.6));
#10689=CARTESIAN_POINT('Ctrl Pts',(31.5209210781366,2.46792814482012,-1.6));
#10690=CARTESIAN_POINT('Ctrl Pts',(31.4676246994023,2.44087201594867,-1.6));
#10691=CARTESIAN_POINT('Ctrl Pts',(31.3677445339047,2.39016743350646,-1.6));
#10692=CARTESIAN_POINT('Ctrl Pts',(31.2963668988288,2.3041091055755,-1.6));
#10693=CARTESIAN_POINT('Ctrl Pts',(31.2630766002447,2.26397177923479,-1.6));
#10694=CARTESIAN_POINT('',(31.963622209242,2.59548610795298,-1.6));
#10695=CARTESIAN_POINT('Ctrl Pts',(31.963622209242,2.59548610795298,-1.6));
#10696=CARTESIAN_POINT('Ctrl Pts',(31.8722458248753,2.57507149234239,-1.6));
#10697=CARTESIAN_POINT('Ctrl Pts',(31.72200679306,2.5415062325056,-1.6));
#10698=CARTESIAN_POINT('Ctrl Pts',(31.5775272115074,2.48864056114607,-1.6));
#10699=CARTESIAN_POINT('Ctrl Pts',(31.5209210781366,2.46792814482012,-1.6));
#10700=CARTESIAN_POINT('',(32.3626672593862,2.73805088151255,-1.6));
#10701=CARTESIAN_POINT('Ctrl Pts',(32.3626672593862,2.73805088151255,-1.6));
#10702=CARTESIAN_POINT('Ctrl Pts',(32.3173682743677,2.71280505535707,-1.6));
#10703=CARTESIAN_POINT('Ctrl Pts',(32.1928561153138,2.64341250008393,-1.6));
#10704=CARTESIAN_POINT('Ctrl Pts',(32.0527537130227,2.61412101006941,-1.6));
#10705=CARTESIAN_POINT('Ctrl Pts',(31.963622209242,2.59548610795298,-1.6));
#10706=CARTESIAN_POINT('',(32.440429863146,2.9154042040185,-1.6));
#10707=CARTESIAN_POINT('Ctrl Pts',(32.440429863146,2.9154042040185,-1.6));
#10708=CARTESIAN_POINT('Ctrl Pts',(32.4373112068726,2.88117983067361,-1.6));
#10709=CARTESIAN_POINT('Ctrl Pts',(32.4311310097972,2.81335787354951,-1.6));
#10710=CARTESIAN_POINT('Ctrl Pts',(32.3853474704164,2.76299807562906,-1.6));
#10711=CARTESIAN_POINT('Ctrl Pts',(32.3626672593862,2.73805088151255,-1.6));
#10712=CARTESIAN_POINT('',(32.3306072248131,3.12754607547083,-1.6));
#10713=CARTESIAN_POINT('Ctrl Pts',(32.3306072248131,3.12754607547083,-1.6));
#10714=CARTESIAN_POINT('Ctrl Pts',(32.3626262509328,3.0975140852432,-1.6));
#10715=CARTESIAN_POINT('Ctrl Pts',(32.4244153922418,3.03955945286211,-1.6));
#10716=CARTESIAN_POINT('Ctrl Pts',(32.4352228238826,2.95577277188146,-1.6));
#10717=CARTESIAN_POINT('Ctrl Pts',(32.440429863146,2.9154042040185,-1.6));
#10718=CARTESIAN_POINT('',(31.9806754706413,3.21554071057597,-1.6));
#10719=CARTESIAN_POINT('Ctrl Pts',(31.9806754706413,3.21554071057597,-1.6));
#10720=CARTESIAN_POINT('Ctrl Pts',(32.0515846356679,3.21446357280225,-1.6));
#10721=CARTESIAN_POINT('Ctrl Pts',(32.1758181915928,3.21257641680767,-1.6));
#10722=CARTESIAN_POINT('Ctrl Pts',(32.2841208181956,3.15308247775965,-1.6));
#10723=CARTESIAN_POINT('Ctrl Pts',(32.3306072248131,3.12754607547083,-1.6));
#10724=CARTESIAN_POINT('',(31.6321078805238,3.11867854345599,-1.6));
#10725=CARTESIAN_POINT('Ctrl Pts',(31.6321078805238,3.11867854345599,-1.6));
#10726=CARTESIAN_POINT('Ctrl Pts',(31.6796446604927,3.14684083329138,-1.6));
#10727=CARTESIAN_POINT('Ctrl Pts',(31.7865608716733,3.21018137359168,-1.6));
#10728=CARTESIAN_POINT('Ctrl Pts',(31.9113626834222,3.21362704418507,-1.6));
#10729=CARTESIAN_POINT('Ctrl Pts',(31.9806754706413,3.21554071057597,-1.6));
#10730=CARTESIAN_POINT('',(31.4936358598977,2.83218464601794,-1.6));
#10731=CARTESIAN_POINT('Ctrl Pts',(31.4936358598977,2.83218464601794,-1.6));
#10732=CARTESIAN_POINT('Ctrl Pts',(31.5031737680893,2.89036448995249,-1.6));
#10733=CARTESIAN_POINT('Ctrl Pts',(31.5211356262254,2.99992919556188,-1.6));
#10734=CARTESIAN_POINT('Ctrl Pts',(31.5966788077211,3.08076655078352,-1.6));
#10735=CARTESIAN_POINT('Ctrl Pts',(31.6321078805238,3.11867854345599,-1.6));
#10736=CARTESIAN_POINT('',(31.2398841349393,2.85128420937815,-1.6));
#10737=CARTESIAN_POINT('',(31.2398841349393,2.85128420937815,-1.6));
#10738=CARTESIAN_POINT('',(31.3381106523782,3.16642737735071,-1.6));
#10739=CARTESIAN_POINT('Ctrl Pts',(31.3381106523782,3.16642737735071,-1.6));
#10740=CARTESIAN_POINT('Ctrl Pts',(31.3111516973313,3.11808425330973,-1.6));
#10741=CARTESIAN_POINT('Ctrl Pts',(31.2564207279309,3.01994001745194,-1.6));
#10742=CARTESIAN_POINT('Ctrl Pts',(31.2454506548035,2.9080568412213,-1.6));
#10743=CARTESIAN_POINT('Ctrl Pts',(31.2398841349393,2.85128420937815,-1.6));
#10744=CARTESIAN_POINT('',(31.5993657080442,3.37720504749575,-1.6));
#10745=CARTESIAN_POINT('Ctrl Pts',(31.5993657080442,3.37720504749575,-1.6));
#10746=CARTESIAN_POINT('Ctrl Pts',(31.5464593032985,3.35117739191321,-1.6));
#10747=CARTESIAN_POINT('Ctrl Pts',(31.4434436936629,3.30049818170964,-1.6));
#10748=CARTESIAN_POINT('Ctrl Pts',(31.37258027746,3.2103012682429,-1.6));
#10749=CARTESIAN_POINT('Ctrl Pts',(31.3381106523782,3.16642737735071,-1.6));
#10750=CARTESIAN_POINT('',(31.9915895281345,3.44882852185526,-1.6));
#10751=CARTESIAN_POINT('Ctrl Pts',(31.9915895281345,3.44882852185526,-1.6));
#10752=CARTESIAN_POINT('Ctrl Pts',(31.9211659056965,3.44646296625281,-1.6));
#10753=CARTESIAN_POINT('Ctrl Pts',(31.7867922966195,3.44194930687588,-1.6));
#10754=CARTESIAN_POINT('Ctrl Pts',(31.6598019248843,3.39808201126483,-1.6));
#10755=CARTESIAN_POINT('Ctrl Pts',(31.5993657080442,3.37720504749575,-1.6));
#10756=CARTESIAN_POINT('',(32.3585744691998,3.38061577428141,-1.6));
#10757=CARTESIAN_POINT('Ctrl Pts',(32.3585744691998,3.38061577428141,-1.6));
#10758=CARTESIAN_POINT('Ctrl Pts',(32.3010163218753,3.40050568942841,-1.6));
#10759=CARTESIAN_POINT('Ctrl Pts',(32.1821553986649,3.44157952148942,-1.6));
#10760=CARTESIAN_POINT('Ctrl Pts',(32.0564317627868,3.44636196590058,-1.6));
#10761=CARTESIAN_POINT('Ctrl Pts',(31.9915895281345,3.44882852185526,-1.6));
#10762=CARTESIAN_POINT('',(32.6095976797849,3.18075216162958,-1.6));
#10763=CARTESIAN_POINT('Ctrl Pts',(32.6095976797849,3.18075216162958,-1.6));
#10764=CARTESIAN_POINT('Ctrl Pts',(32.5767681975641,3.22234842951853,-1.6));
#10765=CARTESIAN_POINT('Ctrl Pts',(32.5087928841725,3.30847587212175,-1.6));
#10766=CARTESIAN_POINT('Ctrl Pts',(32.4097720298337,3.35602899498666,-1.6));
#10767=CARTESIAN_POINT('Ctrl Pts',(32.3585744691998,3.38061577428141,-1.6));
#10768=CARTESIAN_POINT('',(32.6955458266646,2.89766899097719,-1.6));
#10769=CARTESIAN_POINT('Ctrl Pts',(32.6955458266646,2.89766899097719,-1.6));
#10770=CARTESIAN_POINT('Ctrl Pts',(32.6918236951287,2.9475369286487,-1.6));
#10771=CARTESIAN_POINT('Ctrl Pts',(32.6843043227719,3.04827909436809,-1.6));
#10772=CARTESIAN_POINT('Ctrl Pts',(32.6346651721423,3.13630139435695,-1.6));
#10773=CARTESIAN_POINT('Ctrl Pts',(32.6095976797849,3.18075216162958,-1.6));
#10774=CARTESIAN_POINT('',(32.6252866094917,2.64869219411173,-1.6));
#10775=CARTESIAN_POINT('Ctrl Pts',(32.6252866094917,2.64869219411173,-1.6));
#10776=CARTESIAN_POINT('Ctrl Pts',(32.6457779926177,2.68713990202382,-1.6));
#10777=CARTESIAN_POINT('Ctrl Pts',(32.6872730788174,2.76499657690906,-1.6));
#10778=CARTESIAN_POINT('Ctrl Pts',(32.6927656393777,2.85308233540272,-1.6));
#10779=CARTESIAN_POINT('Ctrl Pts',(32.6955458266646,2.89766899097719,-1.6));
#10780=CARTESIAN_POINT('',(32.4117804808527,2.46247104156771,-1.6));
#10781=CARTESIAN_POINT('Ctrl Pts',(32.4117804808527,2.46247104156771,-1.6));
#10782=CARTESIAN_POINT('Ctrl Pts',(32.4557623115282,2.48787911523596,-1.6));
#10783=CARTESIAN_POINT('Ctrl Pts',(32.5392051277762,2.53608359398905,-1.6));
#10784=CARTESIAN_POINT('Ctrl Pts',(32.5976482447078,2.61253671088856,-1.6));
#10785=CARTESIAN_POINT('Ctrl Pts',(32.6252866094917,2.64869219411173,-1.6));
#10786=CARTESIAN_POINT('',(32.0256959019214,2.33764163006106,-1.6));
#10787=CARTESIAN_POINT('Ctrl Pts',(32.0256959019214,2.33764163006106,-1.6));
#10788=CARTESIAN_POINT('Ctrl Pts',(32.1046596551032,2.35650796334444,-1.6));
#10789=CARTESIAN_POINT('Ctrl Pts',(32.2367277644031,2.38806220013989,-1.6));
#10790=CARTESIAN_POINT('Ctrl Pts',(32.361578298942,2.44113183433409,-1.6));
#10791=CARTESIAN_POINT('Ctrl Pts',(32.4117804808527,2.46247104156771,-1.6));
#10792=CARTESIAN_POINT('',(31.6696249810964,2.24009728778162,-1.6));
#10793=CARTESIAN_POINT('Ctrl Pts',(31.6696249810964,2.24009728778162,-1.6));
#10794=CARTESIAN_POINT('Ctrl Pts',(31.7125952577978,2.25387304126432,-1.6));
#10795=CARTESIAN_POINT('Ctrl Pts',(31.8298562215542,2.29146549478925,-1.6));
#10796=CARTESIAN_POINT('Ctrl Pts',(31.9497421612699,2.31973284775428,-1.6));
#10797=CARTESIAN_POINT('Ctrl Pts',(32.0256959019214,2.33764163006106,-1.6));
#10798=CARTESIAN_POINT('',(31.4895431069642,2.12208903182307,-1.6));
#10799=CARTESIAN_POINT('Ctrl Pts',(31.4895431069642,2.12208903182307,-1.6));
#10800=CARTESIAN_POINT('Ctrl Pts',(31.512558640994,2.14523928662321,-1.6));
#10801=CARTESIAN_POINT('Ctrl Pts',(31.5641164801938,2.19709891816064,-1.6));
#10802=CARTESIAN_POINT('Ctrl Pts',(31.6320288462269,2.22477556024678,-1.6));
#10803=CARTESIAN_POINT('Ctrl Pts',(31.6696249810964,2.24009728778162,-1.6));
#10804=CARTESIAN_POINT('',(31.4349728194982,1.95769614327708,-1.6));
#10805=CARTESIAN_POINT('Ctrl Pts',(31.4349728194982,1.95769614327708,-1.6));
#10806=CARTESIAN_POINT('Ctrl Pts',(31.4371038391548,1.98789370806774,-1.6));
#10807=CARTESIAN_POINT('Ctrl Pts',(31.4413015267117,2.04737694257219,-1.6));
#10808=CARTESIAN_POINT('Ctrl Pts',(31.4736277704149,2.09744083334977,-1.6));
#10809=CARTESIAN_POINT('Ctrl Pts',(31.4895431069642,2.12208903182307,-1.6));
#10810=CARTESIAN_POINT('',(31.491589483431,1.78648195017138,-1.6));
#10811=CARTESIAN_POINT('Ctrl Pts',(31.491589483431,1.78648195017138,-1.6));
#10812=CARTESIAN_POINT('Ctrl Pts',(31.4750768971219,1.81304883045601,-1.6));
#10813=CARTESIAN_POINT('Ctrl Pts',(31.4424201443547,1.8655898452318,-1.6));
#10814=CARTESIAN_POINT('Ctrl Pts',(31.4374365200608,1.9272258277361,-1.6));
#10815=CARTESIAN_POINT('Ctrl Pts',(31.4349728194982,1.95769614327708,-1.6));
#10816=CARTESIAN_POINT('',(31.6641679523498,1.66301673997202,-1.6));
#10817=CARTESIAN_POINT('Ctrl Pts',(31.6641679523498,1.66301673997202,-1.6));
#10818=CARTESIAN_POINT('Ctrl Pts',(31.6287269600957,1.67843623642752,-1.6));
#10819=CARTESIAN_POINT('Ctrl Pts',(31.5622640751207,1.70735258876742,-1.6));
#10820=CARTESIAN_POINT('Ctrl Pts',(31.5140797598958,1.76130117201741,-1.6));
#10821=CARTESIAN_POINT('Ctrl Pts',(31.491589483431,1.78648195017138,-1.6));
#10822=CARTESIAN_POINT('',(31.9315622119218,1.61799630869189,-1.6));
#10823=CARTESIAN_POINT('Ctrl Pts',(31.9315622119218,1.61799630869189,-1.6));
#10824=CARTESIAN_POINT('Ctrl Pts',(31.8836452360451,1.61946485841323,-1.6));
#10825=CARTESIAN_POINT('Ctrl Pts',(31.7923992607741,1.62226134648673,-1.6));
#10826=CARTESIAN_POINT('Ctrl Pts',(31.7054544864834,1.64989475779048,-1.6));
#10827=CARTESIAN_POINT('Ctrl Pts',(31.6641679523498,1.66301673997202,-1.6));
#10828=CARTESIAN_POINT('',(32.2385198740274,1.67734152425089,-1.6));
#10829=CARTESIAN_POINT('Ctrl Pts',(32.2385198740274,1.67734152425089,-1.6));
#10830=CARTESIAN_POINT('Ctrl Pts',(32.1906887165281,1.66003835467791,-1.6));
#10831=CARTESIAN_POINT('Ctrl Pts',(32.0915402737052,1.62417089069086,-1.6));
#10832=CARTESIAN_POINT('Ctrl Pts',(31.9861237386109,1.62010218881555,-1.6));
#10833=CARTESIAN_POINT('Ctrl Pts',(31.9315622119218,1.61799630869189,-1.6));
#10834=CARTESIAN_POINT('',(32.4397477624923,1.83286673177042,-1.6));
#10835=CARTESIAN_POINT('Ctrl Pts',(32.4397477624923,1.83286673177042,-1.6));
#10836=CARTESIAN_POINT('Ctrl Pts',(32.4138276100957,1.80178370638152,-1.6));
#10837=CARTESIAN_POINT('Ctrl Pts',(32.3583377368764,1.73524115247563,-1.6));
#10838=CARTESIAN_POINT('Ctrl Pts',(32.280172797415,1.6974694811454,-1.6));
#10839=CARTESIAN_POINT('Ctrl Pts',(32.2385198740274,1.67734152425089,-1.6));
#10840=CARTESIAN_POINT('',(32.5222852570921,2.07911497700968,-1.6));
#10841=CARTESIAN_POINT('Ctrl Pts',(32.5222852570921,2.07911497700968,-1.6));
#10842=CARTESIAN_POINT('Ctrl Pts',(32.5152425483062,2.03262178892042,-1.6));
#10843=CARTESIAN_POINT('Ctrl Pts',(32.5020613175459,1.94560449775923,-1.6));
#10844=CARTESIAN_POINT('Ctrl Pts',(32.4595468319862,1.86868723441193,-1.6));
#10845=CARTESIAN_POINT('Ctrl Pts',(32.4397477624923,1.83286673177042,-1.6));
#10846=CARTESIAN_POINT('',(32.7719441825509,2.05728686202326,-1.6));
#10847=CARTESIAN_POINT('',(32.7719441825509,2.05728686202326,-1.6));
#10848=CARTESIAN_POINT('Ctrl Pts',(32.6621215349048,1.6978052889184,-1.6));
#10849=CARTESIAN_POINT('Ctrl Pts',(32.6927998031923,1.75297994107023,-1.6));
#10850=CARTESIAN_POINT('Ctrl Pts',(32.7550405701722,1.86491952760751,-1.6));
#10851=CARTESIAN_POINT('Ctrl Pts',(32.7662565314891,1.9925599711475,-1.6));
#10852=CARTESIAN_POINT('Ctrl Pts',(32.7719441825509,2.05728686202326,-1.6));
#10853=CARTESIAN_POINT('Ctrl Pts',(32.3742634175331,1.45974254954615,-1.6));
#10854=CARTESIAN_POINT('Ctrl Pts',(32.3742634175331,1.45974254954615,-2.));
#10855=CARTESIAN_POINT('Ctrl Pts',(32.4318929868066,1.48908462560513,-1.6));
#10856=CARTESIAN_POINT('Ctrl Pts',(32.4318929868066,1.48908462560513,-2.));
#10857=CARTESIAN_POINT('Ctrl Pts',(32.5456460558826,1.54700196295201,-1.6));
#10858=CARTESIAN_POINT('Ctrl Pts',(32.5456460558826,1.54700196295201,-2.));
#10859=CARTESIAN_POINT('Ctrl Pts',(32.6236405862546,1.64798317106564,-1.6));
#10860=CARTESIAN_POINT('Ctrl Pts',(32.6236405862546,1.64798317106564,-2.));
#10861=CARTESIAN_POINT('Ctrl Pts',(32.6621215349048,1.6978052889184,-1.6));
#10862=CARTESIAN_POINT('Ctrl Pts',(32.6621215349048,1.6978052889184,-2.));
#10863=CARTESIAN_POINT('',(32.6621215349048,1.6978052889184,-2.));
#10864=CARTESIAN_POINT('',(32.6621215349048,1.6978052889184,-2.));
#10865=CARTESIAN_POINT('',(32.3742634175331,1.45974254954615,-2.));
#10866=CARTESIAN_POINT('Ctrl Pts',(32.3742634175331,1.45974254954615,-2.));
#10867=CARTESIAN_POINT('Ctrl Pts',(32.4318929868066,1.48908462560513,-2.));
#10868=CARTESIAN_POINT('Ctrl Pts',(32.5456460558826,1.54700196295201,-2.));
#10869=CARTESIAN_POINT('Ctrl Pts',(32.6236405862546,1.64798317106564,-2.));
#10870=CARTESIAN_POINT('Ctrl Pts',(32.6621215349048,1.6978052889184,-2.));
#10871=CARTESIAN_POINT('',(32.3742634175331,1.45974254954615,-2.));
#10872=CARTESIAN_POINT('Ctrl Pts',(31.9192838786155,1.38061574447909,-1.6));
#10873=CARTESIAN_POINT('Ctrl Pts',(31.9192838786155,1.38061574447909,-2.));
#10874=CARTESIAN_POINT('Ctrl Pts',(32.0032593604525,1.38274705307437,-1.6));
#10875=CARTESIAN_POINT('Ctrl Pts',(32.0032593604525,1.38274705307437,-2.));
#10876=CARTESIAN_POINT('Ctrl Pts',(32.1590026090991,1.38669983687789,-1.6));
#10877=CARTESIAN_POINT('Ctrl Pts',(32.1590026090991,1.38669983687789,-2.));
#10878=CARTESIAN_POINT('Ctrl Pts',(32.3063599471364,1.43670141301303,-1.6));
#10879=CARTESIAN_POINT('Ctrl Pts',(32.3063599471364,1.43670141301303,-2.));
#10880=CARTESIAN_POINT('Ctrl Pts',(32.3742634175331,1.45974254954615,-1.6));
#10881=CARTESIAN_POINT('Ctrl Pts',(32.3742634175331,1.45974254954615,-2.));
#10882=CARTESIAN_POINT('',(31.9192838786155,1.38061574447909,-2.));
#10883=CARTESIAN_POINT('Ctrl Pts',(31.9192838786155,1.38061574447909,-2.));
#10884=CARTESIAN_POINT('Ctrl Pts',(32.0032593604525,1.38274705307437,-2.));
#10885=CARTESIAN_POINT('Ctrl Pts',(32.1590026090991,1.38669983687789,-2.));
#10886=CARTESIAN_POINT('Ctrl Pts',(32.3063599471364,1.43670141301303,-2.));
#10887=CARTESIAN_POINT('Ctrl Pts',(32.3742634175331,1.45974254954615,-2.));
#10888=CARTESIAN_POINT('',(31.9192838786155,1.38061574447909,-2.));
#10889=CARTESIAN_POINT('Ctrl Pts',(31.5338813630849,1.45906052339831,-1.6));
#10890=CARTESIAN_POINT('Ctrl Pts',(31.5338813630849,1.45906052339831,-2.));
#10891=CARTESIAN_POINT('Ctrl Pts',(31.5938578111238,1.4361877547855,-1.6));
#10892=CARTESIAN_POINT('Ctrl Pts',(31.5938578111238,1.4361877547855,-2.));
#10893=CARTESIAN_POINT('Ctrl Pts',(31.7179364604984,1.38886880993746,-1.6));
#10894=CARTESIAN_POINT('Ctrl Pts',(31.7179364604984,1.38886880993746,-2.));
#10895=CARTESIAN_POINT('Ctrl Pts',(31.8506965984228,1.38342708081672,-1.6));
#10896=CARTESIAN_POINT('Ctrl Pts',(31.8506965984228,1.38342708081672,-2.));
#10897=CARTESIAN_POINT('Ctrl Pts',(31.9192838786155,1.38061574447909,-1.6));
#10898=CARTESIAN_POINT('Ctrl Pts',(31.9192838786155,1.38061574447909,-2.));
#10899=CARTESIAN_POINT('',(31.5338813630849,1.45906052339831,-2.));
#10900=CARTESIAN_POINT('Ctrl Pts',(31.5338813630849,1.45906052339831,-2.));
#10901=CARTESIAN_POINT('Ctrl Pts',(31.5938578111238,1.4361877547855,-2.));
#10902=CARTESIAN_POINT('Ctrl Pts',(31.7179364604984,1.38886880993746,-2.));
#10903=CARTESIAN_POINT('Ctrl Pts',(31.8506965984228,1.38342708081672,-2.));
#10904=CARTESIAN_POINT('Ctrl Pts',(31.9192838786155,1.38061574447909,-2.));
#10905=CARTESIAN_POINT('',(31.5338813630849,1.45906052339831,-2.));
#10906=CARTESIAN_POINT('Ctrl Pts',(31.2712621061117,1.67870572555819,-1.6));
#10907=CARTESIAN_POINT('Ctrl Pts',(31.2712621061117,1.67870572555819,-2.));
#10908=CARTESIAN_POINT('Ctrl Pts',(31.3058672872608,1.63388915923959,-1.6));
#10909=CARTESIAN_POINT('Ctrl Pts',(31.3058672872608,1.63388915923959,-2.));
#10910=CARTESIAN_POINT('Ctrl Pts',(31.3772164422464,1.54148611351066,-1.6));
#10911=CARTESIAN_POINT('Ctrl Pts',(31.3772164422464,1.54148611351066,-2.));
#10912=CARTESIAN_POINT('Ctrl Pts',(31.4806264354581,1.48707936011387,-1.6));
#10913=CARTESIAN_POINT('Ctrl Pts',(31.4806264354581,1.48707936011387,-2.));
#10914=CARTESIAN_POINT('Ctrl Pts',(31.5338813630849,1.45906052339831,-1.6));
#10915=CARTESIAN_POINT('Ctrl Pts',(31.5338813630849,1.45906052339831,-2.));
#10916=CARTESIAN_POINT('',(31.2712621061117,1.67870572555819,-2.));
#10917=CARTESIAN_POINT('Ctrl Pts',(31.2712621061117,1.67870572555819,-2.));
#10918=CARTESIAN_POINT('Ctrl Pts',(31.3058672872608,1.63388915923959,-2.));
#10919=CARTESIAN_POINT('Ctrl Pts',(31.3772164422464,1.54148611351066,-2.));
#10920=CARTESIAN_POINT('Ctrl Pts',(31.4806264354581,1.48707936011387,-2.));
#10921=CARTESIAN_POINT('Ctrl Pts',(31.5338813630849,1.45906052339831,-2.));
#10922=CARTESIAN_POINT('',(31.2712621061117,1.67870572555819,-2.));
#10923=CARTESIAN_POINT('Ctrl Pts',(31.1798568932325,1.9795242582635,-1.6));
#10924=CARTESIAN_POINT('Ctrl Pts',(31.1798568932325,1.9795242582635,-2.));
#10925=CARTESIAN_POINT('Ctrl Pts',(31.1838733684747,1.9267670509409,-1.6));
#10926=CARTESIAN_POINT('Ctrl Pts',(31.1838733684747,1.9267670509409,-2.));
#10927=CARTESIAN_POINT('Ctrl Pts',(31.1920198262232,1.81976169563031,-1.6));
#10928=CARTESIAN_POINT('Ctrl Pts',(31.1920198262232,1.81976169563031,-2.));
#10929=CARTESIAN_POINT('Ctrl Pts',(31.2446037896202,1.72615911405849,-1.6));
#10930=CARTESIAN_POINT('Ctrl Pts',(31.2446037896202,1.72615911405849,-2.));
#10931=CARTESIAN_POINT('Ctrl Pts',(31.2712621061117,1.67870572555819,-1.6));
#10932=CARTESIAN_POINT('Ctrl Pts',(31.2712621061117,1.67870572555819,-2.));
#10933=CARTESIAN_POINT('',(31.1798568932325,1.9795242582635,-2.));
#10934=CARTESIAN_POINT('Ctrl Pts',(31.1798568932325,1.9795242582635,-2.));
#10935=CARTESIAN_POINT('Ctrl Pts',(31.1838733684747,1.9267670509409,-2.));
#10936=CARTESIAN_POINT('Ctrl Pts',(31.1920198262232,1.81976169563031,-2.));
#10937=CARTESIAN_POINT('Ctrl Pts',(31.2446037896202,1.72615911405849,-2.));
#10938=CARTESIAN_POINT('Ctrl Pts',(31.2712621061117,1.67870572555819,-2.));
#10939=CARTESIAN_POINT('',(31.1798568932325,1.9795242582635,-2.));
#10940=CARTESIAN_POINT('Ctrl Pts',(31.2630766002447,2.26397177923479,-1.6));
#10941=CARTESIAN_POINT('Ctrl Pts',(31.2630766002447,2.26397177923479,-2.));
#10942=CARTESIAN_POINT('Ctrl Pts',(31.238807099271,2.22071587746506,-1.6));
#10943=CARTESIAN_POINT('Ctrl Pts',(31.238807099271,2.22071587746506,-2.));
#10944=CARTESIAN_POINT('Ctrl Pts',(31.1892350321844,2.13236282617021,-1.6));
#10945=CARTESIAN_POINT('Ctrl Pts',(31.1892350321844,2.13236282617021,-2.));
#10946=CARTESIAN_POINT('Ctrl Pts',(31.1830260704385,2.03117336562896,-1.6));
#10947=CARTESIAN_POINT('Ctrl Pts',(31.1830260704385,2.03117336562896,-2.));
#10948=CARTESIAN_POINT('Ctrl Pts',(31.1798568932325,1.9795242582635,-1.6));
#10949=CARTESIAN_POINT('Ctrl Pts',(31.1798568932325,1.9795242582635,-2.));
#10950=CARTESIAN_POINT('',(31.2630766002447,2.26397177923479,-2.));
#10951=CARTESIAN_POINT('Ctrl Pts',(31.2630766002447,2.26397177923479,-2.));
#10952=CARTESIAN_POINT('Ctrl Pts',(31.238807099271,2.22071587746506,-2.));
#10953=CARTESIAN_POINT('Ctrl Pts',(31.1892350321844,2.13236282617021,-2.));
#10954=CARTESIAN_POINT('Ctrl Pts',(31.1830260704385,2.03117336562896,-2.));
#10955=CARTESIAN_POINT('Ctrl Pts',(31.1798568932325,1.9795242582635,-2.));
#10956=CARTESIAN_POINT('',(31.2630766002447,2.26397177923479,-2.));
#10957=CARTESIAN_POINT('Ctrl Pts',(31.5209210781366,2.46792814482012,-1.6));
#10958=CARTESIAN_POINT('Ctrl Pts',(31.5209210781366,2.46792814482012,-2.));
#10959=CARTESIAN_POINT('Ctrl Pts',(31.4676246994023,2.44087201594867,-1.6));
#10960=CARTESIAN_POINT('Ctrl Pts',(31.4676246994023,2.44087201594867,-2.));
#10961=CARTESIAN_POINT('Ctrl Pts',(31.3677445339047,2.39016743350646,-1.6));
#10962=CARTESIAN_POINT('Ctrl Pts',(31.3677445339047,2.39016743350646,-2.));
#10963=CARTESIAN_POINT('Ctrl Pts',(31.2963668988288,2.3041091055755,-1.6));
#10964=CARTESIAN_POINT('Ctrl Pts',(31.2963668988288,2.3041091055755,-2.));
#10965=CARTESIAN_POINT('Ctrl Pts',(31.2630766002447,2.26397177923479,-1.6));
#10966=CARTESIAN_POINT('Ctrl Pts',(31.2630766002447,2.26397177923479,-2.));
#10967=CARTESIAN_POINT('',(31.5209210781366,2.46792814482012,-2.));
#10968=CARTESIAN_POINT('Ctrl Pts',(31.5209210781366,2.46792814482012,-2.));
#10969=CARTESIAN_POINT('Ctrl Pts',(31.4676246994023,2.44087201594867,-2.));
#10970=CARTESIAN_POINT('Ctrl Pts',(31.3677445339047,2.39016743350646,-2.));
#10971=CARTESIAN_POINT('Ctrl Pts',(31.2963668988288,2.3041091055755,-2.));
#10972=CARTESIAN_POINT('Ctrl Pts',(31.2630766002447,2.26397177923479,-2.));
#10973=CARTESIAN_POINT('',(31.5209210781366,2.46792814482012,-2.));
#10974=CARTESIAN_POINT('Ctrl Pts',(31.963622209242,2.59548610795298,-1.6));
#10975=CARTESIAN_POINT('Ctrl Pts',(31.963622209242,2.59548610795298,-2.));
#10976=CARTESIAN_POINT('Ctrl Pts',(31.8722458248753,2.57507149234239,-1.6));
#10977=CARTESIAN_POINT('Ctrl Pts',(31.8722458248753,2.57507149234239,-2.));
#10978=CARTESIAN_POINT('Ctrl Pts',(31.72200679306,2.5415062325056,-1.6));
#10979=CARTESIAN_POINT('Ctrl Pts',(31.72200679306,2.5415062325056,-2.));
#10980=CARTESIAN_POINT('Ctrl Pts',(31.5775272115074,2.48864056114607,-1.6));
#10981=CARTESIAN_POINT('Ctrl Pts',(31.5775272115074,2.48864056114607,-2.));
#10982=CARTESIAN_POINT('Ctrl Pts',(31.5209210781366,2.46792814482012,-1.6));
#10983=CARTESIAN_POINT('Ctrl Pts',(31.5209210781366,2.46792814482012,-2.));
#10984=CARTESIAN_POINT('',(31.963622209242,2.59548610795298,-2.));
#10985=CARTESIAN_POINT('Ctrl Pts',(31.963622209242,2.59548610795298,-2.));
#10986=CARTESIAN_POINT('Ctrl Pts',(31.8722458248753,2.57507149234239,-2.));
#10987=CARTESIAN_POINT('Ctrl Pts',(31.72200679306,2.5415062325056,-2.));
#10988=CARTESIAN_POINT('Ctrl Pts',(31.5775272115074,2.48864056114607,-2.));
#10989=CARTESIAN_POINT('Ctrl Pts',(31.5209210781366,2.46792814482012,-2.));
#10990=CARTESIAN_POINT('',(31.963622209242,2.59548610795298,-2.));
#10991=CARTESIAN_POINT('Ctrl Pts',(32.3626672593862,2.73805088151255,-1.6));
#10992=CARTESIAN_POINT('Ctrl Pts',(32.3626672593862,2.73805088151255,-2.));
#10993=CARTESIAN_POINT('Ctrl Pts',(32.3173682743677,2.71280505535707,-1.6));
#10994=CARTESIAN_POINT('Ctrl Pts',(32.3173682743677,2.71280505535707,-2.));
#10995=CARTESIAN_POINT('Ctrl Pts',(32.1928561153138,2.64341250008393,-1.6));
#10996=CARTESIAN_POINT('Ctrl Pts',(32.1928561153138,2.64341250008393,-2.));
#10997=CARTESIAN_POINT('Ctrl Pts',(32.0527537130227,2.61412101006941,-1.6));
#10998=CARTESIAN_POINT('Ctrl Pts',(32.0527537130227,2.61412101006941,-2.));
#10999=CARTESIAN_POINT('Ctrl Pts',(31.963622209242,2.59548610795298,-1.6));
#11000=CARTESIAN_POINT('Ctrl Pts',(31.963622209242,2.59548610795298,-2.));
#11001=CARTESIAN_POINT('',(32.3626672593862,2.73805088151255,-2.));
#11002=CARTESIAN_POINT('Ctrl Pts',(32.3626672593862,2.73805088151255,-2.));
#11003=CARTESIAN_POINT('Ctrl Pts',(32.3173682743677,2.71280505535707,-2.));
#11004=CARTESIAN_POINT('Ctrl Pts',(32.1928561153138,2.64341250008393,-2.));
#11005=CARTESIAN_POINT('Ctrl Pts',(32.0527537130227,2.61412101006941,-2.));
#11006=CARTESIAN_POINT('Ctrl Pts',(31.963622209242,2.59548610795298,-2.));
#11007=CARTESIAN_POINT('',(32.3626672593862,2.73805088151255,-2.));
#11008=CARTESIAN_POINT('Ctrl Pts',(32.440429863146,2.9154042040185,-1.6));
#11009=CARTESIAN_POINT('Ctrl Pts',(32.440429863146,2.9154042040185,-2.));
#11010=CARTESIAN_POINT('Ctrl Pts',(32.4373112068726,2.88117983067361,-1.6));
#11011=CARTESIAN_POINT('Ctrl Pts',(32.4373112068726,2.88117983067361,-2.));
#11012=CARTESIAN_POINT('Ctrl Pts',(32.4311310097972,2.81335787354951,-1.6));
#11013=CARTESIAN_POINT('Ctrl Pts',(32.4311310097972,2.81335787354951,-2.));
#11014=CARTESIAN_POINT('Ctrl Pts',(32.3853474704164,2.76299807562906,-1.6));
#11015=CARTESIAN_POINT('Ctrl Pts',(32.3853474704164,2.76299807562906,-2.));
#11016=CARTESIAN_POINT('Ctrl Pts',(32.3626672593862,2.73805088151255,-1.6));
#11017=CARTESIAN_POINT('Ctrl Pts',(32.3626672593862,2.73805088151255,-2.));
#11018=CARTESIAN_POINT('',(32.440429863146,2.9154042040185,-2.));
#11019=CARTESIAN_POINT('Ctrl Pts',(32.440429863146,2.9154042040185,-2.));
#11020=CARTESIAN_POINT('Ctrl Pts',(32.4373112068726,2.88117983067361,-2.));
#11021=CARTESIAN_POINT('Ctrl Pts',(32.4311310097972,2.81335787354951,-2.));
#11022=CARTESIAN_POINT('Ctrl Pts',(32.3853474704164,2.76299807562906,-2.));
#11023=CARTESIAN_POINT('Ctrl Pts',(32.3626672593862,2.73805088151255,-2.));
#11024=CARTESIAN_POINT('',(32.440429863146,2.9154042040185,-2.));
#11025=CARTESIAN_POINT('Ctrl Pts',(32.3306072248131,3.12754607547083,-1.6));
#11026=CARTESIAN_POINT('Ctrl Pts',(32.3306072248131,3.12754607547083,-2.));
#11027=CARTESIAN_POINT('Ctrl Pts',(32.3626262509328,3.0975140852432,-1.6));
#11028=CARTESIAN_POINT('Ctrl Pts',(32.3626262509328,3.0975140852432,-2.));
#11029=CARTESIAN_POINT('Ctrl Pts',(32.4244153922418,3.03955945286211,-1.6));
#11030=CARTESIAN_POINT('Ctrl Pts',(32.4244153922418,3.03955945286211,-2.));
#11031=CARTESIAN_POINT('Ctrl Pts',(32.4352228238826,2.95577277188146,-1.6));
#11032=CARTESIAN_POINT('Ctrl Pts',(32.4352228238826,2.95577277188146,-2.));
#11033=CARTESIAN_POINT('Ctrl Pts',(32.440429863146,2.9154042040185,-1.6));
#11034=CARTESIAN_POINT('Ctrl Pts',(32.440429863146,2.9154042040185,-2.));
#11035=CARTESIAN_POINT('',(32.3306072248131,3.12754607547083,-2.));
#11036=CARTESIAN_POINT('Ctrl Pts',(32.3306072248131,3.12754607547083,-2.));
#11037=CARTESIAN_POINT('Ctrl Pts',(32.3626262509328,3.0975140852432,-2.));
#11038=CARTESIAN_POINT('Ctrl Pts',(32.4244153922418,3.03955945286211,-2.));
#11039=CARTESIAN_POINT('Ctrl Pts',(32.4352228238826,2.95577277188146,-2.));
#11040=CARTESIAN_POINT('Ctrl Pts',(32.440429863146,2.9154042040185,-2.));
#11041=CARTESIAN_POINT('',(32.3306072248131,3.12754607547083,-2.));
#11042=CARTESIAN_POINT('Ctrl Pts',(31.9806754706413,3.21554071057597,-1.6));
#11043=CARTESIAN_POINT('Ctrl Pts',(31.9806754706413,3.21554071057597,-2.));
#11044=CARTESIAN_POINT('Ctrl Pts',(32.0515846356679,3.21446357280225,-1.6));
#11045=CARTESIAN_POINT('Ctrl Pts',(32.0515846356679,3.21446357280225,-2.));
#11046=CARTESIAN_POINT('Ctrl Pts',(32.1758181915928,3.21257641680767,-1.6));
#11047=CARTESIAN_POINT('Ctrl Pts',(32.1758181915928,3.21257641680767,-2.));
#11048=CARTESIAN_POINT('Ctrl Pts',(32.2841208181956,3.15308247775965,-1.6));
#11049=CARTESIAN_POINT('Ctrl Pts',(32.2841208181956,3.15308247775965,-2.));
#11050=CARTESIAN_POINT('Ctrl Pts',(32.3306072248131,3.12754607547083,-1.6));
#11051=CARTESIAN_POINT('Ctrl Pts',(32.3306072248131,3.12754607547083,-2.));
#11052=CARTESIAN_POINT('',(31.9806754706413,3.21554071057597,-2.));
#11053=CARTESIAN_POINT('Ctrl Pts',(31.9806754706413,3.21554071057597,-2.));
#11054=CARTESIAN_POINT('Ctrl Pts',(32.0515846356679,3.21446357280225,-2.));
#11055=CARTESIAN_POINT('Ctrl Pts',(32.1758181915928,3.21257641680767,-2.));
#11056=CARTESIAN_POINT('Ctrl Pts',(32.2841208181956,3.15308247775965,-2.));
#11057=CARTESIAN_POINT('Ctrl Pts',(32.3306072248131,3.12754607547083,-2.));
#11058=CARTESIAN_POINT('',(31.9806754706413,3.21554071057597,-2.));
#11059=CARTESIAN_POINT('Ctrl Pts',(31.6321078805238,3.11867854345599,-1.6));
#11060=CARTESIAN_POINT('Ctrl Pts',(31.6321078805238,3.11867854345599,-2.));
#11061=CARTESIAN_POINT('Ctrl Pts',(31.6796446604927,3.14684083329138,-1.6));
#11062=CARTESIAN_POINT('Ctrl Pts',(31.6796446604927,3.14684083329138,-2.));
#11063=CARTESIAN_POINT('Ctrl Pts',(31.7865608716733,3.21018137359168,-1.6));
#11064=CARTESIAN_POINT('Ctrl Pts',(31.7865608716733,3.21018137359168,-2.));
#11065=CARTESIAN_POINT('Ctrl Pts',(31.9113626834222,3.21362704418507,-1.6));
#11066=CARTESIAN_POINT('Ctrl Pts',(31.9113626834222,3.21362704418507,-2.));
#11067=CARTESIAN_POINT('Ctrl Pts',(31.9806754706413,3.21554071057597,-1.6));
#11068=CARTESIAN_POINT('Ctrl Pts',(31.9806754706413,3.21554071057597,-2.));
#11069=CARTESIAN_POINT('',(31.6321078805238,3.11867854345599,-2.));
#11070=CARTESIAN_POINT('Ctrl Pts',(31.6321078805238,3.11867854345599,-2.));
#11071=CARTESIAN_POINT('Ctrl Pts',(31.6796446604927,3.14684083329138,-2.));
#11072=CARTESIAN_POINT('Ctrl Pts',(31.7865608716733,3.21018137359168,-2.));
#11073=CARTESIAN_POINT('Ctrl Pts',(31.9113626834222,3.21362704418507,-2.));
#11074=CARTESIAN_POINT('Ctrl Pts',(31.9806754706413,3.21554071057597,-2.));
#11075=CARTESIAN_POINT('',(31.6321078805238,3.11867854345599,-2.));
#11076=CARTESIAN_POINT('Ctrl Pts',(31.4936358598977,2.83218464601794,-1.6));
#11077=CARTESIAN_POINT('Ctrl Pts',(31.4936358598977,2.83218464601794,-2.));
#11078=CARTESIAN_POINT('Ctrl Pts',(31.5031737680893,2.89036448995249,-1.6));
#11079=CARTESIAN_POINT('Ctrl Pts',(31.5031737680893,2.89036448995249,-2.));
#11080=CARTESIAN_POINT('Ctrl Pts',(31.5211356262254,2.99992919556188,-1.6));
#11081=CARTESIAN_POINT('Ctrl Pts',(31.5211356262254,2.99992919556188,-2.));
#11082=CARTESIAN_POINT('Ctrl Pts',(31.5966788077211,3.08076655078352,-1.6));
#11083=CARTESIAN_POINT('Ctrl Pts',(31.5966788077211,3.08076655078352,-2.));
#11084=CARTESIAN_POINT('Ctrl Pts',(31.6321078805238,3.11867854345599,-1.6));
#11085=CARTESIAN_POINT('Ctrl Pts',(31.6321078805238,3.11867854345599,-2.));
#11086=CARTESIAN_POINT('',(31.4936358598977,2.83218464601794,-2.));
#11087=CARTESIAN_POINT('Ctrl Pts',(31.4936358598977,2.83218464601794,-2.));
#11088=CARTESIAN_POINT('Ctrl Pts',(31.5031737680893,2.89036448995249,-2.));
#11089=CARTESIAN_POINT('Ctrl Pts',(31.5211356262254,2.99992919556188,-2.));
#11090=CARTESIAN_POINT('Ctrl Pts',(31.5966788077211,3.08076655078352,-2.));
#11091=CARTESIAN_POINT('Ctrl Pts',(31.6321078805238,3.11867854345599,-2.));
#11092=CARTESIAN_POINT('',(31.4936358598977,2.83218464601794,-2.));
#11093=CARTESIAN_POINT('Origin',(31.3667599974185,2.84173442769804,-2.));
#11094=CARTESIAN_POINT('',(31.2398841349393,2.85128420937815,-2.));
#11095=CARTESIAN_POINT('',(29.9635989775162,2.94734853853256,-2.));
#11096=CARTESIAN_POINT('',(31.2398841349393,2.85128420937815,-2.));
#11097=CARTESIAN_POINT('Ctrl Pts',(31.3381106523782,3.16642737735071,-1.6));
#11098=CARTESIAN_POINT('Ctrl Pts',(31.3381106523782,3.16642737735071,-2.));
#11099=CARTESIAN_POINT('Ctrl Pts',(31.3111516973313,3.11808425330973,-1.6));
#11100=CARTESIAN_POINT('Ctrl Pts',(31.3111516973313,3.11808425330973,-2.));
#11101=CARTESIAN_POINT('Ctrl Pts',(31.2564207279309,3.01994001745194,-1.6));
#11102=CARTESIAN_POINT('Ctrl Pts',(31.2564207279309,3.01994001745194,-2.));
#11103=CARTESIAN_POINT('Ctrl Pts',(31.2454506548035,2.9080568412213,-1.6));
#11104=CARTESIAN_POINT('Ctrl Pts',(31.2454506548035,2.9080568412213,-2.));
#11105=CARTESIAN_POINT('Ctrl Pts',(31.2398841349393,2.85128420937815,-1.6));
#11106=CARTESIAN_POINT('Ctrl Pts',(31.2398841349393,2.85128420937815,-2.));
#11107=CARTESIAN_POINT('',(31.3381106523782,3.16642737735071,-2.));
#11108=CARTESIAN_POINT('Ctrl Pts',(31.3381106523782,3.16642737735071,-2.));
#11109=CARTESIAN_POINT('Ctrl Pts',(31.3111516973313,3.11808425330973,-2.));
#11110=CARTESIAN_POINT('Ctrl Pts',(31.2564207279309,3.01994001745194,-2.));
#11111=CARTESIAN_POINT('Ctrl Pts',(31.2454506548035,2.9080568412213,-2.));
#11112=CARTESIAN_POINT('Ctrl Pts',(31.2398841349393,2.85128420937815,-2.));
#11113=CARTESIAN_POINT('',(31.3381106523782,3.16642737735071,-2.));
#11114=CARTESIAN_POINT('Ctrl Pts',(31.5993657080442,3.37720504749575,-1.6));
#11115=CARTESIAN_POINT('Ctrl Pts',(31.5993657080442,3.37720504749575,-2.));
#11116=CARTESIAN_POINT('Ctrl Pts',(31.5464593032985,3.35117739191321,-1.6));
#11117=CARTESIAN_POINT('Ctrl Pts',(31.5464593032985,3.35117739191321,-2.));
#11118=CARTESIAN_POINT('Ctrl Pts',(31.4434436936629,3.30049818170964,-1.6));
#11119=CARTESIAN_POINT('Ctrl Pts',(31.4434436936629,3.30049818170964,-2.));
#11120=CARTESIAN_POINT('Ctrl Pts',(31.37258027746,3.2103012682429,-1.6));
#11121=CARTESIAN_POINT('Ctrl Pts',(31.37258027746,3.2103012682429,-2.));
#11122=CARTESIAN_POINT('Ctrl Pts',(31.3381106523782,3.16642737735071,-1.6));
#11123=CARTESIAN_POINT('Ctrl Pts',(31.3381106523782,3.16642737735071,-2.));
#11124=CARTESIAN_POINT('',(31.5993657080442,3.37720504749575,-2.));
#11125=CARTESIAN_POINT('Ctrl Pts',(31.5993657080442,3.37720504749575,-2.));
#11126=CARTESIAN_POINT('Ctrl Pts',(31.5464593032985,3.35117739191321,-2.));
#11127=CARTESIAN_POINT('Ctrl Pts',(31.4434436936629,3.30049818170964,-2.));
#11128=CARTESIAN_POINT('Ctrl Pts',(31.37258027746,3.2103012682429,-2.));
#11129=CARTESIAN_POINT('Ctrl Pts',(31.3381106523782,3.16642737735071,-2.));
#11130=CARTESIAN_POINT('',(31.5993657080442,3.37720504749575,-2.));
#11131=CARTESIAN_POINT('Ctrl Pts',(31.9915895281345,3.44882852185526,-1.6));
#11132=CARTESIAN_POINT('Ctrl Pts',(31.9915895281345,3.44882852185526,-2.));
#11133=CARTESIAN_POINT('Ctrl Pts',(31.9211659056965,3.44646296625281,-1.6));
#11134=CARTESIAN_POINT('Ctrl Pts',(31.9211659056965,3.44646296625281,-2.));
#11135=CARTESIAN_POINT('Ctrl Pts',(31.7867922966195,3.44194930687588,-1.6));
#11136=CARTESIAN_POINT('Ctrl Pts',(31.7867922966195,3.44194930687588,-2.));
#11137=CARTESIAN_POINT('Ctrl Pts',(31.6598019248843,3.39808201126483,-1.6));
#11138=CARTESIAN_POINT('Ctrl Pts',(31.6598019248843,3.39808201126483,-2.));
#11139=CARTESIAN_POINT('Ctrl Pts',(31.5993657080442,3.37720504749575,-1.6));
#11140=CARTESIAN_POINT('Ctrl Pts',(31.5993657080442,3.37720504749575,-2.));
#11141=CARTESIAN_POINT('',(31.9915895281345,3.44882852185526,-2.));
#11142=CARTESIAN_POINT('Ctrl Pts',(31.9915895281345,3.44882852185526,-2.));
#11143=CARTESIAN_POINT('Ctrl Pts',(31.9211659056965,3.44646296625281,-2.));
#11144=CARTESIAN_POINT('Ctrl Pts',(31.7867922966195,3.44194930687588,-2.));
#11145=CARTESIAN_POINT('Ctrl Pts',(31.6598019248843,3.39808201126483,-2.));
#11146=CARTESIAN_POINT('Ctrl Pts',(31.5993657080442,3.37720504749575,-2.));
#11147=CARTESIAN_POINT('',(31.9915895281345,3.44882852185526,-2.));
#11148=CARTESIAN_POINT('Ctrl Pts',(32.3585744691998,3.38061577428141,-1.6));
#11149=CARTESIAN_POINT('Ctrl Pts',(32.3585744691998,3.38061577428141,-2.));
#11150=CARTESIAN_POINT('Ctrl Pts',(32.3010163218753,3.40050568942841,-1.6));
#11151=CARTESIAN_POINT('Ctrl Pts',(32.3010163218753,3.40050568942841,-2.));
#11152=CARTESIAN_POINT('Ctrl Pts',(32.1821553986649,3.44157952148942,-1.6));
#11153=CARTESIAN_POINT('Ctrl Pts',(32.1821553986649,3.44157952148942,-2.));
#11154=CARTESIAN_POINT('Ctrl Pts',(32.0564317627868,3.44636196590058,-1.6));
#11155=CARTESIAN_POINT('Ctrl Pts',(32.0564317627868,3.44636196590058,-2.));
#11156=CARTESIAN_POINT('Ctrl Pts',(31.9915895281345,3.44882852185526,-1.6));
#11157=CARTESIAN_POINT('Ctrl Pts',(31.9915895281345,3.44882852185526,-2.));
#11158=CARTESIAN_POINT('',(32.3585744691998,3.38061577428141,-2.));
#11159=CARTESIAN_POINT('Ctrl Pts',(32.3585744691998,3.38061577428141,-2.));
#11160=CARTESIAN_POINT('Ctrl Pts',(32.3010163218753,3.40050568942841,-2.));
#11161=CARTESIAN_POINT('Ctrl Pts',(32.1821553986649,3.44157952148942,-2.));
#11162=CARTESIAN_POINT('Ctrl Pts',(32.0564317627868,3.44636196590058,-2.));
#11163=CARTESIAN_POINT('Ctrl Pts',(31.9915895281345,3.44882852185526,-2.));
#11164=CARTESIAN_POINT('',(32.3585744691998,3.38061577428141,-2.));
#11165=CARTESIAN_POINT('Ctrl Pts',(32.6095976797849,3.18075216162958,-1.6));
#11166=CARTESIAN_POINT('Ctrl Pts',(32.6095976797849,3.18075216162958,-2.));
#11167=CARTESIAN_POINT('Ctrl Pts',(32.5767681975641,3.22234842951853,-1.6));
#11168=CARTESIAN_POINT('Ctrl Pts',(32.5767681975641,3.22234842951853,-2.));
#11169=CARTESIAN_POINT('Ctrl Pts',(32.5087928841725,3.30847587212175,-1.6));
#11170=CARTESIAN_POINT('Ctrl Pts',(32.5087928841725,3.30847587212175,-2.));
#11171=CARTESIAN_POINT('Ctrl Pts',(32.4097720298337,3.35602899498666,-1.6));
#11172=CARTESIAN_POINT('Ctrl Pts',(32.4097720298337,3.35602899498666,-2.));
#11173=CARTESIAN_POINT('Ctrl Pts',(32.3585744691998,3.38061577428141,-1.6));
#11174=CARTESIAN_POINT('Ctrl Pts',(32.3585744691998,3.38061577428141,-2.));
#11175=CARTESIAN_POINT('',(32.6095976797849,3.18075216162958,-2.));
#11176=CARTESIAN_POINT('Ctrl Pts',(32.6095976797849,3.18075216162958,-2.));
#11177=CARTESIAN_POINT('Ctrl Pts',(32.5767681975641,3.22234842951853,-2.));
#11178=CARTESIAN_POINT('Ctrl Pts',(32.5087928841725,3.30847587212175,-2.));
#11179=CARTESIAN_POINT('Ctrl Pts',(32.4097720298337,3.35602899498666,-2.));
#11180=CARTESIAN_POINT('Ctrl Pts',(32.3585744691998,3.38061577428141,-2.));
#11181=CARTESIAN_POINT('',(32.6095976797849,3.18075216162958,-2.));
#11182=CARTESIAN_POINT('Ctrl Pts',(32.6955458266646,2.89766899097719,-1.6));
#11183=CARTESIAN_POINT('Ctrl Pts',(32.6955458266646,2.89766899097719,-2.));
#11184=CARTESIAN_POINT('Ctrl Pts',(32.6918236951287,2.9475369286487,-1.6));
#11185=CARTESIAN_POINT('Ctrl Pts',(32.6918236951287,2.9475369286487,-2.));
#11186=CARTESIAN_POINT('Ctrl Pts',(32.6843043227719,3.04827909436809,-1.6));
#11187=CARTESIAN_POINT('Ctrl Pts',(32.6843043227719,3.04827909436809,-2.));
#11188=CARTESIAN_POINT('Ctrl Pts',(32.6346651721423,3.13630139435695,-1.6));
#11189=CARTESIAN_POINT('Ctrl Pts',(32.6346651721423,3.13630139435695,-2.));
#11190=CARTESIAN_POINT('Ctrl Pts',(32.6095976797849,3.18075216162958,-1.6));
#11191=CARTESIAN_POINT('Ctrl Pts',(32.6095976797849,3.18075216162958,-2.));
#11192=CARTESIAN_POINT('',(32.6955458266646,2.89766899097719,-2.));
#11193=CARTESIAN_POINT('Ctrl Pts',(32.6955458266646,2.89766899097719,-2.));
#11194=CARTESIAN_POINT('Ctrl Pts',(32.6918236951287,2.9475369286487,-2.));
#11195=CARTESIAN_POINT('Ctrl Pts',(32.6843043227719,3.04827909436809,-2.));
#11196=CARTESIAN_POINT('Ctrl Pts',(32.6346651721423,3.13630139435695,-2.));
#11197=CARTESIAN_POINT('Ctrl Pts',(32.6095976797849,3.18075216162958,-2.));
#11198=CARTESIAN_POINT('',(32.6955458266646,2.89766899097719,-2.));
#11199=CARTESIAN_POINT('Ctrl Pts',(32.6252866094917,2.64869219411173,-1.6));
#11200=CARTESIAN_POINT('Ctrl Pts',(32.6252866094917,2.64869219411173,-2.));
#11201=CARTESIAN_POINT('Ctrl Pts',(32.6457779926177,2.68713990202382,-1.6));
#11202=CARTESIAN_POINT('Ctrl Pts',(32.6457779926177,2.68713990202382,-2.));
#11203=CARTESIAN_POINT('Ctrl Pts',(32.6872730788174,2.76499657690906,-1.6));
#11204=CARTESIAN_POINT('Ctrl Pts',(32.6872730788174,2.76499657690906,-2.));
#11205=CARTESIAN_POINT('Ctrl Pts',(32.6927656393777,2.85308233540272,-1.6));
#11206=CARTESIAN_POINT('Ctrl Pts',(32.6927656393777,2.85308233540272,-2.));
#11207=CARTESIAN_POINT('Ctrl Pts',(32.6955458266646,2.89766899097719,-1.6));
#11208=CARTESIAN_POINT('Ctrl Pts',(32.6955458266646,2.89766899097719,-2.));
#11209=CARTESIAN_POINT('',(32.6252866094917,2.64869219411173,-2.));
#11210=CARTESIAN_POINT('Ctrl Pts',(32.6252866094917,2.64869219411173,-2.));
#11211=CARTESIAN_POINT('Ctrl Pts',(32.6457779926177,2.68713990202382,-2.));
#11212=CARTESIAN_POINT('Ctrl Pts',(32.6872730788174,2.76499657690906,-2.));
#11213=CARTESIAN_POINT('Ctrl Pts',(32.6927656393777,2.85308233540272,-2.));
#11214=CARTESIAN_POINT('Ctrl Pts',(32.6955458266646,2.89766899097719,-2.));
#11215=CARTESIAN_POINT('',(32.6252866094917,2.64869219411173,-2.));
#11216=CARTESIAN_POINT('Ctrl Pts',(32.4117804808527,2.46247104156771,-1.6));
#11217=CARTESIAN_POINT('Ctrl Pts',(32.4117804808527,2.46247104156771,-2.));
#11218=CARTESIAN_POINT('Ctrl Pts',(32.4557623115282,2.48787911523596,-1.6));
#11219=CARTESIAN_POINT('Ctrl Pts',(32.4557623115282,2.48787911523596,-2.));
#11220=CARTESIAN_POINT('Ctrl Pts',(32.5392051277762,2.53608359398905,-1.6));
#11221=CARTESIAN_POINT('Ctrl Pts',(32.5392051277762,2.53608359398905,-2.));
#11222=CARTESIAN_POINT('Ctrl Pts',(32.5976482447078,2.61253671088856,-1.6));
#11223=CARTESIAN_POINT('Ctrl Pts',(32.5976482447078,2.61253671088856,-2.));
#11224=CARTESIAN_POINT('Ctrl Pts',(32.6252866094917,2.64869219411173,-1.6));
#11225=CARTESIAN_POINT('Ctrl Pts',(32.6252866094917,2.64869219411173,-2.));
#11226=CARTESIAN_POINT('',(32.4117804808527,2.46247104156771,-2.));
#11227=CARTESIAN_POINT('Ctrl Pts',(32.4117804808527,2.46247104156771,-2.));
#11228=CARTESIAN_POINT('Ctrl Pts',(32.4557623115282,2.48787911523596,-2.));
#11229=CARTESIAN_POINT('Ctrl Pts',(32.5392051277762,2.53608359398905,-2.));
#11230=CARTESIAN_POINT('Ctrl Pts',(32.5976482447078,2.61253671088856,-2.));
#11231=CARTESIAN_POINT('Ctrl Pts',(32.6252866094917,2.64869219411173,-2.));
#11232=CARTESIAN_POINT('',(32.4117804808527,2.46247104156771,-2.));
#11233=CARTESIAN_POINT('Ctrl Pts',(32.0256959019214,2.33764163006106,-1.6));
#11234=CARTESIAN_POINT('Ctrl Pts',(32.0256959019214,2.33764163006106,-2.));
#11235=CARTESIAN_POINT('Ctrl Pts',(32.1046596551032,2.35650796334444,-1.6));
#11236=CARTESIAN_POINT('Ctrl Pts',(32.1046596551032,2.35650796334444,-2.));
#11237=CARTESIAN_POINT('Ctrl Pts',(32.2367277644031,2.38806220013989,-1.6));
#11238=CARTESIAN_POINT('Ctrl Pts',(32.2367277644031,2.38806220013989,-2.));
#11239=CARTESIAN_POINT('Ctrl Pts',(32.361578298942,2.44113183433409,-1.6));
#11240=CARTESIAN_POINT('Ctrl Pts',(32.361578298942,2.44113183433409,-2.));
#11241=CARTESIAN_POINT('Ctrl Pts',(32.4117804808527,2.46247104156771,-1.6));
#11242=CARTESIAN_POINT('Ctrl Pts',(32.4117804808527,2.46247104156771,-2.));
#11243=CARTESIAN_POINT('',(32.0256959019214,2.33764163006106,-2.));
#11244=CARTESIAN_POINT('Ctrl Pts',(32.0256959019214,2.33764163006106,-2.));
#11245=CARTESIAN_POINT('Ctrl Pts',(32.1046596551032,2.35650796334444,-2.));
#11246=CARTESIAN_POINT('Ctrl Pts',(32.2367277644031,2.38806220013989,-2.));
#11247=CARTESIAN_POINT('Ctrl Pts',(32.361578298942,2.44113183433409,-2.));
#11248=CARTESIAN_POINT('Ctrl Pts',(32.4117804808527,2.46247104156771,-2.));
#11249=CARTESIAN_POINT('',(32.0256959019214,2.33764163006106,-2.));
#11250=CARTESIAN_POINT('Ctrl Pts',(31.6696249810964,2.24009728778162,-1.6));
#11251=CARTESIAN_POINT('Ctrl Pts',(31.6696249810964,2.24009728778162,-2.));
#11252=CARTESIAN_POINT('Ctrl Pts',(31.7125952577978,2.25387304126432,-1.6));
#11253=CARTESIAN_POINT('Ctrl Pts',(31.7125952577978,2.25387304126432,-2.));
#11254=CARTESIAN_POINT('Ctrl Pts',(31.8298562215542,2.29146549478925,-1.6));
#11255=CARTESIAN_POINT('Ctrl Pts',(31.8298562215542,2.29146549478925,-2.));
#11256=CARTESIAN_POINT('Ctrl Pts',(31.9497421612699,2.31973284775428,-1.6));
#11257=CARTESIAN_POINT('Ctrl Pts',(31.9497421612699,2.31973284775428,-2.));
#11258=CARTESIAN_POINT('Ctrl Pts',(32.0256959019214,2.33764163006106,-1.6));
#11259=CARTESIAN_POINT('Ctrl Pts',(32.0256959019214,2.33764163006106,-2.));
#11260=CARTESIAN_POINT('',(31.6696249810964,2.24009728778162,-2.));
#11261=CARTESIAN_POINT('Ctrl Pts',(31.6696249810964,2.24009728778162,-2.));
#11262=CARTESIAN_POINT('Ctrl Pts',(31.7125952577978,2.25387304126432,-2.));
#11263=CARTESIAN_POINT('Ctrl Pts',(31.8298562215542,2.29146549478925,-2.));
#11264=CARTESIAN_POINT('Ctrl Pts',(31.9497421612699,2.31973284775428,-2.));
#11265=CARTESIAN_POINT('Ctrl Pts',(32.0256959019214,2.33764163006106,-2.));
#11266=CARTESIAN_POINT('',(31.6696249810964,2.24009728778162,-2.));
#11267=CARTESIAN_POINT('Ctrl Pts',(31.4895431069642,2.12208903182307,-1.6));
#11268=CARTESIAN_POINT('Ctrl Pts',(31.4895431069642,2.12208903182307,-2.));
#11269=CARTESIAN_POINT('Ctrl Pts',(31.512558640994,2.14523928662321,-1.6));
#11270=CARTESIAN_POINT('Ctrl Pts',(31.512558640994,2.14523928662321,-2.));
#11271=CARTESIAN_POINT('Ctrl Pts',(31.5641164801938,2.19709891816064,-1.6));
#11272=CARTESIAN_POINT('Ctrl Pts',(31.5641164801938,2.19709891816064,-2.));
#11273=CARTESIAN_POINT('Ctrl Pts',(31.6320288462269,2.22477556024678,-1.6));
#11274=CARTESIAN_POINT('Ctrl Pts',(31.6320288462269,2.22477556024678,-2.));
#11275=CARTESIAN_POINT('Ctrl Pts',(31.6696249810964,2.24009728778162,-1.6));
#11276=CARTESIAN_POINT('Ctrl Pts',(31.6696249810964,2.24009728778162,-2.));
#11277=CARTESIAN_POINT('',(31.4895431069642,2.12208903182307,-2.));
#11278=CARTESIAN_POINT('Ctrl Pts',(31.4895431069642,2.12208903182307,-2.));
#11279=CARTESIAN_POINT('Ctrl Pts',(31.512558640994,2.14523928662321,-2.));
#11280=CARTESIAN_POINT('Ctrl Pts',(31.5641164801938,2.19709891816064,-2.));
#11281=CARTESIAN_POINT('Ctrl Pts',(31.6320288462269,2.22477556024678,-2.));
#11282=CARTESIAN_POINT('Ctrl Pts',(31.6696249810964,2.24009728778162,-2.));
#11283=CARTESIAN_POINT('',(31.4895431069642,2.12208903182307,-2.));
#11284=CARTESIAN_POINT('Ctrl Pts',(31.4349728194982,1.95769614327708,-1.6));
#11285=CARTESIAN_POINT('Ctrl Pts',(31.4349728194982,1.95769614327708,-2.));
#11286=CARTESIAN_POINT('Ctrl Pts',(31.4371038391548,1.98789370806774,-1.6));
#11287=CARTESIAN_POINT('Ctrl Pts',(31.4371038391548,1.98789370806774,-2.));
#11288=CARTESIAN_POINT('Ctrl Pts',(31.4413015267117,2.04737694257219,-1.6));
#11289=CARTESIAN_POINT('Ctrl Pts',(31.4413015267117,2.04737694257219,-2.));
#11290=CARTESIAN_POINT('Ctrl Pts',(31.4736277704149,2.09744083334977,-1.6));
#11291=CARTESIAN_POINT('Ctrl Pts',(31.4736277704149,2.09744083334977,-2.));
#11292=CARTESIAN_POINT('Ctrl Pts',(31.4895431069642,2.12208903182307,-1.6));
#11293=CARTESIAN_POINT('Ctrl Pts',(31.4895431069642,2.12208903182307,-2.));
#11294=CARTESIAN_POINT('',(31.4349728194982,1.95769614327708,-2.));
#11295=CARTESIAN_POINT('Ctrl Pts',(31.4349728194982,1.95769614327708,-2.));
#11296=CARTESIAN_POINT('Ctrl Pts',(31.4371038391548,1.98789370806774,-2.));
#11297=CARTESIAN_POINT('Ctrl Pts',(31.4413015267117,2.04737694257219,-2.));
#11298=CARTESIAN_POINT('Ctrl Pts',(31.4736277704149,2.09744083334977,-2.));
#11299=CARTESIAN_POINT('Ctrl Pts',(31.4895431069642,2.12208903182307,-2.));
#11300=CARTESIAN_POINT('',(31.4349728194982,1.95769614327708,-2.));
#11301=CARTESIAN_POINT('Ctrl Pts',(31.491589483431,1.78648195017138,-1.6));
#11302=CARTESIAN_POINT('Ctrl Pts',(31.491589483431,1.78648195017138,-2.));
#11303=CARTESIAN_POINT('Ctrl Pts',(31.4750768971219,1.81304883045601,-1.6));
#11304=CARTESIAN_POINT('Ctrl Pts',(31.4750768971219,1.81304883045601,-2.));
#11305=CARTESIAN_POINT('Ctrl Pts',(31.4424201443547,1.8655898452318,-1.6));
#11306=CARTESIAN_POINT('Ctrl Pts',(31.4424201443547,1.8655898452318,-2.));
#11307=CARTESIAN_POINT('Ctrl Pts',(31.4374365200608,1.9272258277361,-1.6));
#11308=CARTESIAN_POINT('Ctrl Pts',(31.4374365200608,1.9272258277361,-2.));
#11309=CARTESIAN_POINT('Ctrl Pts',(31.4349728194982,1.95769614327708,-1.6));
#11310=CARTESIAN_POINT('Ctrl Pts',(31.4349728194982,1.95769614327708,-2.));
#11311=CARTESIAN_POINT('',(31.491589483431,1.78648195017138,-2.));
#11312=CARTESIAN_POINT('Ctrl Pts',(31.491589483431,1.78648195017138,-2.));
#11313=CARTESIAN_POINT('Ctrl Pts',(31.4750768971219,1.81304883045601,-2.));
#11314=CARTESIAN_POINT('Ctrl Pts',(31.4424201443547,1.8655898452318,-2.));
#11315=CARTESIAN_POINT('Ctrl Pts',(31.4374365200608,1.9272258277361,-2.));
#11316=CARTESIAN_POINT('Ctrl Pts',(31.4349728194982,1.95769614327708,-2.));
#11317=CARTESIAN_POINT('',(31.491589483431,1.78648195017138,-2.));
#11318=CARTESIAN_POINT('Ctrl Pts',(31.6641679523498,1.66301673997202,-1.6));
#11319=CARTESIAN_POINT('Ctrl Pts',(31.6641679523498,1.66301673997202,-2.));
#11320=CARTESIAN_POINT('Ctrl Pts',(31.6287269600957,1.67843623642752,-1.6));
#11321=CARTESIAN_POINT('Ctrl Pts',(31.6287269600957,1.67843623642752,-2.));
#11322=CARTESIAN_POINT('Ctrl Pts',(31.5622640751207,1.70735258876742,-1.6));
#11323=CARTESIAN_POINT('Ctrl Pts',(31.5622640751207,1.70735258876742,-2.));
#11324=CARTESIAN_POINT('Ctrl Pts',(31.5140797598958,1.76130117201741,-1.6));
#11325=CARTESIAN_POINT('Ctrl Pts',(31.5140797598958,1.76130117201741,-2.));
#11326=CARTESIAN_POINT('Ctrl Pts',(31.491589483431,1.78648195017138,-1.6));
#11327=CARTESIAN_POINT('Ctrl Pts',(31.491589483431,1.78648195017138,-2.));
#11328=CARTESIAN_POINT('',(31.6641679523498,1.66301673997202,-2.));
#11329=CARTESIAN_POINT('Ctrl Pts',(31.6641679523498,1.66301673997202,-2.));
#11330=CARTESIAN_POINT('Ctrl Pts',(31.6287269600957,1.67843623642752,-2.));
#11331=CARTESIAN_POINT('Ctrl Pts',(31.5622640751207,1.70735258876742,-2.));
#11332=CARTESIAN_POINT('Ctrl Pts',(31.5140797598958,1.76130117201741,-2.));
#11333=CARTESIAN_POINT('Ctrl Pts',(31.491589483431,1.78648195017138,-2.));
#11334=CARTESIAN_POINT('',(31.6641679523498,1.66301673997202,-2.));
#11335=CARTESIAN_POINT('Ctrl Pts',(31.9315622119218,1.61799630869189,-1.6));
#11336=CARTESIAN_POINT('Ctrl Pts',(31.9315622119218,1.61799630869189,-2.));
#11337=CARTESIAN_POINT('Ctrl Pts',(31.8836452360451,1.61946485841323,-1.6));
#11338=CARTESIAN_POINT('Ctrl Pts',(31.8836452360451,1.61946485841323,-2.));
#11339=CARTESIAN_POINT('Ctrl Pts',(31.7923992607741,1.62226134648673,-1.6));
#11340=CARTESIAN_POINT('Ctrl Pts',(31.7923992607741,1.62226134648673,-2.));
#11341=CARTESIAN_POINT('Ctrl Pts',(31.7054544864834,1.64989475779048,-1.6));
#11342=CARTESIAN_POINT('Ctrl Pts',(31.7054544864834,1.64989475779048,-2.));
#11343=CARTESIAN_POINT('Ctrl Pts',(31.6641679523498,1.66301673997202,-1.6));
#11344=CARTESIAN_POINT('Ctrl Pts',(31.6641679523498,1.66301673997202,-2.));
#11345=CARTESIAN_POINT('',(31.9315622119218,1.61799630869189,-2.));
#11346=CARTESIAN_POINT('Ctrl Pts',(31.9315622119218,1.61799630869189,-2.));
#11347=CARTESIAN_POINT('Ctrl Pts',(31.8836452360451,1.61946485841323,-2.));
#11348=CARTESIAN_POINT('Ctrl Pts',(31.7923992607741,1.62226134648673,-2.));
#11349=CARTESIAN_POINT('Ctrl Pts',(31.7054544864834,1.64989475779048,-2.));
#11350=CARTESIAN_POINT('Ctrl Pts',(31.6641679523498,1.66301673997202,-2.));
#11351=CARTESIAN_POINT('',(31.9315622119218,1.61799630869189,-2.));
#11352=CARTESIAN_POINT('Ctrl Pts',(32.2385198740274,1.67734152425089,-1.6));
#11353=CARTESIAN_POINT('Ctrl Pts',(32.2385198740274,1.67734152425089,-2.));
#11354=CARTESIAN_POINT('Ctrl Pts',(32.1906887165281,1.66003835467791,-1.6));
#11355=CARTESIAN_POINT('Ctrl Pts',(32.1906887165281,1.66003835467791,-2.));
#11356=CARTESIAN_POINT('Ctrl Pts',(32.0915402737052,1.62417089069086,-1.6));
#11357=CARTESIAN_POINT('Ctrl Pts',(32.0915402737052,1.62417089069086,-2.));
#11358=CARTESIAN_POINT('Ctrl Pts',(31.9861237386109,1.62010218881555,-1.6));
#11359=CARTESIAN_POINT('Ctrl Pts',(31.9861237386109,1.62010218881555,-2.));
#11360=CARTESIAN_POINT('Ctrl Pts',(31.9315622119218,1.61799630869189,-1.6));
#11361=CARTESIAN_POINT('Ctrl Pts',(31.9315622119218,1.61799630869189,-2.));
#11362=CARTESIAN_POINT('',(32.2385198740274,1.67734152425089,-2.));
#11363=CARTESIAN_POINT('Ctrl Pts',(32.2385198740274,1.67734152425089,-2.));
#11364=CARTESIAN_POINT('Ctrl Pts',(32.1906887165281,1.66003835467791,-2.));
#11365=CARTESIAN_POINT('Ctrl Pts',(32.0915402737052,1.62417089069086,-2.));
#11366=CARTESIAN_POINT('Ctrl Pts',(31.9861237386109,1.62010218881555,-2.));
#11367=CARTESIAN_POINT('Ctrl Pts',(31.9315622119218,1.61799630869189,-2.));
#11368=CARTESIAN_POINT('',(32.2385198740274,1.67734152425089,-2.));
#11369=CARTESIAN_POINT('Ctrl Pts',(32.4397477624923,1.83286673177042,-1.6));
#11370=CARTESIAN_POINT('Ctrl Pts',(32.4397477624923,1.83286673177042,-2.));
#11371=CARTESIAN_POINT('Ctrl Pts',(32.4138276100957,1.80178370638152,-1.6));
#11372=CARTESIAN_POINT('Ctrl Pts',(32.4138276100957,1.80178370638152,-2.));
#11373=CARTESIAN_POINT('Ctrl Pts',(32.3583377368764,1.73524115247563,-1.6));
#11374=CARTESIAN_POINT('Ctrl Pts',(32.3583377368764,1.73524115247563,-2.));
#11375=CARTESIAN_POINT('Ctrl Pts',(32.280172797415,1.6974694811454,-1.6));
#11376=CARTESIAN_POINT('Ctrl Pts',(32.280172797415,1.6974694811454,-2.));
#11377=CARTESIAN_POINT('Ctrl Pts',(32.2385198740274,1.67734152425089,-1.6));
#11378=CARTESIAN_POINT('Ctrl Pts',(32.2385198740274,1.67734152425089,-2.));
#11379=CARTESIAN_POINT('',(32.4397477624923,1.83286673177042,-2.));
#11380=CARTESIAN_POINT('Ctrl Pts',(32.4397477624923,1.83286673177042,-2.));
#11381=CARTESIAN_POINT('Ctrl Pts',(32.4138276100957,1.80178370638152,-2.));
#11382=CARTESIAN_POINT('Ctrl Pts',(32.3583377368764,1.73524115247563,-2.));
#11383=CARTESIAN_POINT('Ctrl Pts',(32.280172797415,1.6974694811454,-2.));
#11384=CARTESIAN_POINT('Ctrl Pts',(32.2385198740274,1.67734152425089,-2.));
#11385=CARTESIAN_POINT('',(32.4397477624923,1.83286673177042,-2.));
#11386=CARTESIAN_POINT('Ctrl Pts',(32.5222852570921,2.07911497700968,-1.6));
#11387=CARTESIAN_POINT('Ctrl Pts',(32.5222852570921,2.07911497700968,-2.));
#11388=CARTESIAN_POINT('Ctrl Pts',(32.5152425483062,2.03262178892042,-1.6));
#11389=CARTESIAN_POINT('Ctrl Pts',(32.5152425483062,2.03262178892042,-2.));
#11390=CARTESIAN_POINT('Ctrl Pts',(32.5020613175459,1.94560449775923,-1.6));
#11391=CARTESIAN_POINT('Ctrl Pts',(32.5020613175459,1.94560449775923,-2.));
#11392=CARTESIAN_POINT('Ctrl Pts',(32.4595468319862,1.86868723441193,-1.6));
#11393=CARTESIAN_POINT('Ctrl Pts',(32.4595468319862,1.86868723441193,-2.));
#11394=CARTESIAN_POINT('Ctrl Pts',(32.4397477624923,1.83286673177042,-1.6));
#11395=CARTESIAN_POINT('Ctrl Pts',(32.4397477624923,1.83286673177042,-2.));
#11396=CARTESIAN_POINT('',(32.5222852570921,2.07911497700968,-2.));
#11397=CARTESIAN_POINT('Ctrl Pts',(32.5222852570921,2.07911497700968,-2.));
#11398=CARTESIAN_POINT('Ctrl Pts',(32.5152425483062,2.03262178892042,-2.));
#11399=CARTESIAN_POINT('Ctrl Pts',(32.5020613175459,1.94560449775923,-2.));
#11400=CARTESIAN_POINT('Ctrl Pts',(32.4595468319862,1.86868723441193,-2.));
#11401=CARTESIAN_POINT('Ctrl Pts',(32.4397477624923,1.83286673177042,-2.));
#11402=CARTESIAN_POINT('',(32.5222852570921,2.07911497700968,-2.));
#11403=CARTESIAN_POINT('Origin',(32.6471147198215,2.06820091951647,-2.));
#11404=CARTESIAN_POINT('',(32.7719441825509,2.05728686202326,-2.));
#11405=CARTESIAN_POINT('',(30.5814008114797,2.24880988688053,-2.));
#11406=CARTESIAN_POINT('',(32.7719441825509,2.05728686202326,-2.));
#11407=CARTESIAN_POINT('Ctrl Pts',(32.6621215349048,1.6978052889184,-1.6));
#11408=CARTESIAN_POINT('Ctrl Pts',(32.6621215349048,1.6978052889184,-2.));
#11409=CARTESIAN_POINT('Ctrl Pts',(32.6927998031923,1.75297994107023,-1.6));
#11410=CARTESIAN_POINT('Ctrl Pts',(32.6927998031923,1.75297994107023,-2.));
#11411=CARTESIAN_POINT('Ctrl Pts',(32.7550405701722,1.86491952760751,-1.6));
#11412=CARTESIAN_POINT('Ctrl Pts',(32.7550405701722,1.86491952760751,-2.));
#11413=CARTESIAN_POINT('Ctrl Pts',(32.7662565314891,1.9925599711475,-1.6));
#11414=CARTESIAN_POINT('Ctrl Pts',(32.7662565314891,1.9925599711475,-2.));
#11415=CARTESIAN_POINT('Ctrl Pts',(32.7719441825509,2.05728686202326,-1.6));
#11416=CARTESIAN_POINT('Ctrl Pts',(32.7719441825509,2.05728686202326,-2.));
#11417=CARTESIAN_POINT('Ctrl Pts',(32.6621215349048,1.6978052889184,-2.));
#11418=CARTESIAN_POINT('Ctrl Pts',(32.6927998031923,1.75297994107023,-2.));
#11419=CARTESIAN_POINT('Ctrl Pts',(32.7550405701722,1.86491952760751,-2.));
#11420=CARTESIAN_POINT('Ctrl Pts',(32.7662565314891,1.9925599711475,-2.));
#11421=CARTESIAN_POINT('Ctrl Pts',(32.7719441825509,2.05728686202326,-2.));
#11422=CARTESIAN_POINT('Origin',(28.5,2.25,-1.6));
#11423=CARTESIAN_POINT('',(28.8428855804712,2.30285308111468,-1.6));
#11424=CARTESIAN_POINT('',(28.8428855804712,1.41472211826601,-1.6));
#11425=CARTESIAN_POINT('',(28.8428855804712,2.30285308111468,-1.6));
#11426=CARTESIAN_POINT('',(28.5359279183656,2.30285308111468,-1.6));
#11427=CARTESIAN_POINT('',(28.5359279183656,2.30285308111468,-1.6));
#11428=CARTESIAN_POINT('',(28.3885882167131,2.29330322492876,-1.6));
#11429=CARTESIAN_POINT('Ctrl Pts',(28.3885882167131,2.29330322492876,-1.6));
#11430=CARTESIAN_POINT('Ctrl Pts',(28.4083423595901,2.29606418986795,-1.6));
#11431=CARTESIAN_POINT('Ctrl Pts',(28.4571868799391,2.30289101141089,-1.6));
#11432=CARTESIAN_POINT('Ctrl Pts',(28.5065366367394,2.30286723917051,-1.6));
#11433=CARTESIAN_POINT('Ctrl Pts',(28.5359279183656,2.30285308111468,-1.6));
#11434=CARTESIAN_POINT('',(28.2678515581399,2.24009728778162,-1.6));
#11435=CARTESIAN_POINT('Ctrl Pts',(28.2678515581399,2.24009728778162,-1.6));
#11436=CARTESIAN_POINT('Ctrl Pts',(28.287413973637,2.25178801493971,-1.6));
#11437=CARTESIAN_POINT('Ctrl Pts',(28.3254675703655,2.27452928719233,-1.6));
#11438=CARTESIAN_POINT('Ctrl Pts',(28.3679466057073,2.28716380237486,-1.6));
#11439=CARTESIAN_POINT('Ctrl Pts',(28.3885882167131,2.29330322492876,-1.6));
#11440=CARTESIAN_POINT('',(28.1334722904474,2.1064000462369,-1.6));
#11441=CARTESIAN_POINT('Ctrl Pts',(28.1334722904474,2.1064000462369,-1.6));
#11442=CARTESIAN_POINT('Ctrl Pts',(28.1560487121344,2.13461570833113,-1.6));
#11443=CARTESIAN_POINT('Ctrl Pts',(28.195827515436,2.18433064048603,-1.6));
#11444=CARTESIAN_POINT('Ctrl Pts',(28.24610780062,2.22326156999942,-1.6));
#11445=CARTESIAN_POINT('Ctrl Pts',(28.2678515581399,2.24009728778162,-1.6));
#11446=CARTESIAN_POINT('',(27.942476358822,1.83082035530367,-1.6));
#11447=CARTESIAN_POINT('Ctrl Pts',(27.942476358822,1.83082035530367,-1.6));
#11448=CARTESIAN_POINT('Ctrl Pts',(27.977063078117,1.88425705884759,-1.6));
#11449=CARTESIAN_POINT('Ctrl Pts',(28.0378284626647,1.97813996841525,-1.6));
#11450=CARTESIAN_POINT('Ctrl Pts',(28.10467414087,2.06778121435256,-1.6));
#11451=CARTESIAN_POINT('Ctrl Pts',(28.1334722904474,2.1064000462369,-1.6));
#11452=CARTESIAN_POINT('',(27.6778102783471,1.41472211826601,-1.6));
#11453=CARTESIAN_POINT('',(27.6778102783471,1.41472211826601,-1.6));
#11454=CARTESIAN_POINT('',(27.3449320463449,1.41472211826601,-1.6));
#11455=CARTESIAN_POINT('',(27.3449320463449,1.41472211826601,-1.6));
#11456=CARTESIAN_POINT('',(27.6928175358087,1.95906049359598,-1.6));
#11457=CARTESIAN_POINT('',(27.6928175358087,1.95906049359598,-1.6));
#11458=CARTESIAN_POINT('',(27.9124627379686,2.22509047735491,-1.6));
#11459=CARTESIAN_POINT('Ctrl Pts',(27.9124627379686,2.22509047735491,-1.6));
#11460=CARTESIAN_POINT('Ctrl Pts',(27.8735699992238,2.18623437835674,-1.6));
#11461=CARTESIAN_POINT('Ctrl Pts',(27.7918672995408,2.10460864847094,-1.6));
#11462=CARTESIAN_POINT('Ctrl Pts',(27.726872839865,2.00910288120332,-1.6));
#11463=CARTESIAN_POINT('Ctrl Pts',(27.6928175358087,1.95906049359598,-1.6));
#11464=CARTESIAN_POINT('',(28.0720806984216,2.3246811961011,-1.6));
#11465=CARTESIAN_POINT('Ctrl Pts',(28.0720806984216,2.3246811961011,-1.6));
#11466=CARTESIAN_POINT('Ctrl Pts',(28.0405516065455,2.30910234356272,-1.6));
#11467=CARTESIAN_POINT('Ctrl Pts',(27.9840069972932,2.28116306345773,-1.6));
#11468=CARTESIAN_POINT('Ctrl Pts',(27.9344062627801,2.24228864525838,-1.6));
#11469=CARTESIAN_POINT('Ctrl Pts',(27.9124627379686,2.22509047735491,-1.6));
#11470=CARTESIAN_POINT('',(27.646432605198,2.51022002447405,-1.6));
#11471=CARTESIAN_POINT('Ctrl Pts',(27.646432605198,2.51022002447405,-1.6));
#11472=CARTESIAN_POINT('Ctrl Pts',(27.7026362010237,2.46553805337903,-1.6));
#11473=CARTESIAN_POINT('Ctrl Pts',(27.8274579573521,2.36630450744023,-1.6));
#11474=CARTESIAN_POINT('Ctrl Pts',(27.9853066613754,2.33944606523933,-1.6));
#11475=CARTESIAN_POINT('Ctrl Pts',(28.0720806984216,2.3246811961011,-1.6));
#11476=CARTESIAN_POINT('',(27.5086427597314,2.86901957143107,-1.6));
#11477=CARTESIAN_POINT('Ctrl Pts',(27.5086427597314,2.86901957143107,-1.6));
#11478=CARTESIAN_POINT('Ctrl Pts',(27.5140008012552,2.80127422461339,-1.6));
#11479=CARTESIAN_POINT('Ctrl Pts',(27.5245452315015,2.66795385356776,-1.6));
#11480=CARTESIAN_POINT('Ctrl Pts',(27.6062468207447,2.56222424332568,-1.6));
#11481=CARTESIAN_POINT('Ctrl Pts',(27.646432605198,2.51022002447405,-1.6));
#11482=CARTESIAN_POINT('',(27.5918627647668,3.17052013028422,-1.6));
#11483=CARTESIAN_POINT('Ctrl Pts',(27.5918627647668,3.17052013028422,-1.6));
#11484=CARTESIAN_POINT('Ctrl Pts',(27.5675907696469,3.1236189071025,-1.6));
#11485=CARTESIAN_POINT('Ctrl Pts',(27.5186265993076,3.02900453899475,-1.6));
#11486=CARTESIAN_POINT('Ctrl Pts',(27.5119896908656,2.92265211078093,-1.6));
#11487=CARTESIAN_POINT('Ctrl Pts',(27.5086427597314,2.86901957143107,-1.6));
#11488=CARTESIAN_POINT('',(27.8142363695413,3.36083388675013,-1.6));
#11489=CARTESIAN_POINT('Ctrl Pts',(27.8142363695413,3.36083388675013,-1.6));
#11490=CARTESIAN_POINT('Ctrl Pts',(27.7699359631665,3.33902333581898,-1.6));
#11491=CARTESIAN_POINT('Ctrl Pts',(27.6796603695817,3.29457768412301,-1.6));
#11492=CARTESIAN_POINT('Ctrl Pts',(27.6214883661352,3.21238094920422,-1.6));
#11493=CARTESIAN_POINT('Ctrl Pts',(27.5918627647668,3.17052013028422,-1.6));
#11494=CARTESIAN_POINT('',(28.220784750393,3.41472214806834,-1.6));
#11495=CARTESIAN_POINT('Ctrl Pts',(28.220784750393,3.41472214806834,-1.6));
#11496=CARTESIAN_POINT('Ctrl Pts',(28.1417750870789,3.41411417474872,-1.6));
#11497=CARTESIAN_POINT('Ctrl Pts',(28.0037996464048,3.41305246427972,-1.6));
#11498=CARTESIAN_POINT('Ctrl Pts',(27.8709931322482,3.37646854691625,-1.6));
#11499=CARTESIAN_POINT('Ctrl Pts',(27.8142363695413,3.36083388675013,-1.6));
#11500=CARTESIAN_POINT('',(29.1075513629228,3.41472214806834,-1.6));
#11501=CARTESIAN_POINT('',(29.1075513629228,3.41472214806834,-1.6));
#11502=CARTESIAN_POINT('',(29.1075513629228,1.41472211826601,-1.6));
#11503=CARTESIAN_POINT('',(29.1075513629228,1.41472211826601,-1.6));
#11504=CARTESIAN_POINT('',(28.8428855804712,1.41472211826601,-1.6));
#11505=CARTESIAN_POINT('',(28.2098705438882,3.19371259558955,-1.6));
#11506=CARTESIAN_POINT('',(28.8428855804712,3.19371259558955,-1.6));
#11507=CARTESIAN_POINT('',(28.2098705438882,3.19371259558955,-1.6));
#11508=CARTESIAN_POINT('',(27.8844953445703,3.10230738271036,-1.6));
#11509=CARTESIAN_POINT('Ctrl Pts',(27.8844953445703,3.10230738271036,-1.6));
#11510=CARTESIAN_POINT('Ctrl Pts',(27.9276446266017,3.12885449940012,-1.6));
#11511=CARTESIAN_POINT('Ctrl Pts',(28.0267566417501,3.18983206629422,-1.6));
#11512=CARTESIAN_POINT('Ctrl Pts',(28.1437891570087,3.19231220624353,-1.6));
#11513=CARTESIAN_POINT('Ctrl Pts',(28.2098705438882,3.19371259558955,-1.6));
#11514=CARTESIAN_POINT('',(27.7814937500268,2.86901957143107,-1.6));
#11515=CARTESIAN_POINT('Ctrl Pts',(27.7814937500268,2.86901957143107,-1.6));
#11516=CARTESIAN_POINT('Ctrl Pts',(27.7856370377243,2.91407794463633,-1.6));
#11517=CARTESIAN_POINT('Ctrl Pts',(27.7938534701594,3.00343188433494,-1.6));
#11518=CARTESIAN_POINT('Ctrl Pts',(27.8544538330866,3.06953699441906,-1.6));
#11519=CARTESIAN_POINT('Ctrl Pts',(27.8844953445703,3.10230738271036,-1.6));
#11520=CARTESIAN_POINT('',(27.834700432232,2.68961972344675,-1.6));
#11521=CARTESIAN_POINT('Ctrl Pts',(27.834700432232,2.68961972344675,-1.6));
#11522=CARTESIAN_POINT('Ctrl Pts',(27.8191817265008,2.71766975945374,-1.6));
#11523=CARTESIAN_POINT('Ctrl Pts',(27.7882571901308,2.77356580991693,-1.6));
#11524=CARTESIAN_POINT('Ctrl Pts',(27.7837427374514,2.83727916921409,-1.6));
#11525=CARTESIAN_POINT('Ctrl Pts',(27.7814937500268,2.86901957143107,-1.6));
#11526=CARTESIAN_POINT('',(27.9902253417283,2.56956524003306,-1.6));
#11527=CARTESIAN_POINT('Ctrl Pts',(27.9902253417283,2.56956524003306,-1.6));
#11528=CARTESIAN_POINT('Ctrl Pts',(27.9584326793876,2.58354022707278,-1.6));
#11529=CARTESIAN_POINT('Ctrl Pts',(27.8965879112274,2.61072511093843,-1.6));
#11530=CARTESIAN_POINT('Ctrl Pts',(27.8549388689397,2.66381961577162,-1.6));
#11531=CARTESIAN_POINT('Ctrl Pts',(27.834700432232,2.68961972344675,-1.6));
#11532=CARTESIAN_POINT('',(28.2739908365518,2.53204813946047,-1.6));
#11533=CARTESIAN_POINT('Ctrl Pts',(28.2739908365518,2.53204813946047,-1.6));
#11534=CARTESIAN_POINT('Ctrl Pts',(28.2197396030006,2.53263894576322,-1.6));
#11535=CARTESIAN_POINT('Ctrl Pts',(28.1235104785529,2.53368689932133,-1.6));
#11536=CARTESIAN_POINT('Ctrl Pts',(28.0307083006998,2.55866784044598,-1.6));
#11537=CARTESIAN_POINT('Ctrl Pts',(27.9902253417283,2.56956524003306,-1.6));
#11538=CARTESIAN_POINT('',(28.8428855804712,2.53204813946047,-1.6));
#11539=CARTESIAN_POINT('',(28.8428855804712,2.53204813946047,-1.6));
#11540=CARTESIAN_POINT('',(28.8428855804712,3.19371259558955,-1.6));
#11541=CARTESIAN_POINT('Origin',(28.8428855804712,1.85878759969034,-2.));
#11542=CARTESIAN_POINT('',(28.8428855804712,1.41472211826601,-2.));
#11543=CARTESIAN_POINT('',(28.8428855804712,1.41472211826601,-2.));
#11544=CARTESIAN_POINT('',(28.8428855804712,2.30285308111468,-2.));
#11545=CARTESIAN_POINT('',(28.8428855804712,2.05439379984517,-2.));
#11546=CARTESIAN_POINT('',(28.8428855804712,2.30285308111468,-2.));
#11547=CARTESIAN_POINT('Origin',(28.6894067494184,2.30285308111468,-2.));
#11548=CARTESIAN_POINT('',(28.5359279183656,2.30285308111468,-2.));
#11549=CARTESIAN_POINT('',(28.5947033747092,2.30285308111468,-2.));
#11550=CARTESIAN_POINT('',(28.5359279183656,2.30285308111468,-2.));
#11551=CARTESIAN_POINT('Ctrl Pts',(28.3885882167131,2.29330322492876,-1.6));
#11552=CARTESIAN_POINT('Ctrl Pts',(28.3885882167131,2.29330322492876,-2.));
#11553=CARTESIAN_POINT('Ctrl Pts',(28.4083423595901,2.29606418986795,-1.6));
#11554=CARTESIAN_POINT('Ctrl Pts',(28.4083423595901,2.29606418986795,-2.));
#11555=CARTESIAN_POINT('Ctrl Pts',(28.4571868799391,2.30289101141089,-1.6));
#11556=CARTESIAN_POINT('Ctrl Pts',(28.4571868799391,2.30289101141089,-2.));
#11557=CARTESIAN_POINT('Ctrl Pts',(28.5065366367394,2.30286723917051,-1.6));
#11558=CARTESIAN_POINT('Ctrl Pts',(28.5065366367394,2.30286723917051,-2.));
#11559=CARTESIAN_POINT('Ctrl Pts',(28.5359279183656,2.30285308111468,-1.6));
#11560=CARTESIAN_POINT('Ctrl Pts',(28.5359279183656,2.30285308111468,-2.));
#11561=CARTESIAN_POINT('',(28.3885882167131,2.29330322492876,-2.));
#11562=CARTESIAN_POINT('Ctrl Pts',(28.3885882167131,2.29330322492876,-2.));
#11563=CARTESIAN_POINT('Ctrl Pts',(28.4083423595901,2.29606418986795,-2.));
#11564=CARTESIAN_POINT('Ctrl Pts',(28.4571868799391,2.30289101141089,-2.));
#11565=CARTESIAN_POINT('Ctrl Pts',(28.5065366367394,2.30286723917051,-2.));
#11566=CARTESIAN_POINT('Ctrl Pts',(28.5359279183656,2.30285308111468,-2.));
#11567=CARTESIAN_POINT('',(28.3885882167131,2.29330322492876,-2.));
#11568=CARTESIAN_POINT('Ctrl Pts',(28.2678515581399,2.24009728778162,-1.6));
#11569=CARTESIAN_POINT('Ctrl Pts',(28.2678515581399,2.24009728778162,-2.));
#11570=CARTESIAN_POINT('Ctrl Pts',(28.287413973637,2.25178801493971,-1.6));
#11571=CARTESIAN_POINT('Ctrl Pts',(28.287413973637,2.25178801493971,-2.));
#11572=CARTESIAN_POINT('Ctrl Pts',(28.3254675703655,2.27452928719233,-1.6));
#11573=CARTESIAN_POINT('Ctrl Pts',(28.3254675703655,2.27452928719233,-2.));
#11574=CARTESIAN_POINT('Ctrl Pts',(28.3679466057073,2.28716380237486,-1.6));
#11575=CARTESIAN_POINT('Ctrl Pts',(28.3679466057073,2.28716380237486,-2.));
#11576=CARTESIAN_POINT('Ctrl Pts',(28.3885882167131,2.29330322492876,-1.6));
#11577=CARTESIAN_POINT('Ctrl Pts',(28.3885882167131,2.29330322492876,-2.));
#11578=CARTESIAN_POINT('',(28.2678515581399,2.24009728778162,-2.));
#11579=CARTESIAN_POINT('Ctrl Pts',(28.2678515581399,2.24009728778162,-2.));
#11580=CARTESIAN_POINT('Ctrl Pts',(28.287413973637,2.25178801493971,-2.));
#11581=CARTESIAN_POINT('Ctrl Pts',(28.3254675703655,2.27452928719233,-2.));
#11582=CARTESIAN_POINT('Ctrl Pts',(28.3679466057073,2.28716380237486,-2.));
#11583=CARTESIAN_POINT('Ctrl Pts',(28.3885882167131,2.29330322492876,-2.));
#11584=CARTESIAN_POINT('',(28.2678515581399,2.24009728778162,-2.));
#11585=CARTESIAN_POINT('Ctrl Pts',(28.1334722904474,2.1064000462369,-1.6));
#11586=CARTESIAN_POINT('Ctrl Pts',(28.1334722904474,2.1064000462369,-2.));
#11587=CARTESIAN_POINT('Ctrl Pts',(28.1560487121344,2.13461570833113,-1.6));
#11588=CARTESIAN_POINT('Ctrl Pts',(28.1560487121344,2.13461570833113,-2.));
#11589=CARTESIAN_POINT('Ctrl Pts',(28.195827515436,2.18433064048603,-1.6));
#11590=CARTESIAN_POINT('Ctrl Pts',(28.195827515436,2.18433064048603,-2.));
#11591=CARTESIAN_POINT('Ctrl Pts',(28.24610780062,2.22326156999942,-1.6));
#11592=CARTESIAN_POINT('Ctrl Pts',(28.24610780062,2.22326156999942,-2.));
#11593=CARTESIAN_POINT('Ctrl Pts',(28.2678515581399,2.24009728778162,-1.6));
#11594=CARTESIAN_POINT('Ctrl Pts',(28.2678515581399,2.24009728778162,-2.));
#11595=CARTESIAN_POINT('',(28.1334722904474,2.1064000462369,-2.));
#11596=CARTESIAN_POINT('Ctrl Pts',(28.1334722904474,2.1064000462369,-2.));
#11597=CARTESIAN_POINT('Ctrl Pts',(28.1560487121344,2.13461570833113,-2.));
#11598=CARTESIAN_POINT('Ctrl Pts',(28.195827515436,2.18433064048603,-2.));
#11599=CARTESIAN_POINT('Ctrl Pts',(28.24610780062,2.22326156999942,-2.));
#11600=CARTESIAN_POINT('Ctrl Pts',(28.2678515581399,2.24009728778162,-2.));
#11601=CARTESIAN_POINT('',(28.1334722904474,2.1064000462369,-2.));
#11602=CARTESIAN_POINT('Ctrl Pts',(27.942476358822,1.83082035530367,-1.6));
#11603=CARTESIAN_POINT('Ctrl Pts',(27.942476358822,1.83082035530367,-2.));
#11604=CARTESIAN_POINT('Ctrl Pts',(27.977063078117,1.88425705884759,-1.6));
#11605=CARTESIAN_POINT('Ctrl Pts',(27.977063078117,1.88425705884759,-2.));
#11606=CARTESIAN_POINT('Ctrl Pts',(28.0378284626647,1.97813996841525,-1.6));
#11607=CARTESIAN_POINT('Ctrl Pts',(28.0378284626647,1.97813996841525,-2.));
#11608=CARTESIAN_POINT('Ctrl Pts',(28.10467414087,2.06778121435256,-1.6));
#11609=CARTESIAN_POINT('Ctrl Pts',(28.10467414087,2.06778121435256,-2.));
#11610=CARTESIAN_POINT('Ctrl Pts',(28.1334722904474,2.1064000462369,-1.6));
#11611=CARTESIAN_POINT('Ctrl Pts',(28.1334722904474,2.1064000462369,-2.));
#11612=CARTESIAN_POINT('',(27.942476358822,1.83082035530367,-2.));
#11613=CARTESIAN_POINT('Ctrl Pts',(27.942476358822,1.83082035530367,-2.));
#11614=CARTESIAN_POINT('Ctrl Pts',(27.977063078117,1.88425705884759,-2.));
#11615=CARTESIAN_POINT('Ctrl Pts',(28.0378284626647,1.97813996841525,-2.));
#11616=CARTESIAN_POINT('Ctrl Pts',(28.10467414087,2.06778121435256,-2.));
#11617=CARTESIAN_POINT('Ctrl Pts',(28.1334722904474,2.1064000462369,-2.));
#11618=CARTESIAN_POINT('',(27.942476358822,1.83082035530367,-2.));
#11619=CARTESIAN_POINT('Origin',(27.8101433185846,1.62277123678484,-2.));
#11620=CARTESIAN_POINT('',(27.6778102783471,1.41472211826601,-2.));
#11621=CARTESIAN_POINT('',(28.0515184612168,2.00225232153057,-2.));
#11622=CARTESIAN_POINT('',(27.6778102783471,1.41472211826601,-2.));
#11623=CARTESIAN_POINT('Origin',(27.511371162346,1.41472211826601,-2.));
#11624=CARTESIAN_POINT('',(27.3449320463449,1.41472211826601,-2.));
#11625=CARTESIAN_POINT('',(28.005685581173,1.41472211826601,-2.));
#11626=CARTESIAN_POINT('',(27.3449320463449,1.41472211826601,-2.));
#11627=CARTESIAN_POINT('Origin',(27.5188747910768,1.686891305931,-2.));
#11628=CARTESIAN_POINT('',(27.6928175358087,1.95906049359598,-2.));
#11629=CARTESIAN_POINT('',(27.7888951747467,2.10939371377612,-2.));
#11630=CARTESIAN_POINT('',(27.6928175358087,1.95906049359598,-2.));
#11631=CARTESIAN_POINT('Ctrl Pts',(27.9124627379686,2.22509047735491,-1.6));
#11632=CARTESIAN_POINT('Ctrl Pts',(27.9124627379686,2.22509047735491,-2.));
#11633=CARTESIAN_POINT('Ctrl Pts',(27.8735699992238,2.18623437835674,-1.6));
#11634=CARTESIAN_POINT('Ctrl Pts',(27.8735699992238,2.18623437835674,-2.));
#11635=CARTESIAN_POINT('Ctrl Pts',(27.7918672995408,2.10460864847094,-1.6));
#11636=CARTESIAN_POINT('Ctrl Pts',(27.7918672995408,2.10460864847094,-2.));
#11637=CARTESIAN_POINT('Ctrl Pts',(27.726872839865,2.00910288120332,-1.6));
#11638=CARTESIAN_POINT('Ctrl Pts',(27.726872839865,2.00910288120332,-2.));
#11639=CARTESIAN_POINT('Ctrl Pts',(27.6928175358087,1.95906049359598,-1.6));
#11640=CARTESIAN_POINT('Ctrl Pts',(27.6928175358087,1.95906049359598,-2.));
#11641=CARTESIAN_POINT('',(27.9124627379686,2.22509047735491,-2.));
#11642=CARTESIAN_POINT('Ctrl Pts',(27.9124627379686,2.22509047735491,-2.));
#11643=CARTESIAN_POINT('Ctrl Pts',(27.8735699992238,2.18623437835674,-2.));
#11644=CARTESIAN_POINT('Ctrl Pts',(27.7918672995408,2.10460864847094,-2.));
#11645=CARTESIAN_POINT('Ctrl Pts',(27.726872839865,2.00910288120332,-2.));
#11646=CARTESIAN_POINT('Ctrl Pts',(27.6928175358087,1.95906049359598,-2.));
#11647=CARTESIAN_POINT('',(27.9124627379686,2.22509047735491,-2.));
#11648=CARTESIAN_POINT('Ctrl Pts',(28.0720806984216,2.3246811961011,-1.6));
#11649=CARTESIAN_POINT('Ctrl Pts',(28.0720806984216,2.3246811961011,-2.));
#11650=CARTESIAN_POINT('Ctrl Pts',(28.0405516065455,2.30910234356272,-1.6));
#11651=CARTESIAN_POINT('Ctrl Pts',(28.0405516065455,2.30910234356272,-2.));
#11652=CARTESIAN_POINT('Ctrl Pts',(27.9840069972932,2.28116306345773,-1.6));
#11653=CARTESIAN_POINT('Ctrl Pts',(27.9840069972932,2.28116306345773,-2.));
#11654=CARTESIAN_POINT('Ctrl Pts',(27.9344062627801,2.24228864525838,-1.6));
#11655=CARTESIAN_POINT('Ctrl Pts',(27.9344062627801,2.24228864525838,-2.));
#11656=CARTESIAN_POINT('Ctrl Pts',(27.9124627379686,2.22509047735491,-1.6));
#11657=CARTESIAN_POINT('Ctrl Pts',(27.9124627379686,2.22509047735491,-2.));
#11658=CARTESIAN_POINT('',(28.0720806984216,2.3246811961011,-2.));
#11659=CARTESIAN_POINT('Ctrl Pts',(28.0720806984216,2.3246811961011,-2.));
#11660=CARTESIAN_POINT('Ctrl Pts',(28.0405516065455,2.30910234356272,-2.));
#11661=CARTESIAN_POINT('Ctrl Pts',(27.9840069972932,2.28116306345773,-2.));
#11662=CARTESIAN_POINT('Ctrl Pts',(27.9344062627801,2.24228864525838,-2.));
#11663=CARTESIAN_POINT('Ctrl Pts',(27.9124627379686,2.22509047735491,-2.));
#11664=CARTESIAN_POINT('',(28.0720806984216,2.3246811961011,-2.));
#11665=CARTESIAN_POINT('Ctrl Pts',(27.646432605198,2.51022002447405,-1.6));
#11666=CARTESIAN_POINT('Ctrl Pts',(27.646432605198,2.51022002447405,-2.));
#11667=CARTESIAN_POINT('Ctrl Pts',(27.7026362010237,2.46553805337903,-1.6));
#11668=CARTESIAN_POINT('Ctrl Pts',(27.7026362010237,2.46553805337903,-2.));
#11669=CARTESIAN_POINT('Ctrl Pts',(27.8274579573521,2.36630450744023,-1.6));
#11670=CARTESIAN_POINT('Ctrl Pts',(27.8274579573521,2.36630450744023,-2.));
#11671=CARTESIAN_POINT('Ctrl Pts',(27.9853066613754,2.33944606523933,-1.6));
#11672=CARTESIAN_POINT('Ctrl Pts',(27.9853066613754,2.33944606523933,-2.));
#11673=CARTESIAN_POINT('Ctrl Pts',(28.0720806984216,2.3246811961011,-1.6));
#11674=CARTESIAN_POINT('Ctrl Pts',(28.0720806984216,2.3246811961011,-2.));
#11675=CARTESIAN_POINT('',(27.646432605198,2.51022002447405,-2.));
#11676=CARTESIAN_POINT('Ctrl Pts',(27.646432605198,2.51022002447405,-2.));
#11677=CARTESIAN_POINT('Ctrl Pts',(27.7026362010237,2.46553805337903,-2.));
#11678=CARTESIAN_POINT('Ctrl Pts',(27.8274579573521,2.36630450744023,-2.));
#11679=CARTESIAN_POINT('Ctrl Pts',(27.9853066613754,2.33944606523933,-2.));
#11680=CARTESIAN_POINT('Ctrl Pts',(28.0720806984216,2.3246811961011,-2.));
#11681=CARTESIAN_POINT('',(27.646432605198,2.51022002447405,-2.));
#11682=CARTESIAN_POINT('Ctrl Pts',(27.5086427597314,2.86901957143107,-1.6));
#11683=CARTESIAN_POINT('Ctrl Pts',(27.5086427597314,2.86901957143107,-2.));
#11684=CARTESIAN_POINT('Ctrl Pts',(27.5140008012552,2.80127422461339,-1.6));
#11685=CARTESIAN_POINT('Ctrl Pts',(27.5140008012552,2.80127422461339,-2.));
#11686=CARTESIAN_POINT('Ctrl Pts',(27.5245452315015,2.66795385356776,-1.6));
#11687=CARTESIAN_POINT('Ctrl Pts',(27.5245452315015,2.66795385356776,-2.));
#11688=CARTESIAN_POINT('Ctrl Pts',(27.6062468207447,2.56222424332568,-1.6));
#11689=CARTESIAN_POINT('Ctrl Pts',(27.6062468207447,2.56222424332568,-2.));
#11690=CARTESIAN_POINT('Ctrl Pts',(27.646432605198,2.51022002447405,-1.6));
#11691=CARTESIAN_POINT('Ctrl Pts',(27.646432605198,2.51022002447405,-2.));
#11692=CARTESIAN_POINT('',(27.5086427597314,2.86901957143107,-2.));
#11693=CARTESIAN_POINT('Ctrl Pts',(27.5086427597314,2.86901957143107,-2.));
#11694=CARTESIAN_POINT('Ctrl Pts',(27.5140008012552,2.80127422461339,-2.));
#11695=CARTESIAN_POINT('Ctrl Pts',(27.5245452315015,2.66795385356776,-2.));
#11696=CARTESIAN_POINT('Ctrl Pts',(27.6062468207447,2.56222424332568,-2.));
#11697=CARTESIAN_POINT('Ctrl Pts',(27.646432605198,2.51022002447405,-2.));
#11698=CARTESIAN_POINT('',(27.5086427597314,2.86901957143107,-2.));
#11699=CARTESIAN_POINT('Ctrl Pts',(27.5918627647668,3.17052013028422,-1.6));
#11700=CARTESIAN_POINT('Ctrl Pts',(27.5918627647668,3.17052013028422,-2.));
#11701=CARTESIAN_POINT('Ctrl Pts',(27.5675907696469,3.1236189071025,-1.6));
#11702=CARTESIAN_POINT('Ctrl Pts',(27.5675907696469,3.1236189071025,-2.));
#11703=CARTESIAN_POINT('Ctrl Pts',(27.5186265993076,3.02900453899475,-1.6));
#11704=CARTESIAN_POINT('Ctrl Pts',(27.5186265993076,3.02900453899475,-2.));
#11705=CARTESIAN_POINT('Ctrl Pts',(27.5119896908656,2.92265211078093,-1.6));
#11706=CARTESIAN_POINT('Ctrl Pts',(27.5119896908656,2.92265211078093,-2.));
#11707=CARTESIAN_POINT('Ctrl Pts',(27.5086427597314,2.86901957143107,-1.6));
#11708=CARTESIAN_POINT('Ctrl Pts',(27.5086427597314,2.86901957143107,-2.));
#11709=CARTESIAN_POINT('',(27.5918627647668,3.17052013028422,-2.));
#11710=CARTESIAN_POINT('Ctrl Pts',(27.5918627647668,3.17052013028422,-2.));
#11711=CARTESIAN_POINT('Ctrl Pts',(27.5675907696469,3.1236189071025,-2.));
#11712=CARTESIAN_POINT('Ctrl Pts',(27.5186265993076,3.02900453899475,-2.));
#11713=CARTESIAN_POINT('Ctrl Pts',(27.5119896908656,2.92265211078093,-2.));
#11714=CARTESIAN_POINT('Ctrl Pts',(27.5086427597314,2.86901957143107,-2.));
#11715=CARTESIAN_POINT('',(27.5918627647668,3.17052013028422,-2.));
#11716=CARTESIAN_POINT('Ctrl Pts',(27.8142363695413,3.36083388675013,-1.6));
#11717=CARTESIAN_POINT('Ctrl Pts',(27.8142363695413,3.36083388675013,-2.));
#11718=CARTESIAN_POINT('Ctrl Pts',(27.7699359631665,3.33902333581898,-1.6));
#11719=CARTESIAN_POINT('Ctrl Pts',(27.7699359631665,3.33902333581898,-2.));
#11720=CARTESIAN_POINT('Ctrl Pts',(27.6796603695817,3.29457768412301,-1.6));
#11721=CARTESIAN_POINT('Ctrl Pts',(27.6796603695817,3.29457768412301,-2.));
#11722=CARTESIAN_POINT('Ctrl Pts',(27.6214883661352,3.21238094920422,-1.6));
#11723=CARTESIAN_POINT('Ctrl Pts',(27.6214883661352,3.21238094920422,-2.));
#11724=CARTESIAN_POINT('Ctrl Pts',(27.5918627647668,3.17052013028422,-1.6));
#11725=CARTESIAN_POINT('Ctrl Pts',(27.5918627647668,3.17052013028422,-2.));
#11726=CARTESIAN_POINT('',(27.8142363695413,3.36083388675013,-2.));
#11727=CARTESIAN_POINT('Ctrl Pts',(27.8142363695413,3.36083388675013,-2.));
#11728=CARTESIAN_POINT('Ctrl Pts',(27.7699359631665,3.33902333581898,-2.));
#11729=CARTESIAN_POINT('Ctrl Pts',(27.6796603695817,3.29457768412301,-2.));
#11730=CARTESIAN_POINT('Ctrl Pts',(27.6214883661352,3.21238094920422,-2.));
#11731=CARTESIAN_POINT('Ctrl Pts',(27.5918627647668,3.17052013028422,-2.));
#11732=CARTESIAN_POINT('',(27.8142363695413,3.36083388675013,-2.));
#11733=CARTESIAN_POINT('Ctrl Pts',(28.220784750393,3.41472214806834,-1.6));
#11734=CARTESIAN_POINT('Ctrl Pts',(28.220784750393,3.41472214806834,-2.));
#11735=CARTESIAN_POINT('Ctrl Pts',(28.1417750870789,3.41411417474872,-1.6));
#11736=CARTESIAN_POINT('Ctrl Pts',(28.1417750870789,3.41411417474872,-2.));
#11737=CARTESIAN_POINT('Ctrl Pts',(28.0037996464048,3.41305246427972,-1.6));
#11738=CARTESIAN_POINT('Ctrl Pts',(28.0037996464048,3.41305246427972,-2.));
#11739=CARTESIAN_POINT('Ctrl Pts',(27.8709931322482,3.37646854691625,-1.6));
#11740=CARTESIAN_POINT('Ctrl Pts',(27.8709931322482,3.37646854691625,-2.));
#11741=CARTESIAN_POINT('Ctrl Pts',(27.8142363695413,3.36083388675013,-1.6));
#11742=CARTESIAN_POINT('Ctrl Pts',(27.8142363695413,3.36083388675013,-2.));
#11743=CARTESIAN_POINT('',(28.220784750393,3.41472214806834,-2.));
#11744=CARTESIAN_POINT('Ctrl Pts',(28.220784750393,3.41472214806834,-2.));
#11745=CARTESIAN_POINT('Ctrl Pts',(28.1417750870789,3.41411417474872,-2.));
#11746=CARTESIAN_POINT('Ctrl Pts',(28.0037996464048,3.41305246427972,-2.));
#11747=CARTESIAN_POINT('Ctrl Pts',(27.8709931322482,3.37646854691625,-2.));
#11748=CARTESIAN_POINT('Ctrl Pts',(27.8142363695413,3.36083388675013,-2.));
#11749=CARTESIAN_POINT('',(28.220784750393,3.41472214806834,-2.));
#11750=CARTESIAN_POINT('Origin',(28.6641680566579,3.41472214806834,-2.));
#11751=CARTESIAN_POINT('',(29.1075513629228,3.41472214806834,-2.));
#11752=CARTESIAN_POINT('',(28.582084028329,3.41472214806834,-2.));
#11753=CARTESIAN_POINT('',(29.1075513629228,3.41472214806834,-2.));
#11754=CARTESIAN_POINT('Origin',(29.1075513629228,2.41472213316717,-2.));
#11755=CARTESIAN_POINT('',(29.1075513629228,1.41472211826601,-2.));
#11756=CARTESIAN_POINT('',(29.1075513629228,2.33236106658359,-2.));
#11757=CARTESIAN_POINT('',(29.1075513629228,1.41472211826601,-2.));
#11758=CARTESIAN_POINT('Origin',(28.975218471697,1.41472211826601,-2.));
#11759=CARTESIAN_POINT('',(28.7376092358485,1.41472211826601,-2.));
#11760=CARTESIAN_POINT('Origin',(28.5263780621797,3.19371259558955,-2.));
#11761=CARTESIAN_POINT('',(28.8428855804712,3.19371259558955,-2.));
#11762=CARTESIAN_POINT('',(28.8428855804712,3.19371259558955,-2.));
#11763=CARTESIAN_POINT('',(28.2098705438882,3.19371259558955,-2.));
#11764=CARTESIAN_POINT('',(28.5131890310899,3.19371259558955,-2.));
#11765=CARTESIAN_POINT('',(28.2098705438882,3.19371259558955,-2.));
#11766=CARTESIAN_POINT('Ctrl Pts',(27.8844953445703,3.10230738271036,-1.6));
#11767=CARTESIAN_POINT('Ctrl Pts',(27.8844953445703,3.10230738271036,-2.));
#11768=CARTESIAN_POINT('Ctrl Pts',(27.9276446266017,3.12885449940012,-1.6));
#11769=CARTESIAN_POINT('Ctrl Pts',(27.9276446266017,3.12885449940012,-2.));
#11770=CARTESIAN_POINT('Ctrl Pts',(28.0267566417501,3.18983206629422,-1.6));
#11771=CARTESIAN_POINT('Ctrl Pts',(28.0267566417501,3.18983206629422,-2.));
#11772=CARTESIAN_POINT('Ctrl Pts',(28.1437891570087,3.19231220624353,-1.6));
#11773=CARTESIAN_POINT('Ctrl Pts',(28.1437891570087,3.19231220624353,-2.));
#11774=CARTESIAN_POINT('Ctrl Pts',(28.2098705438882,3.19371259558955,-1.6));
#11775=CARTESIAN_POINT('Ctrl Pts',(28.2098705438882,3.19371259558955,-2.));
#11776=CARTESIAN_POINT('',(27.8844953445703,3.10230738271036,-2.));
#11777=CARTESIAN_POINT('Ctrl Pts',(27.8844953445703,3.10230738271036,-2.));
#11778=CARTESIAN_POINT('Ctrl Pts',(27.9276446266017,3.12885449940012,-2.));
#11779=CARTESIAN_POINT('Ctrl Pts',(28.0267566417501,3.18983206629422,-2.));
#11780=CARTESIAN_POINT('Ctrl Pts',(28.1437891570087,3.19231220624353,-2.));
#11781=CARTESIAN_POINT('Ctrl Pts',(28.2098705438882,3.19371259558955,-2.));
#11782=CARTESIAN_POINT('',(27.8844953445703,3.10230738271036,-2.));
#11783=CARTESIAN_POINT('Ctrl Pts',(27.7814937500268,2.86901957143107,-1.6));
#11784=CARTESIAN_POINT('Ctrl Pts',(27.7814937500268,2.86901957143107,-2.));
#11785=CARTESIAN_POINT('Ctrl Pts',(27.7856370377243,2.91407794463633,-1.6));
#11786=CARTESIAN_POINT('Ctrl Pts',(27.7856370377243,2.91407794463633,-2.));
#11787=CARTESIAN_POINT('Ctrl Pts',(27.7938534701594,3.00343188433494,-1.6));
#11788=CARTESIAN_POINT('Ctrl Pts',(27.7938534701594,3.00343188433494,-2.));
#11789=CARTESIAN_POINT('Ctrl Pts',(27.8544538330866,3.06953699441906,-1.6));
#11790=CARTESIAN_POINT('Ctrl Pts',(27.8544538330866,3.06953699441906,-2.));
#11791=CARTESIAN_POINT('Ctrl Pts',(27.8844953445703,3.10230738271036,-1.6));
#11792=CARTESIAN_POINT('Ctrl Pts',(27.8844953445703,3.10230738271036,-2.));
#11793=CARTESIAN_POINT('',(27.7814937500268,2.86901957143107,-2.));
#11794=CARTESIAN_POINT('Ctrl Pts',(27.7814937500268,2.86901957143107,-2.));
#11795=CARTESIAN_POINT('Ctrl Pts',(27.7856370377243,2.91407794463633,-2.));
#11796=CARTESIAN_POINT('Ctrl Pts',(27.7938534701594,3.00343188433494,-2.));
#11797=CARTESIAN_POINT('Ctrl Pts',(27.8544538330866,3.06953699441906,-2.));
#11798=CARTESIAN_POINT('Ctrl Pts',(27.8844953445703,3.10230738271036,-2.));
#11799=CARTESIAN_POINT('',(27.7814937500268,2.86901957143107,-2.));
#11800=CARTESIAN_POINT('Ctrl Pts',(27.834700432232,2.68961972344675,-1.6));
#11801=CARTESIAN_POINT('Ctrl Pts',(27.834700432232,2.68961972344675,-2.));
#11802=CARTESIAN_POINT('Ctrl Pts',(27.8191817265008,2.71766975945374,-1.6));
#11803=CARTESIAN_POINT('Ctrl Pts',(27.8191817265008,2.71766975945374,-2.));
#11804=CARTESIAN_POINT('Ctrl Pts',(27.7882571901308,2.77356580991693,-1.6));
#11805=CARTESIAN_POINT('Ctrl Pts',(27.7882571901308,2.77356580991693,-2.));
#11806=CARTESIAN_POINT('Ctrl Pts',(27.7837427374514,2.83727916921409,-1.6));
#11807=CARTESIAN_POINT('Ctrl Pts',(27.7837427374514,2.83727916921409,-2.));
#11808=CARTESIAN_POINT('Ctrl Pts',(27.7814937500268,2.86901957143107,-1.6));
#11809=CARTESIAN_POINT('Ctrl Pts',(27.7814937500268,2.86901957143107,-2.));
#11810=CARTESIAN_POINT('',(27.834700432232,2.68961972344675,-2.));
#11811=CARTESIAN_POINT('Ctrl Pts',(27.834700432232,2.68961972344675,-2.));
#11812=CARTESIAN_POINT('Ctrl Pts',(27.8191817265008,2.71766975945374,-2.));
#11813=CARTESIAN_POINT('Ctrl Pts',(27.7882571901308,2.77356580991693,-2.));
#11814=CARTESIAN_POINT('Ctrl Pts',(27.7837427374514,2.83727916921409,-2.));
#11815=CARTESIAN_POINT('Ctrl Pts',(27.7814937500268,2.86901957143107,-2.));
#11816=CARTESIAN_POINT('',(27.834700432232,2.68961972344675,-2.));
#11817=CARTESIAN_POINT('Ctrl Pts',(27.9902253417283,2.56956524003306,-1.6));
#11818=CARTESIAN_POINT('Ctrl Pts',(27.9902253417283,2.56956524003306,-2.));
#11819=CARTESIAN_POINT('Ctrl Pts',(27.9584326793876,2.58354022707278,-1.6));
#11820=CARTESIAN_POINT('Ctrl Pts',(27.9584326793876,2.58354022707278,-2.));
#11821=CARTESIAN_POINT('Ctrl Pts',(27.8965879112274,2.61072511093843,-1.6));
#11822=CARTESIAN_POINT('Ctrl Pts',(27.8965879112274,2.61072511093843,-2.));
#11823=CARTESIAN_POINT('Ctrl Pts',(27.8549388689397,2.66381961577162,-1.6));
#11824=CARTESIAN_POINT('Ctrl Pts',(27.8549388689397,2.66381961577162,-2.));
#11825=CARTESIAN_POINT('Ctrl Pts',(27.834700432232,2.68961972344675,-1.6));
#11826=CARTESIAN_POINT('Ctrl Pts',(27.834700432232,2.68961972344675,-2.));
#11827=CARTESIAN_POINT('',(27.9902253417283,2.56956524003306,-2.));
#11828=CARTESIAN_POINT('Ctrl Pts',(27.9902253417283,2.56956524003306,-2.));
#11829=CARTESIAN_POINT('Ctrl Pts',(27.9584326793876,2.58354022707278,-2.));
#11830=CARTESIAN_POINT('Ctrl Pts',(27.8965879112274,2.61072511093843,-2.));
#11831=CARTESIAN_POINT('Ctrl Pts',(27.8549388689397,2.66381961577162,-2.));
#11832=CARTESIAN_POINT('Ctrl Pts',(27.834700432232,2.68961972344675,-2.));
#11833=CARTESIAN_POINT('',(27.9902253417283,2.56956524003306,-2.));
#11834=CARTESIAN_POINT('Ctrl Pts',(28.2739908365518,2.53204813946047,-1.6));
#11835=CARTESIAN_POINT('Ctrl Pts',(28.2739908365518,2.53204813946047,-2.));
#11836=CARTESIAN_POINT('Ctrl Pts',(28.2197396030006,2.53263894576322,-1.6));
#11837=CARTESIAN_POINT('Ctrl Pts',(28.2197396030006,2.53263894576322,-2.));
#11838=CARTESIAN_POINT('Ctrl Pts',(28.1235104785529,2.53368689932133,-1.6));
#11839=CARTESIAN_POINT('Ctrl Pts',(28.1235104785529,2.53368689932133,-2.));
#11840=CARTESIAN_POINT('Ctrl Pts',(28.0307083006998,2.55866784044598,-1.6));
#11841=CARTESIAN_POINT('Ctrl Pts',(28.0307083006998,2.55866784044598,-2.));
#11842=CARTESIAN_POINT('Ctrl Pts',(27.9902253417283,2.56956524003306,-1.6));
#11843=CARTESIAN_POINT('Ctrl Pts',(27.9902253417283,2.56956524003306,-2.));
#11844=CARTESIAN_POINT('',(28.2739908365518,2.53204813946047,-2.));
#11845=CARTESIAN_POINT('Ctrl Pts',(28.2739908365518,2.53204813946047,-2.));
#11846=CARTESIAN_POINT('Ctrl Pts',(28.2197396030006,2.53263894576322,-2.));
#11847=CARTESIAN_POINT('Ctrl Pts',(28.1235104785529,2.53368689932133,-2.));
#11848=CARTESIAN_POINT('Ctrl Pts',(28.0307083006998,2.55866784044598,-2.));
#11849=CARTESIAN_POINT('Ctrl Pts',(27.9902253417283,2.56956524003306,-2.));
#11850=CARTESIAN_POINT('',(28.2739908365518,2.53204813946047,-2.));
#11851=CARTESIAN_POINT('Origin',(28.5584382085115,2.53204813946047,-2.));
#11852=CARTESIAN_POINT('',(28.8428855804712,2.53204813946047,-2.));
#11853=CARTESIAN_POINT('',(28.5292191042557,2.53204813946047,-2.));
#11854=CARTESIAN_POINT('',(28.8428855804712,2.53204813946047,-2.));
#11855=CARTESIAN_POINT('Origin',(28.8428855804712,2.86288036752501,-2.));
#11856=CARTESIAN_POINT('',(28.8428855804712,2.55644018376251,-2.));
#11857=CARTESIAN_POINT('Origin',(28.5,2.25,-1.6));
#11858=CARTESIAN_POINT('',(30.0447953609735,3.17870578516283,-1.6));
#11859=CARTESIAN_POINT('',(30.0447953609735,1.41472211826601,-1.6));
#11860=CARTESIAN_POINT('',(30.0447953609735,3.17870578516283,-1.6));
#11861=CARTESIAN_POINT('',(29.383131053856,3.17870578516283,-1.6));
#11862=CARTESIAN_POINT('',(29.383131053856,3.17870578516283,-1.6));
#11863=CARTESIAN_POINT('',(29.383131053856,3.41472214806834,-1.6));
#11864=CARTESIAN_POINT('',(29.383131053856,3.41472214806834,-1.6));
#11865=CARTESIAN_POINT('',(30.968397047928,3.41472214806834,-1.6));
#11866=CARTESIAN_POINT('',(30.968397047928,3.41472214806834,-1.6));
#11867=CARTESIAN_POINT('',(30.968397047928,3.17870578516283,-1.6));
#11868=CARTESIAN_POINT('',(30.968397047928,3.17870578516283,-1.6));
#11869=CARTESIAN_POINT('',(30.3094611434251,3.17870578516283,-1.6));
#11870=CARTESIAN_POINT('',(30.3094611434251,3.17870578516283,-1.6));
#11871=CARTESIAN_POINT('',(30.3094611434251,1.41472211826601,-1.6));
#11872=CARTESIAN_POINT('',(30.3094611434251,1.41472211826601,-1.6));
#11873=CARTESIAN_POINT('',(30.0447953609735,1.41472211826601,-1.6));
#11874=CARTESIAN_POINT('Origin',(30.0447953609735,2.29671395171442,-2.));
#11875=CARTESIAN_POINT('',(30.0447953609735,1.41472211826601,-2.));
#11876=CARTESIAN_POINT('',(30.0447953609735,1.41472211826601,-2.));
#11877=CARTESIAN_POINT('',(30.0447953609735,3.17870578516283,-2.));
#11878=CARTESIAN_POINT('',(30.0447953609735,2.27335697585721,-2.));
#11879=CARTESIAN_POINT('',(30.0447953609735,3.17870578516283,-2.));
#11880=CARTESIAN_POINT('Origin',(29.7139632074148,3.17870578516283,-2.));
#11881=CARTESIAN_POINT('',(29.383131053856,3.17870578516283,-2.));
#11882=CARTESIAN_POINT('',(29.1069816037074,3.17870578516283,-2.));
#11883=CARTESIAN_POINT('',(29.383131053856,3.17870578516283,-2.));
#11884=CARTESIAN_POINT('Origin',(29.383131053856,3.29671396661558,-2.));
#11885=CARTESIAN_POINT('',(29.383131053856,3.41472214806834,-2.));
#11886=CARTESIAN_POINT('',(29.383131053856,2.77335698330779,-2.));
#11887=CARTESIAN_POINT('',(29.383131053856,3.41472214806834,-2.));
#11888=CARTESIAN_POINT('Origin',(30.175764050892,3.41472214806834,-2.));
#11889=CARTESIAN_POINT('',(30.968397047928,3.41472214806834,-2.));
#11890=CARTESIAN_POINT('',(29.337882025446,3.41472214806834,-2.));
#11891=CARTESIAN_POINT('',(30.968397047928,3.41472214806834,-2.));
#11892=CARTESIAN_POINT('Origin',(30.968397047928,3.29671396661558,-2.));
#11893=CARTESIAN_POINT('',(30.968397047928,3.17870578516283,-2.));
#11894=CARTESIAN_POINT('',(30.968397047928,2.77335698330779,-2.));
#11895=CARTESIAN_POINT('',(30.968397047928,3.17870578516283,-2.));
#11896=CARTESIAN_POINT('Origin',(30.6389290956766,3.17870578516283,-2.));
#11897=CARTESIAN_POINT('',(30.3094611434251,3.17870578516283,-2.));
#11898=CARTESIAN_POINT('',(29.5694645478383,3.17870578516283,-2.));
#11899=CARTESIAN_POINT('',(30.3094611434251,3.17870578516283,-2.));
#11900=CARTESIAN_POINT('Origin',(30.3094611434251,2.29671395171442,-2.));
#11901=CARTESIAN_POINT('',(30.3094611434251,1.41472211826601,-2.));
#11902=CARTESIAN_POINT('',(30.3094611434251,2.27335697585721,-2.));
#11903=CARTESIAN_POINT('',(30.3094611434251,1.41472211826601,-2.));
#11904=CARTESIAN_POINT('Origin',(30.1771282521993,1.41472211826601,-2.));
#11905=CARTESIAN_POINT('',(29.3385641260997,1.41472211826601,-2.));
#11906=CARTESIAN_POINT('Origin',(28.5,2.25,-2.));
#11907=CARTESIAN_POINT('Origin',(28.5,2.25,-2.));
#11908=CARTESIAN_POINT('Origin',(28.5,2.25,-2.));
#11909=CARTESIAN_POINT('Origin',(28.5,45.25,-1.6));
#11910=CARTESIAN_POINT('',(24.9386537235741,44.7975076804132,-1.6));
#11911=CARTESIAN_POINT('',(24.9381780911825,43.9844110578236,-1.6));
#11912=CARTESIAN_POINT('',(24.9386537235741,44.7975076804132,-1.6));
#11913=CARTESIAN_POINT('',(24.425693258168,44.7978077439064,-1.6));
#11914=CARTESIAN_POINT('',(24.425693258168,44.7978077439064,-1.6));
#11915=CARTESIAN_POINT('',(23.8391660028775,44.974822167921,-1.6));
#11916=CARTESIAN_POINT('Ctrl Pts',(23.8391660028775,44.974822167921,-1.6));
#11917=CARTESIAN_POINT('Ctrl Pts',(23.9127075615781,44.9235625277111,-1.6));
#11918=CARTESIAN_POINT('Ctrl Pts',(24.0871210564586,44.8019935379683,-1.6));
#11919=CARTESIAN_POINT('Ctrl Pts',(24.3016313585187,44.799341530674,-1.6));
#11920=CARTESIAN_POINT('Ctrl Pts',(24.425693258168,44.7978077439064,-1.6));
#11921=CARTESIAN_POINT('',(23.6770722475974,45.4067042834591,-1.6));
#11922=CARTESIAN_POINT('Ctrl Pts',(23.6770722475974,45.4067042834591,-1.6));
#11923=CARTESIAN_POINT('Ctrl Pts',(23.6833171341109,45.3254507358656,-1.6));
#11924=CARTESIAN_POINT('Ctrl Pts',(23.6955979590143,45.1656623091886,-1.6));
#11925=CARTESIAN_POINT('Ctrl Pts',(23.7918559048194,45.0377098799344,-1.6));
#11926=CARTESIAN_POINT('Ctrl Pts',(23.8391660028775,44.974822167921,-1.6));
#11927=CARTESIAN_POINT('',(23.7379415603003,45.6795200120933,-1.6));
#11928=CARTESIAN_POINT('Ctrl Pts',(23.7379415603003,45.6795200120933,-1.6));
#11929=CARTESIAN_POINT('Ctrl Pts',(23.7202114377463,45.6366697997615,-1.6));
#11930=CARTESIAN_POINT('Ctrl Pts',(23.6840630127683,45.5493061799644,-1.6));
#11931=CARTESIAN_POINT('Ctrl Pts',(23.6794318911608,45.4548377336607,-1.6));
#11932=CARTESIAN_POINT('Ctrl Pts',(23.6770722475974,45.4067042834591,-1.6));
#11933=CARTESIAN_POINT('',(23.8983545913011,45.8724685173376,-1.6));
#11934=CARTESIAN_POINT('Ctrl Pts',(23.8983545913011,45.8724685173376,-1.6));
#11935=CARTESIAN_POINT('Ctrl Pts',(23.8664393304196,45.8465462485451,-1.6));
#11936=CARTESIAN_POINT('Ctrl Pts',(23.8003197727779,45.792842506251,-1.6));
#11937=CARTESIAN_POINT('Ctrl Pts',(23.7592087145945,45.7181560497823,-1.6));
#11938=CARTESIAN_POINT('Ctrl Pts',(23.7379415603003,45.6795200120933,-1.6));
#11939=CARTESIAN_POINT('',(24.1453393371639,45.9657754964337,-1.6));
#11940=CARTESIAN_POINT('Ctrl Pts',(24.1453393371639,45.9657754964337,-1.6));
#11941=CARTESIAN_POINT('Ctrl Pts',(24.0992251593693,45.9564515431221,-1.6));
#11942=CARTESIAN_POINT('Ctrl Pts',(24.0117374247526,45.9387621557817,-1.6));
#11943=CARTESIAN_POINT('Ctrl Pts',(23.9347584721724,45.8937534477188,-1.6));
#11944=CARTESIAN_POINT('Ctrl Pts',(23.8983545913011,45.8724685173376,-1.6));
#11945=CARTESIAN_POINT('',(24.4495797172493,45.9846972423516,-1.6));
#11946=CARTESIAN_POINT('Ctrl Pts',(24.4495797172493,45.9846972423516,-1.6));
#11947=CARTESIAN_POINT('Ctrl Pts',(24.3909328999105,45.9845490523002,-1.6));
#11948=CARTESIAN_POINT('Ctrl Pts',(24.2891045004236,45.9842917500894,-1.6));
#11949=CARTESIAN_POINT('Ctrl Pts',(24.1881502329198,45.9712893315455,-1.6));
#11950=CARTESIAN_POINT('Ctrl Pts',(24.1453393371639,45.9657754964337,-1.6));
#11951=CARTESIAN_POINT('',(25.2040134584877,45.9842559256438,-1.6));
#11952=CARTESIAN_POINT('',(25.2040134584877,45.9842559256438,-1.6));
#11953=CARTESIAN_POINT('',(25.2028435303289,43.9842562380245,-1.6));
#11954=CARTESIAN_POINT('',(25.2028435303289,43.9842562380245,-1.6));
#11955=CARTESIAN_POINT('',(24.9381780911825,43.9844110578236,-1.6));
#11956=CARTESIAN_POINT('',(24.4276138429283,45.7486936883152,-1.6));
#11957=CARTESIAN_POINT('',(24.9392099582489,45.7483944229178,-1.6));
#11958=CARTESIAN_POINT('',(24.4276138429283,45.7486936883152,-1.6));
#11959=CARTESIAN_POINT('',(24.1806727922045,45.7311027748949,-1.6));
#11960=CARTESIAN_POINT('Ctrl Pts',(24.1806727922045,45.7311027748949,-1.6));
#11961=CARTESIAN_POINT('Ctrl Pts',(24.2123376734524,45.7361960399864,-1.6));
#11962=CARTESIAN_POINT('Ctrl Pts',(24.2940424779587,45.7493381776543,-1.6));
#11963=CARTESIAN_POINT('Ctrl Pts',(24.3768801174426,45.7489384813905,-1.6));
#11964=CARTESIAN_POINT('Ctrl Pts',(24.4276138429283,45.7486936883152,-1.6));
#11965=CARTESIAN_POINT('',(24.0134824990472,45.6131922990773,-1.6));
#11966=CARTESIAN_POINT('Ctrl Pts',(24.0134824990472,45.6131922990773,-1.6));
#11967=CARTESIAN_POINT('Ctrl Pts',(24.036232701055,45.6404111090144,-1.6));
#11968=CARTESIAN_POINT('Ctrl Pts',(24.0815033965414,45.6945739008764,-1.6));
#11969=CARTESIAN_POINT('Ctrl Pts',(24.1477283378823,45.7189677425747,-1.6));
#11970=CARTESIAN_POINT('Ctrl Pts',(24.1806727922045,45.7311027748949,-1.6));
#11971=CARTESIAN_POINT('',(23.9499189989426,45.3983590216064,-1.6));
#11972=CARTESIAN_POINT('Ctrl Pts',(23.9499189989426,45.3983590216064,-1.6));
#11973=CARTESIAN_POINT('Ctrl Pts',(23.9521788866977,45.4381017358671,-1.6));
#11974=CARTESIAN_POINT('Ctrl Pts',(23.9565400236898,45.5147973243694,-1.6));
#11975=CARTESIAN_POINT('Ctrl Pts',(23.9949676148149,45.581199106749,-1.6));
#11976=CARTESIAN_POINT('Ctrl Pts',(24.0134824990472,45.6131922990773,-1.6));
#11977=CARTESIAN_POINT('',(24.0575376930933,45.1295376361704,-1.6));
#11978=CARTESIAN_POINT('Ctrl Pts',(24.0575376930933,45.1295376361704,-1.6));
#11979=CARTESIAN_POINT('Ctrl Pts',(24.0261482535888,45.166016220888,-1.6));
#11980=CARTESIAN_POINT('Ctrl Pts',(23.9598742082876,45.2430352251855,-1.6));
#11981=CARTESIAN_POINT('Ctrl Pts',(23.9533520573104,45.3447955413684,-1.6));
#11982=CARTESIAN_POINT('Ctrl Pts',(23.9499189989426,45.3983590216064,-1.6));
#11983=CARTESIAN_POINT('',(24.4217382690912,45.0338266097309,-1.6));
#11984=CARTESIAN_POINT('Ctrl Pts',(24.4217382690911,45.0338266097309,-1.6));
#11985=CARTESIAN_POINT('Ctrl Pts',(24.3465667395343,45.0347262183925,-1.6));
#11986=CARTESIAN_POINT('Ctrl Pts',(24.2163003700406,45.0362851697004,-1.6));
#11987=CARTESIAN_POINT('Ctrl Pts',(24.104726661601,45.1018202419557,-1.6));
#11988=CARTESIAN_POINT('Ctrl Pts',(24.0575376930933,45.1295376361704,-1.6));
#11989=CARTESIAN_POINT('',(24.9387917847536,45.0335241519499,-1.6));
#11990=CARTESIAN_POINT('',(24.9387917847536,45.0335241519499,-1.6));
#11991=CARTESIAN_POINT('',(24.9392099582489,45.7483944229178,-1.6));
#11992=CARTESIAN_POINT('Origin',(24.9384159073783,44.3909593691184,-2.));
#11993=CARTESIAN_POINT('',(24.9381780911825,43.9844110578236,-2.));
#11994=CARTESIAN_POINT('',(24.9381780911825,43.9844110578236,-2.));
#11995=CARTESIAN_POINT('',(24.9386537235741,44.7975076804132,-2.));
#11996=CARTESIAN_POINT('',(24.9386677706442,44.8215212367709,-2.));
#11997=CARTESIAN_POINT('',(24.9386537235741,44.7975076804132,-2.));
#11998=CARTESIAN_POINT('Origin',(24.6821734908711,44.7976577121598,-2.));
#11999=CARTESIAN_POINT('',(24.425693258168,44.7978077439064,-2.));
#12000=CARTESIAN_POINT('',(26.5909537902676,44.7965411440748,-2.));
#12001=CARTESIAN_POINT('',(24.425693258168,44.7978077439064,-2.));
#12002=CARTESIAN_POINT('Ctrl Pts',(23.8391660028775,44.974822167921,-1.6));
#12003=CARTESIAN_POINT('Ctrl Pts',(23.8391660028775,44.974822167921,-2.));
#12004=CARTESIAN_POINT('Ctrl Pts',(23.9127075615781,44.9235625277111,-1.6));
#12005=CARTESIAN_POINT('Ctrl Pts',(23.9127075615781,44.9235625277111,-2.));
#12006=CARTESIAN_POINT('Ctrl Pts',(24.0871210564586,44.8019935379683,-1.6));
#12007=CARTESIAN_POINT('Ctrl Pts',(24.0871210564586,44.8019935379683,-2.));
#12008=CARTESIAN_POINT('Ctrl Pts',(24.3016313585187,44.799341530674,-1.6));
#12009=CARTESIAN_POINT('Ctrl Pts',(24.3016313585187,44.799341530674,-2.));
#12010=CARTESIAN_POINT('Ctrl Pts',(24.425693258168,44.7978077439064,-1.6));
#12011=CARTESIAN_POINT('Ctrl Pts',(24.425693258168,44.7978077439064,-2.));
#12012=CARTESIAN_POINT('',(23.8391660028775,44.974822167921,-2.));
#12013=CARTESIAN_POINT('Ctrl Pts',(23.8391660028775,44.974822167921,-2.));
#12014=CARTESIAN_POINT('Ctrl Pts',(23.9127075615781,44.9235625277111,-2.));
#12015=CARTESIAN_POINT('Ctrl Pts',(24.0871210564586,44.8019935379683,-2.));
#12016=CARTESIAN_POINT('Ctrl Pts',(24.3016313585187,44.799341530674,-2.));
#12017=CARTESIAN_POINT('Ctrl Pts',(24.425693258168,44.7978077439064,-2.));
#12018=CARTESIAN_POINT('',(23.8391660028775,44.974822167921,-2.));
#12019=CARTESIAN_POINT('Ctrl Pts',(23.6770722475974,45.4067042834591,-1.6));
#12020=CARTESIAN_POINT('Ctrl Pts',(23.6770722475974,45.4067042834591,-2.));
#12021=CARTESIAN_POINT('Ctrl Pts',(23.6833171341109,45.3254507358656,-1.6));
#12022=CARTESIAN_POINT('Ctrl Pts',(23.6833171341109,45.3254507358656,-2.));
#12023=CARTESIAN_POINT('Ctrl Pts',(23.6955979590143,45.1656623091886,-1.6));
#12024=CARTESIAN_POINT('Ctrl Pts',(23.6955979590143,45.1656623091886,-2.));
#12025=CARTESIAN_POINT('Ctrl Pts',(23.7918559048194,45.0377098799344,-1.6));
#12026=CARTESIAN_POINT('Ctrl Pts',(23.7918559048194,45.0377098799344,-2.));
#12027=CARTESIAN_POINT('Ctrl Pts',(23.8391660028775,44.974822167921,-1.6));
#12028=CARTESIAN_POINT('Ctrl Pts',(23.8391660028775,44.974822167921,-2.));
#12029=CARTESIAN_POINT('',(23.6770722475974,45.4067042834591,-2.));
#12030=CARTESIAN_POINT('Ctrl Pts',(23.6770722475974,45.4067042834591,-2.));
#12031=CARTESIAN_POINT('Ctrl Pts',(23.6833171341109,45.3254507358656,-2.));
#12032=CARTESIAN_POINT('Ctrl Pts',(23.6955979590143,45.1656623091886,-2.));
#12033=CARTESIAN_POINT('Ctrl Pts',(23.7918559048194,45.0377098799344,-2.));
#12034=CARTESIAN_POINT('Ctrl Pts',(23.8391660028775,44.974822167921,-2.));
#12035=CARTESIAN_POINT('',(23.6770722475974,45.4067042834591,-2.));
#12036=CARTESIAN_POINT('Ctrl Pts',(23.7379415603003,45.6795200120933,-1.6));
#12037=CARTESIAN_POINT('Ctrl Pts',(23.7379415603003,45.6795200120933,-2.));
#12038=CARTESIAN_POINT('Ctrl Pts',(23.7202114377463,45.6366697997615,-1.6));
#12039=CARTESIAN_POINT('Ctrl Pts',(23.7202114377463,45.6366697997615,-2.));
#12040=CARTESIAN_POINT('Ctrl Pts',(23.6840630127683,45.5493061799644,-1.6));
#12041=CARTESIAN_POINT('Ctrl Pts',(23.6840630127683,45.5493061799644,-2.));
#12042=CARTESIAN_POINT('Ctrl Pts',(23.6794318911608,45.4548377336607,-1.6));
#12043=CARTESIAN_POINT('Ctrl Pts',(23.6794318911608,45.4548377336607,-2.));
#12044=CARTESIAN_POINT('Ctrl Pts',(23.6770722475974,45.4067042834591,-1.6));
#12045=CARTESIAN_POINT('Ctrl Pts',(23.6770722475974,45.4067042834591,-2.));
#12046=CARTESIAN_POINT('',(23.7379415603003,45.6795200120933,-2.));
#12047=CARTESIAN_POINT('Ctrl Pts',(23.7379415603003,45.6795200120933,-2.));
#12048=CARTESIAN_POINT('Ctrl Pts',(23.7202114377463,45.6366697997615,-2.));
#12049=CARTESIAN_POINT('Ctrl Pts',(23.6840630127683,45.5493061799644,-2.));
#12050=CARTESIAN_POINT('Ctrl Pts',(23.6794318911608,45.4548377336607,-2.));
#12051=CARTESIAN_POINT('Ctrl Pts',(23.6770722475974,45.4067042834591,-2.));
#12052=CARTESIAN_POINT('',(23.7379415603003,45.6795200120933,-2.));
#12053=CARTESIAN_POINT('Ctrl Pts',(23.8983545913011,45.8724685173376,-1.6));
#12054=CARTESIAN_POINT('Ctrl Pts',(23.8983545913011,45.8724685173376,-2.));
#12055=CARTESIAN_POINT('Ctrl Pts',(23.8664393304196,45.8465462485451,-1.6));
#12056=CARTESIAN_POINT('Ctrl Pts',(23.8664393304196,45.8465462485451,-2.));
#12057=CARTESIAN_POINT('Ctrl Pts',(23.8003197727779,45.792842506251,-1.6));
#12058=CARTESIAN_POINT('Ctrl Pts',(23.8003197727779,45.792842506251,-2.));
#12059=CARTESIAN_POINT('Ctrl Pts',(23.7592087145945,45.7181560497823,-1.6));
#12060=CARTESIAN_POINT('Ctrl Pts',(23.7592087145945,45.7181560497823,-2.));
#12061=CARTESIAN_POINT('Ctrl Pts',(23.7379415603003,45.6795200120933,-1.6));
#12062=CARTESIAN_POINT('Ctrl Pts',(23.7379415603003,45.6795200120933,-2.));
#12063=CARTESIAN_POINT('',(23.8983545913011,45.8724685173376,-2.));
#12064=CARTESIAN_POINT('Ctrl Pts',(23.8983545913011,45.8724685173376,-2.));
#12065=CARTESIAN_POINT('Ctrl Pts',(23.8664393304196,45.8465462485451,-2.));
#12066=CARTESIAN_POINT('Ctrl Pts',(23.8003197727779,45.792842506251,-2.));
#12067=CARTESIAN_POINT('Ctrl Pts',(23.7592087145945,45.7181560497823,-2.));
#12068=CARTESIAN_POINT('Ctrl Pts',(23.7379415603003,45.6795200120933,-2.));
#12069=CARTESIAN_POINT('',(23.8983545913011,45.8724685173376,-2.));
#12070=CARTESIAN_POINT('Ctrl Pts',(24.1453393371639,45.9657754964337,-1.6));
#12071=CARTESIAN_POINT('Ctrl Pts',(24.1453393371639,45.9657754964337,-2.));
#12072=CARTESIAN_POINT('Ctrl Pts',(24.0992251593693,45.9564515431221,-1.6));
#12073=CARTESIAN_POINT('Ctrl Pts',(24.0992251593693,45.9564515431221,-2.));
#12074=CARTESIAN_POINT('Ctrl Pts',(24.0117374247526,45.9387621557817,-1.6));
#12075=CARTESIAN_POINT('Ctrl Pts',(24.0117374247526,45.9387621557817,-2.));
#12076=CARTESIAN_POINT('Ctrl Pts',(23.9347584721724,45.8937534477188,-1.6));
#12077=CARTESIAN_POINT('Ctrl Pts',(23.9347584721724,45.8937534477188,-2.));
#12078=CARTESIAN_POINT('Ctrl Pts',(23.8983545913011,45.8724685173376,-1.6));
#12079=CARTESIAN_POINT('Ctrl Pts',(23.8983545913011,45.8724685173376,-2.));
#12080=CARTESIAN_POINT('',(24.1453393371639,45.9657754964337,-2.));
#12081=CARTESIAN_POINT('Ctrl Pts',(24.1453393371639,45.9657754964337,-2.));
#12082=CARTESIAN_POINT('Ctrl Pts',(24.0992251593693,45.9564515431221,-2.));
#12083=CARTESIAN_POINT('Ctrl Pts',(24.0117374247526,45.9387621557817,-2.));
#12084=CARTESIAN_POINT('Ctrl Pts',(23.9347584721724,45.8937534477188,-2.));
#12085=CARTESIAN_POINT('Ctrl Pts',(23.8983545913011,45.8724685173376,-2.));
#12086=CARTESIAN_POINT('',(24.1453393371639,45.9657754964337,-2.));
#12087=CARTESIAN_POINT('Ctrl Pts',(24.4495797172493,45.9846972423516,-1.6));
#12088=CARTESIAN_POINT('Ctrl Pts',(24.4495797172493,45.9846972423516,-2.));
#12089=CARTESIAN_POINT('Ctrl Pts',(24.3909328999105,45.9845490523002,-1.6));
#12090=CARTESIAN_POINT('Ctrl Pts',(24.3909328999105,45.9845490523002,-2.));
#12091=CARTESIAN_POINT('Ctrl Pts',(24.2891045004236,45.9842917500894,-1.6));
#12092=CARTESIAN_POINT('Ctrl Pts',(24.2891045004236,45.9842917500894,-2.));
#12093=CARTESIAN_POINT('Ctrl Pts',(24.1881502329198,45.9712893315455,-1.6));
#12094=CARTESIAN_POINT('Ctrl Pts',(24.1881502329198,45.9712893315455,-2.));
#12095=CARTESIAN_POINT('Ctrl Pts',(24.1453393371639,45.9657754964337,-1.6));
#12096=CARTESIAN_POINT('Ctrl Pts',(24.1453393371639,45.9657754964337,-2.));
#12097=CARTESIAN_POINT('',(24.4495797172493,45.9846972423516,-2.));
#12098=CARTESIAN_POINT('Ctrl Pts',(24.4495797172493,45.9846972423516,-2.));
#12099=CARTESIAN_POINT('Ctrl Pts',(24.3909328999105,45.9845490523002,-2.));
#12100=CARTESIAN_POINT('Ctrl Pts',(24.2891045004236,45.9842917500894,-2.));
#12101=CARTESIAN_POINT('Ctrl Pts',(24.1881502329198,45.9712893315455,-2.));
#12102=CARTESIAN_POINT('Ctrl Pts',(24.1453393371639,45.9657754964337,-2.));
#12103=CARTESIAN_POINT('',(24.4495797172493,45.9846972423516,-2.));
#12104=CARTESIAN_POINT('Origin',(24.8267965878685,45.9844765839977,-2.));
#12105=CARTESIAN_POINT('',(25.2040134584877,45.9842559256438,-2.));
#12106=CARTESIAN_POINT('',(26.6636124866499,45.9834021125087,-2.));
#12107=CARTESIAN_POINT('',(25.2040134584877,45.9842559256438,-2.));
#12108=CARTESIAN_POINT('Origin',(25.2034284944083,44.9842560818341,-2.));
#12109=CARTESIAN_POINT('',(25.2028435303289,43.9842562380245,-2.));
#12110=CARTESIAN_POINT('',(25.2035067837324,45.1180921832292,-2.));
#12111=CARTESIAN_POINT('',(25.2028435303289,43.9842562380245,-2.));
#12112=CARTESIAN_POINT('Origin',(25.0705108107557,43.984333647924,-2.));
#12113=CARTESIAN_POINT('',(26.7848846340141,43.9833308006622,-2.));
#12114=CARTESIAN_POINT('Origin',(24.6834119005886,45.7485440556165,-2.));
#12115=CARTESIAN_POINT('',(24.9392099582489,45.7483944229178,-2.));
#12116=CARTESIAN_POINT('',(24.9392099582489,45.7483944229178,-2.));
#12117=CARTESIAN_POINT('',(24.4276138429283,45.7486936883152,-2.));
#12118=CARTESIAN_POINT('',(26.5918511124637,45.7474276870555,-2.));
#12119=CARTESIAN_POINT('',(24.4276138429283,45.7486936883152,-2.));
#12120=CARTESIAN_POINT('Ctrl Pts',(24.1806727922045,45.7311027748949,-1.6));
#12121=CARTESIAN_POINT('Ctrl Pts',(24.1806727922045,45.7311027748949,-2.));
#12122=CARTESIAN_POINT('Ctrl Pts',(24.2123376734524,45.7361960399864,-1.6));
#12123=CARTESIAN_POINT('Ctrl Pts',(24.2123376734524,45.7361960399864,-2.));
#12124=CARTESIAN_POINT('Ctrl Pts',(24.2940424779587,45.7493381776543,-1.6));
#12125=CARTESIAN_POINT('Ctrl Pts',(24.2940424779587,45.7493381776543,-2.));
#12126=CARTESIAN_POINT('Ctrl Pts',(24.3768801174426,45.7489384813905,-1.6));
#12127=CARTESIAN_POINT('Ctrl Pts',(24.3768801174426,45.7489384813905,-2.));
#12128=CARTESIAN_POINT('Ctrl Pts',(24.4276138429283,45.7486936883152,-1.6));
#12129=CARTESIAN_POINT('Ctrl Pts',(24.4276138429283,45.7486936883152,-2.));
#12130=CARTESIAN_POINT('',(24.1806727922045,45.7311027748949,-2.));
#12131=CARTESIAN_POINT('Ctrl Pts',(24.1806727922045,45.7311027748949,-2.));
#12132=CARTESIAN_POINT('Ctrl Pts',(24.2123376734524,45.7361960399864,-2.));
#12133=CARTESIAN_POINT('Ctrl Pts',(24.2940424779587,45.7493381776543,-2.));
#12134=CARTESIAN_POINT('Ctrl Pts',(24.3768801174426,45.7489384813905,-2.));
#12135=CARTESIAN_POINT('Ctrl Pts',(24.4276138429283,45.7486936883152,-2.));
#12136=CARTESIAN_POINT('',(24.1806727922045,45.7311027748949,-2.));
#12137=CARTESIAN_POINT('Ctrl Pts',(24.0134824990472,45.6131922990773,-1.6));
#12138=CARTESIAN_POINT('Ctrl Pts',(24.0134824990472,45.6131922990773,-2.));
#12139=CARTESIAN_POINT('Ctrl Pts',(24.036232701055,45.6404111090144,-1.6));
#12140=CARTESIAN_POINT('Ctrl Pts',(24.036232701055,45.6404111090144,-2.));
#12141=CARTESIAN_POINT('Ctrl Pts',(24.0815033965414,45.6945739008764,-1.6));
#12142=CARTESIAN_POINT('Ctrl Pts',(24.0815033965414,45.6945739008764,-2.));
#12143=CARTESIAN_POINT('Ctrl Pts',(24.1477283378823,45.7189677425747,-1.6));
#12144=CARTESIAN_POINT('Ctrl Pts',(24.1477283378823,45.7189677425747,-2.));
#12145=CARTESIAN_POINT('Ctrl Pts',(24.1806727922045,45.7311027748949,-1.6));
#12146=CARTESIAN_POINT('Ctrl Pts',(24.1806727922045,45.7311027748949,-2.));
#12147=CARTESIAN_POINT('',(24.0134824990472,45.6131922990773,-2.));
#12148=CARTESIAN_POINT('Ctrl Pts',(24.0134824990472,45.6131922990773,-2.));
#12149=CARTESIAN_POINT('Ctrl Pts',(24.036232701055,45.6404111090144,-2.));
#12150=CARTESIAN_POINT('Ctrl Pts',(24.0815033965414,45.6945739008764,-2.));
#12151=CARTESIAN_POINT('Ctrl Pts',(24.1477283378823,45.7189677425747,-2.));
#12152=CARTESIAN_POINT('Ctrl Pts',(24.1806727922045,45.7311027748949,-2.));
#12153=CARTESIAN_POINT('',(24.0134824990472,45.6131922990773,-2.));
#12154=CARTESIAN_POINT('Ctrl Pts',(23.9499189989426,45.3983590216064,-1.6));
#12155=CARTESIAN_POINT('Ctrl Pts',(23.9499189989426,45.3983590216064,-2.));
#12156=CARTESIAN_POINT('Ctrl Pts',(23.9521788866977,45.4381017358671,-1.6));
#12157=CARTESIAN_POINT('Ctrl Pts',(23.9521788866977,45.4381017358671,-2.));
#12158=CARTESIAN_POINT('Ctrl Pts',(23.9565400236898,45.5147973243694,-1.6));
#12159=CARTESIAN_POINT('Ctrl Pts',(23.9565400236898,45.5147973243694,-2.));
#12160=CARTESIAN_POINT('Ctrl Pts',(23.9949676148149,45.581199106749,-1.6));
#12161=CARTESIAN_POINT('Ctrl Pts',(23.9949676148149,45.581199106749,-2.));
#12162=CARTESIAN_POINT('Ctrl Pts',(24.0134824990472,45.6131922990773,-1.6));
#12163=CARTESIAN_POINT('Ctrl Pts',(24.0134824990472,45.6131922990773,-2.));
#12164=CARTESIAN_POINT('',(23.9499189989426,45.3983590216064,-2.));
#12165=CARTESIAN_POINT('Ctrl Pts',(23.9499189989426,45.3983590216064,-2.));
#12166=CARTESIAN_POINT('Ctrl Pts',(23.9521788866977,45.4381017358671,-2.));
#12167=CARTESIAN_POINT('Ctrl Pts',(23.9565400236898,45.5147973243694,-2.));
#12168=CARTESIAN_POINT('Ctrl Pts',(23.9949676148149,45.581199106749,-2.));
#12169=CARTESIAN_POINT('Ctrl Pts',(24.0134824990472,45.6131922990773,-2.));
#12170=CARTESIAN_POINT('',(23.9499189989426,45.3983590216064,-2.));
#12171=CARTESIAN_POINT('Ctrl Pts',(24.0575376930933,45.1295376361704,-1.6));
#12172=CARTESIAN_POINT('Ctrl Pts',(24.0575376930933,45.1295376361704,-2.));
#12173=CARTESIAN_POINT('Ctrl Pts',(24.0261482535888,45.166016220888,-1.6));
#12174=CARTESIAN_POINT('Ctrl Pts',(24.0261482535888,45.166016220888,-2.));
#12175=CARTESIAN_POINT('Ctrl Pts',(23.9598742082876,45.2430352251855,-1.6));
#12176=CARTESIAN_POINT('Ctrl Pts',(23.9598742082876,45.2430352251855,-2.));
#12177=CARTESIAN_POINT('Ctrl Pts',(23.9533520573104,45.3447955413684,-1.6));
#12178=CARTESIAN_POINT('Ctrl Pts',(23.9533520573104,45.3447955413684,-2.));
#12179=CARTESIAN_POINT('Ctrl Pts',(23.9499189989426,45.3983590216064,-1.6));
#12180=CARTESIAN_POINT('Ctrl Pts',(23.9499189989426,45.3983590216064,-2.));
#12181=CARTESIAN_POINT('',(24.0575376930933,45.1295376361704,-2.));
#12182=CARTESIAN_POINT('Ctrl Pts',(24.0575376930933,45.1295376361704,-2.));
#12183=CARTESIAN_POINT('Ctrl Pts',(24.0261482535888,45.166016220888,-2.));
#12184=CARTESIAN_POINT('Ctrl Pts',(23.9598742082876,45.2430352251855,-2.));
#12185=CARTESIAN_POINT('Ctrl Pts',(23.9533520573104,45.3447955413684,-2.));
#12186=CARTESIAN_POINT('Ctrl Pts',(23.9499189989426,45.3983590216064,-2.));
#12187=CARTESIAN_POINT('',(24.0575376930933,45.1295376361704,-2.));
#12188=CARTESIAN_POINT('Ctrl Pts',(24.4217382690911,45.0338266097309,-1.6));
#12189=CARTESIAN_POINT('Ctrl Pts',(24.4217382690911,45.0338266097309,-2.));
#12190=CARTESIAN_POINT('Ctrl Pts',(24.3465667395343,45.0347262183925,-1.6));
#12191=CARTESIAN_POINT('Ctrl Pts',(24.3465667395343,45.0347262183925,-2.));
#12192=CARTESIAN_POINT('Ctrl Pts',(24.2163003700406,45.0362851697004,-1.6));
#12193=CARTESIAN_POINT('Ctrl Pts',(24.2163003700406,45.0362851697004,-2.));
#12194=CARTESIAN_POINT('Ctrl Pts',(24.104726661601,45.1018202419557,-1.6));
#12195=CARTESIAN_POINT('Ctrl Pts',(24.104726661601,45.1018202419557,-2.));
#12196=CARTESIAN_POINT('Ctrl Pts',(24.0575376930933,45.1295376361704,-1.6));
#12197=CARTESIAN_POINT('Ctrl Pts',(24.0575376930933,45.1295376361704,-2.));
#12198=CARTESIAN_POINT('',(24.4217382690912,45.0338266097309,-2.));
#12199=CARTESIAN_POINT('Ctrl Pts',(24.4217382690911,45.0338266097309,-2.));
#12200=CARTESIAN_POINT('Ctrl Pts',(24.3465667395343,45.0347262183925,-2.));
#12201=CARTESIAN_POINT('Ctrl Pts',(24.2163003700406,45.0362851697004,-2.));
#12202=CARTESIAN_POINT('Ctrl Pts',(24.104726661601,45.1018202419557,-2.));
#12203=CARTESIAN_POINT('Ctrl Pts',(24.0575376930933,45.1295376361704,-2.));
#12204=CARTESIAN_POINT('',(24.4217382690912,45.0338266097309,-2.));
#12205=CARTESIAN_POINT('Origin',(24.6802650269224,45.0336753808404,-2.));
#12206=CARTESIAN_POINT('',(24.9387917847536,45.0335241519499,-2.));
#12207=CARTESIAN_POINT('',(26.590068588883,45.0325582141834,-2.));
#12208=CARTESIAN_POINT('',(24.9387917847536,45.0335241519499,-2.));
#12209=CARTESIAN_POINT('Origin',(24.9390008715013,45.3909592874338,-2.));
#12210=CARTESIAN_POINT('',(24.9389602527057,45.3215211959286,-2.));
#12211=CARTESIAN_POINT('Origin',(28.5,45.25,-1.6));
#12212=CARTESIAN_POINT('',(26.785735479231,44.5890602249276,-1.6));
#12213=CARTESIAN_POINT('',(27.005026015608,43.9832020258414,-1.6));
#12214=CARTESIAN_POINT('',(26.785735479231,44.5890602249276,-1.6));
#12215=CARTESIAN_POINT('',(25.949446097281,44.5895494242524,-1.6));
#12216=CARTESIAN_POINT('',(25.949446097281,44.5895494242524,-1.6));
#12217=CARTESIAN_POINT('',(25.715803995735,43.9839561745312,-1.6));
#12218=CARTESIAN_POINT('',(25.715803995735,43.9839561745312,-1.6));
#12219=CARTESIAN_POINT('',(25.414303488466,43.9841325415254,-1.6));
#12220=CARTESIAN_POINT('',(25.414303488466,43.9841325415254,-1.6));
#12221=CARTESIAN_POINT('',(26.2340274395562,45.9836534043695,-1.6));
#12222=CARTESIAN_POINT('',(26.2340274395562,45.9836534043695,-1.6));
#12223=CARTESIAN_POINT('',(26.5191569378921,45.983486613829,-1.6));
#12224=CARTESIAN_POINT('',(26.5191569378921,45.983486613829,-1.6));
#12225=CARTESIAN_POINT('',(27.2860630597338,43.98303762924,-1.6));
#12226=CARTESIAN_POINT('',(27.2860630597338,43.98303762924,-1.6));
#12227=CARTESIAN_POINT('',(27.005026015608,43.9832020258414,-1.6));
#12228=CARTESIAN_POINT('',(26.3826079717234,45.7734709591506,-1.6));
#12229=CARTESIAN_POINT('',(26.4901610244048,45.391416115862,-1.6));
#12230=CARTESIAN_POINT('Ctrl Pts',(26.3826079717234,45.7734709591506,-1.6));
#12231=CARTESIAN_POINT('Ctrl Pts',(26.3966958598631,45.7092254573693,-1.6));
#12232=CARTESIAN_POINT('Ctrl Pts',(26.4250820839181,45.5797747412653,-1.6));
#12233=CARTESIAN_POINT('Ctrl Pts',(26.4683610912971,45.4545118793049,-1.6));
#12234=CARTESIAN_POINT('Ctrl Pts',(26.4901610244048,45.391416115862,-1.6));
#12235=CARTESIAN_POINT('',(26.2404830911115,45.3588199904257,-1.6));
#12236=CARTESIAN_POINT('Ctrl Pts',(26.2404830911115,45.3588199904257,-1.6));
#12237=CARTESIAN_POINT('Ctrl Pts',(26.2691291498233,45.4351364760121,-1.6));
#12238=CARTESIAN_POINT('Ctrl Pts',(26.3204998839851,45.5719941824302,-1.6));
#12239=CARTESIAN_POINT('Ctrl Pts',(26.3635597453343,45.7116790831671,-1.6));
#12240=CARTESIAN_POINT('Ctrl Pts',(26.3826079717234,45.7734709591506,-1.6));
#12241=CARTESIAN_POINT('',(26.031427828518,44.8050541029942,-1.6));
#12242=CARTESIAN_POINT('',(26.031427828518,44.8050541029942,-1.6));
#12243=CARTESIAN_POINT('',(26.7094633293865,44.8046574765197,-1.6));
#12244=CARTESIAN_POINT('',(26.7094633293865,44.8046574765197,-1.6));
#12245=CARTESIAN_POINT('',(26.4901610244048,45.391416115862,-1.6));
#12246=CARTESIAN_POINT('Origin',(26.8953807474195,44.2861311253845,-2.));
#12247=CARTESIAN_POINT('',(27.005026015608,43.9832020258414,-2.));
#12248=CARTESIAN_POINT('',(27.005026015608,43.9832020258414,-2.));
#12249=CARTESIAN_POINT('',(26.785735479231,44.5890602249276,-2.));
#12250=CARTESIAN_POINT('',(26.8340838136123,44.4554829384608,-2.));
#12251=CARTESIAN_POINT('',(26.785735479231,44.5890602249276,-2.));
#12252=CARTESIAN_POINT('Origin',(26.367590788256,44.58930482459,-2.));
#12253=CARTESIAN_POINT('',(25.949446097281,44.5895494242524,-2.));
#12254=CARTESIAN_POINT('',(27.4336017878544,44.5886812463496,-2.));
#12255=CARTESIAN_POINT('',(25.949446097281,44.5895494242524,-2.));
#12256=CARTESIAN_POINT('Origin',(25.832625046508,44.2867527993918,-2.));
#12257=CARTESIAN_POINT('',(25.715803995735,43.9839561745312,-2.));
#12258=CARTESIAN_POINT('',(26.1671597145855,45.1538565253254,-2.));
#12259=CARTESIAN_POINT('',(25.715803995735,43.9839561745312,-2.));
#12260=CARTESIAN_POINT('Origin',(25.5650537421005,43.9840443580283,-2.));
#12261=CARTESIAN_POINT('',(25.414303488466,43.9841325415254,-2.));
#12262=CARTESIAN_POINT('',(27.0321560996865,43.9831861557143,-2.));
#12263=CARTESIAN_POINT('',(25.414303488466,43.9841325415254,-2.));
#12264=CARTESIAN_POINT('Origin',(25.8241654640111,44.9838929729475,-2.));
#12265=CARTESIAN_POINT('',(26.2340274395562,45.9836534043695,-2.));
#12266=CARTESIAN_POINT('',(26.0633698734531,45.5673750177596,-2.));
#12267=CARTESIAN_POINT('',(26.2340274395562,45.9836534043695,-2.));
#12268=CARTESIAN_POINT('Origin',(26.3765921887242,45.9835700090992,-2.));
#12269=CARTESIAN_POINT('',(26.5191569378921,45.983486613829,-2.));
#12270=CARTESIAN_POINT('',(27.4385102870777,45.9829488250594,-2.));
#12271=CARTESIAN_POINT('',(26.5191569378921,45.983486613829,-2.));
#12272=CARTESIAN_POINT('Origin',(26.902609998813,44.9832621215345,-2.));
#12273=CARTESIAN_POINT('',(27.2860630597338,43.98303762924,-2.));
#12274=CARTESIAN_POINT('',(26.9603753661917,44.8325830915644,-2.));
#12275=CARTESIAN_POINT('',(27.2860630597338,43.98303762924,-2.));
#12276=CARTESIAN_POINT('Origin',(27.1455445376709,43.9831198275407,-2.));
#12277=CARTESIAN_POINT('',(27.8224014974717,43.9827238904705,-2.));
#12278=CARTESIAN_POINT('Ctrl Pts',(26.3826079717234,45.7734709591506,-1.6));
#12279=CARTESIAN_POINT('Ctrl Pts',(26.3826079717234,45.7734709591506,-2.));
#12280=CARTESIAN_POINT('Ctrl Pts',(26.3966958598631,45.7092254573693,-1.6));
#12281=CARTESIAN_POINT('Ctrl Pts',(26.3966958598631,45.7092254573693,-2.));
#12282=CARTESIAN_POINT('Ctrl Pts',(26.4250820839181,45.5797747412653,-1.6));
#12283=CARTESIAN_POINT('Ctrl Pts',(26.4250820839181,45.5797747412653,-2.));
#12284=CARTESIAN_POINT('Ctrl Pts',(26.4683610912971,45.4545118793049,-1.6));
#12285=CARTESIAN_POINT('Ctrl Pts',(26.4683610912971,45.4545118793049,-2.));
#12286=CARTESIAN_POINT('Ctrl Pts',(26.4901610244048,45.391416115862,-1.6));
#12287=CARTESIAN_POINT('Ctrl Pts',(26.4901610244048,45.391416115862,-2.));
#12288=CARTESIAN_POINT('',(26.4901610244048,45.391416115862,-2.));
#12289=CARTESIAN_POINT('',(26.4901610244048,45.391416115862,-2.));
#12290=CARTESIAN_POINT('',(26.3826079717234,45.7734709591506,-2.));
#12291=CARTESIAN_POINT('Ctrl Pts',(26.3826079717234,45.7734709591506,-2.));
#12292=CARTESIAN_POINT('Ctrl Pts',(26.3966958598631,45.7092254573693,-2.));
#12293=CARTESIAN_POINT('Ctrl Pts',(26.4250820839181,45.5797747412653,-2.));
#12294=CARTESIAN_POINT('Ctrl Pts',(26.4683610912971,45.4545118793049,-2.));
#12295=CARTESIAN_POINT('Ctrl Pts',(26.4901610244048,45.391416115862,-2.));
#12296=CARTESIAN_POINT('',(26.3826079717234,45.7734709591506,-2.));
#12297=CARTESIAN_POINT('Ctrl Pts',(26.2404830911115,45.3588199904257,-1.6));
#12298=CARTESIAN_POINT('Ctrl Pts',(26.2404830911115,45.3588199904257,-2.));
#12299=CARTESIAN_POINT('Ctrl Pts',(26.2691291498233,45.4351364760121,-1.6));
#12300=CARTESIAN_POINT('Ctrl Pts',(26.2691291498233,45.4351364760121,-2.));
#12301=CARTESIAN_POINT('Ctrl Pts',(26.3204998839851,45.5719941824302,-1.6));
#12302=CARTESIAN_POINT('Ctrl Pts',(26.3204998839851,45.5719941824302,-2.));
#12303=CARTESIAN_POINT('Ctrl Pts',(26.3635597453343,45.7116790831671,-1.6));
#12304=CARTESIAN_POINT('Ctrl Pts',(26.3635597453343,45.7116790831671,-2.));
#12305=CARTESIAN_POINT('Ctrl Pts',(26.3826079717234,45.7734709591506,-1.6));
#12306=CARTESIAN_POINT('Ctrl Pts',(26.3826079717234,45.7734709591506,-2.));
#12307=CARTESIAN_POINT('',(26.2404830911115,45.3588199904257,-2.));
#12308=CARTESIAN_POINT('Ctrl Pts',(26.2404830911115,45.3588199904257,-2.));
#12309=CARTESIAN_POINT('Ctrl Pts',(26.2691291498233,45.4351364760121,-2.));
#12310=CARTESIAN_POINT('Ctrl Pts',(26.3204998839851,45.5719941824302,-2.));
#12311=CARTESIAN_POINT('Ctrl Pts',(26.3635597453343,45.7116790831671,-2.));
#12312=CARTESIAN_POINT('Ctrl Pts',(26.3826079717234,45.7734709591506,-2.));
#12313=CARTESIAN_POINT('',(26.2404830911115,45.3588199904257,-2.));
#12314=CARTESIAN_POINT('Origin',(26.1359554598147,45.0819370467099,-2.));
#12315=CARTESIAN_POINT('',(26.031427828518,44.8050541029942,-2.));
#12316=CARTESIAN_POINT('',(26.3111672934074,45.5460551718134,-2.));
#12317=CARTESIAN_POINT('',(26.031427828518,44.8050541029942,-2.));
#12318=CARTESIAN_POINT('Origin',(26.3704455789522,44.8048557897569,-2.));
#12319=CARTESIAN_POINT('',(26.7094633293865,44.8046574765197,-2.));
#12320=CARTESIAN_POINT('',(27.4350922284652,44.8042330096124,-2.));
#12321=CARTESIAN_POINT('',(26.7094633293865,44.8046574765197,-2.));
#12322=CARTESIAN_POINT('Origin',(26.5998121768957,45.0980367961908,-2.));
#12323=CARTESIAN_POINT('',(26.6913466365069,44.8531299541085,-2.));
#12324=CARTESIAN_POINT('Origin',(28.5,45.25,-1.6));
#12325=CARTESIAN_POINT('',(32.3467975735616,44.0250977198545,-1.6));
#12326=CARTESIAN_POINT('',(32.6347948998324,44.2629920318401,-1.6));
#12327=CARTESIAN_POINT('Ctrl Pts',(32.3467975735616,44.0250977198545,-1.6));
#12328=CARTESIAN_POINT('Ctrl Pts',(32.4044442970354,44.0544060796658,-1.6));
#12329=CARTESIAN_POINT('Ctrl Pts',(32.5182312262107,44.1122568656452,-1.6));
#12330=CARTESIAN_POINT('Ctrl Pts',(32.596284813617,44.2131924324838,-1.6));
#12331=CARTESIAN_POINT('Ctrl Pts',(32.6347948998324,44.2629920318401,-1.6));
#12332=CARTESIAN_POINT('',(31.8917718261491,43.9462370750085,-1.6));
#12333=CARTESIAN_POINT('Ctrl Pts',(31.8917718261491,43.9462370750085,-1.6));
#12334=CARTESIAN_POINT('Ctrl Pts',(31.9757485403576,43.9483192605994,-1.6));
#12335=CARTESIAN_POINT('Ctrl Pts',(32.1314940745943,43.952180939522,-1.6));
#12336=CARTESIAN_POINT('Ctrl Pts',(32.2788806365456,44.0020963083539,-1.6));
#12337=CARTESIAN_POINT('Ctrl Pts',(32.3467975735616,44.0250977198545,-1.6));
#12338=CARTESIAN_POINT('',(31.5064152639349,44.0249072871308,-1.6));
#12339=CARTESIAN_POINT('Ctrl Pts',(31.5064152639349,44.0249072871308,-1.6));
#12340=CARTESIAN_POINT('Ctrl Pts',(31.5663783219644,44.0019994383641,-1.6));
#12341=CARTESIAN_POINT('Ctrl Pts',(31.6904292702276,43.9546079200601,-1.6));
#12342=CARTESIAN_POINT('Ctrl Pts',(31.8231862022219,43.9490885319597,-1.6));
#12343=CARTESIAN_POINT('Ctrl Pts',(31.8917718261491,43.9462370750085,-1.6));
#12344=CARTESIAN_POINT('',(31.2439245364451,44.2447060745408,-1.6));
#12345=CARTESIAN_POINT('Ctrl Pts',(31.2439245364451,44.2447060745408,-1.6));
#12346=CARTESIAN_POINT('Ctrl Pts',(31.2785034955925,44.1998692731023,-1.6));
#12347=CARTESIAN_POINT('Ctrl Pts',(31.3497985859091,44.1074245064907,-1.6));
#12348=CARTESIAN_POINT('Ctrl Pts',(31.4531767354323,44.0529572712718,-1.6));
#12349=CARTESIAN_POINT('Ctrl Pts',(31.5064152639349,44.0249072871308,-1.6));
#12350=CARTESIAN_POINT('',(31.152695307238,44.5455780245441,-1.6));
#12351=CARTESIAN_POINT('Ctrl Pts',(31.152695307238,44.5455780245441,-1.6));
#12352=CARTESIAN_POINT('Ctrl Pts',(31.1566809207222,44.4928184767541,-1.6));
#12353=CARTESIAN_POINT('Ctrl Pts',(31.1647647827888,44.3858083743661,-1.6));
#12354=CARTESIAN_POINT('Ctrl Pts',(31.2172939830419,44.2921750490796,-1.6));
#12355=CARTESIAN_POINT('Ctrl Pts',(31.2439245364451,44.2447060745408,-1.6));
#12356=CARTESIAN_POINT('',(31.2360813915917,44.8299768163102,-1.6));
#12357=CARTESIAN_POINT('Ctrl Pts',(31.2360813915917,44.8299768163102,-1.6));
#12358=CARTESIAN_POINT('Ctrl Pts',(31.211786591622,44.7867351187273,-1.6));
#12359=CARTESIAN_POINT('Ctrl Pts',(31.1621628496562,44.6984110804271,-1.6));
#12360=CARTESIAN_POINT('Ctrl Pts',(31.1558946967739,44.597225269218,-1.6));
#12361=CARTESIAN_POINT('Ctrl Pts',(31.152695307238,44.5455780245441,-1.6));
#12362=CARTESIAN_POINT('',(31.4940451325145,45.033782317245,-1.6));
#12363=CARTESIAN_POINT('Ctrl Pts',(31.4940451325145,45.033782317245,-1.6));
#12364=CARTESIAN_POINT('Ctrl Pts',(31.4407329360355,45.0067573694693,-1.6));
#12365=CARTESIAN_POINT('Ctrl Pts',(31.3408231272676,44.9561112220104,-1.6));
#12366=CARTESIAN_POINT('Ctrl Pts',(31.2693951633739,44.8700946621552,-1.6));
#12367=CARTESIAN_POINT('Ctrl Pts',(31.2360813915917,44.8299768163102,-1.6));
#12368=CARTESIAN_POINT('',(31.9368208047029,45.161081294298,-1.6));
#12369=CARTESIAN_POINT('Ctrl Pts',(31.9368208047029,45.161081294298,-1.6));
#12370=CARTESIAN_POINT('Ctrl Pts',(31.8454324941532,45.140720134082,-1.6));
#12371=CARTESIAN_POINT('Ctrl Pts',(31.6951738535716,45.1072427644235,-1.6));
#12372=CARTESIAN_POINT('Ctrl Pts',(31.5506633722199,45.054461617473,-1.6));
#12373=CARTESIAN_POINT('Ctrl Pts',(31.4940451325145,45.033782317245,-1.6));
#12374=CARTESIAN_POINT('',(32.3359491818441,45.3034126164491,-1.6));
#12375=CARTESIAN_POINT('Ctrl Pts',(32.3359491818441,45.3034126164491,-1.6));
#12376=CARTESIAN_POINT('Ctrl Pts',(32.2906354366746,45.2781932928916,-1.6));
#12377=CARTESIAN_POINT('Ctrl Pts',(32.1660827067722,45.2088735846303,-1.6));
#12378=CARTESIAN_POINT('Ctrl Pts',(32.0259631939821,45.1796640544989,-1.6));
#12379=CARTESIAN_POINT('Ctrl Pts',(31.9368208047029,45.161081294298,-1.6));
#12380=CARTESIAN_POINT('',(32.4138155176208,45.4807204202821,-1.6));
#12381=CARTESIAN_POINT('Ctrl Pts',(32.4138155176208,45.4807204202821,-1.6));
#12382=CARTESIAN_POINT('Ctrl Pts',(32.4106768418523,45.4464978770946,-1.6));
#12383=CARTESIAN_POINT('Ctrl Pts',(32.4044569724261,45.3786795467675,-1.6));
#12384=CARTESIAN_POINT('Ctrl Pts',(32.3586439822061,45.3283465391888,-1.6));
#12385=CARTESIAN_POINT('Ctrl Pts',(32.3359491818441,45.3034126164491,-1.6));
#12386=CARTESIAN_POINT('',(32.3041169934504,45.6929264977364,-1.6));
#12387=CARTESIAN_POINT('Ctrl Pts',(32.3041169934504,45.6929264977364,-1.6));
#12388=CARTESIAN_POINT('Ctrl Pts',(32.3361184464566,45.6628757826671,-1.6));
#12389=CARTESIAN_POINT('Ctrl Pts',(32.3978736758163,45.6048850157739,-1.6));
#12390=CARTESIAN_POINT('Ctrl Pts',(32.4086320934101,45.5210920271692,-1.6));
#12391=CARTESIAN_POINT('Ctrl Pts',(32.4138155176208,45.4807204202821,-1.6));
#12392=CARTESIAN_POINT('',(31.9542367728489,45.7811258152897,-1.6));
#12393=CARTESIAN_POINT('Ctrl Pts',(31.9542367728489,45.7811258152897,-1.6));
#12394=CARTESIAN_POINT('Ctrl Pts',(32.0251452956567,45.7800071983865,-1.6));
#12395=CARTESIAN_POINT('Ctrl Pts',(32.1493777264077,45.7780473705482,-1.6));
#12396=CARTESIAN_POINT('Ctrl Pts',(32.2576455326641,45.7184900885338,-1.6));
#12397=CARTESIAN_POINT('Ctrl Pts',(32.3041169934504,45.6929264977364,-1.6));
#12398=CARTESIAN_POINT('',(31.6056125814808,45.6844675642585,-1.6));
#12399=CARTESIAN_POINT('Ctrl Pts',(31.6056125814808,45.6844675642585,-1.6));
#12400=CARTESIAN_POINT('Ctrl Pts',(31.6531658272443,45.7126020419672,-1.6));
#12401=CARTESIAN_POINT('Ctrl Pts',(31.7601190720726,45.7758800292884,-1.6));
#12402=CARTESIAN_POINT('Ctrl Pts',(31.8849228780625,45.7792526947164,-1.6));
#12403=CARTESIAN_POINT('Ctrl Pts',(31.9542367728489,45.7811258152897,-1.6));
#12404=CARTESIAN_POINT('',(31.4669729959096,45.3980547169939,-1.6));
#12405=CARTESIAN_POINT('Ctrl Pts',(31.4669729959096,45.3980547169939,-1.6));
#12406=CARTESIAN_POINT('Ctrl Pts',(31.4765449355876,45.4562289716408,-1.6));
#12407=CARTESIAN_POINT('Ctrl Pts',(31.4945708820668,45.565783151463,-1.6));
#12408=CARTESIAN_POINT('Ctrl Pts',(31.5701613375862,45.6465763028071,-1.6));
#12409=CARTESIAN_POINT('Ctrl Pts',(31.6056125814808,45.6844675642585,-1.6));
#12410=CARTESIAN_POINT('',(31.2132324869243,45.4173027127283,-1.6));
#12411=CARTESIAN_POINT('',(31.2132324869243,45.4173027127283,-1.6));
#12412=CARTESIAN_POINT('',(31.3116433349878,45.7323883677991,-1.6));
#12413=CARTESIAN_POINT('Ctrl Pts',(31.3116433349878,45.7323883677991,-1.6));
#12414=CARTESIAN_POINT('Ctrl Pts',(31.2846561055627,45.6840610220493,-1.6));
#12415=CARTESIAN_POINT('Ctrl Pts',(31.2298677346747,45.5859488186338,-1.6));
#12416=CARTESIAN_POINT('Ctrl Pts',(31.2188322157859,45.4740720786441,-1.6));
#12417=CARTESIAN_POINT('Ctrl Pts',(31.2132324869243,45.4173027127283,-1.6));
#12418=CARTESIAN_POINT('',(31.5730216433192,45.943013177061,-1.6));
#12419=CARTESIAN_POINT('Ctrl Pts',(31.5730216433192,45.943013177061,-1.6));
#12420=CARTESIAN_POINT('Ctrl Pts',(31.520100022382,45.9170164742775,-1.6));
#12421=CARTESIAN_POINT('Ctrl Pts',(31.4170547848544,45.8663975331751,-1.6));
#12422=CARTESIAN_POINT('Ctrl Pts',(31.346138618822,45.7762420876926,-1.6));
#12423=CARTESIAN_POINT('Ctrl Pts',(31.3116433349878,45.7323883677991,-1.6));
#12424=CARTESIAN_POINT('',(31.9652872934625,46.014407202324,-1.6));
#12425=CARTESIAN_POINT('Ctrl Pts',(31.9652872934625,46.014407202324,-1.6));
#12426=CARTESIAN_POINT('Ctrl Pts',(31.8948622993084,46.0120828424151,-1.6));
#12427=CARTESIAN_POINT('Ctrl Pts',(31.7604860728929,46.0076477875438,-1.6));
#12428=CARTESIAN_POINT('Ctrl Pts',(31.6334700620929,45.9638547842428,-1.6));
#12429=CARTESIAN_POINT('Ctrl Pts',(31.5730216433192,45.943013177061,-1.6));
#12430=CARTESIAN_POINT('',(32.3322322697333,45.9459797934157,-1.6));
#12431=CARTESIAN_POINT('Ctrl Pts',(32.3322322697333,45.9459797934157,-1.6));
#12432=CARTESIAN_POINT('Ctrl Pts',(32.2746857671422,45.9659033746079,-1.6));
#12433=CARTESIAN_POINT('Ctrl Pts',(32.1558488909839,46.007046729011,-1.6));
#12434=CARTESIAN_POINT('Ctrl Pts',(32.0301280741742,46.0119027164138,-1.6));
#12435=CARTESIAN_POINT('Ctrl Pts',(31.9652872934625,46.014407202324,-1.6));
#12436=CARTESIAN_POINT('',(32.5831385243381,45.7459693753998,-1.6));
#12437=CARTESIAN_POINT('Ctrl Pts',(32.5831385243381,45.7459693753998,-1.6));
#12438=CARTESIAN_POINT('Ctrl Pts',(32.5503333800562,45.7875848402395,-1.6));
#12439=CARTESIAN_POINT('Ctrl Pts',(32.4824084597541,45.8737520312231,-1.6));
#12440=CARTESIAN_POINT('Ctrl Pts',(32.3834154392252,45.9213630695941,-1.6));
#12441=CARTESIAN_POINT('Ctrl Pts',(32.3322322697333,45.9459797934157,-1.6));
#12442=CARTESIAN_POINT('',(32.6689210630289,45.4628359766026,-1.6));
#12443=CARTESIAN_POINT('Ctrl Pts',(32.6689210630289,45.4628359766026,-1.6));
#12444=CARTESIAN_POINT('Ctrl Pts',(32.6652281030816,45.5127060830554,-1.6));
#12445=CARTESIAN_POINT('Ctrl Pts',(32.6577676625587,45.6134526301013,-1.6));
#12446=CARTESIAN_POINT('Ctrl Pts',(32.6081800103048,45.7015039521499,-1.6));
#12447=CARTESIAN_POINT('Ctrl Pts',(32.5831385243381,45.7459693753998,-1.6));
#12448=CARTESIAN_POINT('',(32.5985162153962,45.2139003214527,-1.6));
#12449=CARTESIAN_POINT('Ctrl Pts',(32.5985162153962,45.2139003214527,-1.6));
#12450=CARTESIAN_POINT('Ctrl Pts',(32.619030085544,45.2523360360638,-1.6));
#12451=CARTESIAN_POINT('Ctrl Pts',(32.6605707080017,45.3301684244939,-1.6));
#12452=CARTESIAN_POINT('Ctrl Pts',(32.6661147946261,45.4182509549663,-1.6));
#12453=CARTESIAN_POINT('Ctrl Pts',(32.6689210630289,45.4628359766026,-1.6));
#12454=CARTESIAN_POINT('',(32.3849011906028,45.0278040941836,-1.6));
#12455=CARTESIAN_POINT('Ctrl Pts',(32.3849011906028,45.0278040941836,-1.6));
#12456=CARTESIAN_POINT('Ctrl Pts',(32.4288978765636,45.0531864357141,-1.6));
#12457=CARTESIAN_POINT('Ctrl Pts',(32.5123688764233,45.1013420951703,-1.6));
#12458=CARTESIAN_POINT('Ctrl Pts',(32.5708567056823,45.1777610118658,-1.6));
#12459=CARTESIAN_POINT('Ctrl Pts',(32.5985162153962,45.2139003214527,-1.6));
#12460=CARTESIAN_POINT('',(31.9987436570066,44.9032005496411,-1.6));
#12461=CARTESIAN_POINT('Ctrl Pts',(31.9987436570066,44.9032005496411,-1.6));
#12462=CARTESIAN_POINT('Ctrl Pts',(32.0777184328055,44.9220206887382,-1.6));
#12463=CARTESIAN_POINT('Ctrl Pts',(32.2098049776045,44.9534976650361,-1.6));
#12464=CARTESIAN_POINT('Ctrl Pts',(32.3346865346117,45.0064942570737,-1.6));
#12465=CARTESIAN_POINT('Ctrl Pts',(32.3849011906028,45.0278040941836,-1.6));
#12466=CARTESIAN_POINT('',(31.6426157371668,44.805864512746,-1.6));
#12467=CARTESIAN_POINT('Ctrl Pts',(31.6426157371668,44.805864512746,-1.6));
#12468=CARTESIAN_POINT('Ctrl Pts',(31.6855940648372,44.8196151278038,-1.6));
#12469=CARTESIAN_POINT('Ctrl Pts',(31.8028769987659,44.8571389814463,-1.6));
#12470=CARTESIAN_POINT('Ctrl Pts',(31.9227794533559,44.8853362006077,-1.6));
#12471=CARTESIAN_POINT('Ctrl Pts',(31.9987436570066,44.9032005496411,-1.6));
#12472=CARTESIAN_POINT('',(31.4624648632553,44.6879616184038,-1.6));
#12473=CARTESIAN_POINT('Ctrl Pts',(31.4624648632553,44.6879616184038,-1.6));
#12474=CARTESIAN_POINT('Ctrl Pts',(31.4854939354146,44.7110984059827,-1.6));
#12475=CARTESIAN_POINT('Ctrl Pts',(31.5370821018145,44.7629278691639,-1.6));
#12476=CARTESIAN_POINT('Ctrl Pts',(31.6050106460695,44.7905647802207,-1.6));
#12477=CARTESIAN_POINT('Ctrl Pts',(31.6426157371668,44.805864512746,-1.6));
#12478=CARTESIAN_POINT('',(31.4077984211925,44.5236006796415,-1.6));
#12479=CARTESIAN_POINT('Ctrl Pts',(31.4077984211925,44.5236006796415,-1.6));
#12480=CARTESIAN_POINT('Ctrl Pts',(31.409947104975,44.5537969926957,-1.6));
#12481=CARTESIAN_POINT('Ctrl Pts',(31.4141795873686,44.6132777615267,-1.6));
#12482=CARTESIAN_POINT('Ctrl Pts',(31.4465351111185,44.6633227340477,-1.6));
#12483=CARTESIAN_POINT('Ctrl Pts',(31.4624648632553,44.6879616184038,-1.6));
#12484=CARTESIAN_POINT('',(31.4643149212873,44.3523533971149,-1.6));
#12485=CARTESIAN_POINT('Ctrl Pts',(31.4643149212873,44.3523533971149,-1.6));
#12486=CARTESIAN_POINT('Ctrl Pts',(31.4478178784739,44.3789299321239,-1.6));
#12487=CARTESIAN_POINT('Ctrl Pts',(31.4151918658998,44.4314900409374,-1.6));
#12488=CARTESIAN_POINT('Ctrl Pts',(31.4102442972938,44.4931289281375,-1.6));
#12489=CARTESIAN_POINT('Ctrl Pts',(31.4077984211925,44.5236006796415,-1.6));
#12490=CARTESIAN_POINT('',(31.6368211379675,44.2287872558357,-1.6));
#12491=CARTESIAN_POINT('Ctrl Pts',(31.6368211379675,44.2287872558357,-1.6));
#12492=CARTESIAN_POINT('Ctrl Pts',(31.6013891716285,44.2442274813602,-1.6));
#12493=CARTESIAN_POINT('Ctrl Pts',(31.5349432130519,44.2731827071525,-1.6));
#12494=CARTESIAN_POINT('Ctrl Pts',(31.4867904640538,44.3271594672655,-1.6));
#12495=CARTESIAN_POINT('Ctrl Pts',(31.4643149212873,44.3523533971149,-1.6));
#12496=CARTESIAN_POINT('',(31.9041890164559,44.1836104162237,-1.6));
#12497=CARTESIAN_POINT('Ctrl Pts',(31.9041890164559,44.1836104162237,-1.6));
#12498=CARTESIAN_POINT('Ctrl Pts',(31.8562729078262,44.185106995403,-1.6));
#12499=CARTESIAN_POINT('Ctrl Pts',(31.7650285840116,44.1879568586152,-1.6));
#12500=CARTESIAN_POINT('Ctrl Pts',(31.6780999891492,44.2156411247602,-1.6));
#12501=CARTESIAN_POINT('Ctrl Pts',(31.6368211379675,44.2287872558357,-1.6));
#12502=CARTESIAN_POINT('',(32.2111813408625,44.2427760624257,-1.6));
#12503=CARTESIAN_POINT('Ctrl Pts',(32.2111813408625,44.2427760624257,-1.6));
#12504=CARTESIAN_POINT('Ctrl Pts',(32.1633400698142,44.2255008753217,-1.6));
#12505=CARTESIAN_POINT('Ctrl Pts',(32.0641706627769,44.189691415748,-1.6));
#12506=CARTESIAN_POINT('Ctrl Pts',(31.9587517656742,44.1856843794543,-1.6));
#12507=CARTESIAN_POINT('Ctrl Pts',(31.9041890164559,44.1836104162237,-1.6));
#12508=CARTESIAN_POINT('',(32.4125001715575,44.3981835322514,-1.6));
#12509=CARTESIAN_POINT('Ctrl Pts',(32.4125001715575,44.3981835322514,-1.6));
#12510=CARTESIAN_POINT('Ctrl Pts',(32.3865618411425,44.3671156745384,-1.6));
#12511=CARTESIAN_POINT('Ctrl Pts',(32.3310330524138,44.3006055915995,-1.6));
#12512=CARTESIAN_POINT('Ctrl Pts',(32.2528460312552,44.2628796504128,-1.6));
#12513=CARTESIAN_POINT('Ctrl Pts',(32.2111813408625,44.2427760624257,-1.6));
#12514=CARTESIAN_POINT('',(32.4951816984118,44.6443834538908,-1.6));
#12515=CARTESIAN_POINT('Ctrl Pts',(32.4951816984118,44.6443834538908,-1.6));
#12516=CARTESIAN_POINT('Ctrl Pts',(32.4881117939862,44.5978943934878,-1.6));
#12517=CARTESIAN_POINT('Ctrl Pts',(32.4748796634922,44.5108848277609,-1.6));
#12518=CARTESIAN_POINT('Ctrl Pts',(32.432320191371,44.43399244702,-1.6));
#12519=CARTESIAN_POINT('Ctrl Pts',(32.4125001715575,44.3981835322514,-1.6));
#12520=CARTESIAN_POINT('',(32.744827812493,44.6224093011377,-1.6));
#12521=CARTESIAN_POINT('',(32.744827812493,44.6224093011377,-1.6));
#12522=CARTESIAN_POINT('Ctrl Pts',(32.6347948998324,44.2629920318401,-1.6));
#12523=CARTESIAN_POINT('Ctrl Pts',(32.6655054380602,44.3181487288673,-1.6));
#12524=CARTESIAN_POINT('Ctrl Pts',(32.7278116750274,44.4300518876403,-1.6));
#12525=CARTESIAN_POINT('Ctrl Pts',(32.7391022994988,44.5576857484077,-1.6));
#12526=CARTESIAN_POINT('Ctrl Pts',(32.744827812493,44.6224093011377,-1.6));
#12527=CARTESIAN_POINT('Ctrl Pts',(32.3467975735616,44.0250977198545,-1.6));
#12528=CARTESIAN_POINT('Ctrl Pts',(32.3467975735616,44.0250977198545,-2.));
#12529=CARTESIAN_POINT('Ctrl Pts',(32.4044442970354,44.0544060796658,-1.6));
#12530=CARTESIAN_POINT('Ctrl Pts',(32.4044442970354,44.0544060796658,-2.));
#12531=CARTESIAN_POINT('Ctrl Pts',(32.5182312262107,44.1122568656452,-1.6));
#12532=CARTESIAN_POINT('Ctrl Pts',(32.5182312262107,44.1122568656452,-2.));
#12533=CARTESIAN_POINT('Ctrl Pts',(32.596284813617,44.2131924324838,-1.6));
#12534=CARTESIAN_POINT('Ctrl Pts',(32.596284813617,44.2131924324838,-2.));
#12535=CARTESIAN_POINT('Ctrl Pts',(32.6347948998324,44.2629920318401,-1.6));
#12536=CARTESIAN_POINT('Ctrl Pts',(32.6347948998324,44.2629920318401,-2.));
#12537=CARTESIAN_POINT('',(32.6347948998324,44.2629920318401,-2.));
#12538=CARTESIAN_POINT('',(32.6347948998324,44.2629920318401,-2.));
#12539=CARTESIAN_POINT('',(32.3467975735616,44.0250977198545,-2.));
#12540=CARTESIAN_POINT('Ctrl Pts',(32.3467975735616,44.0250977198545,-2.));
#12541=CARTESIAN_POINT('Ctrl Pts',(32.4044442970354,44.0544060796658,-2.));
#12542=CARTESIAN_POINT('Ctrl Pts',(32.5182312262107,44.1122568656452,-2.));
#12543=CARTESIAN_POINT('Ctrl Pts',(32.596284813617,44.2131924324838,-2.));
#12544=CARTESIAN_POINT('Ctrl Pts',(32.6347948998324,44.2629920318401,-2.));
#12545=CARTESIAN_POINT('',(32.3467975735616,44.0250977198545,-2.));
#12546=CARTESIAN_POINT('Ctrl Pts',(31.8917718261491,43.9462370750085,-1.6));
#12547=CARTESIAN_POINT('Ctrl Pts',(31.8917718261491,43.9462370750085,-2.));
#12548=CARTESIAN_POINT('Ctrl Pts',(31.9757485403576,43.9483192605994,-1.6));
#12549=CARTESIAN_POINT('Ctrl Pts',(31.9757485403576,43.9483192605994,-2.));
#12550=CARTESIAN_POINT('Ctrl Pts',(32.1314940745943,43.952180939522,-1.6));
#12551=CARTESIAN_POINT('Ctrl Pts',(32.1314940745943,43.952180939522,-2.));
#12552=CARTESIAN_POINT('Ctrl Pts',(32.2788806365456,44.0020963083539,-1.6));
#12553=CARTESIAN_POINT('Ctrl Pts',(32.2788806365456,44.0020963083539,-2.));
#12554=CARTESIAN_POINT('Ctrl Pts',(32.3467975735616,44.0250977198545,-1.6));
#12555=CARTESIAN_POINT('Ctrl Pts',(32.3467975735616,44.0250977198545,-2.));
#12556=CARTESIAN_POINT('',(31.8917718261491,43.9462370750085,-2.));
#12557=CARTESIAN_POINT('Ctrl Pts',(31.8917718261491,43.9462370750085,-2.));
#12558=CARTESIAN_POINT('Ctrl Pts',(31.9757485403576,43.9483192605994,-2.));
#12559=CARTESIAN_POINT('Ctrl Pts',(32.1314940745943,43.952180939522,-2.));
#12560=CARTESIAN_POINT('Ctrl Pts',(32.2788806365456,44.0020963083539,-2.));
#12561=CARTESIAN_POINT('Ctrl Pts',(32.3467975735616,44.0250977198545,-2.));
#12562=CARTESIAN_POINT('',(31.8917718261491,43.9462370750085,-2.));
#12563=CARTESIAN_POINT('Ctrl Pts',(31.5064152639349,44.0249072871308,-1.6));
#12564=CARTESIAN_POINT('Ctrl Pts',(31.5064152639349,44.0249072871308,-2.));
#12565=CARTESIAN_POINT('Ctrl Pts',(31.5663783219644,44.0019994383641,-1.6));
#12566=CARTESIAN_POINT('Ctrl Pts',(31.5663783219644,44.0019994383641,-2.));
#12567=CARTESIAN_POINT('Ctrl Pts',(31.6904292702276,43.9546079200601,-1.6));
#12568=CARTESIAN_POINT('Ctrl Pts',(31.6904292702276,43.9546079200601,-2.));
#12569=CARTESIAN_POINT('Ctrl Pts',(31.8231862022219,43.9490885319597,-1.6));
#12570=CARTESIAN_POINT('Ctrl Pts',(31.8231862022219,43.9490885319597,-2.));
#12571=CARTESIAN_POINT('Ctrl Pts',(31.8917718261491,43.9462370750085,-1.6));
#12572=CARTESIAN_POINT('Ctrl Pts',(31.8917718261491,43.9462370750085,-2.));
#12573=CARTESIAN_POINT('',(31.5064152639349,44.0249072871308,-2.));
#12574=CARTESIAN_POINT('Ctrl Pts',(31.5064152639349,44.0249072871308,-2.));
#12575=CARTESIAN_POINT('Ctrl Pts',(31.5663783219644,44.0019994383641,-2.));
#12576=CARTESIAN_POINT('Ctrl Pts',(31.6904292702276,43.9546079200601,-2.));
#12577=CARTESIAN_POINT('Ctrl Pts',(31.8231862022219,43.9490885319597,-2.));
#12578=CARTESIAN_POINT('Ctrl Pts',(31.8917718261491,43.9462370750085,-2.));
#12579=CARTESIAN_POINT('',(31.5064152639349,44.0249072871308,-2.));
#12580=CARTESIAN_POINT('Ctrl Pts',(31.2439245364451,44.2447060745408,-1.6));
#12581=CARTESIAN_POINT('Ctrl Pts',(31.2439245364451,44.2447060745408,-2.));
#12582=CARTESIAN_POINT('Ctrl Pts',(31.2785034955925,44.1998692731023,-1.6));
#12583=CARTESIAN_POINT('Ctrl Pts',(31.2785034955925,44.1998692731023,-2.));
#12584=CARTESIAN_POINT('Ctrl Pts',(31.3497985859091,44.1074245064907,-1.6));
#12585=CARTESIAN_POINT('Ctrl Pts',(31.3497985859091,44.1074245064907,-2.));
#12586=CARTESIAN_POINT('Ctrl Pts',(31.4531767354323,44.0529572712718,-1.6));
#12587=CARTESIAN_POINT('Ctrl Pts',(31.4531767354323,44.0529572712718,-2.));
#12588=CARTESIAN_POINT('Ctrl Pts',(31.5064152639349,44.0249072871308,-1.6));
#12589=CARTESIAN_POINT('Ctrl Pts',(31.5064152639349,44.0249072871308,-2.));
#12590=CARTESIAN_POINT('',(31.2439245364451,44.2447060745408,-2.));
#12591=CARTESIAN_POINT('Ctrl Pts',(31.2439245364451,44.2447060745408,-2.));
#12592=CARTESIAN_POINT('Ctrl Pts',(31.2785034955925,44.1998692731023,-2.));
#12593=CARTESIAN_POINT('Ctrl Pts',(31.3497985859091,44.1074245064907,-2.));
#12594=CARTESIAN_POINT('Ctrl Pts',(31.4531767354323,44.0529572712718,-2.));
#12595=CARTESIAN_POINT('Ctrl Pts',(31.5064152639349,44.0249072871308,-2.));
#12596=CARTESIAN_POINT('',(31.2439245364451,44.2447060745408,-2.));
#12597=CARTESIAN_POINT('Ctrl Pts',(31.152695307238,44.5455780245441,-1.6));
#12598=CARTESIAN_POINT('Ctrl Pts',(31.152695307238,44.5455780245441,-2.));
#12599=CARTESIAN_POINT('Ctrl Pts',(31.1566809207222,44.4928184767541,-1.6));
#12600=CARTESIAN_POINT('Ctrl Pts',(31.1566809207222,44.4928184767541,-2.));
#12601=CARTESIAN_POINT('Ctrl Pts',(31.1647647827888,44.3858083743661,-1.6));
#12602=CARTESIAN_POINT('Ctrl Pts',(31.1647647827888,44.3858083743661,-2.));
#12603=CARTESIAN_POINT('Ctrl Pts',(31.2172939830419,44.2921750490796,-1.6));
#12604=CARTESIAN_POINT('Ctrl Pts',(31.2172939830419,44.2921750490796,-2.));
#12605=CARTESIAN_POINT('Ctrl Pts',(31.2439245364451,44.2447060745408,-1.6));
#12606=CARTESIAN_POINT('Ctrl Pts',(31.2439245364451,44.2447060745408,-2.));
#12607=CARTESIAN_POINT('',(31.152695307238,44.5455780245441,-2.));
#12608=CARTESIAN_POINT('Ctrl Pts',(31.152695307238,44.5455780245441,-2.));
#12609=CARTESIAN_POINT('Ctrl Pts',(31.1566809207222,44.4928184767541,-2.));
#12610=CARTESIAN_POINT('Ctrl Pts',(31.1647647827888,44.3858083743661,-2.));
#12611=CARTESIAN_POINT('Ctrl Pts',(31.2172939830419,44.2921750490796,-2.));
#12612=CARTESIAN_POINT('Ctrl Pts',(31.2439245364451,44.2447060745408,-2.));
#12613=CARTESIAN_POINT('',(31.152695307238,44.5455780245441,-2.));
#12614=CARTESIAN_POINT('Ctrl Pts',(31.2360813915917,44.8299768163102,-1.6));
#12615=CARTESIAN_POINT('Ctrl Pts',(31.2360813915917,44.8299768163102,-2.));
#12616=CARTESIAN_POINT('Ctrl Pts',(31.211786591622,44.7867351187273,-1.6));
#12617=CARTESIAN_POINT('Ctrl Pts',(31.211786591622,44.7867351187273,-2.));
#12618=CARTESIAN_POINT('Ctrl Pts',(31.1621628496562,44.6984110804271,-1.6));
#12619=CARTESIAN_POINT('Ctrl Pts',(31.1621628496562,44.6984110804271,-2.));
#12620=CARTESIAN_POINT('Ctrl Pts',(31.1558946967739,44.597225269218,-1.6));
#12621=CARTESIAN_POINT('Ctrl Pts',(31.1558946967739,44.597225269218,-2.));
#12622=CARTESIAN_POINT('Ctrl Pts',(31.152695307238,44.5455780245441,-1.6));
#12623=CARTESIAN_POINT('Ctrl Pts',(31.152695307238,44.5455780245441,-2.));
#12624=CARTESIAN_POINT('',(31.2360813915917,44.8299768163102,-2.));
#12625=CARTESIAN_POINT('Ctrl Pts',(31.2360813915917,44.8299768163102,-2.));
#12626=CARTESIAN_POINT('Ctrl Pts',(31.211786591622,44.7867351187273,-2.));
#12627=CARTESIAN_POINT('Ctrl Pts',(31.1621628496562,44.6984110804271,-2.));
#12628=CARTESIAN_POINT('Ctrl Pts',(31.1558946967739,44.597225269218,-2.));
#12629=CARTESIAN_POINT('Ctrl Pts',(31.152695307238,44.5455780245441,-2.));
#12630=CARTESIAN_POINT('',(31.2360813915917,44.8299768163102,-2.));
#12631=CARTESIAN_POINT('Ctrl Pts',(31.4940451325145,45.033782317245,-1.6));
#12632=CARTESIAN_POINT('Ctrl Pts',(31.4940451325145,45.033782317245,-2.));
#12633=CARTESIAN_POINT('Ctrl Pts',(31.4407329360355,45.0067573694693,-1.6));
#12634=CARTESIAN_POINT('Ctrl Pts',(31.4407329360355,45.0067573694693,-2.));
#12635=CARTESIAN_POINT('Ctrl Pts',(31.3408231272676,44.9561112220104,-1.6));
#12636=CARTESIAN_POINT('Ctrl Pts',(31.3408231272676,44.9561112220104,-2.));
#12637=CARTESIAN_POINT('Ctrl Pts',(31.2693951633739,44.8700946621552,-1.6));
#12638=CARTESIAN_POINT('Ctrl Pts',(31.2693951633739,44.8700946621552,-2.));
#12639=CARTESIAN_POINT('Ctrl Pts',(31.2360813915917,44.8299768163102,-1.6));
#12640=CARTESIAN_POINT('Ctrl Pts',(31.2360813915917,44.8299768163102,-2.));
#12641=CARTESIAN_POINT('',(31.4940451325145,45.033782317245,-2.));
#12642=CARTESIAN_POINT('Ctrl Pts',(31.4940451325145,45.033782317245,-2.));
#12643=CARTESIAN_POINT('Ctrl Pts',(31.4407329360355,45.0067573694693,-2.));
#12644=CARTESIAN_POINT('Ctrl Pts',(31.3408231272676,44.9561112220104,-2.));
#12645=CARTESIAN_POINT('Ctrl Pts',(31.2693951633739,44.8700946621552,-2.));
#12646=CARTESIAN_POINT('Ctrl Pts',(31.2360813915917,44.8299768163102,-2.));
#12647=CARTESIAN_POINT('',(31.4940451325145,45.033782317245,-2.));
#12648=CARTESIAN_POINT('Ctrl Pts',(31.9368208047029,45.161081294298,-1.6));
#12649=CARTESIAN_POINT('Ctrl Pts',(31.9368208047029,45.161081294298,-2.));
#12650=CARTESIAN_POINT('Ctrl Pts',(31.8454324941532,45.140720134082,-1.6));
#12651=CARTESIAN_POINT('Ctrl Pts',(31.8454324941532,45.140720134082,-2.));
#12652=CARTESIAN_POINT('Ctrl Pts',(31.6951738535716,45.1072427644235,-1.6));
#12653=CARTESIAN_POINT('Ctrl Pts',(31.6951738535716,45.1072427644235,-2.));
#12654=CARTESIAN_POINT('Ctrl Pts',(31.5506633722199,45.054461617473,-1.6));
#12655=CARTESIAN_POINT('Ctrl Pts',(31.5506633722199,45.054461617473,-2.));
#12656=CARTESIAN_POINT('Ctrl Pts',(31.4940451325145,45.033782317245,-1.6));
#12657=CARTESIAN_POINT('Ctrl Pts',(31.4940451325145,45.033782317245,-2.));
#12658=CARTESIAN_POINT('',(31.9368208047029,45.161081294298,-2.));
#12659=CARTESIAN_POINT('Ctrl Pts',(31.9368208047029,45.161081294298,-2.));
#12660=CARTESIAN_POINT('Ctrl Pts',(31.8454324941532,45.140720134082,-2.));
#12661=CARTESIAN_POINT('Ctrl Pts',(31.6951738535716,45.1072427644235,-2.));
#12662=CARTESIAN_POINT('Ctrl Pts',(31.5506633722199,45.054461617473,-2.));
#12663=CARTESIAN_POINT('Ctrl Pts',(31.4940451325145,45.033782317245,-2.));
#12664=CARTESIAN_POINT('',(31.9368208047029,45.161081294298,-2.));
#12665=CARTESIAN_POINT('Ctrl Pts',(32.3359491818441,45.3034126164491,-1.6));
#12666=CARTESIAN_POINT('Ctrl Pts',(32.3359491818441,45.3034126164491,-2.));
#12667=CARTESIAN_POINT('Ctrl Pts',(32.2906354366746,45.2781932928916,-1.6));
#12668=CARTESIAN_POINT('Ctrl Pts',(32.2906354366746,45.2781932928916,-2.));
#12669=CARTESIAN_POINT('Ctrl Pts',(32.1660827067722,45.2088735846303,-1.6));
#12670=CARTESIAN_POINT('Ctrl Pts',(32.1660827067722,45.2088735846303,-2.));
#12671=CARTESIAN_POINT('Ctrl Pts',(32.0259631939821,45.1796640544989,-1.6));
#12672=CARTESIAN_POINT('Ctrl Pts',(32.0259631939821,45.1796640544989,-2.));
#12673=CARTESIAN_POINT('Ctrl Pts',(31.9368208047029,45.161081294298,-1.6));
#12674=CARTESIAN_POINT('Ctrl Pts',(31.9368208047029,45.161081294298,-2.));
#12675=CARTESIAN_POINT('',(32.3359491818441,45.3034126164491,-2.));
#12676=CARTESIAN_POINT('Ctrl Pts',(32.3359491818441,45.3034126164491,-2.));
#12677=CARTESIAN_POINT('Ctrl Pts',(32.2906354366746,45.2781932928916,-2.));
#12678=CARTESIAN_POINT('Ctrl Pts',(32.1660827067722,45.2088735846303,-2.));
#12679=CARTESIAN_POINT('Ctrl Pts',(32.0259631939821,45.1796640544989,-2.));
#12680=CARTESIAN_POINT('Ctrl Pts',(31.9368208047029,45.161081294298,-2.));
#12681=CARTESIAN_POINT('',(32.3359491818441,45.3034126164491,-2.));
#12682=CARTESIAN_POINT('Ctrl Pts',(32.4138155176208,45.4807204202821,-1.6));
#12683=CARTESIAN_POINT('Ctrl Pts',(32.4138155176208,45.4807204202821,-2.));
#12684=CARTESIAN_POINT('Ctrl Pts',(32.4106768418523,45.4464978770946,-1.6));
#12685=CARTESIAN_POINT('Ctrl Pts',(32.4106768418523,45.4464978770946,-2.));
#12686=CARTESIAN_POINT('Ctrl Pts',(32.4044569724261,45.3786795467675,-1.6));
#12687=CARTESIAN_POINT('Ctrl Pts',(32.4044569724261,45.3786795467675,-2.));
#12688=CARTESIAN_POINT('Ctrl Pts',(32.3586439822061,45.3283465391888,-1.6));
#12689=CARTESIAN_POINT('Ctrl Pts',(32.3586439822061,45.3283465391888,-2.));
#12690=CARTESIAN_POINT('Ctrl Pts',(32.3359491818441,45.3034126164491,-1.6));
#12691=CARTESIAN_POINT('Ctrl Pts',(32.3359491818441,45.3034126164491,-2.));
#12692=CARTESIAN_POINT('',(32.4138155176208,45.4807204202821,-2.));
#12693=CARTESIAN_POINT('Ctrl Pts',(32.4138155176208,45.4807204202821,-2.));
#12694=CARTESIAN_POINT('Ctrl Pts',(32.4106768418523,45.4464978770946,-2.));
#12695=CARTESIAN_POINT('Ctrl Pts',(32.4044569724261,45.3786795467675,-2.));
#12696=CARTESIAN_POINT('Ctrl Pts',(32.3586439822061,45.3283465391888,-2.));
#12697=CARTESIAN_POINT('Ctrl Pts',(32.3359491818441,45.3034126164491,-2.));
#12698=CARTESIAN_POINT('',(32.4138155176208,45.4807204202821,-2.));
#12699=CARTESIAN_POINT('Ctrl Pts',(32.3041169934504,45.6929264977364,-1.6));
#12700=CARTESIAN_POINT('Ctrl Pts',(32.3041169934504,45.6929264977364,-2.));
#12701=CARTESIAN_POINT('Ctrl Pts',(32.3361184464566,45.6628757826671,-1.6));
#12702=CARTESIAN_POINT('Ctrl Pts',(32.3361184464566,45.6628757826671,-2.));
#12703=CARTESIAN_POINT('Ctrl Pts',(32.3978736758163,45.6048850157739,-1.6));
#12704=CARTESIAN_POINT('Ctrl Pts',(32.3978736758163,45.6048850157739,-2.));
#12705=CARTESIAN_POINT('Ctrl Pts',(32.4086320934101,45.5210920271692,-1.6));
#12706=CARTESIAN_POINT('Ctrl Pts',(32.4086320934101,45.5210920271692,-2.));
#12707=CARTESIAN_POINT('Ctrl Pts',(32.4138155176208,45.4807204202821,-1.6));
#12708=CARTESIAN_POINT('Ctrl Pts',(32.4138155176208,45.4807204202821,-2.));
#12709=CARTESIAN_POINT('',(32.3041169934504,45.6929264977364,-2.));
#12710=CARTESIAN_POINT('Ctrl Pts',(32.3041169934504,45.6929264977364,-2.));
#12711=CARTESIAN_POINT('Ctrl Pts',(32.3361184464566,45.6628757826671,-2.));
#12712=CARTESIAN_POINT('Ctrl Pts',(32.3978736758163,45.6048850157739,-2.));
#12713=CARTESIAN_POINT('Ctrl Pts',(32.4086320934101,45.5210920271692,-2.));
#12714=CARTESIAN_POINT('Ctrl Pts',(32.4138155176208,45.4807204202821,-2.));
#12715=CARTESIAN_POINT('',(32.3041169934504,45.6929264977364,-2.));
#12716=CARTESIAN_POINT('Ctrl Pts',(31.9542367728489,45.7811258152897,-1.6));
#12717=CARTESIAN_POINT('Ctrl Pts',(31.9542367728489,45.7811258152897,-2.));
#12718=CARTESIAN_POINT('Ctrl Pts',(32.0251452956567,45.7800071983865,-1.6));
#12719=CARTESIAN_POINT('Ctrl Pts',(32.0251452956567,45.7800071983865,-2.));
#12720=CARTESIAN_POINT('Ctrl Pts',(32.1493777264077,45.7780473705482,-1.6));
#12721=CARTESIAN_POINT('Ctrl Pts',(32.1493777264077,45.7780473705482,-2.));
#12722=CARTESIAN_POINT('Ctrl Pts',(32.2576455326641,45.7184900885338,-1.6));
#12723=CARTESIAN_POINT('Ctrl Pts',(32.2576455326641,45.7184900885338,-2.));
#12724=CARTESIAN_POINT('Ctrl Pts',(32.3041169934504,45.6929264977364,-1.6));
#12725=CARTESIAN_POINT('Ctrl Pts',(32.3041169934504,45.6929264977364,-2.));
#12726=CARTESIAN_POINT('',(31.9542367728489,45.7811258152897,-2.));
#12727=CARTESIAN_POINT('Ctrl Pts',(31.9542367728489,45.7811258152897,-2.));
#12728=CARTESIAN_POINT('Ctrl Pts',(32.0251452956567,45.7800071983865,-2.));
#12729=CARTESIAN_POINT('Ctrl Pts',(32.1493777264077,45.7780473705482,-2.));
#12730=CARTESIAN_POINT('Ctrl Pts',(32.2576455326641,45.7184900885338,-2.));
#12731=CARTESIAN_POINT('Ctrl Pts',(32.3041169934504,45.6929264977364,-2.));
#12732=CARTESIAN_POINT('',(31.9542367728489,45.7811258152897,-2.));
#12733=CARTESIAN_POINT('Ctrl Pts',(31.6056125814808,45.6844675642585,-1.6));
#12734=CARTESIAN_POINT('Ctrl Pts',(31.6056125814808,45.6844675642585,-2.));
#12735=CARTESIAN_POINT('Ctrl Pts',(31.6531658272443,45.7126020419672,-1.6));
#12736=CARTESIAN_POINT('Ctrl Pts',(31.6531658272443,45.7126020419672,-2.));
#12737=CARTESIAN_POINT('Ctrl Pts',(31.7601190720726,45.7758800292884,-1.6));
#12738=CARTESIAN_POINT('Ctrl Pts',(31.7601190720726,45.7758800292884,-2.));
#12739=CARTESIAN_POINT('Ctrl Pts',(31.8849228780625,45.7792526947164,-1.6));
#12740=CARTESIAN_POINT('Ctrl Pts',(31.8849228780625,45.7792526947164,-2.));
#12741=CARTESIAN_POINT('Ctrl Pts',(31.9542367728489,45.7811258152897,-1.6));
#12742=CARTESIAN_POINT('Ctrl Pts',(31.9542367728489,45.7811258152897,-2.));
#12743=CARTESIAN_POINT('',(31.6056125814808,45.6844675642585,-2.));
#12744=CARTESIAN_POINT('Ctrl Pts',(31.6056125814808,45.6844675642585,-2.));
#12745=CARTESIAN_POINT('Ctrl Pts',(31.6531658272443,45.7126020419672,-2.));
#12746=CARTESIAN_POINT('Ctrl Pts',(31.7601190720726,45.7758800292884,-2.));
#12747=CARTESIAN_POINT('Ctrl Pts',(31.8849228780625,45.7792526947164,-2.));
#12748=CARTESIAN_POINT('Ctrl Pts',(31.9542367728489,45.7811258152897,-2.));
#12749=CARTESIAN_POINT('',(31.6056125814808,45.6844675642585,-2.));
#12750=CARTESIAN_POINT('Ctrl Pts',(31.4669729959096,45.3980547169939,-1.6));
#12751=CARTESIAN_POINT('Ctrl Pts',(31.4669729959096,45.3980547169939,-2.));
#12752=CARTESIAN_POINT('Ctrl Pts',(31.4765449355876,45.4562289716408,-1.6));
#12753=CARTESIAN_POINT('Ctrl Pts',(31.4765449355876,45.4562289716408,-2.));
#12754=CARTESIAN_POINT('Ctrl Pts',(31.4945708820668,45.565783151463,-1.6));
#12755=CARTESIAN_POINT('Ctrl Pts',(31.4945708820668,45.565783151463,-2.));
#12756=CARTESIAN_POINT('Ctrl Pts',(31.5701613375862,45.6465763028071,-1.6));
#12757=CARTESIAN_POINT('Ctrl Pts',(31.5701613375862,45.6465763028071,-2.));
#12758=CARTESIAN_POINT('Ctrl Pts',(31.6056125814808,45.6844675642585,-1.6));
#12759=CARTESIAN_POINT('Ctrl Pts',(31.6056125814808,45.6844675642585,-2.));
#12760=CARTESIAN_POINT('',(31.4669729959096,45.3980547169939,-2.));
#12761=CARTESIAN_POINT('Ctrl Pts',(31.4669729959096,45.3980547169939,-2.));
#12762=CARTESIAN_POINT('Ctrl Pts',(31.4765449355876,45.4562289716408,-2.));
#12763=CARTESIAN_POINT('Ctrl Pts',(31.4945708820668,45.565783151463,-2.));
#12764=CARTESIAN_POINT('Ctrl Pts',(31.5701613375862,45.6465763028071,-2.));
#12765=CARTESIAN_POINT('Ctrl Pts',(31.6056125814808,45.6844675642585,-2.));
#12766=CARTESIAN_POINT('',(31.4669729959096,45.3980547169939,-2.));
#12767=CARTESIAN_POINT('Origin',(31.340102741417,45.4076787148611,-2.));
#12768=CARTESIAN_POINT('',(31.2132324869243,45.4173027127283,-2.));
#12769=CARTESIAN_POINT('',(29.9341223014649,45.514332183868,-2.));
#12770=CARTESIAN_POINT('',(31.2132324869243,45.4173027127283,-2.));
#12771=CARTESIAN_POINT('Ctrl Pts',(31.3116433349878,45.7323883677991,-1.6));
#12772=CARTESIAN_POINT('Ctrl Pts',(31.3116433349878,45.7323883677991,-2.));
#12773=CARTESIAN_POINT('Ctrl Pts',(31.2846561055627,45.6840610220493,-1.6));
#12774=CARTESIAN_POINT('Ctrl Pts',(31.2846561055627,45.6840610220493,-2.));
#12775=CARTESIAN_POINT('Ctrl Pts',(31.2298677346747,45.5859488186338,-1.6));
#12776=CARTESIAN_POINT('Ctrl Pts',(31.2298677346747,45.5859488186338,-2.));
#12777=CARTESIAN_POINT('Ctrl Pts',(31.2188322157859,45.4740720786441,-1.6));
#12778=CARTESIAN_POINT('Ctrl Pts',(31.2188322157859,45.4740720786441,-2.));
#12779=CARTESIAN_POINT('Ctrl Pts',(31.2132324869243,45.4173027127283,-1.6));
#12780=CARTESIAN_POINT('Ctrl Pts',(31.2132324869243,45.4173027127283,-2.));
#12781=CARTESIAN_POINT('',(31.3116433349878,45.7323883677991,-2.));
#12782=CARTESIAN_POINT('Ctrl Pts',(31.3116433349878,45.7323883677991,-2.));
#12783=CARTESIAN_POINT('Ctrl Pts',(31.2846561055627,45.6840610220493,-2.));
#12784=CARTESIAN_POINT('Ctrl Pts',(31.2298677346747,45.5859488186338,-2.));
#12785=CARTESIAN_POINT('Ctrl Pts',(31.2188322157859,45.4740720786441,-2.));
#12786=CARTESIAN_POINT('Ctrl Pts',(31.2132324869243,45.4173027127283,-2.));
#12787=CARTESIAN_POINT('',(31.3116433349878,45.7323883677991,-2.));
#12788=CARTESIAN_POINT('Ctrl Pts',(31.5730216433192,45.943013177061,-1.6));
#12789=CARTESIAN_POINT('Ctrl Pts',(31.5730216433192,45.943013177061,-2.));
#12790=CARTESIAN_POINT('Ctrl Pts',(31.520100022382,45.9170164742775,-1.6));
#12791=CARTESIAN_POINT('Ctrl Pts',(31.520100022382,45.9170164742775,-2.));
#12792=CARTESIAN_POINT('Ctrl Pts',(31.4170547848544,45.8663975331751,-1.6));
#12793=CARTESIAN_POINT('Ctrl Pts',(31.4170547848544,45.8663975331751,-2.));
#12794=CARTESIAN_POINT('Ctrl Pts',(31.346138618822,45.7762420876926,-1.6));
#12795=CARTESIAN_POINT('Ctrl Pts',(31.346138618822,45.7762420876926,-2.));
#12796=CARTESIAN_POINT('Ctrl Pts',(31.3116433349878,45.7323883677991,-1.6));
#12797=CARTESIAN_POINT('Ctrl Pts',(31.3116433349878,45.7323883677991,-2.));
#12798=CARTESIAN_POINT('',(31.5730216433192,45.943013177061,-2.));
#12799=CARTESIAN_POINT('Ctrl Pts',(31.5730216433192,45.943013177061,-2.));
#12800=CARTESIAN_POINT('Ctrl Pts',(31.520100022382,45.9170164742775,-2.));
#12801=CARTESIAN_POINT('Ctrl Pts',(31.4170547848544,45.8663975331751,-2.));
#12802=CARTESIAN_POINT('Ctrl Pts',(31.346138618822,45.7762420876926,-2.));
#12803=CARTESIAN_POINT('Ctrl Pts',(31.3116433349878,45.7323883677991,-2.));
#12804=CARTESIAN_POINT('',(31.5730216433192,45.943013177061,-2.));
#12805=CARTESIAN_POINT('Ctrl Pts',(31.9652872934625,46.014407202324,-1.6));
#12806=CARTESIAN_POINT('Ctrl Pts',(31.9652872934625,46.014407202324,-2.));
#12807=CARTESIAN_POINT('Ctrl Pts',(31.8948622993084,46.0120828424151,-1.6));
#12808=CARTESIAN_POINT('Ctrl Pts',(31.8948622993084,46.0120828424151,-2.));
#12809=CARTESIAN_POINT('Ctrl Pts',(31.7604860728929,46.0076477875438,-1.6));
#12810=CARTESIAN_POINT('Ctrl Pts',(31.7604860728929,46.0076477875438,-2.));
#12811=CARTESIAN_POINT('Ctrl Pts',(31.6334700620929,45.9638547842428,-1.6));
#12812=CARTESIAN_POINT('Ctrl Pts',(31.6334700620929,45.9638547842428,-2.));
#12813=CARTESIAN_POINT('Ctrl Pts',(31.5730216433192,45.943013177061,-1.6));
#12814=CARTESIAN_POINT('Ctrl Pts',(31.5730216433192,45.943013177061,-2.));
#12815=CARTESIAN_POINT('',(31.9652872934625,46.014407202324,-2.));
#12816=CARTESIAN_POINT('Ctrl Pts',(31.9652872934625,46.014407202324,-2.));
#12817=CARTESIAN_POINT('Ctrl Pts',(31.8948622993084,46.0120828424151,-2.));
#12818=CARTESIAN_POINT('Ctrl Pts',(31.7604860728929,46.0076477875438,-2.));
#12819=CARTESIAN_POINT('Ctrl Pts',(31.6334700620929,45.9638547842428,-2.));
#12820=CARTESIAN_POINT('Ctrl Pts',(31.5730216433192,45.943013177061,-2.));
#12821=CARTESIAN_POINT('',(31.9652872934625,46.014407202324,-2.));
#12822=CARTESIAN_POINT('Ctrl Pts',(32.3322322697333,45.9459797934157,-1.6));
#12823=CARTESIAN_POINT('Ctrl Pts',(32.3322322697333,45.9459797934157,-2.));
#12824=CARTESIAN_POINT('Ctrl Pts',(32.2746857671422,45.9659033746079,-1.6));
#12825=CARTESIAN_POINT('Ctrl Pts',(32.2746857671422,45.9659033746079,-2.));
#12826=CARTESIAN_POINT('Ctrl Pts',(32.1558488909839,46.007046729011,-1.6));
#12827=CARTESIAN_POINT('Ctrl Pts',(32.1558488909839,46.007046729011,-2.));
#12828=CARTESIAN_POINT('Ctrl Pts',(32.0301280741742,46.0119027164138,-1.6));
#12829=CARTESIAN_POINT('Ctrl Pts',(32.0301280741742,46.0119027164138,-2.));
#12830=CARTESIAN_POINT('Ctrl Pts',(31.9652872934625,46.014407202324,-1.6));
#12831=CARTESIAN_POINT('Ctrl Pts',(31.9652872934625,46.014407202324,-2.));
#12832=CARTESIAN_POINT('',(32.3322322697333,45.9459797934157,-2.));
#12833=CARTESIAN_POINT('Ctrl Pts',(32.3322322697333,45.9459797934157,-2.));
#12834=CARTESIAN_POINT('Ctrl Pts',(32.2746857671422,45.9659033746079,-2.));
#12835=CARTESIAN_POINT('Ctrl Pts',(32.1558488909839,46.007046729011,-2.));
#12836=CARTESIAN_POINT('Ctrl Pts',(32.0301280741742,46.0119027164138,-2.));
#12837=CARTESIAN_POINT('Ctrl Pts',(31.9652872934625,46.014407202324,-2.));
#12838=CARTESIAN_POINT('',(32.3322322697333,45.9459797934157,-2.));
#12839=CARTESIAN_POINT('Ctrl Pts',(32.5831385243381,45.7459693753998,-1.6));
#12840=CARTESIAN_POINT('Ctrl Pts',(32.5831385243381,45.7459693753998,-2.));
#12841=CARTESIAN_POINT('Ctrl Pts',(32.5503333800562,45.7875848402395,-1.6));
#12842=CARTESIAN_POINT('Ctrl Pts',(32.5503333800562,45.7875848402395,-2.));
#12843=CARTESIAN_POINT('Ctrl Pts',(32.4824084597541,45.8737520312231,-1.6));
#12844=CARTESIAN_POINT('Ctrl Pts',(32.4824084597541,45.8737520312231,-2.));
#12845=CARTESIAN_POINT('Ctrl Pts',(32.3834154392252,45.9213630695941,-1.6));
#12846=CARTESIAN_POINT('Ctrl Pts',(32.3834154392252,45.9213630695941,-2.));
#12847=CARTESIAN_POINT('Ctrl Pts',(32.3322322697333,45.9459797934157,-1.6));
#12848=CARTESIAN_POINT('Ctrl Pts',(32.3322322697333,45.9459797934157,-2.));
#12849=CARTESIAN_POINT('',(32.5831385243381,45.7459693753998,-2.));
#12850=CARTESIAN_POINT('Ctrl Pts',(32.5831385243381,45.7459693753998,-2.));
#12851=CARTESIAN_POINT('Ctrl Pts',(32.5503333800562,45.7875848402395,-2.));
#12852=CARTESIAN_POINT('Ctrl Pts',(32.4824084597541,45.8737520312231,-2.));
#12853=CARTESIAN_POINT('Ctrl Pts',(32.3834154392252,45.9213630695941,-2.));
#12854=CARTESIAN_POINT('Ctrl Pts',(32.3322322697333,45.9459797934157,-2.));
#12855=CARTESIAN_POINT('',(32.5831385243381,45.7459693753998,-2.));
#12856=CARTESIAN_POINT('Ctrl Pts',(32.6689210630289,45.4628359766026,-1.6));
#12857=CARTESIAN_POINT('Ctrl Pts',(32.6689210630289,45.4628359766026,-2.));
#12858=CARTESIAN_POINT('Ctrl Pts',(32.6652281030816,45.5127060830554,-1.6));
#12859=CARTESIAN_POINT('Ctrl Pts',(32.6652281030816,45.5127060830554,-2.));
#12860=CARTESIAN_POINT('Ctrl Pts',(32.6577676625587,45.6134526301013,-1.6));
#12861=CARTESIAN_POINT('Ctrl Pts',(32.6577676625587,45.6134526301013,-2.));
#12862=CARTESIAN_POINT('Ctrl Pts',(32.6081800103048,45.7015039521499,-1.6));
#12863=CARTESIAN_POINT('Ctrl Pts',(32.6081800103048,45.7015039521499,-2.));
#12864=CARTESIAN_POINT('Ctrl Pts',(32.5831385243381,45.7459693753998,-1.6));
#12865=CARTESIAN_POINT('Ctrl Pts',(32.5831385243381,45.7459693753998,-2.));
#12866=CARTESIAN_POINT('',(32.6689210630289,45.4628359766026,-2.));
#12867=CARTESIAN_POINT('Ctrl Pts',(32.6689210630289,45.4628359766026,-2.));
#12868=CARTESIAN_POINT('Ctrl Pts',(32.6652281030816,45.5127060830554,-2.));
#12869=CARTESIAN_POINT('Ctrl Pts',(32.6577676625587,45.6134526301013,-2.));
#12870=CARTESIAN_POINT('Ctrl Pts',(32.6081800103048,45.7015039521499,-2.));
#12871=CARTESIAN_POINT('Ctrl Pts',(32.5831385243381,45.7459693753998,-2.));
#12872=CARTESIAN_POINT('',(32.6689210630289,45.4628359766026,-2.));
#12873=CARTESIAN_POINT('Ctrl Pts',(32.5985162153962,45.2139003214527,-1.6));
#12874=CARTESIAN_POINT('Ctrl Pts',(32.5985162153962,45.2139003214527,-2.));
#12875=CARTESIAN_POINT('Ctrl Pts',(32.619030085544,45.2523360360638,-1.6));
#12876=CARTESIAN_POINT('Ctrl Pts',(32.619030085544,45.2523360360638,-2.));
#12877=CARTESIAN_POINT('Ctrl Pts',(32.6605707080017,45.3301684244939,-1.6));
#12878=CARTESIAN_POINT('Ctrl Pts',(32.6605707080017,45.3301684244939,-2.));
#12879=CARTESIAN_POINT('Ctrl Pts',(32.6661147946261,45.4182509549663,-1.6));
#12880=CARTESIAN_POINT('Ctrl Pts',(32.6661147946261,45.4182509549663,-2.));
#12881=CARTESIAN_POINT('Ctrl Pts',(32.6689210630289,45.4628359766026,-1.6));
#12882=CARTESIAN_POINT('Ctrl Pts',(32.6689210630289,45.4628359766026,-2.));
#12883=CARTESIAN_POINT('',(32.5985162153962,45.2139003214527,-2.));
#12884=CARTESIAN_POINT('Ctrl Pts',(32.5985162153962,45.2139003214527,-2.));
#12885=CARTESIAN_POINT('Ctrl Pts',(32.619030085544,45.2523360360638,-2.));
#12886=CARTESIAN_POINT('Ctrl Pts',(32.6605707080017,45.3301684244939,-2.));
#12887=CARTESIAN_POINT('Ctrl Pts',(32.6661147946261,45.4182509549663,-2.));
#12888=CARTESIAN_POINT('Ctrl Pts',(32.6689210630289,45.4628359766026,-2.));
#12889=CARTESIAN_POINT('',(32.5985162153962,45.2139003214527,-2.));
#12890=CARTESIAN_POINT('Ctrl Pts',(32.3849011906028,45.0278040941836,-1.6));
#12891=CARTESIAN_POINT('Ctrl Pts',(32.3849011906028,45.0278040941836,-2.));
#12892=CARTESIAN_POINT('Ctrl Pts',(32.4288978765636,45.0531864357141,-1.6));
#12893=CARTESIAN_POINT('Ctrl Pts',(32.4288978765636,45.0531864357141,-2.));
#12894=CARTESIAN_POINT('Ctrl Pts',(32.5123688764233,45.1013420951703,-1.6));
#12895=CARTESIAN_POINT('Ctrl Pts',(32.5123688764233,45.1013420951703,-2.));
#12896=CARTESIAN_POINT('Ctrl Pts',(32.5708567056823,45.1777610118658,-1.6));
#12897=CARTESIAN_POINT('Ctrl Pts',(32.5708567056823,45.1777610118658,-2.));
#12898=CARTESIAN_POINT('Ctrl Pts',(32.5985162153962,45.2139003214527,-1.6));
#12899=CARTESIAN_POINT('Ctrl Pts',(32.5985162153962,45.2139003214527,-2.));
#12900=CARTESIAN_POINT('',(32.3849011906028,45.0278040941836,-2.));
#12901=CARTESIAN_POINT('Ctrl Pts',(32.3849011906028,45.0278040941836,-2.));
#12902=CARTESIAN_POINT('Ctrl Pts',(32.4288978765636,45.0531864357141,-2.));
#12903=CARTESIAN_POINT('Ctrl Pts',(32.5123688764233,45.1013420951703,-2.));
#12904=CARTESIAN_POINT('Ctrl Pts',(32.5708567056823,45.1777610118658,-2.));
#12905=CARTESIAN_POINT('Ctrl Pts',(32.5985162153962,45.2139003214527,-2.));
#12906=CARTESIAN_POINT('',(32.3849011906028,45.0278040941836,-2.));
#12907=CARTESIAN_POINT('Ctrl Pts',(31.9987436570066,44.9032005496411,-1.6));
#12908=CARTESIAN_POINT('Ctrl Pts',(31.9987436570066,44.9032005496411,-2.));
#12909=CARTESIAN_POINT('Ctrl Pts',(32.0777184328055,44.9220206887382,-1.6));
#12910=CARTESIAN_POINT('Ctrl Pts',(32.0777184328055,44.9220206887382,-2.));
#12911=CARTESIAN_POINT('Ctrl Pts',(32.2098049776045,44.9534976650361,-1.6));
#12912=CARTESIAN_POINT('Ctrl Pts',(32.2098049776045,44.9534976650361,-2.));
#12913=CARTESIAN_POINT('Ctrl Pts',(32.3346865346117,45.0064942570737,-1.6));
#12914=CARTESIAN_POINT('Ctrl Pts',(32.3346865346117,45.0064942570737,-2.));
#12915=CARTESIAN_POINT('Ctrl Pts',(32.3849011906028,45.0278040941836,-1.6));
#12916=CARTESIAN_POINT('Ctrl Pts',(32.3849011906028,45.0278040941836,-2.));
#12917=CARTESIAN_POINT('',(31.9987436570066,44.9032005496411,-2.));
#12918=CARTESIAN_POINT('Ctrl Pts',(31.9987436570066,44.9032005496411,-2.));
#12919=CARTESIAN_POINT('Ctrl Pts',(32.0777184328055,44.9220206887382,-2.));
#12920=CARTESIAN_POINT('Ctrl Pts',(32.2098049776045,44.9534976650361,-2.));
#12921=CARTESIAN_POINT('Ctrl Pts',(32.3346865346117,45.0064942570737,-2.));
#12922=CARTESIAN_POINT('Ctrl Pts',(32.3849011906028,45.0278040941836,-2.));
#12923=CARTESIAN_POINT('',(31.9987436570066,44.9032005496411,-2.));
#12924=CARTESIAN_POINT('Ctrl Pts',(31.6426157371668,44.805864512746,-1.6));
#12925=CARTESIAN_POINT('Ctrl Pts',(31.6426157371668,44.805864512746,-2.));
#12926=CARTESIAN_POINT('Ctrl Pts',(31.6855940648372,44.8196151278038,-1.6));
#12927=CARTESIAN_POINT('Ctrl Pts',(31.6855940648372,44.8196151278038,-2.));
#12928=CARTESIAN_POINT('Ctrl Pts',(31.8028769987659,44.8571389814463,-1.6));
#12929=CARTESIAN_POINT('Ctrl Pts',(31.8028769987659,44.8571389814463,-2.));
#12930=CARTESIAN_POINT('Ctrl Pts',(31.9227794533559,44.8853362006077,-1.6));
#12931=CARTESIAN_POINT('Ctrl Pts',(31.9227794533559,44.8853362006077,-2.));
#12932=CARTESIAN_POINT('Ctrl Pts',(31.9987436570066,44.9032005496411,-1.6));
#12933=CARTESIAN_POINT('Ctrl Pts',(31.9987436570066,44.9032005496411,-2.));
#12934=CARTESIAN_POINT('',(31.6426157371668,44.805864512746,-2.));
#12935=CARTESIAN_POINT('Ctrl Pts',(31.6426157371668,44.805864512746,-2.));
#12936=CARTESIAN_POINT('Ctrl Pts',(31.6855940648372,44.8196151278038,-2.));
#12937=CARTESIAN_POINT('Ctrl Pts',(31.8028769987659,44.8571389814463,-2.));
#12938=CARTESIAN_POINT('Ctrl Pts',(31.9227794533559,44.8853362006077,-2.));
#12939=CARTESIAN_POINT('Ctrl Pts',(31.9987436570066,44.9032005496411,-2.));
#12940=CARTESIAN_POINT('',(31.6426157371668,44.805864512746,-2.));
#12941=CARTESIAN_POINT('Ctrl Pts',(31.4624648632553,44.6879616184038,-1.6));
#12942=CARTESIAN_POINT('Ctrl Pts',(31.4624648632553,44.6879616184038,-2.));
#12943=CARTESIAN_POINT('Ctrl Pts',(31.4854939354146,44.7110984059827,-1.6));
#12944=CARTESIAN_POINT('Ctrl Pts',(31.4854939354146,44.7110984059827,-2.));
#12945=CARTESIAN_POINT('Ctrl Pts',(31.5370821018145,44.7629278691639,-1.6));
#12946=CARTESIAN_POINT('Ctrl Pts',(31.5370821018145,44.7629278691639,-2.));
#12947=CARTESIAN_POINT('Ctrl Pts',(31.6050106460695,44.7905647802207,-1.6));
#12948=CARTESIAN_POINT('Ctrl Pts',(31.6050106460695,44.7905647802207,-2.));
#12949=CARTESIAN_POINT('Ctrl Pts',(31.6426157371668,44.805864512746,-1.6));
#12950=CARTESIAN_POINT('Ctrl Pts',(31.6426157371668,44.805864512746,-2.));
#12951=CARTESIAN_POINT('',(31.4624648632553,44.6879616184038,-2.));
#12952=CARTESIAN_POINT('Ctrl Pts',(31.4624648632553,44.6879616184038,-2.));
#12953=CARTESIAN_POINT('Ctrl Pts',(31.4854939354146,44.7110984059827,-2.));
#12954=CARTESIAN_POINT('Ctrl Pts',(31.5370821018145,44.7629278691639,-2.));
#12955=CARTESIAN_POINT('Ctrl Pts',(31.6050106460695,44.7905647802207,-2.));
#12956=CARTESIAN_POINT('Ctrl Pts',(31.6426157371668,44.805864512746,-2.));
#12957=CARTESIAN_POINT('',(31.4624648632553,44.6879616184038,-2.));
#12958=CARTESIAN_POINT('Ctrl Pts',(31.4077984211925,44.5236006796415,-1.6));
#12959=CARTESIAN_POINT('Ctrl Pts',(31.4077984211925,44.5236006796415,-2.));
#12960=CARTESIAN_POINT('Ctrl Pts',(31.409947104975,44.5537969926957,-1.6));
#12961=CARTESIAN_POINT('Ctrl Pts',(31.409947104975,44.5537969926957,-2.));
#12962=CARTESIAN_POINT('Ctrl Pts',(31.4141795873686,44.6132777615267,-1.6));
#12963=CARTESIAN_POINT('Ctrl Pts',(31.4141795873686,44.6132777615267,-2.));
#12964=CARTESIAN_POINT('Ctrl Pts',(31.4465351111185,44.6633227340477,-1.6));
#12965=CARTESIAN_POINT('Ctrl Pts',(31.4465351111185,44.6633227340477,-2.));
#12966=CARTESIAN_POINT('Ctrl Pts',(31.4624648632553,44.6879616184038,-1.6));
#12967=CARTESIAN_POINT('Ctrl Pts',(31.4624648632553,44.6879616184038,-2.));
#12968=CARTESIAN_POINT('',(31.4077984211925,44.5236006796415,-2.));
#12969=CARTESIAN_POINT('Ctrl Pts',(31.4077984211925,44.5236006796415,-2.));
#12970=CARTESIAN_POINT('Ctrl Pts',(31.409947104975,44.5537969926957,-2.));
#12971=CARTESIAN_POINT('Ctrl Pts',(31.4141795873686,44.6132777615267,-2.));
#12972=CARTESIAN_POINT('Ctrl Pts',(31.4465351111185,44.6633227340477,-2.));
#12973=CARTESIAN_POINT('Ctrl Pts',(31.4624648632553,44.6879616184038,-2.));
#12974=CARTESIAN_POINT('',(31.4077984211925,44.5236006796415,-2.));
#12975=CARTESIAN_POINT('Ctrl Pts',(31.4643149212873,44.3523533971149,-1.6));
#12976=CARTESIAN_POINT('Ctrl Pts',(31.4643149212873,44.3523533971149,-2.));
#12977=CARTESIAN_POINT('Ctrl Pts',(31.4478178784739,44.3789299321239,-1.6));
#12978=CARTESIAN_POINT('Ctrl Pts',(31.4478178784739,44.3789299321239,-2.));
#12979=CARTESIAN_POINT('Ctrl Pts',(31.4151918658998,44.4314900409374,-1.6));
#12980=CARTESIAN_POINT('Ctrl Pts',(31.4151918658998,44.4314900409374,-2.));
#12981=CARTESIAN_POINT('Ctrl Pts',(31.4102442972938,44.4931289281375,-1.6));
#12982=CARTESIAN_POINT('Ctrl Pts',(31.4102442972938,44.4931289281375,-2.));
#12983=CARTESIAN_POINT('Ctrl Pts',(31.4077984211925,44.5236006796415,-1.6));
#12984=CARTESIAN_POINT('Ctrl Pts',(31.4077984211925,44.5236006796415,-2.));
#12985=CARTESIAN_POINT('',(31.4643149212873,44.3523533971149,-2.));
#12986=CARTESIAN_POINT('Ctrl Pts',(31.4643149212873,44.3523533971149,-2.));
#12987=CARTESIAN_POINT('Ctrl Pts',(31.4478178784739,44.3789299321239,-2.));
#12988=CARTESIAN_POINT('Ctrl Pts',(31.4151918658998,44.4314900409374,-2.));
#12989=CARTESIAN_POINT('Ctrl Pts',(31.4102442972938,44.4931289281375,-2.));
#12990=CARTESIAN_POINT('Ctrl Pts',(31.4077984211925,44.5236006796415,-2.));
#12991=CARTESIAN_POINT('',(31.4643149212873,44.3523533971149,-2.));
#12992=CARTESIAN_POINT('Ctrl Pts',(31.6368211379675,44.2287872558357,-1.6));
#12993=CARTESIAN_POINT('Ctrl Pts',(31.6368211379675,44.2287872558357,-2.));
#12994=CARTESIAN_POINT('Ctrl Pts',(31.6013891716285,44.2442274813602,-1.6));
#12995=CARTESIAN_POINT('Ctrl Pts',(31.6013891716285,44.2442274813602,-2.));
#12996=CARTESIAN_POINT('Ctrl Pts',(31.5349432130519,44.2731827071525,-1.6));
#12997=CARTESIAN_POINT('Ctrl Pts',(31.5349432130519,44.2731827071525,-2.));
#12998=CARTESIAN_POINT('Ctrl Pts',(31.4867904640538,44.3271594672655,-1.6));
#12999=CARTESIAN_POINT('Ctrl Pts',(31.4867904640538,44.3271594672655,-2.));
#13000=CARTESIAN_POINT('Ctrl Pts',(31.4643149212873,44.3523533971149,-1.6));
#13001=CARTESIAN_POINT('Ctrl Pts',(31.4643149212873,44.3523533971149,-2.));
#13002=CARTESIAN_POINT('',(31.6368211379675,44.2287872558357,-2.));
#13003=CARTESIAN_POINT('Ctrl Pts',(31.6368211379675,44.2287872558357,-2.));
#13004=CARTESIAN_POINT('Ctrl Pts',(31.6013891716285,44.2442274813602,-2.));
#13005=CARTESIAN_POINT('Ctrl Pts',(31.5349432130519,44.2731827071525,-2.));
#13006=CARTESIAN_POINT('Ctrl Pts',(31.4867904640538,44.3271594672655,-2.));
#13007=CARTESIAN_POINT('Ctrl Pts',(31.4643149212873,44.3523533971149,-2.));
#13008=CARTESIAN_POINT('',(31.6368211379675,44.2287872558357,-2.));
#13009=CARTESIAN_POINT('Ctrl Pts',(31.9041890164559,44.1836104162237,-1.6));
#13010=CARTESIAN_POINT('Ctrl Pts',(31.9041890164559,44.1836104162237,-2.));
#13011=CARTESIAN_POINT('Ctrl Pts',(31.8562729078262,44.185106995403,-1.6));
#13012=CARTESIAN_POINT('Ctrl Pts',(31.8562729078262,44.185106995403,-2.));
#13013=CARTESIAN_POINT('Ctrl Pts',(31.7650285840116,44.1879568586152,-1.6));
#13014=CARTESIAN_POINT('Ctrl Pts',(31.7650285840116,44.1879568586152,-2.));
#13015=CARTESIAN_POINT('Ctrl Pts',(31.6780999891492,44.2156411247602,-1.6));
#13016=CARTESIAN_POINT('Ctrl Pts',(31.6780999891492,44.2156411247602,-2.));
#13017=CARTESIAN_POINT('Ctrl Pts',(31.6368211379675,44.2287872558357,-1.6));
#13018=CARTESIAN_POINT('Ctrl Pts',(31.6368211379675,44.2287872558357,-2.));
#13019=CARTESIAN_POINT('',(31.9041890164559,44.1836104162237,-2.));
#13020=CARTESIAN_POINT('Ctrl Pts',(31.9041890164559,44.1836104162237,-2.));
#13021=CARTESIAN_POINT('Ctrl Pts',(31.8562729078262,44.185106995403,-2.));
#13022=CARTESIAN_POINT('Ctrl Pts',(31.7650285840116,44.1879568586152,-2.));
#13023=CARTESIAN_POINT('Ctrl Pts',(31.6780999891492,44.2156411247602,-2.));
#13024=CARTESIAN_POINT('Ctrl Pts',(31.6368211379675,44.2287872558357,-2.));
#13025=CARTESIAN_POINT('',(31.9041890164559,44.1836104162237,-2.));
#13026=CARTESIAN_POINT('Ctrl Pts',(32.2111813408625,44.2427760624257,-1.6));
#13027=CARTESIAN_POINT('Ctrl Pts',(32.2111813408625,44.2427760624257,-2.));
#13028=CARTESIAN_POINT('Ctrl Pts',(32.1633400698142,44.2255008753217,-1.6));
#13029=CARTESIAN_POINT('Ctrl Pts',(32.1633400698142,44.2255008753217,-2.));
#13030=CARTESIAN_POINT('Ctrl Pts',(32.0641706627769,44.189691415748,-1.6));
#13031=CARTESIAN_POINT('Ctrl Pts',(32.0641706627769,44.189691415748,-2.));
#13032=CARTESIAN_POINT('Ctrl Pts',(31.9587517656742,44.1856843794543,-1.6));
#13033=CARTESIAN_POINT('Ctrl Pts',(31.9587517656742,44.1856843794543,-2.));
#13034=CARTESIAN_POINT('Ctrl Pts',(31.9041890164559,44.1836104162237,-1.6));
#13035=CARTESIAN_POINT('Ctrl Pts',(31.9041890164559,44.1836104162237,-2.));
#13036=CARTESIAN_POINT('',(32.2111813408625,44.2427760624257,-2.));
#13037=CARTESIAN_POINT('Ctrl Pts',(32.2111813408625,44.2427760624257,-2.));
#13038=CARTESIAN_POINT('Ctrl Pts',(32.1633400698142,44.2255008753217,-2.));
#13039=CARTESIAN_POINT('Ctrl Pts',(32.0641706627769,44.189691415748,-2.));
#13040=CARTESIAN_POINT('Ctrl Pts',(31.9587517656742,44.1856843794543,-2.));
#13041=CARTESIAN_POINT('Ctrl Pts',(31.9041890164559,44.1836104162237,-2.));
#13042=CARTESIAN_POINT('',(32.2111813408625,44.2427760624257,-2.));
#13043=CARTESIAN_POINT('Ctrl Pts',(32.4125001715575,44.3981835322514,-1.6));
#13044=CARTESIAN_POINT('Ctrl Pts',(32.4125001715575,44.3981835322514,-2.));
#13045=CARTESIAN_POINT('Ctrl Pts',(32.3865618411425,44.3671156745384,-1.6));
#13046=CARTESIAN_POINT('Ctrl Pts',(32.3865618411425,44.3671156745384,-2.));
#13047=CARTESIAN_POINT('Ctrl Pts',(32.3310330524138,44.3006055915995,-1.6));
#13048=CARTESIAN_POINT('Ctrl Pts',(32.3310330524138,44.3006055915995,-2.));
#13049=CARTESIAN_POINT('Ctrl Pts',(32.2528460312552,44.2628796504128,-1.6));
#13050=CARTESIAN_POINT('Ctrl Pts',(32.2528460312552,44.2628796504128,-2.));
#13051=CARTESIAN_POINT('Ctrl Pts',(32.2111813408625,44.2427760624257,-1.6));
#13052=CARTESIAN_POINT('Ctrl Pts',(32.2111813408625,44.2427760624257,-2.));
#13053=CARTESIAN_POINT('',(32.4125001715575,44.3981835322514,-2.));
#13054=CARTESIAN_POINT('Ctrl Pts',(32.4125001715575,44.3981835322514,-2.));
#13055=CARTESIAN_POINT('Ctrl Pts',(32.3865618411425,44.3671156745384,-2.));
#13056=CARTESIAN_POINT('Ctrl Pts',(32.3310330524138,44.3006055915995,-2.));
#13057=CARTESIAN_POINT('Ctrl Pts',(32.2528460312552,44.2628796504128,-2.));
#13058=CARTESIAN_POINT('Ctrl Pts',(32.2111813408625,44.2427760624257,-2.));
#13059=CARTESIAN_POINT('',(32.4125001715575,44.3981835322514,-2.));
#13060=CARTESIAN_POINT('Ctrl Pts',(32.4951816984118,44.6443834538908,-1.6));
#13061=CARTESIAN_POINT('Ctrl Pts',(32.4951816984118,44.6443834538908,-2.));
#13062=CARTESIAN_POINT('Ctrl Pts',(32.4881117939862,44.5978943934878,-1.6));
#13063=CARTESIAN_POINT('Ctrl Pts',(32.4881117939862,44.5978943934878,-2.));
#13064=CARTESIAN_POINT('Ctrl Pts',(32.4748796634922,44.5108848277609,-1.6));
#13065=CARTESIAN_POINT('Ctrl Pts',(32.4748796634922,44.5108848277609,-2.));
#13066=CARTESIAN_POINT('Ctrl Pts',(32.432320191371,44.43399244702,-1.6));
#13067=CARTESIAN_POINT('Ctrl Pts',(32.432320191371,44.43399244702,-2.));
#13068=CARTESIAN_POINT('Ctrl Pts',(32.4125001715575,44.3981835322514,-1.6));
#13069=CARTESIAN_POINT('Ctrl Pts',(32.4125001715575,44.3981835322514,-2.));
#13070=CARTESIAN_POINT('',(32.4951816984118,44.6443834538908,-2.));
#13071=CARTESIAN_POINT('Ctrl Pts',(32.4951816984118,44.6443834538908,-2.));
#13072=CARTESIAN_POINT('Ctrl Pts',(32.4881117939862,44.5978943934878,-2.));
#13073=CARTESIAN_POINT('Ctrl Pts',(32.4748796634922,44.5108848277609,-2.));
#13074=CARTESIAN_POINT('Ctrl Pts',(32.432320191371,44.43399244702,-2.));
#13075=CARTESIAN_POINT('Ctrl Pts',(32.4125001715575,44.3981835322514,-2.));
#13076=CARTESIAN_POINT('',(32.4951816984118,44.6443834538908,-2.));
#13077=CARTESIAN_POINT('Origin',(32.6200047554524,44.6333963775143,-2.));
#13078=CARTESIAN_POINT('',(32.744827812493,44.6224093011377,-2.));
#13079=CARTESIAN_POINT('',(30.5489115571596,44.815696504527,-2.));
#13080=CARTESIAN_POINT('',(32.744827812493,44.6224093011377,-2.));
#13081=CARTESIAN_POINT('Ctrl Pts',(32.6347948998324,44.2629920318401,-1.6));
#13082=CARTESIAN_POINT('Ctrl Pts',(32.6347948998324,44.2629920318401,-2.));
#13083=CARTESIAN_POINT('Ctrl Pts',(32.6655054380602,44.3181487288673,-1.6));
#13084=CARTESIAN_POINT('Ctrl Pts',(32.6655054380602,44.3181487288673,-2.));
#13085=CARTESIAN_POINT('Ctrl Pts',(32.7278116750274,44.4300518876403,-1.6));
#13086=CARTESIAN_POINT('Ctrl Pts',(32.7278116750274,44.4300518876403,-2.));
#13087=CARTESIAN_POINT('Ctrl Pts',(32.7391022994988,44.5576857484077,-1.6));
#13088=CARTESIAN_POINT('Ctrl Pts',(32.7391022994988,44.5576857484077,-2.));
#13089=CARTESIAN_POINT('Ctrl Pts',(32.744827812493,44.6224093011377,-1.6));
#13090=CARTESIAN_POINT('Ctrl Pts',(32.744827812493,44.6224093011377,-2.));
#13091=CARTESIAN_POINT('Ctrl Pts',(32.6347948998324,44.2629920318401,-2.));
#13092=CARTESIAN_POINT('Ctrl Pts',(32.6655054380602,44.3181487288673,-2.));
#13093=CARTESIAN_POINT('Ctrl Pts',(32.7278116750274,44.4300518876403,-2.));
#13094=CARTESIAN_POINT('Ctrl Pts',(32.7391022994988,44.5576857484077,-2.));
#13095=CARTESIAN_POINT('Ctrl Pts',(32.744827812493,44.6224093011377,-2.));
#13096=CARTESIAN_POINT('Origin',(28.5,45.25,-1.6));
#13097=CARTESIAN_POINT('',(28.815913530057,44.8702738363286,-1.6));
#13098=CARTESIAN_POINT('',(28.8153940053536,43.9821430254316,-1.6));
#13099=CARTESIAN_POINT('',(28.815913530057,44.8702738363286,-1.6));
#13100=CARTESIAN_POINT('',(28.5089559204692,44.8704533955321,-1.6));
#13101=CARTESIAN_POINT('',(28.5089559204692,44.8704533955321,-1.6));
#13102=CARTESIAN_POINT('',(28.3616106577025,44.8609897294118,-1.6));
#13103=CARTESIAN_POINT('Ctrl Pts',(28.3616106577025,44.8609897294118,-1.6));
#13104=CARTESIAN_POINT('Ctrl Pts',(28.381366412265,44.8637391384147,-1.6));
#13105=CARTESIAN_POINT('Ctrl Pts',(28.4302149177026,44.8705373865002,-1.6));
#13106=CARTESIAN_POINT('Ctrl Pts',(28.4795646521536,44.8704847464293,-1.6));
#13107=CARTESIAN_POINT('Ctrl Pts',(28.5089559204692,44.8704533955321,-1.6));
#13108=CARTESIAN_POINT('',(28.2408428962248,44.807854427975,-1.6));
#13109=CARTESIAN_POINT('Ctrl Pts',(28.2408428962248,44.807854427975,-1.6));
#13110=CARTESIAN_POINT('Ctrl Pts',(28.2604121470303,44.8195337098227,-1.6));
#13111=CARTESIAN_POINT('Ctrl Pts',(28.2984790400754,44.8422527181976,-1.6));
#13112=CARTESIAN_POINT('Ctrl Pts',(28.3409654588867,44.8548623825091,-1.6));
#13113=CARTESIAN_POINT('Ctrl Pts',(28.3616106577025,44.8609897294118,-1.6));
#13114=CARTESIAN_POINT('',(28.1063854434408,44.6742358163482,-1.6));
#13115=CARTESIAN_POINT('Ctrl Pts',(28.1063854434408,44.6742358163482,-1.6));
#13116=CARTESIAN_POINT('Ctrl Pts',(28.1289783664137,44.7024382672194,-1.6));
#13117=CARTESIAN_POINT('Ctrl Pts',(28.1687862443586,44.7521299216978,-1.6));
#13118=CARTESIAN_POINT('Ctrl Pts',(28.219089294135,44.7910314323901,-1.6));
#13119=CARTESIAN_POINT('Ctrl Pts',(28.2408428962248,44.807854427975,-1.6));
#13120=CARTESIAN_POINT('',(27.9152283402754,44.3987678983219,-1.6));
#13121=CARTESIAN_POINT('Ctrl Pts',(27.9152283402754,44.3987678983219,-1.6));
#13122=CARTESIAN_POINT('Ctrl Pts',(27.9498463122044,44.4521843607352,-1.6));
#13123=CARTESIAN_POINT('Ctrl Pts',(28.0106666044847,44.5460317086736,-1.6));
#13124=CARTESIAN_POINT('Ctrl Pts',(28.0775647081614,44.635633836954,-1.6));
#13125=CARTESIAN_POINT('Ctrl Pts',(28.1063854434408,44.6742358163482,-1.6));
#13126=CARTESIAN_POINT('',(27.6503189025641,43.9828245526229,-1.6));
#13127=CARTESIAN_POINT('',(27.6503189025641,43.9828245526229,-1.6));
#13128=CARTESIAN_POINT('',(27.3174407275145,43.9830192744286,-1.6));
#13129=CARTESIAN_POINT('',(27.3174407275145,43.9830192744286,-1.6));
#13130=CARTESIAN_POINT('',(27.6656445758499,44.5271540561148,-1.6));
#13131=CARTESIAN_POINT('',(27.6656445758499,44.5271540561148,-1.6));
#13132=CARTESIAN_POINT('',(27.8854453584126,44.7930555098067,-1.6));
#13133=CARTESIAN_POINT('Ctrl Pts',(27.8854453584126,44.7930555098067,-1.6));
#13134=CARTESIAN_POINT('Ctrl Pts',(27.8465298969002,44.7542221683113,-1.6));
#13135=CARTESIAN_POINT('Ctrl Pts',(27.7647794630766,44.6726442455347,-1.6));
#13136=CARTESIAN_POINT('Ctrl Pts',(27.6997291470783,44.577176514031,-1.6));
#13137=CARTESIAN_POINT('Ctrl Pts',(27.6656445758499,44.5271540561148,-1.6));
#13138=CARTESIAN_POINT('',(28.0451215485486,44.8925528407419,-1.6));
#13139=CARTESIAN_POINT('Ctrl Pts',(28.0451215485486,44.8925528407419,-1.6));
#13140=CARTESIAN_POINT('Ctrl Pts',(28.0135833489978,44.8769924342549,-1.6));
#13141=CARTESIAN_POINT('Ctrl Pts',(27.9570224059448,44.8490862354948,-1.6));
#13142=CARTESIAN_POINT('Ctrl Pts',(27.9073989397801,44.8102408385941,-1.6));
#13143=CARTESIAN_POINT('Ctrl Pts',(27.8854453584126,44.7930555098067,-1.6));
#13144=CARTESIAN_POINT('',(27.6195820616981,45.078340626212,-1.6));
#13145=CARTESIAN_POINT('Ctrl Pts',(27.6195820616981,45.078340626212,-1.6));
#13146=CARTESIAN_POINT('Ctrl Pts',(27.6757595105601,45.0336257856775,-1.6));
#13147=CARTESIAN_POINT('Ctrl Pts',(27.8005231974735,44.934319240474,-1.6));
#13148=CARTESIAN_POINT('Ctrl Pts',(27.9583561632666,44.9073684670479,-1.6));
#13149=CARTESIAN_POINT('Ctrl Pts',(28.0451215485486,44.8925528407419,-1.6));
#13150=CARTESIAN_POINT('',(27.4820021246497,45.4372207138904,-1.6));
#13151=CARTESIAN_POINT('Ctrl Pts',(27.4820021246497,45.4372207138904,-1.6));
#13152=CARTESIAN_POINT('Ctrl Pts',(27.4873205366629,45.3694722444016,-1.6));
#13153=CARTESIAN_POINT('Ctrl Pts',(27.4977869774782,45.2361457280531,-1.6));
#13154=CARTESIAN_POINT('Ctrl Pts',(27.5794267047197,45.1303683434062,-1.6));
#13155=CARTESIAN_POINT('Ctrl Pts',(27.6195820616981,45.078340626212,-1.6));
#13156=CARTESIAN_POINT('',(27.565398482441,45.7386725404464,-1.6));
#13157=CARTESIAN_POINT('Ctrl Pts',(27.565398482441,45.7386725404464,-1.6));
#13158=CARTESIAN_POINT('Ctrl Pts',(27.5410990559434,45.6917855235342,-1.6));
#13159=CARTESIAN_POINT('Ctrl Pts',(27.4920795479756,45.5971998138945,-1.6));
#13160=CARTESIAN_POINT('Ctrl Pts',(27.4853804283197,45.4908512862297,-1.6));
#13161=CARTESIAN_POINT('Ctrl Pts',(27.4820021246497,45.4372207138904,-1.6));
#13162=CARTESIAN_POINT('',(27.787883375879,45.9288561837822,-1.6));
#13163=CARTESIAN_POINT('Ctrl Pts',(27.787883375879,45.9288561837822,-1.6));
#13164=CARTESIAN_POINT('Ctrl Pts',(27.743570218695,45.9070715507287,-1.6));
#13165=CARTESIAN_POINT('Ctrl Pts',(27.6532686414461,45.8626787146157,-1.6));
#13166=CARTESIAN_POINT('Ctrl Pts',(27.5950485658158,45.780516022292,-1.6));
#13167=CARTESIAN_POINT('Ctrl Pts',(27.565398482441,45.7386725404464,-1.6));
#13168=CARTESIAN_POINT('',(28.1944632098704,45.9825066196848,-1.6));
#13169=CARTESIAN_POINT('Ctrl Pts',(28.1944632098704,45.9825066196848,-1.6));
#13170=CARTESIAN_POINT('Ctrl Pts',(28.1154532044316,45.9819448642835,-1.6));
#13171=CARTESIAN_POINT('Ctrl Pts',(27.9774771663015,45.9809638646716,-1.6));
#13172=CARTESIAN_POINT('Ctrl Pts',(27.8446492745897,45.9444576406064,-1.6));
#13173=CARTESIAN_POINT('Ctrl Pts',(27.787883375879,45.9288561837822,-1.6));
#13174=CARTESIAN_POINT('',(29.081229670682,45.9819878930774,-1.6));
#13175=CARTESIAN_POINT('',(29.081229670682,45.9819878930774,-1.6));
#13176=CARTESIAN_POINT('',(29.0800597425232,43.9819882054581,-1.6));
#13177=CARTESIAN_POINT('',(29.0800597425232,43.9819882054581,-1.6));
#13178=CARTESIAN_POINT('',(28.8153940053536,43.9821430254316,-1.6));
#13179=CARTESIAN_POINT('',(28.1834197225855,45.7615034894376,-1.6));
#13180=CARTESIAN_POINT('',(28.8164346508649,45.761133198385,-1.6));
#13181=CARTESIAN_POINT('',(28.1834197225855,45.7615034894376,-1.6));
#13182=CARTESIAN_POINT('',(27.8579911101711,45.6702886249981,-1.6));
#13183=CARTESIAN_POINT('Ctrl Pts',(27.8579911101711,45.6702886249981,-1.6));
#13184=CARTESIAN_POINT('Ctrl Pts',(27.9011559139294,45.6968104963662,-1.6));
#13185=CARTESIAN_POINT('Ctrl Pts',(28.0003035818064,45.7577300758597,-1.6));
#13186=CARTESIAN_POINT('Ctrl Pts',(28.1173375278345,45.7601417555682,-1.6));
#13187=CARTESIAN_POINT('Ctrl Pts',(28.1834197225855,45.7615034894376,-1.6));
#13188=CARTESIAN_POINT('',(27.7548530682626,45.4370611058644,-1.6));
#13189=CARTESIAN_POINT('Ctrl Pts',(27.7548530682626,45.4370611058644,-1.6));
#13190=CARTESIAN_POINT('Ctrl Pts',(27.7590227127806,45.4821170476861,-1.6));
#13191=CARTESIAN_POINT('Ctrl Pts',(27.7672914126542,45.5714661657793,-1.6));
#13192=CARTESIAN_POINT('Ctrl Pts',(27.8279304343275,45.6375358155184,-1.6));
#13193=CARTESIAN_POINT('Ctrl Pts',(27.8579911101711,45.6702886249981,-1.6));
#13194=CARTESIAN_POINT('',(27.8079547988992,45.2576301645765,-1.6));
#13195=CARTESIAN_POINT('Ctrl Pts',(27.8079547988992,45.2576301645765,-1.6));
#13196=CARTESIAN_POINT('Ctrl Pts',(27.7924525040863,45.2856892736696,-1.6));
#13197=CARTESIAN_POINT('Ctrl Pts',(27.7615606701885,45.3416034043121,-1.6));
#13198=CARTESIAN_POINT('Ctrl Pts',(27.7570834883074,45.4053193935011,-1.6));
#13199=CARTESIAN_POINT('Ctrl Pts',(27.7548530682626,45.4370611058644,-1.6));
#13200=CARTESIAN_POINT('',(27.9634094542272,45.1374847252189,-1.6));
#13201=CARTESIAN_POINT('Ctrl Pts',(27.9634094542272,45.1374847252189,-1.6));
#13202=CARTESIAN_POINT('Ctrl Pts',(27.9316249721912,45.1514783074328,-1.6));
#13203=CARTESIAN_POINT('Ctrl Pts',(27.8697961167925,45.1786993636147,-1.6));
#13204=CARTESIAN_POINT('Ctrl Pts',(27.8281781400082,45.2318182225572,-1.6));
#13205=CARTESIAN_POINT('Ctrl Pts',(27.8079547988992,45.2576301645765,-1.6));
#13206=CARTESIAN_POINT('',(28.2471529543449,45.0998016384462,-1.6));
#13207=CARTESIAN_POINT('Ctrl Pts',(28.2471529543449,45.0998016384462,-1.6));
#13208=CARTESIAN_POINT('Ctrl Pts',(28.1929020756761,45.1004241796703,-1.6));
#13209=CARTESIAN_POINT('Ctrl Pts',(28.0966735807076,45.1015284236295,-1.6));
#13210=CARTESIAN_POINT('Ctrl Pts',(28.0038860316851,45.1265636464198,-1.6));
#13211=CARTESIAN_POINT('Ctrl Pts',(27.9634094542272,45.1374847252189,-1.6));
#13212=CARTESIAN_POINT('',(28.8160476009313,45.0994688554611,-1.6));
#13213=CARTESIAN_POINT('',(28.8160476009313,45.0994688554611,-1.6));
#13214=CARTESIAN_POINT('',(28.8164346508649,45.761133198385,-1.6));
#13215=CARTESIAN_POINT('Origin',(28.8156537677053,44.4262084308801,-2.));
#13216=CARTESIAN_POINT('',(28.8153940053536,43.9821430254316,-2.));
#13217=CARTESIAN_POINT('',(28.8153940053536,43.9821430254316,-2.));
#13218=CARTESIAN_POINT('',(28.815913530057,44.8702738363286,-2.));
#13219=CARTESIAN_POINT('',(28.8158946578932,44.8380117514557,-2.));
#13220=CARTESIAN_POINT('',(28.815913530057,44.8702738363286,-2.));
#13221=CARTESIAN_POINT('Origin',(28.6624347252631,44.8703636159303,-2.));
#13222=CARTESIAN_POINT('',(28.5089559204692,44.8704533955321,-2.));
#13223=CARTESIAN_POINT('',(28.5811063536194,44.8704111901138,-2.));
#13224=CARTESIAN_POINT('',(28.5089559204692,44.8704533955321,-2.));
#13225=CARTESIAN_POINT('Ctrl Pts',(28.3616106577025,44.8609897294118,-1.6));
#13226=CARTESIAN_POINT('Ctrl Pts',(28.3616106577025,44.8609897294118,-2.));
#13227=CARTESIAN_POINT('Ctrl Pts',(28.381366412265,44.8637391384147,-1.6));
#13228=CARTESIAN_POINT('Ctrl Pts',(28.381366412265,44.8637391384147,-2.));
#13229=CARTESIAN_POINT('Ctrl Pts',(28.4302149177026,44.8705373865002,-1.6));
#13230=CARTESIAN_POINT('Ctrl Pts',(28.4302149177026,44.8705373865002,-2.));
#13231=CARTESIAN_POINT('Ctrl Pts',(28.4795646521536,44.8704847464293,-1.6));
#13232=CARTESIAN_POINT('Ctrl Pts',(28.4795646521536,44.8704847464293,-2.));
#13233=CARTESIAN_POINT('Ctrl Pts',(28.5089559204692,44.8704533955321,-1.6));
#13234=CARTESIAN_POINT('Ctrl Pts',(28.5089559204692,44.8704533955321,-2.));
#13235=CARTESIAN_POINT('',(28.3616106577025,44.8609897294118,-2.));
#13236=CARTESIAN_POINT('Ctrl Pts',(28.3616106577025,44.8609897294118,-2.));
#13237=CARTESIAN_POINT('Ctrl Pts',(28.381366412265,44.8637391384147,-2.));
#13238=CARTESIAN_POINT('Ctrl Pts',(28.4302149177026,44.8705373865002,-2.));
#13239=CARTESIAN_POINT('Ctrl Pts',(28.4795646521536,44.8704847464293,-2.));
#13240=CARTESIAN_POINT('Ctrl Pts',(28.5089559204692,44.8704533955321,-2.));
#13241=CARTESIAN_POINT('',(28.3616106577025,44.8609897294118,-2.));
#13242=CARTESIAN_POINT('Ctrl Pts',(28.2408428962248,44.807854427975,-1.6));
#13243=CARTESIAN_POINT('Ctrl Pts',(28.2408428962248,44.807854427975,-2.));
#13244=CARTESIAN_POINT('Ctrl Pts',(28.2604121470303,44.8195337098227,-1.6));
#13245=CARTESIAN_POINT('Ctrl Pts',(28.2604121470303,44.8195337098227,-2.));
#13246=CARTESIAN_POINT('Ctrl Pts',(28.2984790400754,44.8422527181976,-1.6));
#13247=CARTESIAN_POINT('Ctrl Pts',(28.2984790400754,44.8422527181976,-2.));
#13248=CARTESIAN_POINT('Ctrl Pts',(28.3409654588867,44.8548623825091,-1.6));
#13249=CARTESIAN_POINT('Ctrl Pts',(28.3409654588867,44.8548623825091,-2.));
#13250=CARTESIAN_POINT('Ctrl Pts',(28.3616106577025,44.8609897294118,-1.6));
#13251=CARTESIAN_POINT('Ctrl Pts',(28.3616106577025,44.8609897294118,-2.));
#13252=CARTESIAN_POINT('',(28.2408428962248,44.807854427975,-2.));
#13253=CARTESIAN_POINT('Ctrl Pts',(28.2408428962248,44.807854427975,-2.));
#13254=CARTESIAN_POINT('Ctrl Pts',(28.2604121470303,44.8195337098227,-2.));
#13255=CARTESIAN_POINT('Ctrl Pts',(28.2984790400754,44.8422527181976,-2.));
#13256=CARTESIAN_POINT('Ctrl Pts',(28.3409654588867,44.8548623825091,-2.));
#13257=CARTESIAN_POINT('Ctrl Pts',(28.3616106577025,44.8609897294118,-2.));
#13258=CARTESIAN_POINT('',(28.2408428962248,44.807854427975,-2.));
#13259=CARTESIAN_POINT('Ctrl Pts',(28.1063854434408,44.6742358163482,-1.6));
#13260=CARTESIAN_POINT('Ctrl Pts',(28.1063854434408,44.6742358163482,-2.));
#13261=CARTESIAN_POINT('Ctrl Pts',(28.1289783664137,44.7024382672194,-1.6));
#13262=CARTESIAN_POINT('Ctrl Pts',(28.1289783664137,44.7024382672194,-2.));
#13263=CARTESIAN_POINT('Ctrl Pts',(28.1687862443586,44.7521299216978,-1.6));
#13264=CARTESIAN_POINT('Ctrl Pts',(28.1687862443586,44.7521299216978,-2.));
#13265=CARTESIAN_POINT('Ctrl Pts',(28.219089294135,44.7910314323901,-1.6));
#13266=CARTESIAN_POINT('Ctrl Pts',(28.219089294135,44.7910314323901,-2.));
#13267=CARTESIAN_POINT('Ctrl Pts',(28.2408428962248,44.807854427975,-1.6));
#13268=CARTESIAN_POINT('Ctrl Pts',(28.2408428962248,44.807854427975,-2.));
#13269=CARTESIAN_POINT('',(28.1063854434408,44.6742358163482,-2.));
#13270=CARTESIAN_POINT('Ctrl Pts',(28.1063854434408,44.6742358163482,-2.));
#13271=CARTESIAN_POINT('Ctrl Pts',(28.1289783664137,44.7024382672194,-2.));
#13272=CARTESIAN_POINT('Ctrl Pts',(28.1687862443586,44.7521299216978,-2.));
#13273=CARTESIAN_POINT('Ctrl Pts',(28.219089294135,44.7910314323901,-2.));
#13274=CARTESIAN_POINT('Ctrl Pts',(28.2408428962248,44.807854427975,-2.));
#13275=CARTESIAN_POINT('',(28.1063854434408,44.6742358163482,-2.));
#13276=CARTESIAN_POINT('Ctrl Pts',(27.9152283402754,44.3987678983219,-1.6));
#13277=CARTESIAN_POINT('Ctrl Pts',(27.9152283402754,44.3987678983219,-2.));
#13278=CARTESIAN_POINT('Ctrl Pts',(27.9498463122044,44.4521843607352,-1.6));
#13279=CARTESIAN_POINT('Ctrl Pts',(27.9498463122044,44.4521843607352,-2.));
#13280=CARTESIAN_POINT('Ctrl Pts',(28.0106666044847,44.5460317086736,-1.6));
#13281=CARTESIAN_POINT('Ctrl Pts',(28.0106666044847,44.5460317086736,-2.));
#13282=CARTESIAN_POINT('Ctrl Pts',(28.0775647081614,44.635633836954,-1.6));
#13283=CARTESIAN_POINT('Ctrl Pts',(28.0775647081614,44.635633836954,-2.));
#13284=CARTESIAN_POINT('Ctrl Pts',(28.1063854434408,44.6742358163482,-1.6));
#13285=CARTESIAN_POINT('Ctrl Pts',(28.1063854434408,44.6742358163482,-2.));
#13286=CARTESIAN_POINT('',(27.9152283402754,44.3987678983219,-2.));
#13287=CARTESIAN_POINT('Ctrl Pts',(27.9152283402754,44.3987678983219,-2.));
#13288=CARTESIAN_POINT('Ctrl Pts',(27.9498463122044,44.4521843607352,-2.));
#13289=CARTESIAN_POINT('Ctrl Pts',(28.0106666044847,44.5460317086736,-2.));
#13290=CARTESIAN_POINT('Ctrl Pts',(28.0775647081614,44.635633836954,-2.));
#13291=CARTESIAN_POINT('Ctrl Pts',(28.1063854434408,44.6742358163482,-2.));
#13292=CARTESIAN_POINT('',(27.9152283402754,44.3987678983219,-2.));
#13293=CARTESIAN_POINT('Origin',(27.7827736214197,44.1907962254724,-2.));
#13294=CARTESIAN_POINT('',(27.6503189025641,43.9828245526229,-2.));
#13295=CARTESIAN_POINT('',(28.126222073019,44.7300563562837,-2.));
#13296=CARTESIAN_POINT('',(27.6503189025641,43.9828245526229,-2.));
#13297=CARTESIAN_POINT('Origin',(27.4838798150393,43.9829219135257,-2.));
#13298=CARTESIAN_POINT('',(27.3174407275145,43.9830192744286,-2.));
#13299=CARTESIAN_POINT('',(27.9915691361559,43.982624933463,-2.));
#13300=CARTESIAN_POINT('',(27.3174407275145,43.9830192744286,-2.));
#13301=CARTESIAN_POINT('Origin',(27.4915426516822,44.2550866652717,-2.));
#13302=CARTESIAN_POINT('',(27.6656445758499,44.5271540561148,-2.));
#13303=CARTESIAN_POINT('',(27.8638840258539,44.8369409248276,-2.));
#13304=CARTESIAN_POINT('',(27.6656445758499,44.5271540561148,-2.));
#13305=CARTESIAN_POINT('Ctrl Pts',(27.8854453584126,44.7930555098067,-1.6));
#13306=CARTESIAN_POINT('Ctrl Pts',(27.8854453584126,44.7930555098067,-2.));
#13307=CARTESIAN_POINT('Ctrl Pts',(27.8465298969002,44.7542221683113,-1.6));
#13308=CARTESIAN_POINT('Ctrl Pts',(27.8465298969002,44.7542221683113,-2.));
#13309=CARTESIAN_POINT('Ctrl Pts',(27.7647794630766,44.6726442455347,-1.6));
#13310=CARTESIAN_POINT('Ctrl Pts',(27.7647794630766,44.6726442455347,-2.));
#13311=CARTESIAN_POINT('Ctrl Pts',(27.6997291470783,44.577176514031,-1.6));
#13312=CARTESIAN_POINT('Ctrl Pts',(27.6997291470783,44.577176514031,-2.));
#13313=CARTESIAN_POINT('Ctrl Pts',(27.6656445758499,44.5271540561148,-1.6));
#13314=CARTESIAN_POINT('Ctrl Pts',(27.6656445758499,44.5271540561148,-2.));
#13315=CARTESIAN_POINT('',(27.8854453584126,44.7930555098067,-2.));
#13316=CARTESIAN_POINT('Ctrl Pts',(27.8854453584126,44.7930555098067,-2.));
#13317=CARTESIAN_POINT('Ctrl Pts',(27.8465298969002,44.7542221683113,-2.));
#13318=CARTESIAN_POINT('Ctrl Pts',(27.7647794630766,44.6726442455347,-2.));
#13319=CARTESIAN_POINT('Ctrl Pts',(27.6997291470783,44.577176514031,-2.));
#13320=CARTESIAN_POINT('Ctrl Pts',(27.6656445758499,44.5271540561148,-2.));
#13321=CARTESIAN_POINT('',(27.8854453584126,44.7930555098067,-2.));
#13322=CARTESIAN_POINT('Ctrl Pts',(28.0451215485486,44.8925528407419,-1.6));
#13323=CARTESIAN_POINT('Ctrl Pts',(28.0451215485486,44.8925528407419,-2.));
#13324=CARTESIAN_POINT('Ctrl Pts',(28.0135833489978,44.8769924342549,-1.6));
#13325=CARTESIAN_POINT('Ctrl Pts',(28.0135833489978,44.8769924342549,-2.));
#13326=CARTESIAN_POINT('Ctrl Pts',(27.9570224059448,44.8490862354948,-1.6));
#13327=CARTESIAN_POINT('Ctrl Pts',(27.9570224059448,44.8490862354948,-2.));
#13328=CARTESIAN_POINT('Ctrl Pts',(27.9073989397801,44.8102408385941,-1.6));
#13329=CARTESIAN_POINT('Ctrl Pts',(27.9073989397801,44.8102408385941,-2.));
#13330=CARTESIAN_POINT('Ctrl Pts',(27.8854453584126,44.7930555098067,-1.6));
#13331=CARTESIAN_POINT('Ctrl Pts',(27.8854453584126,44.7930555098067,-2.));
#13332=CARTESIAN_POINT('',(28.0451215485486,44.8925528407419,-2.));
#13333=CARTESIAN_POINT('Ctrl Pts',(28.0451215485486,44.8925528407419,-2.));
#13334=CARTESIAN_POINT('Ctrl Pts',(28.0135833489978,44.8769924342549,-2.));
#13335=CARTESIAN_POINT('Ctrl Pts',(27.9570224059448,44.8490862354948,-2.));
#13336=CARTESIAN_POINT('Ctrl Pts',(27.9073989397801,44.8102408385941,-2.));
#13337=CARTESIAN_POINT('Ctrl Pts',(27.8854453584126,44.7930555098067,-2.));
#13338=CARTESIAN_POINT('',(28.0451215485486,44.8925528407419,-2.));
#13339=CARTESIAN_POINT('Ctrl Pts',(27.6195820616981,45.078340626212,-1.6));
#13340=CARTESIAN_POINT('Ctrl Pts',(27.6195820616981,45.078340626212,-2.));
#13341=CARTESIAN_POINT('Ctrl Pts',(27.6757595105601,45.0336257856775,-1.6));
#13342=CARTESIAN_POINT('Ctrl Pts',(27.6757595105601,45.0336257856775,-2.));
#13343=CARTESIAN_POINT('Ctrl Pts',(27.8005231974735,44.934319240474,-1.6));
#13344=CARTESIAN_POINT('Ctrl Pts',(27.8005231974735,44.934319240474,-2.));
#13345=CARTESIAN_POINT('Ctrl Pts',(27.9583561632666,44.9073684670479,-1.6));
#13346=CARTESIAN_POINT('Ctrl Pts',(27.9583561632666,44.9073684670479,-2.));
#13347=CARTESIAN_POINT('Ctrl Pts',(28.0451215485486,44.8925528407419,-1.6));
#13348=CARTESIAN_POINT('Ctrl Pts',(28.0451215485486,44.8925528407419,-2.));
#13349=CARTESIAN_POINT('',(27.6195820616981,45.078340626212,-2.));
#13350=CARTESIAN_POINT('Ctrl Pts',(27.6195820616981,45.078340626212,-2.));
#13351=CARTESIAN_POINT('Ctrl Pts',(27.6757595105601,45.0336257856775,-2.));
#13352=CARTESIAN_POINT('Ctrl Pts',(27.8005231974735,44.934319240474,-2.));
#13353=CARTESIAN_POINT('Ctrl Pts',(27.9583561632666,44.9073684670479,-2.));
#13354=CARTESIAN_POINT('Ctrl Pts',(28.0451215485486,44.8925528407419,-2.));
#13355=CARTESIAN_POINT('',(27.6195820616981,45.078340626212,-2.));
#13356=CARTESIAN_POINT('Ctrl Pts',(27.4820021246497,45.4372207138904,-1.6));
#13357=CARTESIAN_POINT('Ctrl Pts',(27.4820021246497,45.4372207138904,-2.));
#13358=CARTESIAN_POINT('Ctrl Pts',(27.4873205366629,45.3694722444016,-1.6));
#13359=CARTESIAN_POINT('Ctrl Pts',(27.4873205366629,45.3694722444016,-2.));
#13360=CARTESIAN_POINT('Ctrl Pts',(27.4977869774782,45.2361457280531,-1.6));
#13361=CARTESIAN_POINT('Ctrl Pts',(27.4977869774782,45.2361457280531,-2.));
#13362=CARTESIAN_POINT('Ctrl Pts',(27.5794267047197,45.1303683434062,-1.6));
#13363=CARTESIAN_POINT('Ctrl Pts',(27.5794267047197,45.1303683434062,-2.));
#13364=CARTESIAN_POINT('Ctrl Pts',(27.6195820616981,45.078340626212,-1.6));
#13365=CARTESIAN_POINT('Ctrl Pts',(27.6195820616981,45.078340626212,-2.));
#13366=CARTESIAN_POINT('',(27.4820021246497,45.4372207138904,-2.));
#13367=CARTESIAN_POINT('Ctrl Pts',(27.4820021246497,45.4372207138904,-2.));
#13368=CARTESIAN_POINT('Ctrl Pts',(27.4873205366629,45.3694722444016,-2.));
#13369=CARTESIAN_POINT('Ctrl Pts',(27.4977869774782,45.2361457280531,-2.));
#13370=CARTESIAN_POINT('Ctrl Pts',(27.5794267047197,45.1303683434062,-2.));
#13371=CARTESIAN_POINT('Ctrl Pts',(27.6195820616981,45.078340626212,-2.));
#13372=CARTESIAN_POINT('',(27.4820021246497,45.4372207138904,-2.));
#13373=CARTESIAN_POINT('Ctrl Pts',(27.565398482441,45.7386725404464,-1.6));
#13374=CARTESIAN_POINT('Ctrl Pts',(27.565398482441,45.7386725404464,-2.));
#13375=CARTESIAN_POINT('Ctrl Pts',(27.5410990559434,45.6917855235342,-1.6));
#13376=CARTESIAN_POINT('Ctrl Pts',(27.5410990559434,45.6917855235342,-2.));
#13377=CARTESIAN_POINT('Ctrl Pts',(27.4920795479756,45.5971998138945,-1.6));
#13378=CARTESIAN_POINT('Ctrl Pts',(27.4920795479756,45.5971998138945,-2.));
#13379=CARTESIAN_POINT('Ctrl Pts',(27.4853804283197,45.4908512862297,-1.6));
#13380=CARTESIAN_POINT('Ctrl Pts',(27.4853804283197,45.4908512862297,-2.));
#13381=CARTESIAN_POINT('Ctrl Pts',(27.4820021246497,45.4372207138904,-1.6));
#13382=CARTESIAN_POINT('Ctrl Pts',(27.4820021246497,45.4372207138904,-2.));
#13383=CARTESIAN_POINT('',(27.565398482441,45.7386725404464,-2.));
#13384=CARTESIAN_POINT('Ctrl Pts',(27.565398482441,45.7386725404464,-2.));
#13385=CARTESIAN_POINT('Ctrl Pts',(27.5410990559434,45.6917855235342,-2.));
#13386=CARTESIAN_POINT('Ctrl Pts',(27.4920795479756,45.5971998138945,-2.));
#13387=CARTESIAN_POINT('Ctrl Pts',(27.4853804283197,45.4908512862297,-2.));
#13388=CARTESIAN_POINT('Ctrl Pts',(27.4820021246497,45.4372207138904,-2.));
#13389=CARTESIAN_POINT('',(27.565398482441,45.7386725404464,-2.));
#13390=CARTESIAN_POINT('Ctrl Pts',(27.787883375879,45.9288561837822,-1.6));
#13391=CARTESIAN_POINT('Ctrl Pts',(27.787883375879,45.9288561837822,-2.));
#13392=CARTESIAN_POINT('Ctrl Pts',(27.743570218695,45.9070715507287,-1.6));
#13393=CARTESIAN_POINT('Ctrl Pts',(27.743570218695,45.9070715507287,-2.));
#13394=CARTESIAN_POINT('Ctrl Pts',(27.6532686414461,45.8626787146157,-1.6));
#13395=CARTESIAN_POINT('Ctrl Pts',(27.6532686414461,45.8626787146157,-2.));
#13396=CARTESIAN_POINT('Ctrl Pts',(27.5950485658158,45.780516022292,-1.6));
#13397=CARTESIAN_POINT('Ctrl Pts',(27.5950485658158,45.780516022292,-2.));
#13398=CARTESIAN_POINT('Ctrl Pts',(27.565398482441,45.7386725404464,-1.6));
#13399=CARTESIAN_POINT('Ctrl Pts',(27.565398482441,45.7386725404464,-2.));
#13400=CARTESIAN_POINT('',(27.787883375879,45.9288561837822,-2.));
#13401=CARTESIAN_POINT('Ctrl Pts',(27.787883375879,45.9288561837822,-2.));
#13402=CARTESIAN_POINT('Ctrl Pts',(27.743570218695,45.9070715507287,-2.));
#13403=CARTESIAN_POINT('Ctrl Pts',(27.6532686414461,45.8626787146157,-2.));
#13404=CARTESIAN_POINT('Ctrl Pts',(27.5950485658158,45.780516022292,-2.));
#13405=CARTESIAN_POINT('Ctrl Pts',(27.565398482441,45.7386725404464,-2.));
#13406=CARTESIAN_POINT('',(27.787883375879,45.9288561837822,-2.));
#13407=CARTESIAN_POINT('Ctrl Pts',(28.1944632098704,45.9825066196848,-1.6));
#13408=CARTESIAN_POINT('Ctrl Pts',(28.1944632098704,45.9825066196848,-2.));
#13409=CARTESIAN_POINT('Ctrl Pts',(28.1154532044316,45.9819448642835,-1.6));
#13410=CARTESIAN_POINT('Ctrl Pts',(28.1154532044316,45.9819448642835,-2.));
#13411=CARTESIAN_POINT('Ctrl Pts',(27.9774771663015,45.9809638646716,-1.6));
#13412=CARTESIAN_POINT('Ctrl Pts',(27.9774771663015,45.9809638646716,-2.));
#13413=CARTESIAN_POINT('Ctrl Pts',(27.8446492745897,45.9444576406064,-1.6));
#13414=CARTESIAN_POINT('Ctrl Pts',(27.8446492745897,45.9444576406064,-2.));
#13415=CARTESIAN_POINT('Ctrl Pts',(27.787883375879,45.9288561837822,-1.6));
#13416=CARTESIAN_POINT('Ctrl Pts',(27.787883375879,45.9288561837822,-2.));
#13417=CARTESIAN_POINT('',(28.1944632098704,45.9825066196848,-2.));
#13418=CARTESIAN_POINT('Ctrl Pts',(28.1944632098704,45.9825066196848,-2.));
#13419=CARTESIAN_POINT('Ctrl Pts',(28.1154532044316,45.9819448642835,-2.));
#13420=CARTESIAN_POINT('Ctrl Pts',(27.9774771663015,45.9809638646716,-2.));
#13421=CARTESIAN_POINT('Ctrl Pts',(27.8446492745897,45.9444576406064,-2.));
#13422=CARTESIAN_POINT('Ctrl Pts',(27.787883375879,45.9288561837822,-2.));
#13423=CARTESIAN_POINT('',(28.1944632098704,45.9825066196848,-2.));
#13424=CARTESIAN_POINT('Origin',(28.6378464402762,45.9822472563811,-2.));
#13425=CARTESIAN_POINT('',(29.081229670682,45.9819878930774,-2.));
#13426=CARTESIAN_POINT('',(28.5691374128537,45.9822874487004,-2.));
#13427=CARTESIAN_POINT('',(29.081229670682,45.9819878930774,-2.));
#13428=CARTESIAN_POINT('Origin',(29.0806447066026,44.9819880492678,-2.));
#13429=CARTESIAN_POINT('',(29.0800597425232,43.9819882054581,-2.));
#13430=CARTESIAN_POINT('',(29.0807229959267,45.1158241506628,-2.));
#13431=CARTESIAN_POINT('',(29.0800597425232,43.9819882054581,-2.));
#13432=CARTESIAN_POINT('Origin',(28.9477268739384,43.9820656154448,-2.));
#13433=CARTESIAN_POINT('',(28.7234926656054,43.9821967844226,-2.));
#13434=CARTESIAN_POINT('Origin',(28.4999271867252,45.7613183439113,-2.));
#13435=CARTESIAN_POINT('',(28.8164346508649,45.761133198385,-2.));
#13436=CARTESIAN_POINT('',(28.8164346508649,45.761133198385,-2.));
#13437=CARTESIAN_POINT('',(28.1834197225855,45.7615034894376,-2.));
#13438=CARTESIAN_POINT('',(28.5001131447545,45.7613182351325,-2.));
#13439=CARTESIAN_POINT('',(28.1834197225855,45.7615034894376,-2.));
#13440=CARTESIAN_POINT('Ctrl Pts',(27.8579911101711,45.6702886249981,-1.6));
#13441=CARTESIAN_POINT('Ctrl Pts',(27.8579911101711,45.6702886249981,-2.));
#13442=CARTESIAN_POINT('Ctrl Pts',(27.9011559139294,45.6968104963662,-1.6));
#13443=CARTESIAN_POINT('Ctrl Pts',(27.9011559139294,45.6968104963662,-2.));
#13444=CARTESIAN_POINT('Ctrl Pts',(28.0003035818064,45.7577300758597,-1.6));
#13445=CARTESIAN_POINT('Ctrl Pts',(28.0003035818064,45.7577300758597,-2.));
#13446=CARTESIAN_POINT('Ctrl Pts',(28.1173375278345,45.7601417555682,-1.6));
#13447=CARTESIAN_POINT('Ctrl Pts',(28.1173375278345,45.7601417555682,-2.));
#13448=CARTESIAN_POINT('Ctrl Pts',(28.1834197225855,45.7615034894376,-1.6));
#13449=CARTESIAN_POINT('Ctrl Pts',(28.1834197225855,45.7615034894376,-2.));
#13450=CARTESIAN_POINT('',(27.8579911101711,45.6702886249981,-2.));
#13451=CARTESIAN_POINT('Ctrl Pts',(27.8579911101711,45.6702886249981,-2.));
#13452=CARTESIAN_POINT('Ctrl Pts',(27.9011559139294,45.6968104963662,-2.));
#13453=CARTESIAN_POINT('Ctrl Pts',(28.0003035818064,45.7577300758597,-2.));
#13454=CARTESIAN_POINT('Ctrl Pts',(28.1173375278345,45.7601417555682,-2.));
#13455=CARTESIAN_POINT('Ctrl Pts',(28.1834197225855,45.7615034894376,-2.));
#13456=CARTESIAN_POINT('',(27.8579911101711,45.6702886249981,-2.));
#13457=CARTESIAN_POINT('Ctrl Pts',(27.7548530682626,45.4370611058644,-1.6));
#13458=CARTESIAN_POINT('Ctrl Pts',(27.7548530682626,45.4370611058644,-2.));
#13459=CARTESIAN_POINT('Ctrl Pts',(27.7590227127806,45.4821170476861,-1.6));
#13460=CARTESIAN_POINT('Ctrl Pts',(27.7590227127806,45.4821170476861,-2.));
#13461=CARTESIAN_POINT('Ctrl Pts',(27.7672914126542,45.5714661657793,-1.6));
#13462=CARTESIAN_POINT('Ctrl Pts',(27.7672914126542,45.5714661657793,-2.));
#13463=CARTESIAN_POINT('Ctrl Pts',(27.8279304343275,45.6375358155184,-1.6));
#13464=CARTESIAN_POINT('Ctrl Pts',(27.8279304343275,45.6375358155184,-2.));
#13465=CARTESIAN_POINT('Ctrl Pts',(27.8579911101711,45.6702886249981,-1.6));
#13466=CARTESIAN_POINT('Ctrl Pts',(27.8579911101711,45.6702886249981,-2.));
#13467=CARTESIAN_POINT('',(27.7548530682626,45.4370611058644,-2.));
#13468=CARTESIAN_POINT('Ctrl Pts',(27.7548530682626,45.4370611058644,-2.));
#13469=CARTESIAN_POINT('Ctrl Pts',(27.7590227127806,45.4821170476861,-2.));
#13470=CARTESIAN_POINT('Ctrl Pts',(27.7672914126542,45.5714661657793,-2.));
#13471=CARTESIAN_POINT('Ctrl Pts',(27.8279304343275,45.6375358155184,-2.));
#13472=CARTESIAN_POINT('Ctrl Pts',(27.8579911101711,45.6702886249981,-2.));
#13473=CARTESIAN_POINT('',(27.7548530682626,45.4370611058644,-2.));
#13474=CARTESIAN_POINT('Ctrl Pts',(27.8079547988992,45.2576301645765,-1.6));
#13475=CARTESIAN_POINT('Ctrl Pts',(27.8079547988992,45.2576301645765,-2.));
#13476=CARTESIAN_POINT('Ctrl Pts',(27.7924525040863,45.2856892736696,-1.6));
#13477=CARTESIAN_POINT('Ctrl Pts',(27.7924525040863,45.2856892736696,-2.));
#13478=CARTESIAN_POINT('Ctrl Pts',(27.7615606701885,45.3416034043121,-1.6));
#13479=CARTESIAN_POINT('Ctrl Pts',(27.7615606701885,45.3416034043121,-2.));
#13480=CARTESIAN_POINT('Ctrl Pts',(27.7570834883074,45.4053193935011,-1.6));
#13481=CARTESIAN_POINT('Ctrl Pts',(27.7570834883074,45.4053193935011,-2.));
#13482=CARTESIAN_POINT('Ctrl Pts',(27.7548530682626,45.4370611058644,-1.6));
#13483=CARTESIAN_POINT('Ctrl Pts',(27.7548530682626,45.4370611058644,-2.));
#13484=CARTESIAN_POINT('',(27.8079547988992,45.2576301645765,-2.));
#13485=CARTESIAN_POINT('Ctrl Pts',(27.8079547988992,45.2576301645765,-2.));
#13486=CARTESIAN_POINT('Ctrl Pts',(27.7924525040863,45.2856892736696,-2.));
#13487=CARTESIAN_POINT('Ctrl Pts',(27.7615606701885,45.3416034043121,-2.));
#13488=CARTESIAN_POINT('Ctrl Pts',(27.7570834883074,45.4053193935011,-2.));
#13489=CARTESIAN_POINT('Ctrl Pts',(27.7548530682626,45.4370611058644,-2.));
#13490=CARTESIAN_POINT('',(27.8079547988992,45.2576301645765,-2.));
#13491=CARTESIAN_POINT('Ctrl Pts',(27.9634094542272,45.1374847252189,-1.6));
#13492=CARTESIAN_POINT('Ctrl Pts',(27.9634094542272,45.1374847252189,-2.));
#13493=CARTESIAN_POINT('Ctrl Pts',(27.9316249721912,45.1514783074328,-1.6));
#13494=CARTESIAN_POINT('Ctrl Pts',(27.9316249721912,45.1514783074328,-2.));
#13495=CARTESIAN_POINT('Ctrl Pts',(27.8697961167925,45.1786993636147,-1.6));
#13496=CARTESIAN_POINT('Ctrl Pts',(27.8697961167925,45.1786993636147,-2.));
#13497=CARTESIAN_POINT('Ctrl Pts',(27.8281781400082,45.2318182225572,-1.6));
#13498=CARTESIAN_POINT('Ctrl Pts',(27.8281781400082,45.2318182225572,-2.));
#13499=CARTESIAN_POINT('Ctrl Pts',(27.8079547988992,45.2576301645765,-1.6));
#13500=CARTESIAN_POINT('Ctrl Pts',(27.8079547988992,45.2576301645765,-2.));
#13501=CARTESIAN_POINT('',(27.9634094542272,45.1374847252189,-2.));
#13502=CARTESIAN_POINT('Ctrl Pts',(27.9634094542272,45.1374847252189,-2.));
#13503=CARTESIAN_POINT('Ctrl Pts',(27.9316249721912,45.1514783074328,-2.));
#13504=CARTESIAN_POINT('Ctrl Pts',(27.8697961167925,45.1786993636147,-2.));
#13505=CARTESIAN_POINT('Ctrl Pts',(27.8281781400082,45.2318182225572,-2.));
#13506=CARTESIAN_POINT('Ctrl Pts',(27.8079547988992,45.2576301645765,-2.));
#13507=CARTESIAN_POINT('',(27.9634094542272,45.1374847252189,-2.));
#13508=CARTESIAN_POINT('Ctrl Pts',(28.2471529543449,45.0998016384462,-1.6));
#13509=CARTESIAN_POINT('Ctrl Pts',(28.2471529543449,45.0998016384462,-2.));
#13510=CARTESIAN_POINT('Ctrl Pts',(28.1929020756761,45.1004241796703,-1.6));
#13511=CARTESIAN_POINT('Ctrl Pts',(28.1929020756761,45.1004241796703,-2.));
#13512=CARTESIAN_POINT('Ctrl Pts',(28.0966735807076,45.1015284236295,-1.6));
#13513=CARTESIAN_POINT('Ctrl Pts',(28.0966735807076,45.1015284236295,-2.));
#13514=CARTESIAN_POINT('Ctrl Pts',(28.0038860316851,45.1265636464198,-1.6));
#13515=CARTESIAN_POINT('Ctrl Pts',(28.0038860316851,45.1265636464198,-2.));
#13516=CARTESIAN_POINT('Ctrl Pts',(27.9634094542272,45.1374847252189,-1.6));
#13517=CARTESIAN_POINT('Ctrl Pts',(27.9634094542272,45.1374847252189,-2.));
#13518=CARTESIAN_POINT('',(28.2471529543449,45.0998016384462,-2.));
#13519=CARTESIAN_POINT('Ctrl Pts',(28.2471529543449,45.0998016384462,-2.));
#13520=CARTESIAN_POINT('Ctrl Pts',(28.1929020756761,45.1004241796703,-2.));
#13521=CARTESIAN_POINT('Ctrl Pts',(28.0966735807076,45.1015284236295,-2.));
#13522=CARTESIAN_POINT('Ctrl Pts',(28.0038860316851,45.1265636464198,-2.));
#13523=CARTESIAN_POINT('Ctrl Pts',(27.9634094542272,45.1374847252189,-2.));
#13524=CARTESIAN_POINT('',(28.2471529543449,45.0998016384462,-2.));
#13525=CARTESIAN_POINT('Origin',(28.5316002776381,45.0996352469536,-2.));
#13526=CARTESIAN_POINT('',(28.8160476009313,45.0994688554611,-2.));
#13527=CARTESIAN_POINT('',(28.5157561652441,45.0996445151917,-2.));
#13528=CARTESIAN_POINT('',(28.8160476009313,45.0994688554611,-2.));
#13529=CARTESIAN_POINT('Origin',(28.8162411258981,45.430301026923,-2.));
#13530=CARTESIAN_POINT('',(28.8161883369896,45.3400580494771,-2.));
#13531=CARTESIAN_POINT('Origin',(28.5,45.25,-1.6));
#13532=CARTESIAN_POINT('',(30.0183354472858,45.745423316488,-1.6));
#13533=CARTESIAN_POINT('',(30.0173035802194,43.9814399513938,-1.6));
#13534=CARTESIAN_POINT('',(30.0183354472858,45.745423316488,-1.6));
#13535=CARTESIAN_POINT('',(29.3566712533735,45.7458103663345,-1.6));
#13536=CARTESIAN_POINT('',(29.3566712533735,45.7458103663345,-1.6));
#13537=CARTESIAN_POINT('',(29.3568093144659,45.9818266888596,-1.6));
#13538=CARTESIAN_POINT('',(29.3568093144659,45.9818266888596,-1.6));
#13539=CARTESIAN_POINT('',(30.9420750373123,45.9808993652106,-1.6));
#13540=CARTESIAN_POINT('',(30.9420750373123,45.9808993652106,-1.6));
#13541=CARTESIAN_POINT('',(30.9419369762199,45.7448830426855,-1.6));
#13542=CARTESIAN_POINT('',(30.9419369762199,45.7448830426855,-1.6));
#13543=CARTESIAN_POINT('',(30.2830011844554,45.7452684965145,-1.6));
#13544=CARTESIAN_POINT('',(30.2830011844554,45.7452684965145,-1.6));
#13545=CARTESIAN_POINT('',(30.281969317389,43.9812851314203,-1.6));
#13546=CARTESIAN_POINT('',(30.281969317389,43.9812851314203,-1.6));
#13547=CARTESIAN_POINT('',(30.0173035802194,43.9814399513938,-1.6));
#13548=CARTESIAN_POINT('Origin',(30.0178195137526,44.8634316339409,-2.));
#13549=CARTESIAN_POINT('',(30.0173035802194,43.9814399513938,-2.));
#13550=CARTESIAN_POINT('',(30.0173035802194,43.9814399513938,-2.));
#13551=CARTESIAN_POINT('',(30.0183354472858,45.745423316488,-2.));
#13552=CARTESIAN_POINT('',(30.0179323183498,45.0562718159672,-2.));
#13553=CARTESIAN_POINT('',(30.0183354472858,45.745423316488,-2.));
#13554=CARTESIAN_POINT('Origin',(29.6875033503296,45.7456168414113,-2.));
#13555=CARTESIAN_POINT('',(29.3566712533735,45.7458103663345,-2.));
#13556=CARTESIAN_POINT('',(29.0938968373342,45.7459640799529,-2.));
#13557=CARTESIAN_POINT('',(29.3566712533735,45.7458103663345,-2.));
#13558=CARTESIAN_POINT('Origin',(29.3567402839197,45.8638185275971,-2.));
#13559=CARTESIAN_POINT('',(29.3568093144659,45.9818266888596,-2.));
#13560=CARTESIAN_POINT('',(29.3565606064771,45.5566587877185,-2.));
#13561=CARTESIAN_POINT('',(29.3568093144659,45.9818266888596,-2.));
#13562=CARTESIAN_POINT('Origin',(30.1494421758891,45.9813630270351,-2.));
#13563=CARTESIAN_POINT('',(30.9420750373123,45.9808993652106,-2.));
#13564=CARTESIAN_POINT('',(29.3249352806602,45.9818453340274,-2.));
#13565=CARTESIAN_POINT('',(30.9420750373123,45.9808993652106,-2.));
#13566=CARTESIAN_POINT('Origin',(30.9420060067661,45.8628912039481,-2.));
#13567=CARTESIAN_POINT('',(30.9419369762199,45.7448830426855,-2.));
#13568=CARTESIAN_POINT('',(30.9418263293236,45.5557314640696,-2.));
#13569=CARTESIAN_POINT('',(30.9419369762199,45.7448830426855,-2.));
#13570=CARTESIAN_POINT('Origin',(30.6124690803376,45.7450757696,-2.));
#13571=CARTESIAN_POINT('',(30.2830011844554,45.7452684965145,-2.));
#13572=CARTESIAN_POINT('',(29.5563797023382,45.7456935440473,-2.));
#13573=CARTESIAN_POINT('',(30.2830011844554,45.7452684965145,-2.));
#13574=CARTESIAN_POINT('Origin',(30.2824852509222,44.8632768139674,-2.));
#13575=CARTESIAN_POINT('',(30.281969317389,43.9812851314203,-2.));
#13576=CARTESIAN_POINT('',(30.2825980555193,45.0561169959937,-2.));
#13577=CARTESIAN_POINT('',(30.281969317389,43.9812851314203,-2.));
#13578=CARTESIAN_POINT('Origin',(30.1496364488042,43.9813625414071,-2.));
#13579=CARTESIAN_POINT('',(29.3244474530383,43.9818452474037,-2.));
#13580=CARTESIAN_POINT('Origin',(28.5,45.25,-2.));
#13581=CARTESIAN_POINT('Origin',(28.5,45.25,-2.));
#13582=CARTESIAN_POINT('Origin',(28.5,45.25,-2.));
#13583=CARTESIAN_POINT('Origin',(35.1,23.75,0.4));
#13584=CARTESIAN_POINT('',(25.0294508438502,24.8850005629936,0.4));
#13585=CARTESIAN_POINT('',(25.0294508438502,25.2574425700584,0.4));
#13586=CARTESIAN_POINT('',(25.0294508438502,24.8850005629936,0.4));
#13587=CARTESIAN_POINT('',(25.2777459125911,24.7437999907413,0.4));
#13588=CARTESIAN_POINT('Ctrl Pts',(25.2777459125911,24.7437999907413,0.4));
#13589=CARTESIAN_POINT('Ctrl Pts',(25.228542158274,24.7644820843731,0.4));
#13590=CARTESIAN_POINT('Ctrl Pts',(25.1400435305587,24.801681215417,0.4));
#13591=CARTESIAN_POINT('Ctrl Pts',(25.0634566859714,24.8593809251707,0.4));
#13592=CARTESIAN_POINT('Ctrl Pts',(25.0294508438502,24.8850005629936,0.4));
#13593=CARTESIAN_POINT('',(25.6133528452311,24.6776336196342,0.4));
#13594=CARTESIAN_POINT('Ctrl Pts',(25.6133528452311,24.6776336196342,0.4));
#13595=CARTESIAN_POINT('Ctrl Pts',(25.5562093639522,24.6804659101518,0.4));
#13596=CARTESIAN_POINT('Ctrl Pts',(25.4411280133356,24.6861698646677,0.4));
#13597=CARTESIAN_POINT('Ctrl Pts',(25.3324566597991,24.7245017491052,0.4));
#13598=CARTESIAN_POINT('Ctrl Pts',(25.2777459125911,24.7437999907413,0.4));
#13599=CARTESIAN_POINT('',(25.9871592026149,24.7649459305683,0.4));
#13600=CARTESIAN_POINT('Ctrl Pts',(25.9871592026149,24.7649459305683,0.4));
#13601=CARTESIAN_POINT('Ctrl Pts',(25.9275277312898,24.7394798818764,0.4));
#13602=CARTESIAN_POINT('Ctrl Pts',(25.8080503660138,24.688456213768,0.4));
#13603=CARTESIAN_POINT('Ctrl Pts',(25.6783296208681,24.6812454646542,0.4));
#13604=CARTESIAN_POINT('Ctrl Pts',(25.6133528452311,24.6776336196342,0.4));
#13605=CARTESIAN_POINT('',(26.2552355628405,25.0323402646461,0.4));
#13606=CARTESIAN_POINT('Ctrl Pts',(26.2552355628405,25.0323402646461,0.4));
#13607=CARTESIAN_POINT('Ctrl Pts',(26.2212776146154,24.9762949553946,0.4));
#13608=CARTESIAN_POINT('Ctrl Pts',(26.1538910895487,24.8650780287503,0.4));
#13609=CARTESIAN_POINT('Ctrl Pts',(26.0424446666853,24.7981480349656,0.4));
#13610=CARTESIAN_POINT('Ctrl Pts',(25.9871592026149,24.7649459305683,0.4));
#13611=CARTESIAN_POINT('',(26.3473229508792,25.4798163238445,0.4));
#13612=CARTESIAN_POINT('Ctrl Pts',(26.3473229508792,25.4798163238445,0.4));
#13613=CARTESIAN_POINT('Ctrl Pts',(26.3447248760083,25.3968709172216,0.4));
#13614=CARTESIAN_POINT('Ctrl Pts',(26.3398789466169,25.2421611402501,0.4));
#13615=CARTESIAN_POINT('Ctrl Pts',(26.2820570751975,25.098827601951,0.4));
#13616=CARTESIAN_POINT('Ctrl Pts',(26.2552355628405,25.0323402646461,0.4));
#13617=CARTESIAN_POINT('',(26.2709246974383,25.8822721007744,0.4));
#13618=CARTESIAN_POINT('Ctrl Pts',(26.2709246974383,25.8822721007744,0.4));
#13619=CARTESIAN_POINT('Ctrl Pts',(26.2932049410659,25.8184212944902,0.4));
#13620=CARTESIAN_POINT('Ctrl Pts',(26.3386767174961,25.6881081059642,0.4));
#13621=CARTESIAN_POINT('Ctrl Pts',(26.3444026225792,25.5501683903488,0.4));
#13622=CARTESIAN_POINT('Ctrl Pts',(26.3473229508792,25.4798163238445,0.4));
#13623=CARTESIAN_POINT('',(26.1447309356127,26.0800891879478,0.4));
#13624=CARTESIAN_POINT('Ctrl Pts',(26.1447309356127,26.0800891879478,0.4));
#13625=CARTESIAN_POINT('Ctrl Pts',(26.1702093661534,26.0495104108127,0.4));
#13626=CARTESIAN_POINT('Ctrl Pts',(26.2206866047253,25.9889284912857,0.4));
#13627=CARTESIAN_POINT('Ctrl Pts',(26.2542850813997,25.9175983102369,0.4));
#13628=CARTESIAN_POINT('Ctrl Pts',(26.2709246974383,25.8822721007744,0.4));
#13629=CARTESIAN_POINT('',(25.9312247138415,26.2253825131336,0.4));
#13630=CARTESIAN_POINT('Ctrl Pts',(25.9312247138415,26.2253825131336,0.4));
#13631=CARTESIAN_POINT('Ctrl Pts',(25.9725543558431,26.206221157688,0.4));
#13632=CARTESIAN_POINT('Ctrl Pts',(26.0517713507377,26.1694943697703,0.4));
#13633=CARTESIAN_POINT('Ctrl Pts',(26.1146552581209,26.1090148917169,0.4));
#13634=CARTESIAN_POINT('Ctrl Pts',(26.1447309356127,26.0800891879478,0.4));
#13635=CARTESIAN_POINT('',(25.6174458961879,26.2806349757591,0.4));
#13636=CARTESIAN_POINT('Ctrl Pts',(25.6174458961879,26.2806349757591,0.4));
#13637=CARTESIAN_POINT('Ctrl Pts',(25.6743655554705,26.2789413108465,0.4));
#13638=CARTESIAN_POINT('Ctrl Pts',(25.7817329023547,26.2757465568639,0.4));
#13639=CARTESIAN_POINT('Ctrl Pts',(25.8834376558502,26.2414820536668,0.4));
#13640=CARTESIAN_POINT('Ctrl Pts',(25.9312247138415,26.2253825131336,0.4));
#13641=CARTESIAN_POINT('',(25.3418662052546,26.2281110647598,0.4));
#13642=CARTESIAN_POINT('Ctrl Pts',(25.3418662052546,26.2281110647598,0.4));
#13643=CARTESIAN_POINT('Ctrl Pts',(25.3850989869522,26.2434267291873,0.4));
#13644=CARTESIAN_POINT('Ctrl Pts',(25.4742332729518,26.2750034808962,0.4));
#13645=CARTESIAN_POINT('Ctrl Pts',(25.5687649144504,26.2787207122509,0.4));
#13646=CARTESIAN_POINT('Ctrl Pts',(25.6174458961879,26.2806349757591,0.4));
#13647=CARTESIAN_POINT('',(25.1508702736293,26.0882746938148,0.4));
#13648=CARTESIAN_POINT('Ctrl Pts',(25.1508702736293,26.0882746938148,0.4));
#13649=CARTESIAN_POINT('Ctrl Pts',(25.1765451756093,26.1163410805727,0.4));
#13650=CARTESIAN_POINT('Ctrl Pts',(25.2307877958625,26.1756361213082,0.4));
#13651=CARTESIAN_POINT('Ctrl Pts',(25.3035466335416,26.2100083806312,0.4));
#13652=CARTESIAN_POINT('Ctrl Pts',(25.3418662052546,26.2281110647598,0.4));
#13653=CARTESIAN_POINT('',(25.0390007000361,25.8481655779758,0.4));
#13654=CARTESIAN_POINT('Ctrl Pts',(25.0390007000361,25.8481655779758,0.4));
#13655=CARTESIAN_POINT('Ctrl Pts',(25.0536721758998,25.8946669629563,0.4));
#13656=CARTESIAN_POINT('Ctrl Pts',(25.0804967469333,25.9796877008937,0.4));
#13657=CARTESIAN_POINT('Ctrl Pts',(25.1289280628537,26.0544176626553,0.4));
#13658=CARTESIAN_POINT('Ctrl Pts',(25.1508702736293,26.0882746938148,0.4));
#13659=CARTESIAN_POINT('',(24.8002560835276,25.9136499229351,0.4));
#13660=CARTESIAN_POINT('',(24.8002560835276,25.9136499229351,0.4));
#13661=CARTESIAN_POINT('',(24.9516882400904,26.2410714987198,0.4));
#13662=CARTESIAN_POINT('Ctrl Pts',(24.9516882400904,26.2410714987198,0.4));
#13663=CARTESIAN_POINT('Ctrl Pts',(24.9199878938778,26.1940374143493,0.4));
#13664=CARTESIAN_POINT('Ctrl Pts',(24.8519916376353,26.0931507668808,0.4));
#13665=CARTESIAN_POINT('Ctrl Pts',(24.8182611656383,25.9761200653725,0.4));
#13666=CARTESIAN_POINT('Ctrl Pts',(24.8002560835276,25.9136499229351,0.4));
#13667=CARTESIAN_POINT('',(25.2265860538874,26.4368423584381,0.4));
#13668=CARTESIAN_POINT('Ctrl Pts',(25.2265860538874,26.4368423584381,0.4));
#13669=CARTESIAN_POINT('Ctrl Pts',(25.172098262724,26.4120951837273,0.4));
#13670=CARTESIAN_POINT('Ctrl Pts',(25.0676291263849,26.3646475644777,0.4));
#13671=CARTESIAN_POINT('Ctrl Pts',(24.9892075886935,26.2810616492038,0.4));
#13672=CARTESIAN_POINT('Ctrl Pts',(24.9516882400904,26.2410714987198,0.4));
#13673=CARTESIAN_POINT('',(25.6188102465068,26.5071014824787,0.4));
#13674=CARTESIAN_POINT('Ctrl Pts',(25.6188102465068,26.5071014824787,0.4));
#13675=CARTESIAN_POINT('Ctrl Pts',(25.5493573623256,26.5046129161744,0.4));
#13676=CARTESIAN_POINT('Ctrl Pts',(25.4152161465312,26.4998065022495,0.4));
#13677=CARTESIAN_POINT('Ctrl Pts',(25.287956037093,26.4573274697695,0.4));
#13678=CARTESIAN_POINT('Ctrl Pts',(25.2265860538874,26.4368423584381,0.4));
#13679=CARTESIAN_POINT('',(26.1467771630679,26.3843184474388,0.4));
#13680=CARTESIAN_POINT('Ctrl Pts',(26.1467771630679,26.3843184474388,0.4));
#13681=CARTESIAN_POINT('Ctrl Pts',(26.0657918324304,26.4201171634665,0.4));
#13682=CARTESIAN_POINT('Ctrl Pts',(25.8977220771856,26.4944106360435,0.4));
#13683=CARTESIAN_POINT('Ctrl Pts',(25.7140031855561,26.5027700815186,0.4));
#13684=CARTESIAN_POINT('Ctrl Pts',(25.6188102465068,26.5071014824787,0.4));
#13685=CARTESIAN_POINT('',(26.4980732303057,26.0084657135883,0.4));
#13686=CARTESIAN_POINT('Ctrl Pts',(26.4980732303057,26.0084657135883,0.4));
#13687=CARTESIAN_POINT('Ctrl Pts',(26.4537384381566,26.086943222075,0.4));
#13688=CARTESIAN_POINT('Ctrl Pts',(26.3668827248696,26.2406874858053,0.4));
#13689=CARTESIAN_POINT('Ctrl Pts',(26.2191170510004,26.3371126995097,0.4));
#13690=CARTESIAN_POINT('Ctrl Pts',(26.1467771630679,26.3843184474388,0.4));
#13691=CARTESIAN_POINT('',(26.6201742391978,25.4634453121105,0.4));
#13692=CARTESIAN_POINT('Ctrl Pts',(26.6201742391978,25.4634453121105,0.4));
#13693=CARTESIAN_POINT('Ctrl Pts',(26.6152919803527,25.558714227908,0.4));
#13694=CARTESIAN_POINT('Ctrl Pts',(26.6056235638351,25.7473768097866,0.4));
#13695=CARTESIAN_POINT('Ctrl Pts',(26.5336849921767,25.9220146951282,0.4));
#13696=CARTESIAN_POINT('Ctrl Pts',(26.4980732303057,26.0084657135883,0.4));
#13697=CARTESIAN_POINT('',(26.4973910551463,24.9300209942738,0.4));
#13698=CARTESIAN_POINT('Ctrl Pts',(26.4973910551463,24.9300209942738,0.4));
#13699=CARTESIAN_POINT('Ctrl Pts',(26.5331969288346,25.013071834986,0.4));
#13700=CARTESIAN_POINT('Ctrl Pts',(26.6065905818854,25.1833066026633,0.4));
#13701=CARTESIAN_POINT('Ctrl Pts',(26.615573654191,25.3685664501908,0.4));
#13702=CARTESIAN_POINT('Ctrl Pts',(26.6201742391978,25.4634453121105,0.4));
#13703=CARTESIAN_POINT('',(26.1338167291079,24.5650824669281,0.4));
#13704=CARTESIAN_POINT('Ctrl Pts',(26.1338167291079,24.5650824669281,0.4));
#13705=CARTESIAN_POINT('Ctrl Pts',(26.2090940574426,24.6117019173153,0.4));
#13706=CARTESIAN_POINT('Ctrl Pts',(26.3591438893049,24.7046281787392,0.4));
#13707=CARTESIAN_POINT('Ctrl Pts',(26.4514121417184,24.8550587576907,0.4));
#13708=CARTESIAN_POINT('Ctrl Pts',(26.4973910551463,24.9300209942738,0.4));
#13709=CARTESIAN_POINT('',(25.598346183816,24.4388887051025,0.4));
#13710=CARTESIAN_POINT('Ctrl Pts',(25.598346183816,24.4388887051025,0.4));
#13711=CARTESIAN_POINT('Ctrl Pts',(25.6934443888986,24.4436899005245,0.4));
#13712=CARTESIAN_POINT('Ctrl Pts',(25.8797207751389,24.4530943822606,0.4));
#13713=CARTESIAN_POINT('Ctrl Pts',(26.0503147448382,24.5282805142081,0.4));
#13714=CARTESIAN_POINT('Ctrl Pts',(26.1338167291079,24.5650824669281,0.4));
#13715=CARTESIAN_POINT('',(25.1726980905925,24.5173334840218,0.4));
#13716=CARTESIAN_POINT('Ctrl Pts',(25.1726980905925,24.5173334840218,0.4));
#13717=CARTESIAN_POINT('Ctrl Pts',(25.2421288481514,24.4944538240926,0.4));
#13718=CARTESIAN_POINT('Ctrl Pts',(25.3804381916933,24.4488764624662,0.4));
#13719=CARTESIAN_POINT('Ctrl Pts',(25.5259037668943,24.4422090848463,0.4));
#13720=CARTESIAN_POINT('Ctrl Pts',(25.598346183816,24.4388887051025,0.4));
#13721=CARTESIAN_POINT('',(24.770242164651,24.7513034704605,0.4));
#13722=CARTESIAN_POINT('Ctrl Pts',(24.770242164651,24.7513034704605,0.4));
#13723=CARTESIAN_POINT('Ctrl Pts',(24.834682485082,24.7030962831673,0.4));
#13724=CARTESIAN_POINT('Ctrl Pts',(24.9598062599165,24.6094923841189,0.4));
#13725=CARTESIAN_POINT('Ctrl Pts',(25.1031689783362,24.5474319922168,0.4));
#13726=CARTESIAN_POINT('Ctrl Pts',(25.1726980905925,24.5173334840218,0.4));
#13727=CARTESIAN_POINT('',(24.770242164651,25.4934589329639,0.4));
#13728=CARTESIAN_POINT('',(24.770242164651,25.4934589329639,0.4));
#13729=CARTESIAN_POINT('',(25.6174458961879,25.492094582645,0.4));
#13730=CARTESIAN_POINT('',(25.6174458961879,25.492094582645,0.4));
#13731=CARTESIAN_POINT('',(25.6174458961879,25.2574425700584,0.4));
#13732=CARTESIAN_POINT('',(25.6174458961879,25.2574425700584,0.4));
#13733=CARTESIAN_POINT('',(25.0294508438502,25.2574425700584,0.4));
#13734=CARTESIAN_POINT('Origin',(25.0294508438502,25.071221566526,0.));
#13735=CARTESIAN_POINT('',(25.0294508438502,25.2574425700584,0.));
#13736=CARTESIAN_POINT('',(25.0294508438502,25.2574425700584,0.));
#13737=CARTESIAN_POINT('',(25.0294508438502,24.8850005629936,0.));
#13738=CARTESIAN_POINT('',(25.0294508438502,24.410610783263,0.));
#13739=CARTESIAN_POINT('',(25.0294508438502,24.8850005629936,0.));
#13740=CARTESIAN_POINT('Ctrl Pts',(25.2777459125911,24.7437999907413,0.4));
#13741=CARTESIAN_POINT('Ctrl Pts',(25.2777459125911,24.7437999907413,0.));
#13742=CARTESIAN_POINT('Ctrl Pts',(25.228542158274,24.7644820843731,0.4));
#13743=CARTESIAN_POINT('Ctrl Pts',(25.228542158274,24.7644820843731,0.));
#13744=CARTESIAN_POINT('Ctrl Pts',(25.1400435305587,24.801681215417,0.4));
#13745=CARTESIAN_POINT('Ctrl Pts',(25.1400435305587,24.801681215417,0.));
#13746=CARTESIAN_POINT('Ctrl Pts',(25.0634566859714,24.8593809251707,0.4));
#13747=CARTESIAN_POINT('Ctrl Pts',(25.0634566859714,24.8593809251707,0.));
#13748=CARTESIAN_POINT('Ctrl Pts',(25.0294508438502,24.8850005629936,0.4));
#13749=CARTESIAN_POINT('Ctrl Pts',(25.0294508438502,24.8850005629936,0.));
#13750=CARTESIAN_POINT('',(25.2777459125911,24.7437999907413,0.));
#13751=CARTESIAN_POINT('Ctrl Pts',(25.2777459125911,24.7437999907413,0.));
#13752=CARTESIAN_POINT('Ctrl Pts',(25.228542158274,24.7644820843731,0.));
#13753=CARTESIAN_POINT('Ctrl Pts',(25.1400435305587,24.801681215417,0.));
#13754=CARTESIAN_POINT('Ctrl Pts',(25.0634566859714,24.8593809251707,0.));
#13755=CARTESIAN_POINT('Ctrl Pts',(25.0294508438502,24.8850005629936,0.));
#13756=CARTESIAN_POINT('',(25.2777459125911,24.7437999907413,0.));
#13757=CARTESIAN_POINT('Ctrl Pts',(25.6133528452311,24.6776336196342,0.4));
#13758=CARTESIAN_POINT('Ctrl Pts',(25.6133528452311,24.6776336196342,0.));
#13759=CARTESIAN_POINT('Ctrl Pts',(25.5562093639522,24.6804659101518,0.4));
#13760=CARTESIAN_POINT('Ctrl Pts',(25.5562093639522,24.6804659101518,0.));
#13761=CARTESIAN_POINT('Ctrl Pts',(25.4411280133356,24.6861698646677,0.4));
#13762=CARTESIAN_POINT('Ctrl Pts',(25.4411280133356,24.6861698646677,0.));
#13763=CARTESIAN_POINT('Ctrl Pts',(25.3324566597991,24.7245017491052,0.4));
#13764=CARTESIAN_POINT('Ctrl Pts',(25.3324566597991,24.7245017491052,0.));
#13765=CARTESIAN_POINT('Ctrl Pts',(25.2777459125911,24.7437999907413,0.4));
#13766=CARTESIAN_POINT('Ctrl Pts',(25.2777459125911,24.7437999907413,0.));
#13767=CARTESIAN_POINT('',(25.6133528452311,24.6776336196342,0.));
#13768=CARTESIAN_POINT('Ctrl Pts',(25.6133528452311,24.6776336196342,0.));
#13769=CARTESIAN_POINT('Ctrl Pts',(25.5562093639522,24.6804659101518,0.));
#13770=CARTESIAN_POINT('Ctrl Pts',(25.4411280133356,24.6861698646677,0.));
#13771=CARTESIAN_POINT('Ctrl Pts',(25.3324566597991,24.7245017491052,0.));
#13772=CARTESIAN_POINT('Ctrl Pts',(25.2777459125911,24.7437999907413,0.));
#13773=CARTESIAN_POINT('',(25.6133528452311,24.6776336196342,0.));
#13774=CARTESIAN_POINT('Ctrl Pts',(25.9871592026149,24.7649459305683,0.4));
#13775=CARTESIAN_POINT('Ctrl Pts',(25.9871592026149,24.7649459305683,0.));
#13776=CARTESIAN_POINT('Ctrl Pts',(25.9275277312898,24.7394798818764,0.4));
#13777=CARTESIAN_POINT('Ctrl Pts',(25.9275277312898,24.7394798818764,0.));
#13778=CARTESIAN_POINT('Ctrl Pts',(25.8080503660138,24.688456213768,0.4));
#13779=CARTESIAN_POINT('Ctrl Pts',(25.8080503660138,24.688456213768,0.));
#13780=CARTESIAN_POINT('Ctrl Pts',(25.6783296208681,24.6812454646542,0.4));
#13781=CARTESIAN_POINT('Ctrl Pts',(25.6783296208681,24.6812454646542,0.));
#13782=CARTESIAN_POINT('Ctrl Pts',(25.6133528452311,24.6776336196342,0.4));
#13783=CARTESIAN_POINT('Ctrl Pts',(25.6133528452311,24.6776336196342,0.));
#13784=CARTESIAN_POINT('',(25.9871592026149,24.7649459305683,0.));
#13785=CARTESIAN_POINT('Ctrl Pts',(25.9871592026149,24.7649459305683,0.));
#13786=CARTESIAN_POINT('Ctrl Pts',(25.9275277312898,24.7394798818764,0.));
#13787=CARTESIAN_POINT('Ctrl Pts',(25.8080503660138,24.688456213768,0.));
#13788=CARTESIAN_POINT('Ctrl Pts',(25.6783296208681,24.6812454646542,0.));
#13789=CARTESIAN_POINT('Ctrl Pts',(25.6133528452311,24.6776336196342,0.));
#13790=CARTESIAN_POINT('',(25.9871592026149,24.7649459305683,0.));
#13791=CARTESIAN_POINT('Ctrl Pts',(26.2552355628405,25.0323402646461,0.4));
#13792=CARTESIAN_POINT('Ctrl Pts',(26.2552355628405,25.0323402646461,0.));
#13793=CARTESIAN_POINT('Ctrl Pts',(26.2212776146154,24.9762949553946,0.4));
#13794=CARTESIAN_POINT('Ctrl Pts',(26.2212776146154,24.9762949553946,0.));
#13795=CARTESIAN_POINT('Ctrl Pts',(26.1538910895487,24.8650780287503,0.4));
#13796=CARTESIAN_POINT('Ctrl Pts',(26.1538910895487,24.8650780287503,0.));
#13797=CARTESIAN_POINT('Ctrl Pts',(26.0424446666853,24.7981480349656,0.4));
#13798=CARTESIAN_POINT('Ctrl Pts',(26.0424446666853,24.7981480349656,0.));
#13799=CARTESIAN_POINT('Ctrl Pts',(25.9871592026149,24.7649459305683,0.4));
#13800=CARTESIAN_POINT('Ctrl Pts',(25.9871592026149,24.7649459305683,0.));
#13801=CARTESIAN_POINT('',(26.2552355628405,25.0323402646461,0.));
#13802=CARTESIAN_POINT('Ctrl Pts',(26.2552355628405,25.0323402646461,0.));
#13803=CARTESIAN_POINT('Ctrl Pts',(26.2212776146154,24.9762949553946,0.));
#13804=CARTESIAN_POINT('Ctrl Pts',(26.1538910895487,24.8650780287503,0.));
#13805=CARTESIAN_POINT('Ctrl Pts',(26.0424446666853,24.7981480349656,0.));
#13806=CARTESIAN_POINT('Ctrl Pts',(25.9871592026149,24.7649459305683,0.));
#13807=CARTESIAN_POINT('',(26.2552355628405,25.0323402646461,0.));
#13808=CARTESIAN_POINT('Ctrl Pts',(26.3473229508792,25.4798163238445,0.4));
#13809=CARTESIAN_POINT('Ctrl Pts',(26.3473229508792,25.4798163238445,0.));
#13810=CARTESIAN_POINT('Ctrl Pts',(26.3447248760083,25.3968709172216,0.4));
#13811=CARTESIAN_POINT('Ctrl Pts',(26.3447248760083,25.3968709172216,0.));
#13812=CARTESIAN_POINT('Ctrl Pts',(26.3398789466169,25.2421611402501,0.4));
#13813=CARTESIAN_POINT('Ctrl Pts',(26.3398789466169,25.2421611402501,0.));
#13814=CARTESIAN_POINT('Ctrl Pts',(26.2820570751975,25.098827601951,0.4));
#13815=CARTESIAN_POINT('Ctrl Pts',(26.2820570751975,25.098827601951,0.));
#13816=CARTESIAN_POINT('Ctrl Pts',(26.2552355628405,25.0323402646461,0.4));
#13817=CARTESIAN_POINT('Ctrl Pts',(26.2552355628405,25.0323402646461,0.));
#13818=CARTESIAN_POINT('',(26.3473229508792,25.4798163238445,0.));
#13819=CARTESIAN_POINT('Ctrl Pts',(26.3473229508792,25.4798163238445,0.));
#13820=CARTESIAN_POINT('Ctrl Pts',(26.3447248760083,25.3968709172216,0.));
#13821=CARTESIAN_POINT('Ctrl Pts',(26.3398789466169,25.2421611402501,0.));
#13822=CARTESIAN_POINT('Ctrl Pts',(26.2820570751975,25.098827601951,0.));
#13823=CARTESIAN_POINT('Ctrl Pts',(26.2552355628405,25.0323402646461,0.));
#13824=CARTESIAN_POINT('',(26.3473229508792,25.4798163238445,0.));
#13825=CARTESIAN_POINT('Ctrl Pts',(26.2709246974383,25.8822721007744,0.4));
#13826=CARTESIAN_POINT('Ctrl Pts',(26.2709246974383,25.8822721007744,0.));
#13827=CARTESIAN_POINT('Ctrl Pts',(26.2932049410659,25.8184212944902,0.4));
#13828=CARTESIAN_POINT('Ctrl Pts',(26.2932049410659,25.8184212944902,0.));
#13829=CARTESIAN_POINT('Ctrl Pts',(26.3386767174961,25.6881081059642,0.4));
#13830=CARTESIAN_POINT('Ctrl Pts',(26.3386767174961,25.6881081059642,0.));
#13831=CARTESIAN_POINT('Ctrl Pts',(26.3444026225792,25.5501683903488,0.4));
#13832=CARTESIAN_POINT('Ctrl Pts',(26.3444026225792,25.5501683903488,0.));
#13833=CARTESIAN_POINT('Ctrl Pts',(26.3473229508792,25.4798163238445,0.4));
#13834=CARTESIAN_POINT('Ctrl Pts',(26.3473229508792,25.4798163238445,0.));
#13835=CARTESIAN_POINT('',(26.2709246974383,25.8822721007744,0.));
#13836=CARTESIAN_POINT('Ctrl Pts',(26.2709246974383,25.8822721007744,0.));
#13837=CARTESIAN_POINT('Ctrl Pts',(26.2932049410659,25.8184212944902,0.));
#13838=CARTESIAN_POINT('Ctrl Pts',(26.3386767174961,25.6881081059642,0.));
#13839=CARTESIAN_POINT('Ctrl Pts',(26.3444026225792,25.5501683903488,0.));
#13840=CARTESIAN_POINT('Ctrl Pts',(26.3473229508792,25.4798163238445,0.));
#13841=CARTESIAN_POINT('',(26.2709246974383,25.8822721007744,0.));
#13842=CARTESIAN_POINT('Ctrl Pts',(26.1447309356127,26.0800891879478,0.4));
#13843=CARTESIAN_POINT('Ctrl Pts',(26.1447309356127,26.0800891879478,0.));
#13844=CARTESIAN_POINT('Ctrl Pts',(26.1702093661534,26.0495104108127,0.4));
#13845=CARTESIAN_POINT('Ctrl Pts',(26.1702093661534,26.0495104108127,0.));
#13846=CARTESIAN_POINT('Ctrl Pts',(26.2206866047253,25.9889284912857,0.4));
#13847=CARTESIAN_POINT('Ctrl Pts',(26.2206866047253,25.9889284912857,0.));
#13848=CARTESIAN_POINT('Ctrl Pts',(26.2542850813997,25.9175983102369,0.4));
#13849=CARTESIAN_POINT('Ctrl Pts',(26.2542850813997,25.9175983102369,0.));
#13850=CARTESIAN_POINT('Ctrl Pts',(26.2709246974383,25.8822721007744,0.4));
#13851=CARTESIAN_POINT('Ctrl Pts',(26.2709246974383,25.8822721007744,0.));
#13852=CARTESIAN_POINT('',(26.1447309356127,26.0800891879478,0.));
#13853=CARTESIAN_POINT('Ctrl Pts',(26.1447309356127,26.0800891879478,0.));
#13854=CARTESIAN_POINT('Ctrl Pts',(26.1702093661534,26.0495104108127,0.));
#13855=CARTESIAN_POINT('Ctrl Pts',(26.2206866047253,25.9889284912857,0.));
#13856=CARTESIAN_POINT('Ctrl Pts',(26.2542850813997,25.9175983102369,0.));
#13857=CARTESIAN_POINT('Ctrl Pts',(26.2709246974383,25.8822721007744,0.));
#13858=CARTESIAN_POINT('',(26.1447309356127,26.0800891879478,0.));
#13859=CARTESIAN_POINT('Ctrl Pts',(25.9312247138415,26.2253825131336,0.4));
#13860=CARTESIAN_POINT('Ctrl Pts',(25.9312247138415,26.2253825131336,0.));
#13861=CARTESIAN_POINT('Ctrl Pts',(25.9725543558431,26.206221157688,0.4));
#13862=CARTESIAN_POINT('Ctrl Pts',(25.9725543558431,26.206221157688,0.));
#13863=CARTESIAN_POINT('Ctrl Pts',(26.0517713507377,26.1694943697703,0.4));
#13864=CARTESIAN_POINT('Ctrl Pts',(26.0517713507377,26.1694943697703,0.));
#13865=CARTESIAN_POINT('Ctrl Pts',(26.1146552581209,26.1090148917169,0.4));
#13866=CARTESIAN_POINT('Ctrl Pts',(26.1146552581209,26.1090148917169,0.));
#13867=CARTESIAN_POINT('Ctrl Pts',(26.1447309356127,26.0800891879478,0.4));
#13868=CARTESIAN_POINT('Ctrl Pts',(26.1447309356127,26.0800891879478,0.));
#13869=CARTESIAN_POINT('',(25.9312247138415,26.2253825131336,0.));
#13870=CARTESIAN_POINT('Ctrl Pts',(25.9312247138415,26.2253825131336,0.));
#13871=CARTESIAN_POINT('Ctrl Pts',(25.9725543558431,26.206221157688,0.));
#13872=CARTESIAN_POINT('Ctrl Pts',(26.0517713507377,26.1694943697703,0.));
#13873=CARTESIAN_POINT('Ctrl Pts',(26.1146552581209,26.1090148917169,0.));
#13874=CARTESIAN_POINT('Ctrl Pts',(26.1447309356127,26.0800891879478,0.));
#13875=CARTESIAN_POINT('',(25.9312247138415,26.2253825131336,0.));
#13876=CARTESIAN_POINT('Ctrl Pts',(25.6174458961879,26.2806349757591,0.4));
#13877=CARTESIAN_POINT('Ctrl Pts',(25.6174458961879,26.2806349757591,0.));
#13878=CARTESIAN_POINT('Ctrl Pts',(25.6743655554705,26.2789413108465,0.4));
#13879=CARTESIAN_POINT('Ctrl Pts',(25.6743655554705,26.2789413108465,0.));
#13880=CARTESIAN_POINT('Ctrl Pts',(25.7817329023547,26.2757465568639,0.4));
#13881=CARTESIAN_POINT('Ctrl Pts',(25.7817329023547,26.2757465568639,0.));
#13882=CARTESIAN_POINT('Ctrl Pts',(25.8834376558502,26.2414820536668,0.4));
#13883=CARTESIAN_POINT('Ctrl Pts',(25.8834376558502,26.2414820536668,0.));
#13884=CARTESIAN_POINT('Ctrl Pts',(25.9312247138415,26.2253825131336,0.4));
#13885=CARTESIAN_POINT('Ctrl Pts',(25.9312247138415,26.2253825131336,0.));
#13886=CARTESIAN_POINT('',(25.6174458961879,26.2806349757591,0.));
#13887=CARTESIAN_POINT('Ctrl Pts',(25.6174458961879,26.2806349757591,0.));
#13888=CARTESIAN_POINT('Ctrl Pts',(25.6743655554705,26.2789413108465,0.));
#13889=CARTESIAN_POINT('Ctrl Pts',(25.7817329023547,26.2757465568639,0.));
#13890=CARTESIAN_POINT('Ctrl Pts',(25.8834376558502,26.2414820536668,0.));
#13891=CARTESIAN_POINT('Ctrl Pts',(25.9312247138415,26.2253825131336,0.));
#13892=CARTESIAN_POINT('',(25.6174458961879,26.2806349757591,0.));
#13893=CARTESIAN_POINT('Ctrl Pts',(25.3418662052546,26.2281110647598,0.4));
#13894=CARTESIAN_POINT('Ctrl Pts',(25.3418662052546,26.2281110647598,0.));
#13895=CARTESIAN_POINT('Ctrl Pts',(25.3850989869522,26.2434267291873,0.4));
#13896=CARTESIAN_POINT('Ctrl Pts',(25.3850989869522,26.2434267291873,0.));
#13897=CARTESIAN_POINT('Ctrl Pts',(25.4742332729518,26.2750034808962,0.4));
#13898=CARTESIAN_POINT('Ctrl Pts',(25.4742332729518,26.2750034808962,0.));
#13899=CARTESIAN_POINT('Ctrl Pts',(25.5687649144504,26.2787207122509,0.4));
#13900=CARTESIAN_POINT('Ctrl Pts',(25.5687649144504,26.2787207122509,0.));
#13901=CARTESIAN_POINT('Ctrl Pts',(25.6174458961879,26.2806349757591,0.4));
#13902=CARTESIAN_POINT('Ctrl Pts',(25.6174458961879,26.2806349757591,0.));
#13903=CARTESIAN_POINT('',(25.3418662052546,26.2281110647598,0.));
#13904=CARTESIAN_POINT('Ctrl Pts',(25.3418662052546,26.2281110647598,0.));
#13905=CARTESIAN_POINT('Ctrl Pts',(25.3850989869522,26.2434267291873,0.));
#13906=CARTESIAN_POINT('Ctrl Pts',(25.4742332729518,26.2750034808962,0.));
#13907=CARTESIAN_POINT('Ctrl Pts',(25.5687649144504,26.2787207122509,0.));
#13908=CARTESIAN_POINT('Ctrl Pts',(25.6174458961879,26.2806349757591,0.));
#13909=CARTESIAN_POINT('',(25.3418662052546,26.2281110647598,0.));
#13910=CARTESIAN_POINT('Ctrl Pts',(25.1508702736293,26.0882746938148,0.4));
#13911=CARTESIAN_POINT('Ctrl Pts',(25.1508702736293,26.0882746938148,0.));
#13912=CARTESIAN_POINT('Ctrl Pts',(25.1765451756093,26.1163410805727,0.4));
#13913=CARTESIAN_POINT('Ctrl Pts',(25.1765451756093,26.1163410805727,0.));
#13914=CARTESIAN_POINT('Ctrl Pts',(25.2307877958625,26.1756361213082,0.4));
#13915=CARTESIAN_POINT('Ctrl Pts',(25.2307877958625,26.1756361213082,0.));
#13916=CARTESIAN_POINT('Ctrl Pts',(25.3035466335416,26.2100083806312,0.4));
#13917=CARTESIAN_POINT('Ctrl Pts',(25.3035466335416,26.2100083806312,0.));
#13918=CARTESIAN_POINT('Ctrl Pts',(25.3418662052546,26.2281110647598,0.4));
#13919=CARTESIAN_POINT('Ctrl Pts',(25.3418662052546,26.2281110647598,0.));
#13920=CARTESIAN_POINT('',(25.1508702736293,26.0882746938148,0.));
#13921=CARTESIAN_POINT('Ctrl Pts',(25.1508702736293,26.0882746938148,0.));
#13922=CARTESIAN_POINT('Ctrl Pts',(25.1765451756093,26.1163410805727,0.));
#13923=CARTESIAN_POINT('Ctrl Pts',(25.2307877958625,26.1756361213082,0.));
#13924=CARTESIAN_POINT('Ctrl Pts',(25.3035466335416,26.2100083806312,0.));
#13925=CARTESIAN_POINT('Ctrl Pts',(25.3418662052546,26.2281110647598,0.));
#13926=CARTESIAN_POINT('',(25.1508702736293,26.0882746938148,0.));
#13927=CARTESIAN_POINT('Ctrl Pts',(25.0390007000361,25.8481655779758,0.4));
#13928=CARTESIAN_POINT('Ctrl Pts',(25.0390007000361,25.8481655779758,0.));
#13929=CARTESIAN_POINT('Ctrl Pts',(25.0536721758998,25.8946669629563,0.4));
#13930=CARTESIAN_POINT('Ctrl Pts',(25.0536721758998,25.8946669629563,0.));
#13931=CARTESIAN_POINT('Ctrl Pts',(25.0804967469333,25.9796877008937,0.4));
#13932=CARTESIAN_POINT('Ctrl Pts',(25.0804967469333,25.9796877008937,0.));
#13933=CARTESIAN_POINT('Ctrl Pts',(25.1289280628537,26.0544176626553,0.4));
#13934=CARTESIAN_POINT('Ctrl Pts',(25.1289280628537,26.0544176626553,0.));
#13935=CARTESIAN_POINT('Ctrl Pts',(25.1508702736293,26.0882746938148,0.4));
#13936=CARTESIAN_POINT('Ctrl Pts',(25.1508702736293,26.0882746938148,0.));
#13937=CARTESIAN_POINT('',(25.0390007000361,25.8481655779758,0.));
#13938=CARTESIAN_POINT('Ctrl Pts',(25.0390007000361,25.8481655779758,0.));
#13939=CARTESIAN_POINT('Ctrl Pts',(25.0536721758998,25.8946669629563,0.));
#13940=CARTESIAN_POINT('Ctrl Pts',(25.0804967469333,25.9796877008937,0.));
#13941=CARTESIAN_POINT('Ctrl Pts',(25.1289280628537,26.0544176626553,0.));
#13942=CARTESIAN_POINT('Ctrl Pts',(25.1508702736293,26.0882746938148,0.));
#13943=CARTESIAN_POINT('',(25.0390007000361,25.8481655779758,0.));
#13944=CARTESIAN_POINT('Origin',(24.9196283917819,25.8809077504555,0.));
#13945=CARTESIAN_POINT('',(24.8002560835276,25.9136499229351,0.));
#13946=CARTESIAN_POINT('',(29.9254509091258,24.5078798961544,0.));
#13947=CARTESIAN_POINT('',(24.8002560835276,25.9136499229351,0.));
#13948=CARTESIAN_POINT('Ctrl Pts',(24.9516882400904,26.2410714987198,0.4));
#13949=CARTESIAN_POINT('Ctrl Pts',(24.9516882400904,26.2410714987198,0.));
#13950=CARTESIAN_POINT('Ctrl Pts',(24.9199878938778,26.1940374143493,0.4));
#13951=CARTESIAN_POINT('Ctrl Pts',(24.9199878938778,26.1940374143493,0.));
#13952=CARTESIAN_POINT('Ctrl Pts',(24.8519916376353,26.0931507668808,0.4));
#13953=CARTESIAN_POINT('Ctrl Pts',(24.8519916376353,26.0931507668808,0.));
#13954=CARTESIAN_POINT('Ctrl Pts',(24.8182611656383,25.9761200653725,0.4));
#13955=CARTESIAN_POINT('Ctrl Pts',(24.8182611656383,25.9761200653725,0.));
#13956=CARTESIAN_POINT('Ctrl Pts',(24.8002560835276,25.9136499229351,0.4));
#13957=CARTESIAN_POINT('Ctrl Pts',(24.8002560835276,25.9136499229351,0.));
#13958=CARTESIAN_POINT('',(24.9516882400904,26.2410714987198,0.));
#13959=CARTESIAN_POINT('Ctrl Pts',(24.9516882400904,26.2410714987198,0.));
#13960=CARTESIAN_POINT('Ctrl Pts',(24.9199878938778,26.1940374143493,0.));
#13961=CARTESIAN_POINT('Ctrl Pts',(24.8519916376353,26.0931507668808,0.));
#13962=CARTESIAN_POINT('Ctrl Pts',(24.8182611656383,25.9761200653725,0.));
#13963=CARTESIAN_POINT('Ctrl Pts',(24.8002560835276,25.9136499229351,0.));
#13964=CARTESIAN_POINT('',(24.9516882400904,26.2410714987198,0.));
#13965=CARTESIAN_POINT('Ctrl Pts',(25.2265860538874,26.4368423584381,0.4));
#13966=CARTESIAN_POINT('Ctrl Pts',(25.2265860538874,26.4368423584381,0.));
#13967=CARTESIAN_POINT('Ctrl Pts',(25.172098262724,26.4120951837273,0.4));
#13968=CARTESIAN_POINT('Ctrl Pts',(25.172098262724,26.4120951837273,0.));
#13969=CARTESIAN_POINT('Ctrl Pts',(25.0676291263849,26.3646475644777,0.4));
#13970=CARTESIAN_POINT('Ctrl Pts',(25.0676291263849,26.3646475644777,0.));
#13971=CARTESIAN_POINT('Ctrl Pts',(24.9892075886935,26.2810616492038,0.4));
#13972=CARTESIAN_POINT('Ctrl Pts',(24.9892075886935,26.2810616492038,0.));
#13973=CARTESIAN_POINT('Ctrl Pts',(24.9516882400904,26.2410714987198,0.4));
#13974=CARTESIAN_POINT('Ctrl Pts',(24.9516882400904,26.2410714987198,0.));
#13975=CARTESIAN_POINT('',(25.2265860538874,26.4368423584381,0.));
#13976=CARTESIAN_POINT('Ctrl Pts',(25.2265860538874,26.4368423584381,0.));
#13977=CARTESIAN_POINT('Ctrl Pts',(25.172098262724,26.4120951837273,0.));
#13978=CARTESIAN_POINT('Ctrl Pts',(25.0676291263849,26.3646475644777,0.));
#13979=CARTESIAN_POINT('Ctrl Pts',(24.9892075886935,26.2810616492038,0.));
#13980=CARTESIAN_POINT('Ctrl Pts',(24.9516882400904,26.2410714987198,0.));
#13981=CARTESIAN_POINT('',(25.2265860538874,26.4368423584381,0.));
#13982=CARTESIAN_POINT('Ctrl Pts',(25.6188102465068,26.5071014824787,0.4));
#13983=CARTESIAN_POINT('Ctrl Pts',(25.6188102465068,26.5071014824787,0.));
#13984=CARTESIAN_POINT('Ctrl Pts',(25.5493573623256,26.5046129161744,0.4));
#13985=CARTESIAN_POINT('Ctrl Pts',(25.5493573623256,26.5046129161744,0.));
#13986=CARTESIAN_POINT('Ctrl Pts',(25.4152161465312,26.4998065022495,0.4));
#13987=CARTESIAN_POINT('Ctrl Pts',(25.4152161465312,26.4998065022495,0.));
#13988=CARTESIAN_POINT('Ctrl Pts',(25.287956037093,26.4573274697695,0.4));
#13989=CARTESIAN_POINT('Ctrl Pts',(25.287956037093,26.4573274697695,0.));
#13990=CARTESIAN_POINT('Ctrl Pts',(25.2265860538874,26.4368423584381,0.4));
#13991=CARTESIAN_POINT('Ctrl Pts',(25.2265860538874,26.4368423584381,0.));
#13992=CARTESIAN_POINT('',(25.6188102465068,26.5071014824787,0.));
#13993=CARTESIAN_POINT('Ctrl Pts',(25.6188102465068,26.5071014824787,0.));
#13994=CARTESIAN_POINT('Ctrl Pts',(25.5493573623256,26.5046129161744,0.));
#13995=CARTESIAN_POINT('Ctrl Pts',(25.4152161465312,26.4998065022495,0.));
#13996=CARTESIAN_POINT('Ctrl Pts',(25.287956037093,26.4573274697695,0.));
#13997=CARTESIAN_POINT('Ctrl Pts',(25.2265860538874,26.4368423584381,0.));
#13998=CARTESIAN_POINT('',(25.6188102465068,26.5071014824787,0.));
#13999=CARTESIAN_POINT('Ctrl Pts',(26.1467771630679,26.3843184474388,0.4));
#14000=CARTESIAN_POINT('Ctrl Pts',(26.1467771630679,26.3843184474388,0.));
#14001=CARTESIAN_POINT('Ctrl Pts',(26.0657918324304,26.4201171634665,0.4));
#14002=CARTESIAN_POINT('Ctrl Pts',(26.0657918324304,26.4201171634665,0.));
#14003=CARTESIAN_POINT('Ctrl Pts',(25.8977220771856,26.4944106360435,0.4));
#14004=CARTESIAN_POINT('Ctrl Pts',(25.8977220771856,26.4944106360435,0.));
#14005=CARTESIAN_POINT('Ctrl Pts',(25.7140031855561,26.5027700815186,0.4));
#14006=CARTESIAN_POINT('Ctrl Pts',(25.7140031855561,26.5027700815186,0.));
#14007=CARTESIAN_POINT('Ctrl Pts',(25.6188102465068,26.5071014824787,0.4));
#14008=CARTESIAN_POINT('Ctrl Pts',(25.6188102465068,26.5071014824787,0.));
#14009=CARTESIAN_POINT('',(26.1467771630679,26.3843184474388,0.));
#14010=CARTESIAN_POINT('Ctrl Pts',(26.1467771630679,26.3843184474388,0.));
#14011=CARTESIAN_POINT('Ctrl Pts',(26.0657918324304,26.4201171634665,0.));
#14012=CARTESIAN_POINT('Ctrl Pts',(25.8977220771856,26.4944106360435,0.));
#14013=CARTESIAN_POINT('Ctrl Pts',(25.7140031855561,26.5027700815186,0.));
#14014=CARTESIAN_POINT('Ctrl Pts',(25.6188102465068,26.5071014824787,0.));
#14015=CARTESIAN_POINT('',(26.1467771630679,26.3843184474388,0.));
#14016=CARTESIAN_POINT('Ctrl Pts',(26.4980732303057,26.0084657135883,0.4));
#14017=CARTESIAN_POINT('Ctrl Pts',(26.4980732303057,26.0084657135883,0.));
#14018=CARTESIAN_POINT('Ctrl Pts',(26.4537384381566,26.086943222075,0.4));
#14019=CARTESIAN_POINT('Ctrl Pts',(26.4537384381566,26.086943222075,0.));
#14020=CARTESIAN_POINT('Ctrl Pts',(26.3668827248696,26.2406874858053,0.4));
#14021=CARTESIAN_POINT('Ctrl Pts',(26.3668827248696,26.2406874858053,0.));
#14022=CARTESIAN_POINT('Ctrl Pts',(26.2191170510004,26.3371126995097,0.4));
#14023=CARTESIAN_POINT('Ctrl Pts',(26.2191170510004,26.3371126995097,0.));
#14024=CARTESIAN_POINT('Ctrl Pts',(26.1467771630679,26.3843184474388,0.4));
#14025=CARTESIAN_POINT('Ctrl Pts',(26.1467771630679,26.3843184474388,0.));
#14026=CARTESIAN_POINT('',(26.4980732303057,26.0084657135883,0.));
#14027=CARTESIAN_POINT('Ctrl Pts',(26.4980732303057,26.0084657135883,0.));
#14028=CARTESIAN_POINT('Ctrl Pts',(26.4537384381566,26.086943222075,0.));
#14029=CARTESIAN_POINT('Ctrl Pts',(26.3668827248696,26.2406874858053,0.));
#14030=CARTESIAN_POINT('Ctrl Pts',(26.2191170510004,26.3371126995097,0.));
#14031=CARTESIAN_POINT('Ctrl Pts',(26.1467771630679,26.3843184474388,0.));
#14032=CARTESIAN_POINT('',(26.4980732303057,26.0084657135883,0.));
#14033=CARTESIAN_POINT('Ctrl Pts',(26.6201742391978,25.4634453121105,0.4));
#14034=CARTESIAN_POINT('Ctrl Pts',(26.6201742391978,25.4634453121105,0.));
#14035=CARTESIAN_POINT('Ctrl Pts',(26.6152919803527,25.558714227908,0.4));
#14036=CARTESIAN_POINT('Ctrl Pts',(26.6152919803527,25.558714227908,0.));
#14037=CARTESIAN_POINT('Ctrl Pts',(26.6056235638351,25.7473768097866,0.4));
#14038=CARTESIAN_POINT('Ctrl Pts',(26.6056235638351,25.7473768097866,0.));
#14039=CARTESIAN_POINT('Ctrl Pts',(26.5336849921767,25.9220146951282,0.4));
#14040=CARTESIAN_POINT('Ctrl Pts',(26.5336849921767,25.9220146951282,0.));
#14041=CARTESIAN_POINT('Ctrl Pts',(26.4980732303057,26.0084657135883,0.4));
#14042=CARTESIAN_POINT('Ctrl Pts',(26.4980732303057,26.0084657135883,0.));
#14043=CARTESIAN_POINT('',(26.6201742391978,25.4634453121105,0.));
#14044=CARTESIAN_POINT('Ctrl Pts',(26.6201742391978,25.4634453121105,0.));
#14045=CARTESIAN_POINT('Ctrl Pts',(26.6152919803527,25.558714227908,0.));
#14046=CARTESIAN_POINT('Ctrl Pts',(26.6056235638351,25.7473768097866,0.));
#14047=CARTESIAN_POINT('Ctrl Pts',(26.5336849921767,25.9220146951282,0.));
#14048=CARTESIAN_POINT('Ctrl Pts',(26.4980732303057,26.0084657135883,0.));
#14049=CARTESIAN_POINT('',(26.6201742391978,25.4634453121105,0.));
#14050=CARTESIAN_POINT('Ctrl Pts',(26.4973910551463,24.9300209942738,0.4));
#14051=CARTESIAN_POINT('Ctrl Pts',(26.4973910551463,24.9300209942738,0.));
#14052=CARTESIAN_POINT('Ctrl Pts',(26.5331969288346,25.013071834986,0.4));
#14053=CARTESIAN_POINT('Ctrl Pts',(26.5331969288346,25.013071834986,0.));
#14054=CARTESIAN_POINT('Ctrl Pts',(26.6065905818854,25.1833066026633,0.4));
#14055=CARTESIAN_POINT('Ctrl Pts',(26.6065905818854,25.1833066026633,0.));
#14056=CARTESIAN_POINT('Ctrl Pts',(26.615573654191,25.3685664501908,0.4));
#14057=CARTESIAN_POINT('Ctrl Pts',(26.615573654191,25.3685664501908,0.));
#14058=CARTESIAN_POINT('Ctrl Pts',(26.6201742391978,25.4634453121105,0.4));
#14059=CARTESIAN_POINT('Ctrl Pts',(26.6201742391978,25.4634453121105,0.));
#14060=CARTESIAN_POINT('',(26.4973910551463,24.9300209942738,0.));
#14061=CARTESIAN_POINT('Ctrl Pts',(26.4973910551463,24.9300209942738,0.));
#14062=CARTESIAN_POINT('Ctrl Pts',(26.5331969288346,25.013071834986,0.));
#14063=CARTESIAN_POINT('Ctrl Pts',(26.6065905818854,25.1833066026633,0.));
#14064=CARTESIAN_POINT('Ctrl Pts',(26.615573654191,25.3685664501908,0.));
#14065=CARTESIAN_POINT('Ctrl Pts',(26.6201742391978,25.4634453121105,0.));
#14066=CARTESIAN_POINT('',(26.4973910551463,24.9300209942738,0.));
#14067=CARTESIAN_POINT('Ctrl Pts',(26.1338167291079,24.5650824669281,0.4));
#14068=CARTESIAN_POINT('Ctrl Pts',(26.1338167291079,24.5650824669281,0.));
#14069=CARTESIAN_POINT('Ctrl Pts',(26.2090940574426,24.6117019173153,0.4));
#14070=CARTESIAN_POINT('Ctrl Pts',(26.2090940574426,24.6117019173153,0.));
#14071=CARTESIAN_POINT('Ctrl Pts',(26.3591438893049,24.7046281787392,0.4));
#14072=CARTESIAN_POINT('Ctrl Pts',(26.3591438893049,24.7046281787392,0.));
#14073=CARTESIAN_POINT('Ctrl Pts',(26.4514121417184,24.8550587576907,0.4));
#14074=CARTESIAN_POINT('Ctrl Pts',(26.4514121417184,24.8550587576907,0.));
#14075=CARTESIAN_POINT('Ctrl Pts',(26.4973910551463,24.9300209942738,0.4));
#14076=CARTESIAN_POINT('Ctrl Pts',(26.4973910551463,24.9300209942738,0.));
#14077=CARTESIAN_POINT('',(26.1338167291079,24.5650824669281,0.));
#14078=CARTESIAN_POINT('Ctrl Pts',(26.1338167291079,24.5650824669281,0.));
#14079=CARTESIAN_POINT('Ctrl Pts',(26.2090940574426,24.6117019173153,0.));
#14080=CARTESIAN_POINT('Ctrl Pts',(26.3591438893049,24.7046281787392,0.));
#14081=CARTESIAN_POINT('Ctrl Pts',(26.4514121417184,24.8550587576907,0.));
#14082=CARTESIAN_POINT('Ctrl Pts',(26.4973910551463,24.9300209942738,0.));
#14083=CARTESIAN_POINT('',(26.1338167291079,24.5650824669281,0.));
#14084=CARTESIAN_POINT('Ctrl Pts',(25.598346183816,24.4388887051025,0.4));
#14085=CARTESIAN_POINT('Ctrl Pts',(25.598346183816,24.4388887051025,0.));
#14086=CARTESIAN_POINT('Ctrl Pts',(25.6934443888986,24.4436899005245,0.4));
#14087=CARTESIAN_POINT('Ctrl Pts',(25.6934443888986,24.4436899005245,0.));
#14088=CARTESIAN_POINT('Ctrl Pts',(25.8797207751389,24.4530943822606,0.4));
#14089=CARTESIAN_POINT('Ctrl Pts',(25.8797207751389,24.4530943822606,0.));
#14090=CARTESIAN_POINT('Ctrl Pts',(26.0503147448382,24.5282805142081,0.4));
#14091=CARTESIAN_POINT('Ctrl Pts',(26.0503147448382,24.5282805142081,0.));
#14092=CARTESIAN_POINT('Ctrl Pts',(26.1338167291079,24.5650824669281,0.4));
#14093=CARTESIAN_POINT('Ctrl Pts',(26.1338167291079,24.5650824669281,0.));
#14094=CARTESIAN_POINT('',(25.598346183816,24.4388887051025,0.));
#14095=CARTESIAN_POINT('Ctrl Pts',(25.598346183816,24.4388887051025,0.));
#14096=CARTESIAN_POINT('Ctrl Pts',(25.6934443888986,24.4436899005245,0.));
#14097=CARTESIAN_POINT('Ctrl Pts',(25.8797207751389,24.4530943822606,0.));
#14098=CARTESIAN_POINT('Ctrl Pts',(26.0503147448382,24.5282805142081,0.));
#14099=CARTESIAN_POINT('Ctrl Pts',(26.1338167291079,24.5650824669281,0.));
#14100=CARTESIAN_POINT('',(25.598346183816,24.4388887051025,0.));
#14101=CARTESIAN_POINT('Ctrl Pts',(25.1726980905925,24.5173334840218,0.4));
#14102=CARTESIAN_POINT('Ctrl Pts',(25.1726980905925,24.5173334840218,0.));
#14103=CARTESIAN_POINT('Ctrl Pts',(25.2421288481514,24.4944538240926,0.4));
#14104=CARTESIAN_POINT('Ctrl Pts',(25.2421288481514,24.4944538240926,0.));
#14105=CARTESIAN_POINT('Ctrl Pts',(25.3804381916933,24.4488764624662,0.4));
#14106=CARTESIAN_POINT('Ctrl Pts',(25.3804381916933,24.4488764624662,0.));
#14107=CARTESIAN_POINT('Ctrl Pts',(25.5259037668943,24.4422090848463,0.4));
#14108=CARTESIAN_POINT('Ctrl Pts',(25.5259037668943,24.4422090848463,0.));
#14109=CARTESIAN_POINT('Ctrl Pts',(25.598346183816,24.4388887051025,0.4));
#14110=CARTESIAN_POINT('Ctrl Pts',(25.598346183816,24.4388887051025,0.));
#14111=CARTESIAN_POINT('',(25.1726980905925,24.5173334840218,0.));
#14112=CARTESIAN_POINT('Ctrl Pts',(25.1726980905925,24.5173334840218,0.));
#14113=CARTESIAN_POINT('Ctrl Pts',(25.2421288481514,24.4944538240926,0.));
#14114=CARTESIAN_POINT('Ctrl Pts',(25.3804381916933,24.4488764624662,0.));
#14115=CARTESIAN_POINT('Ctrl Pts',(25.5259037668943,24.4422090848463,0.));
#14116=CARTESIAN_POINT('Ctrl Pts',(25.598346183816,24.4388887051025,0.));
#14117=CARTESIAN_POINT('',(25.1726980905925,24.5173334840218,0.));
#14118=CARTESIAN_POINT('Ctrl Pts',(24.770242164651,24.7513034704605,0.4));
#14119=CARTESIAN_POINT('Ctrl Pts',(24.770242164651,24.7513034704605,0.));
#14120=CARTESIAN_POINT('Ctrl Pts',(24.834682485082,24.7030962831673,0.4));
#14121=CARTESIAN_POINT('Ctrl Pts',(24.834682485082,24.7030962831673,0.));
#14122=CARTESIAN_POINT('Ctrl Pts',(24.9598062599165,24.6094923841189,0.4));
#14123=CARTESIAN_POINT('Ctrl Pts',(24.9598062599165,24.6094923841189,0.));
#14124=CARTESIAN_POINT('Ctrl Pts',(25.1031689783362,24.5474319922168,0.4));
#14125=CARTESIAN_POINT('Ctrl Pts',(25.1031689783362,24.5474319922168,0.));
#14126=CARTESIAN_POINT('Ctrl Pts',(25.1726980905925,24.5173334840218,0.4));
#14127=CARTESIAN_POINT('Ctrl Pts',(25.1726980905925,24.5173334840218,0.));
#14128=CARTESIAN_POINT('',(24.770242164651,24.7513034704605,0.));
#14129=CARTESIAN_POINT('Ctrl Pts',(24.770242164651,24.7513034704605,0.));
#14130=CARTESIAN_POINT('Ctrl Pts',(24.834682485082,24.7030962831673,0.));
#14131=CARTESIAN_POINT('Ctrl Pts',(24.9598062599165,24.6094923841189,0.));
#14132=CARTESIAN_POINT('Ctrl Pts',(25.1031689783362,24.5474319922168,0.));
#14133=CARTESIAN_POINT('Ctrl Pts',(25.1726980905925,24.5173334840218,0.));
#14134=CARTESIAN_POINT('',(24.770242164651,24.7513034704605,0.));
#14135=CARTESIAN_POINT('Origin',(24.770242164651,25.1223812017122,0.));
#14136=CARTESIAN_POINT('',(24.770242164651,25.4934589329639,0.));
#14137=CARTESIAN_POINT('',(24.770242164651,24.4361906008561,0.));
#14138=CARTESIAN_POINT('',(24.770242164651,25.4934589329639,0.));
#14139=CARTESIAN_POINT('Origin',(25.1938440304194,25.4927767578045,0.));
#14140=CARTESIAN_POINT('',(25.6174458961879,25.492094582645,0.));
#14141=CARTESIAN_POINT('',(30.1483124637554,25.4847980033026,0.));
#14142=CARTESIAN_POINT('',(25.6174458961879,25.492094582645,0.));
#14143=CARTESIAN_POINT('Origin',(25.6174458961879,25.3747685763517,0.));
#14144=CARTESIAN_POINT('',(25.6174458961879,25.2574425700584,0.));
#14145=CARTESIAN_POINT('',(25.6174458961879,24.5623842881759,0.));
#14146=CARTESIAN_POINT('',(25.6174458961879,25.2574425700584,0.));
#14147=CARTESIAN_POINT('Origin',(25.323448370019,25.2574425700584,0.));
#14148=CARTESIAN_POINT('',(30.2117241850095,25.2574425700584,0.));
#14149=CARTESIAN_POINT('Origin',(35.1,23.75,0.4));
#14150=CARTESIAN_POINT('',(26.4701058369075,22.198779261438,0.4));
#14151=CARTESIAN_POINT('',(26.4701058369075,21.9518491390625,0.4));
#14152=CARTESIAN_POINT('',(26.4701058369075,22.198779261438,0.4));
#14153=CARTESIAN_POINT('',(27.224539707223,22.198779261438,0.4));
#14154=CARTESIAN_POINT('',(27.224539707223,22.198779261438,0.4));
#14155=CARTESIAN_POINT('',(27.224539707223,21.9518491390625,0.4));
#14156=CARTESIAN_POINT('',(27.224539707223,21.9518491390625,0.4));
#14157=CARTESIAN_POINT('',(26.4701058369075,21.9518491390625,0.4));
#14158=CARTESIAN_POINT('Origin',(26.4701058369075,22.0753142002502,0.));
#14159=CARTESIAN_POINT('',(26.4701058369075,21.9518491390625,0.));
#14160=CARTESIAN_POINT('',(26.4701058369075,21.9518491390625,0.));
#14161=CARTESIAN_POINT('',(26.4701058369075,22.198779261438,0.));
#14162=CARTESIAN_POINT('',(26.4701058369075,22.9126571001251,0.));
#14163=CARTESIAN_POINT('',(26.4701058369075,22.198779261438,0.));
#14164=CARTESIAN_POINT('Origin',(26.8473227720652,22.198779261438,0.));
#14165=CARTESIAN_POINT('',(27.224539707223,22.198779261438,0.));
#14166=CARTESIAN_POINT('',(30.9736613860326,22.198779261438,0.));
#14167=CARTESIAN_POINT('',(27.224539707223,22.198779261438,0.));
#14168=CARTESIAN_POINT('Origin',(27.224539707223,22.0753142002502,0.));
#14169=CARTESIAN_POINT('',(27.224539707223,21.9518491390625,0.));
#14170=CARTESIAN_POINT('',(27.224539707223,22.9126571001251,0.));
#14171=CARTESIAN_POINT('',(27.224539707223,21.9518491390625,0.));
#14172=CARTESIAN_POINT('Origin',(26.8473227720652,21.9518491390625,0.));
#14173=CARTESIAN_POINT('',(30.9736613860326,21.9518491390625,0.));
#14174=CARTESIAN_POINT('Origin',(35.1,23.75,0.4));
#14175=CARTESIAN_POINT('',(28.3309518199359,22.198779261438,0.4));
#14176=CARTESIAN_POINT('',(28.3309518199359,21.9518491390625,0.4));
#14177=CARTESIAN_POINT('',(28.3309518199359,22.198779261438,0.4));
#14178=CARTESIAN_POINT('',(29.0853856902514,22.198779261438,0.4));
#14179=CARTESIAN_POINT('',(29.0853856902514,22.198779261438,0.4));
#14180=CARTESIAN_POINT('',(29.0853856902514,21.9518491390625,0.4));
#14181=CARTESIAN_POINT('',(29.0853856902514,21.9518491390625,0.4));
#14182=CARTESIAN_POINT('',(28.3309518199359,21.9518491390625,0.4));
#14183=CARTESIAN_POINT('Origin',(28.3309518199359,22.0753142002502,0.));
#14184=CARTESIAN_POINT('',(28.3309518199359,21.9518491390625,0.));
#14185=CARTESIAN_POINT('',(28.3309518199359,21.9518491390625,0.));
#14186=CARTESIAN_POINT('',(28.3309518199359,22.198779261438,0.));
#14187=CARTESIAN_POINT('',(28.3309518199359,22.9126571001251,0.));
#14188=CARTESIAN_POINT('',(28.3309518199359,22.198779261438,0.));
#14189=CARTESIAN_POINT('Origin',(28.7081687550936,22.198779261438,0.));
#14190=CARTESIAN_POINT('',(29.0853856902514,22.198779261438,0.));
#14191=CARTESIAN_POINT('',(31.9040843775468,22.198779261438,0.));
#14192=CARTESIAN_POINT('',(29.0853856902514,22.198779261438,0.));
#14193=CARTESIAN_POINT('Origin',(29.0853856902514,22.0753142002502,0.));
#14194=CARTESIAN_POINT('',(29.0853856902514,21.9518491390625,0.));
#14195=CARTESIAN_POINT('',(29.0853856902514,22.9126571001251,0.));
#14196=CARTESIAN_POINT('',(29.0853856902514,21.9518491390625,0.));
#14197=CARTESIAN_POINT('Origin',(28.7081687550936,21.9518491390625,0.));
#14198=CARTESIAN_POINT('',(31.9040843775468,21.9518491390625,0.));
#14199=CARTESIAN_POINT('Origin',(35.1,23.75,0.4));
#14200=CARTESIAN_POINT('',(30.3254948582445,25.2860918405929,0.4));
#14201=CARTESIAN_POINT('',(30.3254948582445,24.4729950788895,0.4));
#14202=CARTESIAN_POINT('',(30.3254948582445,25.2860918405929,0.4));
#14203=CARTESIAN_POINT('',(29.8125344168339,25.2860918405929,0.4));
#14204=CARTESIAN_POINT('',(29.8125344168339,25.2860918405929,0.4));
#14205=CARTESIAN_POINT('',(29.2259042363559,25.4627631369511,0.4));
#14206=CARTESIAN_POINT('Ctrl Pts',(29.2259042363559,25.4627631369511,0.4));
#14207=CARTESIAN_POINT('Ctrl Pts',(29.299475665876,25.4115465253406,0.4));
#14208=CARTESIAN_POINT('Ctrl Pts',(29.4739600400534,25.2900795580325,0.4));
#14209=CARTESIAN_POINT('Ctrl Pts',(29.6884717081228,25.2875530469365,0.4));
#14210=CARTESIAN_POINT('Ctrl Pts',(29.8125344168339,25.2860918405929,0.4));
#14211=CARTESIAN_POINT('',(29.063557575265,25.8945503595749,0.4));
#14212=CARTESIAN_POINT('Ctrl Pts',(29.063557575265,25.8945503595749,0.4));
#14213=CARTESIAN_POINT('Ctrl Pts',(29.0698496985931,25.8133004398373,0.4));
#14214=CARTESIAN_POINT('Ctrl Pts',(29.0822234316109,25.6535189539833,0.4));
#14215=CARTESIAN_POINT('Ctrl Pts',(29.1785569403341,25.5256231143358,0.4));
#14216=CARTESIAN_POINT('Ctrl Pts',(29.2259042363559,25.4627631369511,0.4));
#14217=CARTESIAN_POINT('',(29.1242669921313,26.1674016478935,0.4));
#14218=CARTESIAN_POINT('Ctrl Pts',(29.1242669921313,26.1674016478935,0.4));
#14219=CARTESIAN_POINT('Ctrl Pts',(29.1065619149726,26.1245410739409,0.4));
#14220=CARTESIAN_POINT('Ctrl Pts',(29.0704645569487,26.0371563385222,0.4));
#14221=CARTESIAN_POINT('Ctrl Pts',(29.0658889386149,25.942685184311,0.4));
#14222=CARTESIAN_POINT('Ctrl Pts',(29.063557575265,25.8945503595749,0.4));
#14223=CARTESIAN_POINT('',(29.2845671277438,26.3604439559856,0.4));
#14224=CARTESIAN_POINT('Ctrl Pts',(29.2845671277438,26.3604439559856,0.4));
#14225=CARTESIAN_POINT('Ctrl Pts',(29.2526671686737,26.3345029947866,0.4));
#14226=CARTESIAN_POINT('Ctrl Pts',(29.1865792088716,26.2807604430426,0.4));
#14227=CARTESIAN_POINT('Ctrl Pts',(29.1455116663302,26.2060500991364,0.4));
#14228=CARTESIAN_POINT('Ctrl Pts',(29.1242669921313,26.1674016478935,0.4));
#14229=CARTESIAN_POINT('',(29.5314975481425,26.45389539632,0.4));
#14230=CARTESIAN_POINT('Ctrl Pts',(29.5314975481425,26.45389539632,0.4));
#14231=CARTESIAN_POINT('Ctrl Pts',(29.4853887284227,26.4445444835803,0.4));
#14232=CARTESIAN_POINT('Ctrl Pts',(29.3979112442892,26.4268039661308,0.4));
#14233=CARTESIAN_POINT('Ctrl Pts',(29.3209585509528,26.3817501806663,0.4));
#14234=CARTESIAN_POINT('Ctrl Pts',(29.2845671277438,26.3604439559856,0.4));
#14235=CARTESIAN_POINT('',(29.8357268076335,26.4729951086918,0.4));
#14236=CARTESIAN_POINT('Ctrl Pts',(29.8357268076335,26.4729951086918,0.4));
#14237=CARTESIAN_POINT('Ctrl Pts',(29.777079986846,26.4728126222075,0.4));
#14238=CARTESIAN_POINT('Ctrl Pts',(29.6752517534416,26.4724957716765,0.4));
#14239=CARTESIAN_POINT('Ctrl Pts',(29.5743051118098,26.4594342725612,0.4));
#14240=CARTESIAN_POINT('Ctrl Pts',(29.5314975481425,26.45389539632,0.4));
#14241=CARTESIAN_POINT('',(30.5901606034432,26.4729951086918,0.4));
#14242=CARTESIAN_POINT('',(30.5901606034432,26.4729951086918,0.4));
#14243=CARTESIAN_POINT('',(30.5901606034432,24.4729950788895,0.4));
#14244=CARTESIAN_POINT('',(30.5901606034432,24.4729950788895,0.4));
#14245=CARTESIAN_POINT('',(30.3254948582445,24.4729950788895,0.4));
#14246=CARTESIAN_POINT('',(29.8138986926471,26.2369787457863,0.4));
#14247=CARTESIAN_POINT('',(30.3254948582445,26.2369787457863,0.4));
#14248=CARTESIAN_POINT('',(29.8138986926471,26.2369787457863,0.4));
#14249=CARTESIAN_POINT('',(29.5669682722483,26.2192433837334,0.4));
#14250=CARTESIAN_POINT('Ctrl Pts',(29.5669682722483,26.2192433837334,0.4));
#14251=CARTESIAN_POINT('Ctrl Pts',(29.5986301189589,26.2243551706414,0.4));
#14252=CARTESIAN_POINT('Ctrl Pts',(29.6803271212254,26.2375451045841,0.4));
#14253=CARTESIAN_POINT('Ctrl Pts',(29.7631648819784,26.2371938629681,0.4));
#14254=CARTESIAN_POINT('Ctrl Pts',(29.8138986926471,26.2369787457863,0.4));
#14255=CARTESIAN_POINT('',(29.3998468320761,26.1012351277748,0.4));
#14256=CARTESIAN_POINT('Ctrl Pts',(29.3998468320761,26.1012351277748,0.4));
#14257=CARTESIAN_POINT('Ctrl Pts',(29.4225812159123,26.1284672329459,0.4));
#14258=CARTESIAN_POINT('Ctrl Pts',(29.4678203601861,26.1826563916931,0.4));
#14259=CARTESIAN_POINT('Ctrl Pts',(29.5340309914943,26.2070890579013,0.4));
#14260=CARTESIAN_POINT('Ctrl Pts',(29.5669682722483,26.2192433837334,0.4));
#14261=CARTESIAN_POINT('',(29.3364088635836,25.8863647046963,0.4));
#14262=CARTESIAN_POINT('Ctrl Pts',(29.3364088635836,25.8863647046963,0.4));
#14263=CARTESIAN_POINT('Ctrl Pts',(29.3386457081824,25.9261087193256,0.4));
#14264=CARTESIAN_POINT('Ctrl Pts',(29.3429623728982,26.0028067544573,0.4));
#14265=CARTESIAN_POINT('Ctrl Pts',(29.3813508228399,26.0692310948931,0.4));
#14266=CARTESIAN_POINT('Ctrl Pts',(29.3998468320761,26.1012351277748,0.4));
#14267=CARTESIAN_POINT('',(29.4441850881968,25.6176063183227,0.4));
#14268=CARTESIAN_POINT('Ctrl Pts',(29.4441850881968,25.6176063183227,0.4));
#14269=CARTESIAN_POINT('Ctrl Pts',(29.4127740472883,25.6540665021463,0.4));
#14270=CARTESIAN_POINT('Ctrl Pts',(29.3464544905717,25.7310465435279,0.4));
#14271=CARTESIAN_POINT('Ctrl Pts',(29.3398730995388,25.8328032138055,0.4));
#14272=CARTESIAN_POINT('Ctrl Pts',(29.3364088635836,25.8863647046963,0.4));
#14273=CARTESIAN_POINT('',(29.8084416639004,25.5221083525101,0.4));
#14274=CARTESIAN_POINT('Ctrl Pts',(29.8084416639004,25.5221083525101,0.4));
#14275=CARTESIAN_POINT('Ctrl Pts',(29.7332695104907,25.5229639563448,0.4));
#14276=CARTESIAN_POINT('Ctrl Pts',(29.6030022021886,25.5244466491168,0.4));
#14277=CARTESIAN_POINT('Ctrl Pts',(29.4913901875688,25.5899165352018,0.4));
#14278=CARTESIAN_POINT('Ctrl Pts',(29.4441850881968,25.6176063183227,0.4));
#14279=CARTESIAN_POINT('',(30.3254948582445,25.5221083525101,0.4));
#14280=CARTESIAN_POINT('',(30.3254948582445,25.5221083525101,0.4));
#14281=CARTESIAN_POINT('',(30.3254948582445,26.2369787457863,0.4));
#14282=CARTESIAN_POINT('Origin',(30.3254948582445,24.8795434597412,0.));
#14283=CARTESIAN_POINT('',(30.3254948582445,24.4729950788895,0.));
#14284=CARTESIAN_POINT('',(30.3254948582445,24.4729950788895,0.));
#14285=CARTESIAN_POINT('',(30.3254948582445,25.2860918405929,0.));
#14286=CARTESIAN_POINT('',(30.3254948582445,24.3147717298706,0.));
#14287=CARTESIAN_POINT('',(30.3254948582445,25.2860918405929,0.));
#14288=CARTESIAN_POINT('Origin',(30.0690146375392,25.2860918405929,0.));
#14289=CARTESIAN_POINT('',(29.8125344168339,25.2860918405929,0.));
#14290=CARTESIAN_POINT('',(32.5845073187696,25.2860918405929,0.));
#14291=CARTESIAN_POINT('',(29.8125344168339,25.2860918405929,0.));
#14292=CARTESIAN_POINT('Ctrl Pts',(29.2259042363559,25.4627631369511,0.4));
#14293=CARTESIAN_POINT('Ctrl Pts',(29.2259042363559,25.4627631369511,0.));
#14294=CARTESIAN_POINT('Ctrl Pts',(29.299475665876,25.4115465253406,0.4));
#14295=CARTESIAN_POINT('Ctrl Pts',(29.299475665876,25.4115465253406,0.));
#14296=CARTESIAN_POINT('Ctrl Pts',(29.4739600400534,25.2900795580325,0.4));
#14297=CARTESIAN_POINT('Ctrl Pts',(29.4739600400534,25.2900795580325,0.));
#14298=CARTESIAN_POINT('Ctrl Pts',(29.6884717081228,25.2875530469365,0.4));
#14299=CARTESIAN_POINT('Ctrl Pts',(29.6884717081228,25.2875530469365,0.));
#14300=CARTESIAN_POINT('Ctrl Pts',(29.8125344168339,25.2860918405929,0.4));
#14301=CARTESIAN_POINT('Ctrl Pts',(29.8125344168339,25.2860918405929,0.));
#14302=CARTESIAN_POINT('',(29.2259042363559,25.4627631369511,0.));
#14303=CARTESIAN_POINT('Ctrl Pts',(29.2259042363559,25.4627631369511,0.));
#14304=CARTESIAN_POINT('Ctrl Pts',(29.299475665876,25.4115465253406,0.));
#14305=CARTESIAN_POINT('Ctrl Pts',(29.4739600400534,25.2900795580325,0.));
#14306=CARTESIAN_POINT('Ctrl Pts',(29.6884717081228,25.2875530469365,0.));
#14307=CARTESIAN_POINT('Ctrl Pts',(29.8125344168339,25.2860918405929,0.));
#14308=CARTESIAN_POINT('',(29.2259042363559,25.4627631369511,0.));
#14309=CARTESIAN_POINT('Ctrl Pts',(29.063557575265,25.8945503595749,0.4));
#14310=CARTESIAN_POINT('Ctrl Pts',(29.063557575265,25.8945503595749,0.));
#14311=CARTESIAN_POINT('Ctrl Pts',(29.0698496985931,25.8133004398373,0.4));
#14312=CARTESIAN_POINT('Ctrl Pts',(29.0698496985931,25.8133004398373,0.));
#14313=CARTESIAN_POINT('Ctrl Pts',(29.0822234316109,25.6535189539833,0.4));
#14314=CARTESIAN_POINT('Ctrl Pts',(29.0822234316109,25.6535189539833,0.));
#14315=CARTESIAN_POINT('Ctrl Pts',(29.1785569403341,25.5256231143358,0.4));
#14316=CARTESIAN_POINT('Ctrl Pts',(29.1785569403341,25.5256231143358,0.));
#14317=CARTESIAN_POINT('Ctrl Pts',(29.2259042363559,25.4627631369511,0.4));
#14318=CARTESIAN_POINT('Ctrl Pts',(29.2259042363559,25.4627631369511,0.));
#14319=CARTESIAN_POINT('',(29.063557575265,25.8945503595749,0.));
#14320=CARTESIAN_POINT('Ctrl Pts',(29.063557575265,25.8945503595749,0.));
#14321=CARTESIAN_POINT('Ctrl Pts',(29.0698496985931,25.8133004398373,0.));
#14322=CARTESIAN_POINT('Ctrl Pts',(29.0822234316109,25.6535189539833,0.));
#14323=CARTESIAN_POINT('Ctrl Pts',(29.1785569403341,25.5256231143358,0.));
#14324=CARTESIAN_POINT('Ctrl Pts',(29.2259042363559,25.4627631369511,0.));
#14325=CARTESIAN_POINT('',(29.063557575265,25.8945503595749,0.));
#14326=CARTESIAN_POINT('Ctrl Pts',(29.1242669921313,26.1674016478935,0.4));
#14327=CARTESIAN_POINT('Ctrl Pts',(29.1242669921313,26.1674016478935,0.));
#14328=CARTESIAN_POINT('Ctrl Pts',(29.1065619149726,26.1245410739409,0.4));
#14329=CARTESIAN_POINT('Ctrl Pts',(29.1065619149726,26.1245410739409,0.));
#14330=CARTESIAN_POINT('Ctrl Pts',(29.0704645569487,26.0371563385222,0.4));
#14331=CARTESIAN_POINT('Ctrl Pts',(29.0704645569487,26.0371563385222,0.));
#14332=CARTESIAN_POINT('Ctrl Pts',(29.0658889386149,25.942685184311,0.4));
#14333=CARTESIAN_POINT('Ctrl Pts',(29.0658889386149,25.942685184311,0.));
#14334=CARTESIAN_POINT('Ctrl Pts',(29.063557575265,25.8945503595749,0.4));
#14335=CARTESIAN_POINT('Ctrl Pts',(29.063557575265,25.8945503595749,0.));
#14336=CARTESIAN_POINT('',(29.1242669921313,26.1674016478935,0.));
#14337=CARTESIAN_POINT('Ctrl Pts',(29.1242669921313,26.1674016478935,0.));
#14338=CARTESIAN_POINT('Ctrl Pts',(29.1065619149726,26.1245410739409,0.));
#14339=CARTESIAN_POINT('Ctrl Pts',(29.0704645569487,26.0371563385222,0.));
#14340=CARTESIAN_POINT('Ctrl Pts',(29.0658889386149,25.942685184311,0.));
#14341=CARTESIAN_POINT('Ctrl Pts',(29.063557575265,25.8945503595749,0.));
#14342=CARTESIAN_POINT('',(29.1242669921313,26.1674016478935,0.));
#14343=CARTESIAN_POINT('Ctrl Pts',(29.2845671277438,26.3604439559856,0.4));
#14344=CARTESIAN_POINT('Ctrl Pts',(29.2845671277438,26.3604439559856,0.));
#14345=CARTESIAN_POINT('Ctrl Pts',(29.2526671686737,26.3345029947866,0.4));
#14346=CARTESIAN_POINT('Ctrl Pts',(29.2526671686737,26.3345029947866,0.));
#14347=CARTESIAN_POINT('Ctrl Pts',(29.1865792088716,26.2807604430426,0.4));
#14348=CARTESIAN_POINT('Ctrl Pts',(29.1865792088716,26.2807604430426,0.));
#14349=CARTESIAN_POINT('Ctrl Pts',(29.1455116663302,26.2060500991364,0.4));
#14350=CARTESIAN_POINT('Ctrl Pts',(29.1455116663302,26.2060500991364,0.));
#14351=CARTESIAN_POINT('Ctrl Pts',(29.1242669921313,26.1674016478935,0.4));
#14352=CARTESIAN_POINT('Ctrl Pts',(29.1242669921313,26.1674016478935,0.));
#14353=CARTESIAN_POINT('',(29.2845671277438,26.3604439559856,0.));
#14354=CARTESIAN_POINT('Ctrl Pts',(29.2845671277438,26.3604439559856,0.));
#14355=CARTESIAN_POINT('Ctrl Pts',(29.2526671686737,26.3345029947866,0.));
#14356=CARTESIAN_POINT('Ctrl Pts',(29.1865792088716,26.2807604430426,0.));
#14357=CARTESIAN_POINT('Ctrl Pts',(29.1455116663302,26.2060500991364,0.));
#14358=CARTESIAN_POINT('Ctrl Pts',(29.1242669921313,26.1674016478935,0.));
#14359=CARTESIAN_POINT('',(29.2845671277438,26.3604439559856,0.));
#14360=CARTESIAN_POINT('Ctrl Pts',(29.5314975481425,26.45389539632,0.4));
#14361=CARTESIAN_POINT('Ctrl Pts',(29.5314975481425,26.45389539632,0.));
#14362=CARTESIAN_POINT('Ctrl Pts',(29.4853887284227,26.4445444835803,0.4));
#14363=CARTESIAN_POINT('Ctrl Pts',(29.4853887284227,26.4445444835803,0.));
#14364=CARTESIAN_POINT('Ctrl Pts',(29.3979112442892,26.4268039661308,0.4));
#14365=CARTESIAN_POINT('Ctrl Pts',(29.3979112442892,26.4268039661308,0.));
#14366=CARTESIAN_POINT('Ctrl Pts',(29.3209585509528,26.3817501806663,0.4));
#14367=CARTESIAN_POINT('Ctrl Pts',(29.3209585509528,26.3817501806663,0.));
#14368=CARTESIAN_POINT('Ctrl Pts',(29.2845671277438,26.3604439559856,0.4));
#14369=CARTESIAN_POINT('Ctrl Pts',(29.2845671277438,26.3604439559856,0.));
#14370=CARTESIAN_POINT('',(29.5314975481425,26.45389539632,0.));
#14371=CARTESIAN_POINT('Ctrl Pts',(29.5314975481425,26.45389539632,0.));
#14372=CARTESIAN_POINT('Ctrl Pts',(29.4853887284227,26.4445444835803,0.));
#14373=CARTESIAN_POINT('Ctrl Pts',(29.3979112442892,26.4268039661308,0.));
#14374=CARTESIAN_POINT('Ctrl Pts',(29.3209585509528,26.3817501806663,0.));
#14375=CARTESIAN_POINT('Ctrl Pts',(29.2845671277438,26.3604439559856,0.));
#14376=CARTESIAN_POINT('',(29.5314975481425,26.45389539632,0.));
#14377=CARTESIAN_POINT('Ctrl Pts',(29.8357268076335,26.4729951086918,0.4));
#14378=CARTESIAN_POINT('Ctrl Pts',(29.8357268076335,26.4729951086918,0.));
#14379=CARTESIAN_POINT('Ctrl Pts',(29.777079986846,26.4728126222075,0.4));
#14380=CARTESIAN_POINT('Ctrl Pts',(29.777079986846,26.4728126222075,0.));
#14381=CARTESIAN_POINT('Ctrl Pts',(29.6752517534416,26.4724957716765,0.4));
#14382=CARTESIAN_POINT('Ctrl Pts',(29.6752517534416,26.4724957716765,0.));
#14383=CARTESIAN_POINT('Ctrl Pts',(29.5743051118098,26.4594342725612,0.4));
#14384=CARTESIAN_POINT('Ctrl Pts',(29.5743051118098,26.4594342725612,0.));
#14385=CARTESIAN_POINT('Ctrl Pts',(29.5314975481425,26.45389539632,0.4));
#14386=CARTESIAN_POINT('Ctrl Pts',(29.5314975481425,26.45389539632,0.));
#14387=CARTESIAN_POINT('',(29.8357268076335,26.4729951086918,0.));
#14388=CARTESIAN_POINT('Ctrl Pts',(29.8357268076335,26.4729951086918,0.));
#14389=CARTESIAN_POINT('Ctrl Pts',(29.777079986846,26.4728126222075,0.));
#14390=CARTESIAN_POINT('Ctrl Pts',(29.6752517534416,26.4724957716765,0.));
#14391=CARTESIAN_POINT('Ctrl Pts',(29.5743051118098,26.4594342725612,0.));
#14392=CARTESIAN_POINT('Ctrl Pts',(29.5314975481425,26.45389539632,0.));
#14393=CARTESIAN_POINT('',(29.8357268076335,26.4729951086918,0.));
#14394=CARTESIAN_POINT('Origin',(30.2129437055383,26.4729951086918,0.));
#14395=CARTESIAN_POINT('',(30.5901606034432,26.4729951086918,0.));
#14396=CARTESIAN_POINT('',(32.6564718527692,26.4729951086918,0.));
#14397=CARTESIAN_POINT('',(30.5901606034432,26.4729951086918,0.));
#14398=CARTESIAN_POINT('Origin',(30.5901606034432,25.4729950937906,0.));
#14399=CARTESIAN_POINT('',(30.5901606034432,24.4729950788895,0.));
#14400=CARTESIAN_POINT('',(30.5901606034432,24.6114975468953,0.));
#14401=CARTESIAN_POINT('',(30.5901606034432,24.4729950788895,0.));
#14402=CARTESIAN_POINT('Origin',(30.4578277308439,24.4729950788895,0.));
#14403=CARTESIAN_POINT('',(32.7789138654219,24.4729950788895,0.));
#14404=CARTESIAN_POINT('Origin',(30.0696967754458,26.2369787457863,0.));
#14405=CARTESIAN_POINT('',(30.3254948582445,26.2369787457863,0.));
#14406=CARTESIAN_POINT('',(30.3254948582445,26.2369787457863,0.));
#14407=CARTESIAN_POINT('',(29.8138986926471,26.2369787457863,0.));
#14408=CARTESIAN_POINT('',(32.5848483877229,26.2369787457863,0.));
#14409=CARTESIAN_POINT('',(29.8138986926471,26.2369787457863,0.));
#14410=CARTESIAN_POINT('Ctrl Pts',(29.5669682722483,26.2192433837334,0.4));
#14411=CARTESIAN_POINT('Ctrl Pts',(29.5669682722483,26.2192433837334,0.));
#14412=CARTESIAN_POINT('Ctrl Pts',(29.5986301189589,26.2243551706414,0.4));
#14413=CARTESIAN_POINT('Ctrl Pts',(29.5986301189589,26.2243551706414,0.));
#14414=CARTESIAN_POINT('Ctrl Pts',(29.6803271212254,26.2375451045841,0.4));
#14415=CARTESIAN_POINT('Ctrl Pts',(29.6803271212254,26.2375451045841,0.));
#14416=CARTESIAN_POINT('Ctrl Pts',(29.7631648819784,26.2371938629681,0.4));
#14417=CARTESIAN_POINT('Ctrl Pts',(29.7631648819784,26.2371938629681,0.));
#14418=CARTESIAN_POINT('Ctrl Pts',(29.8138986926471,26.2369787457863,0.4));
#14419=CARTESIAN_POINT('Ctrl Pts',(29.8138986926471,26.2369787457863,0.));
#14420=CARTESIAN_POINT('',(29.5669682722483,26.2192433837334,0.));
#14421=CARTESIAN_POINT('Ctrl Pts',(29.5669682722483,26.2192433837334,0.));
#14422=CARTESIAN_POINT('Ctrl Pts',(29.5986301189589,26.2243551706414,0.));
#14423=CARTESIAN_POINT('Ctrl Pts',(29.6803271212254,26.2375451045841,0.));
#14424=CARTESIAN_POINT('Ctrl Pts',(29.7631648819784,26.2371938629681,0.));
#14425=CARTESIAN_POINT('Ctrl Pts',(29.8138986926471,26.2369787457863,0.));
#14426=CARTESIAN_POINT('',(29.5669682722483,26.2192433837334,0.));
#14427=CARTESIAN_POINT('Ctrl Pts',(29.3998468320761,26.1012351277748,0.4));
#14428=CARTESIAN_POINT('Ctrl Pts',(29.3998468320761,26.1012351277748,0.));
#14429=CARTESIAN_POINT('Ctrl Pts',(29.4225812159123,26.1284672329459,0.4));
#14430=CARTESIAN_POINT('Ctrl Pts',(29.4225812159123,26.1284672329459,0.));
#14431=CARTESIAN_POINT('Ctrl Pts',(29.4678203601861,26.1826563916931,0.4));
#14432=CARTESIAN_POINT('Ctrl Pts',(29.4678203601861,26.1826563916931,0.));
#14433=CARTESIAN_POINT('Ctrl Pts',(29.5340309914943,26.2070890579013,0.4));
#14434=CARTESIAN_POINT('Ctrl Pts',(29.5340309914943,26.2070890579013,0.));
#14435=CARTESIAN_POINT('Ctrl Pts',(29.5669682722483,26.2192433837334,0.4));
#14436=CARTESIAN_POINT('Ctrl Pts',(29.5669682722483,26.2192433837334,0.));
#14437=CARTESIAN_POINT('',(29.3998468320761,26.1012351277748,0.));
#14438=CARTESIAN_POINT('Ctrl Pts',(29.3998468320761,26.1012351277748,0.));
#14439=CARTESIAN_POINT('Ctrl Pts',(29.4225812159123,26.1284672329459,0.));
#14440=CARTESIAN_POINT('Ctrl Pts',(29.4678203601861,26.1826563916931,0.));
#14441=CARTESIAN_POINT('Ctrl Pts',(29.5340309914943,26.2070890579013,0.));
#14442=CARTESIAN_POINT('Ctrl Pts',(29.5669682722483,26.2192433837334,0.));
#14443=CARTESIAN_POINT('',(29.3998468320761,26.1012351277748,0.));
#14444=CARTESIAN_POINT('Ctrl Pts',(29.3364088635836,25.8863647046963,0.4));
#14445=CARTESIAN_POINT('Ctrl Pts',(29.3364088635836,25.8863647046963,0.));
#14446=CARTESIAN_POINT('Ctrl Pts',(29.3386457081824,25.9261087193256,0.4));
#14447=CARTESIAN_POINT('Ctrl Pts',(29.3386457081824,25.9261087193256,0.));
#14448=CARTESIAN_POINT('Ctrl Pts',(29.3429623728982,26.0028067544573,0.4));
#14449=CARTESIAN_POINT('Ctrl Pts',(29.3429623728982,26.0028067544573,0.));
#14450=CARTESIAN_POINT('Ctrl Pts',(29.3813508228399,26.0692310948931,0.4));
#14451=CARTESIAN_POINT('Ctrl Pts',(29.3813508228399,26.0692310948931,0.));
#14452=CARTESIAN_POINT('Ctrl Pts',(29.3998468320761,26.1012351277748,0.4));
#14453=CARTESIAN_POINT('Ctrl Pts',(29.3998468320761,26.1012351277748,0.));
#14454=CARTESIAN_POINT('',(29.3364088635836,25.8863647046963,0.));
#14455=CARTESIAN_POINT('Ctrl Pts',(29.3364088635836,25.8863647046963,0.));
#14456=CARTESIAN_POINT('Ctrl Pts',(29.3386457081824,25.9261087193256,0.));
#14457=CARTESIAN_POINT('Ctrl Pts',(29.3429623728982,26.0028067544573,0.));
#14458=CARTESIAN_POINT('Ctrl Pts',(29.3813508228399,26.0692310948931,0.));
#14459=CARTESIAN_POINT('Ctrl Pts',(29.3998468320761,26.1012351277748,0.));
#14460=CARTESIAN_POINT('',(29.3364088635836,25.8863647046963,0.));
#14461=CARTESIAN_POINT('Ctrl Pts',(29.4441850881968,25.6176063183227,0.4));
#14462=CARTESIAN_POINT('Ctrl Pts',(29.4441850881968,25.6176063183227,0.));
#14463=CARTESIAN_POINT('Ctrl Pts',(29.4127740472883,25.6540665021463,0.4));
#14464=CARTESIAN_POINT('Ctrl Pts',(29.4127740472883,25.6540665021463,0.));
#14465=CARTESIAN_POINT('Ctrl Pts',(29.3464544905717,25.7310465435279,0.4));
#14466=CARTESIAN_POINT('Ctrl Pts',(29.3464544905717,25.7310465435279,0.));
#14467=CARTESIAN_POINT('Ctrl Pts',(29.3398730995388,25.8328032138055,0.4));
#14468=CARTESIAN_POINT('Ctrl Pts',(29.3398730995388,25.8328032138055,0.));
#14469=CARTESIAN_POINT('Ctrl Pts',(29.3364088635836,25.8863647046963,0.4));
#14470=CARTESIAN_POINT('Ctrl Pts',(29.3364088635836,25.8863647046963,0.));
#14471=CARTESIAN_POINT('',(29.4441850881968,25.6176063183227,0.));
#14472=CARTESIAN_POINT('Ctrl Pts',(29.4441850881968,25.6176063183227,0.));
#14473=CARTESIAN_POINT('Ctrl Pts',(29.4127740472883,25.6540665021463,0.));
#14474=CARTESIAN_POINT('Ctrl Pts',(29.3464544905717,25.7310465435279,0.));
#14475=CARTESIAN_POINT('Ctrl Pts',(29.3398730995388,25.8328032138055,0.));
#14476=CARTESIAN_POINT('Ctrl Pts',(29.3364088635836,25.8863647046963,0.));
#14477=CARTESIAN_POINT('',(29.4441850881968,25.6176063183227,0.));
#14478=CARTESIAN_POINT('Ctrl Pts',(29.8084416639004,25.5221083525101,0.4));
#14479=CARTESIAN_POINT('Ctrl Pts',(29.8084416639004,25.5221083525101,0.));
#14480=CARTESIAN_POINT('Ctrl Pts',(29.7332695104907,25.5229639563448,0.4));
#14481=CARTESIAN_POINT('Ctrl Pts',(29.7332695104907,25.5229639563448,0.));
#14482=CARTESIAN_POINT('Ctrl Pts',(29.6030022021886,25.5244466491168,0.4));
#14483=CARTESIAN_POINT('Ctrl Pts',(29.6030022021886,25.5244466491168,0.));
#14484=CARTESIAN_POINT('Ctrl Pts',(29.4913901875688,25.5899165352018,0.4));
#14485=CARTESIAN_POINT('Ctrl Pts',(29.4913901875688,25.5899165352018,0.));
#14486=CARTESIAN_POINT('Ctrl Pts',(29.4441850881968,25.6176063183227,0.4));
#14487=CARTESIAN_POINT('Ctrl Pts',(29.4441850881968,25.6176063183227,0.));
#14488=CARTESIAN_POINT('',(29.8084416639004,25.5221083525101,0.));
#14489=CARTESIAN_POINT('Ctrl Pts',(29.8084416639004,25.5221083525101,0.));
#14490=CARTESIAN_POINT('Ctrl Pts',(29.7332695104907,25.5229639563448,0.));
#14491=CARTESIAN_POINT('Ctrl Pts',(29.6030022021886,25.5244466491168,0.));
#14492=CARTESIAN_POINT('Ctrl Pts',(29.4913901875688,25.5899165352018,0.));
#14493=CARTESIAN_POINT('Ctrl Pts',(29.4441850881968,25.6176063183227,0.));
#14494=CARTESIAN_POINT('',(29.8084416639004,25.5221083525101,0.));
#14495=CARTESIAN_POINT('Origin',(30.0669682610725,25.5221083525101,0.));
#14496=CARTESIAN_POINT('',(30.3254948582445,25.5221083525101,0.));
#14497=CARTESIAN_POINT('',(32.5834841305362,25.5221083525101,0.));
#14498=CARTESIAN_POINT('',(30.3254948582445,25.5221083525101,0.));
#14499=CARTESIAN_POINT('Origin',(30.3254948582445,25.8795435491482,0.));
#14500=CARTESIAN_POINT('',(30.3254948582445,24.8147717745741,0.));
#14501=CARTESIAN_POINT('Origin',(35.1,23.75,0.4));
#14502=CARTESIAN_POINT('',(27.4005286794101,22.198779261438,0.4));
#14503=CARTESIAN_POINT('',(27.4005286794101,21.9518491390625,0.4));
#14504=CARTESIAN_POINT('',(27.4005286794101,22.198779261438,0.4));
#14505=CARTESIAN_POINT('',(28.1549625497256,22.198779261438,0.4));
#14506=CARTESIAN_POINT('',(28.1549625497256,22.198779261438,0.4));
#14507=CARTESIAN_POINT('',(28.1549625497256,21.9518491390625,0.4));
#14508=CARTESIAN_POINT('',(28.1549625497256,21.9518491390625,0.4));
#14509=CARTESIAN_POINT('',(27.4005286794101,21.9518491390625,0.4));
#14510=CARTESIAN_POINT('Origin',(27.4005286794101,22.0753142002502,0.));
#14511=CARTESIAN_POINT('',(27.4005286794101,21.9518491390625,0.));
#14512=CARTESIAN_POINT('',(27.4005286794101,21.9518491390625,0.));
#14513=CARTESIAN_POINT('',(27.4005286794101,22.198779261438,0.));
#14514=CARTESIAN_POINT('',(27.4005286794101,22.9126571001251,0.));
#14515=CARTESIAN_POINT('',(27.4005286794101,22.198779261438,0.));
#14516=CARTESIAN_POINT('Origin',(27.7777456145678,22.198779261438,0.));
#14517=CARTESIAN_POINT('',(28.1549625497256,22.198779261438,0.));
#14518=CARTESIAN_POINT('',(31.4388728072839,22.198779261438,0.));
#14519=CARTESIAN_POINT('',(28.1549625497256,22.198779261438,0.));
#14520=CARTESIAN_POINT('Origin',(28.1549625497256,22.0753142002502,0.));
#14521=CARTESIAN_POINT('',(28.1549625497256,21.9518491390625,0.));
#14522=CARTESIAN_POINT('',(28.1549625497256,22.9126571001251,0.));
#14523=CARTESIAN_POINT('',(28.1549625497256,21.9518491390625,0.));
#14524=CARTESIAN_POINT('Origin',(27.7777456145678,21.9518491390625,0.));
#14525=CARTESIAN_POINT('',(31.4388728072839,21.9518491390625,0.));
#14526=CARTESIAN_POINT('Origin',(35.1,23.75,0.4));
#14527=CARTESIAN_POINT('',(29.3282235067282,21.9040998581329,0.4));
#14528=CARTESIAN_POINT('',(29.3282235067282,21.6598978403488,0.4));
#14529=CARTESIAN_POINT('',(29.3282235067282,21.9040998581329,0.4));
#14530=CARTESIAN_POINT('',(30.3787008698974,22.3392978075424,0.4));
#14531=CARTESIAN_POINT('',(30.3787008698974,22.3392978075424,0.4));
#14532=CARTESIAN_POINT('',(29.3282235067282,22.7704027059952,0.4));
#14533=CARTESIAN_POINT('',(29.3282235067282,22.7704027059952,0.4));
#14534=CARTESIAN_POINT('',(29.3282235067282,23.0146047237793,0.4));
#14535=CARTESIAN_POINT('',(29.3282235067282,23.0146047237793,0.4));
#14536=CARTESIAN_POINT('',(30.6529164060895,22.4552595380226,0.4));
#14537=CARTESIAN_POINT('',(30.6529164060895,22.4552595380226,0.4));
#14538=CARTESIAN_POINT('',(30.6529164060895,22.2260644796768,0.4));
#14539=CARTESIAN_POINT('',(30.6529164060895,22.2260644796768,0.4));
#14540=CARTESIAN_POINT('',(29.3282235067282,21.6598978403488,0.4));
#14541=CARTESIAN_POINT('Origin',(29.3282235067282,21.7819988492409,0.));
#14542=CARTESIAN_POINT('',(29.3282235067282,21.6598978403488,0.));
#14543=CARTESIAN_POINT('',(29.3282235067282,21.6598978403488,0.));
#14544=CARTESIAN_POINT('',(29.3282235067282,21.9040998581329,0.));
#14545=CARTESIAN_POINT('',(29.3282235067282,22.7659994246204,0.));
#14546=CARTESIAN_POINT('',(29.3282235067282,21.9040998581329,0.));
#14547=CARTESIAN_POINT('Origin',(29.8534621883128,22.1216988328377,0.));
#14548=CARTESIAN_POINT('',(30.3787008698974,22.3392978075424,0.));
#14549=CARTESIAN_POINT('',(32.3803289747817,23.1685440885836,0.));
#14550=CARTESIAN_POINT('',(30.3787008698974,22.3392978075424,0.));
#14551=CARTESIAN_POINT('Origin',(29.8534621883128,22.5548502567688,0.));
#14552=CARTESIAN_POINT('',(29.3282235067282,22.7704027059952,0.));
#14553=CARTESIAN_POINT('',(31.8887160744168,21.7196033960012,0.));
#14554=CARTESIAN_POINT('',(29.3282235067282,22.7704027059952,0.));
#14555=CARTESIAN_POINT('Origin',(29.3282235067282,22.8925037148872,0.));
#14556=CARTESIAN_POINT('',(29.3282235067282,23.0146047237793,0.));
#14557=CARTESIAN_POINT('',(29.3282235067282,23.3212518574436,0.));
#14558=CARTESIAN_POINT('',(29.3282235067282,23.0146047237793,0.));
#14559=CARTESIAN_POINT('Origin',(29.9905699564089,22.7349321309009,0.));
#14560=CARTESIAN_POINT('',(30.6529164060895,22.4552595380226,0.));
#14561=CARTESIAN_POINT('',(31.9768460884774,21.8962366169508,0.));
#14562=CARTESIAN_POINT('',(30.6529164060895,22.4552595380226,0.));
#14563=CARTESIAN_POINT('Origin',(30.6529164060895,22.3406620088497,0.));
#14564=CARTESIAN_POINT('',(30.6529164060895,22.2260644796768,0.));
#14565=CARTESIAN_POINT('',(30.6529164060895,23.0453310044249,0.));
#14566=CARTESIAN_POINT('',(30.6529164060895,22.2260644796768,0.));
#14567=CARTESIAN_POINT('Origin',(29.9905699564089,21.9429811600128,0.));
#14568=CARTESIAN_POINT('',(32.4772142556433,23.0057595947583,0.));
#14569=CARTESIAN_POINT('Origin',(35.1,23.75,0.4));
#14570=CARTESIAN_POINT('',(24.0089877348338,24.5753143492618,0.4));
#14571=CARTESIAN_POINT('',(24.3459590177928,24.9477563563267,0.4));
#14572=CARTESIAN_POINT('Ctrl Pts',(24.0089877348338,24.5753143492618,0.4));
#14573=CARTESIAN_POINT('Ctrl Pts',(24.0786503406415,24.6249980731386,0.4));
#14574=CARTESIAN_POINT('Ctrl Pts',(24.2181851651334,24.724515017859,0.4));
#14575=CARTESIAN_POINT('Ctrl Pts',(24.3033251004243,24.8732680899141,0.4));
#14576=CARTESIAN_POINT('Ctrl Pts',(24.3459590177928,24.9477563563267,0.4));
#14577=CARTESIAN_POINT('',(23.5042126875315,24.4388887051025,0.4));
#14578=CARTESIAN_POINT('Ctrl Pts',(23.5042126875315,24.4388887051025,0.4));
#14579=CARTESIAN_POINT('Ctrl Pts',(23.5950331500092,24.4440811964846,0.4));
#14580=CARTESIAN_POINT('Ctrl Pts',(23.7729449924115,24.4542529758748,0.4));
#14581=CARTESIAN_POINT('Ctrl Pts',(23.9314140058118,24.5355284101654,0.4));
#14582=CARTESIAN_POINT('Ctrl Pts',(24.0089877348338,24.5753143492618,0.4));
#14583=CARTESIAN_POINT('',(23.0185379486476,24.5623539153019,0.4));
#14584=CARTESIAN_POINT('Ctrl Pts',(23.0185379486476,24.5623539153019,0.4));
#14585=CARTESIAN_POINT('Ctrl Pts',(23.0952173827176,24.5263433651522,0.4));
#14586=CARTESIAN_POINT('Ctrl Pts',(23.249174465431,24.4540413285606,0.4));
#14587=CARTESIAN_POINT('Ctrl Pts',(23.4189800150758,24.4439526464263,0.4));
#14588=CARTESIAN_POINT('Ctrl Pts',(23.5042126875315,24.4388887051025,0.4));
#14589=CARTESIAN_POINT('',(22.6706518631373,24.9259282413402,0.4));
#14590=CARTESIAN_POINT('Ctrl Pts',(22.6706518631373,24.9259282413402,0.4));
#14591=CARTESIAN_POINT('Ctrl Pts',(22.7153381692874,24.8510313957144,0.4));
#14592=CARTESIAN_POINT('Ctrl Pts',(22.8035513639504,24.7031809557912,0.4));
#14593=CARTESIAN_POINT('Ctrl Pts',(22.9475064381286,24.6088831320992,0.4));
#14594=CARTESIAN_POINT('Ctrl Pts',(23.0185379486476,24.5623539153019,0.4));
#14595=CARTESIAN_POINT('',(22.5478692751322,25.4702666166702,0.4));
#14596=CARTESIAN_POINT('Ctrl Pts',(22.5478692751322,25.4702666166702,0.4));
#14597=CARTESIAN_POINT('Ctrl Pts',(22.5523117998614,25.3728713958634,0.4));
#14598=CARTESIAN_POINT('Ctrl Pts',(22.5609264695482,25.1840085965623,0.4));
#14599=CARTESIAN_POINT('Ctrl Pts',(22.6348501204583,25.0101359727134,0.4));
#14600=CARTESIAN_POINT('Ctrl Pts',(22.6706518631373,24.9259282413402,0.4));
#14601=CARTESIAN_POINT('',(22.6645131807719,26.007101512281,0.4));
#14602=CARTESIAN_POINT('Ctrl Pts',(22.6645131807719,26.007101512281,0.4));
#14603=CARTESIAN_POINT('Ctrl Pts',(22.6305025531327,25.923988983998,0.4));
#14604=CARTESIAN_POINT('Ctrl Pts',(22.5601287214892,25.7520148841695,0.4));
#14605=CARTESIAN_POINT('Ctrl Pts',(22.5520458268432,25.5662526974786,0.4));
#14606=CARTESIAN_POINT('Ctrl Pts',(22.5478692751322,25.4702666166702,0.4));
#14607=CARTESIAN_POINT('',(23.003530691186,26.3761329415718,0.4));
#14608=CARTESIAN_POINT('Ctrl Pts',(23.003530691186,26.3761329415718,0.4));
#14609=CARTESIAN_POINT('Ctrl Pts',(22.9337116462177,26.3274700946276,0.4));
#14610=CARTESIAN_POINT('Ctrl Pts',(22.7933434083627,26.2296354983843,0.4));
#14611=CARTESIAN_POINT('Ctrl Pts',(22.7076052502324,26.0815362949078,0.4));
#14612=CARTESIAN_POINT('Ctrl Pts',(22.6645131807719,26.007101512281,0.4));
#14613=CARTESIAN_POINT('',(23.5028483372126,26.508465683786,0.4));
#14614=CARTESIAN_POINT('Ctrl Pts',(23.5028483372126,26.508465683786,0.4));
#14615=CARTESIAN_POINT('Ctrl Pts',(23.4134968520648,26.5033575191232,0.4));
#14616=CARTESIAN_POINT('Ctrl Pts',(23.2379372549857,26.4933208943428,0.4));
#14617=CARTESIAN_POINT('Ctrl Pts',(23.0807279412436,26.4147265182497,0.4));
#14618=CARTESIAN_POINT('Ctrl Pts',(23.003530691186,26.3761329415718,0.4));
#14619=CARTESIAN_POINT('',(24.1931625109111,26.2267468634525,0.4));
#14620=CARTESIAN_POINT('Ctrl Pts',(24.1931625109111,26.2267468634525,0.4));
#14621=CARTESIAN_POINT('Ctrl Pts',(24.0959264482639,26.3089015657036,0.4));
#14622=CARTESIAN_POINT('Ctrl Pts',(23.8966569551213,26.477264263978,0.4));
#14623=CARTESIAN_POINT('Ctrl Pts',(23.6362079600093,26.4978996133978,0.4));
#14624=CARTESIAN_POINT('Ctrl Pts',(23.5028483372126,26.508465683786,0.4));
#14625=CARTESIAN_POINT('',(24.4605566959773,25.4470741513649,0.4));
#14626=CARTESIAN_POINT('Ctrl Pts',(24.4605566959773,25.4470741513649,0.4));
#14627=CARTESIAN_POINT('Ctrl Pts',(24.4528212717762,25.6002496155671,0.4));
#14628=CARTESIAN_POINT('Ctrl Pts',(24.4383463013537,25.8868803492103,0.4));
#14629=CARTESIAN_POINT('Ctrl Pts',(24.2710538678614,26.1187761695966,0.4));
#14630=CARTESIAN_POINT('Ctrl Pts',(24.1931625109111,26.2267468634525,0.4));
#14631=CARTESIAN_POINT('Ctrl Pts',(24.3459590177928,24.9477563563267,0.4));
#14632=CARTESIAN_POINT('Ctrl Pts',(24.3793832579853,25.0276057883373,0.4));
#14633=CARTESIAN_POINT('Ctrl Pts',(24.4462935841805,25.1874524000044,0.4));
#14634=CARTESIAN_POINT('Ctrl Pts',(24.4557993966093,25.3604802571819,0.4));
#14635=CARTESIAN_POINT('Ctrl Pts',(24.4605566959773,25.4470741513649,0.4));
#14636=CARTESIAN_POINT('',(23.5014845829402,26.2806349757591,0.4));
#14637=CARTESIAN_POINT('',(23.985113094369,26.087592667667,0.4));
#14638=CARTESIAN_POINT('Ctrl Pts',(23.5014845829402,26.2806349757591,0.4));
#14639=CARTESIAN_POINT('Ctrl Pts',(23.5918545232921,26.2726300017631,0.4));
#14640=CARTESIAN_POINT('Ctrl Pts',(23.7723791228393,26.256639123387,0.4));
#14641=CARTESIAN_POINT('Ctrl Pts',(23.9142581689063,26.1438966699552,0.4));
#14642=CARTESIAN_POINT('Ctrl Pts',(23.985113094369,26.087592667667,0.4));
#14643=CARTESIAN_POINT('',(23.1447317104731,26.1803620818535,0.4));
#14644=CARTESIAN_POINT('Ctrl Pts',(23.1447317104731,26.1803620818535,0.4));
#14645=CARTESIAN_POINT('Ctrl Pts',(23.1997676518548,26.2096068152974,0.4));
#14646=CARTESIAN_POINT('Ctrl Pts',(23.3113584091074,26.2689033743953,0.4));
#14647=CARTESIAN_POINT('Ctrl Pts',(23.4375367159009,26.2766891177584,0.4));
#14648=CARTESIAN_POINT('Ctrl Pts',(23.5014845829402,26.2806349757591,0.4));
#14649=CARTESIAN_POINT('',(22.9032577972804,25.8979609373489,0.4));
#14650=CARTESIAN_POINT('Ctrl Pts',(22.9032577972804,25.8979609373489,0.4));
#14651=CARTESIAN_POINT('Ctrl Pts',(22.9335029067008,25.9549721729065,0.4));
#14652=CARTESIAN_POINT('Ctrl Pts',(22.9930091319355,26.0671398419609,0.4));
#14653=CARTESIAN_POINT('Ctrl Pts',(23.0947181369025,26.1430396946434,0.4));
#14654=CARTESIAN_POINT('Ctrl Pts',(23.1447317104731,26.1803620818535,0.4));
#14655=CARTESIAN_POINT('',(22.8207202654277,25.4716308179775,0.4));
#14656=CARTESIAN_POINT('Ctrl Pts',(22.8207202654277,25.4716308179775,0.4));
#14657=CARTESIAN_POINT('Ctrl Pts',(22.8233929937256,25.548696942494,0.4));
#14658=CARTESIAN_POINT('Ctrl Pts',(22.8284765621676,25.6952778421789,0.4));
#14659=CARTESIAN_POINT('Ctrl Pts',(22.8792017825118,25.8327607902347,0.4));
#14660=CARTESIAN_POINT('Ctrl Pts',(22.9032577972804,25.8979609373489,0.4));
#14661=CARTESIAN_POINT('',(23.0137624245082,24.8754507068077,0.4));
#14662=CARTESIAN_POINT('Ctrl Pts',(23.0137624245082,24.8754507068077,0.4));
#14663=CARTESIAN_POINT('Ctrl Pts',(22.9575611625264,24.9574369673809,0.4));
#14664=CARTESIAN_POINT('Ctrl Pts',(22.8349678189472,25.1362758307234,0.4));
#14665=CARTESIAN_POINT('Ctrl Pts',(22.8257255441943,25.3538179461273,0.4));
#14666=CARTESIAN_POINT('Ctrl Pts',(22.8207202654277,25.4716308179775,0.4));
#14667=CARTESIAN_POINT('',(23.5055770378505,24.6653552118221,0.4));
#14668=CARTESIAN_POINT('Ctrl Pts',(23.5055770378505,24.6653552118221,0.4));
#14669=CARTESIAN_POINT('Ctrl Pts',(23.4108262318778,24.673641040693,0.4));
#14670=CARTESIAN_POINT('Ctrl Pts',(23.2237762684365,24.6899983051138,0.4));
#14671=CARTESIAN_POINT('Ctrl Pts',(23.0831526584498,24.8141757675091,0.4));
#14672=CARTESIAN_POINT('Ctrl Pts',(23.0137624245082,24.8754507068077,0.4));
#14673=CARTESIAN_POINT('',(23.993298600236,24.8734043303409,0.4));
#14674=CARTESIAN_POINT('Ctrl Pts',(23.993298600236,24.8734043303409,0.4));
#14675=CARTESIAN_POINT('Ctrl Pts',(23.923970151373,24.8127245924062,0.4));
#14676=CARTESIAN_POINT('Ctrl Pts',(23.7841363267874,24.6903350110812,0.4));
#14677=CARTESIAN_POINT('Ctrl Pts',(23.5989496821257,24.6737284020295,0.4));
#14678=CARTESIAN_POINT('Ctrl Pts',(23.5055770378505,24.6653552118221,0.4));
#14679=CARTESIAN_POINT('',(24.1877057056819,25.4429813984314,0.4));
#14680=CARTESIAN_POINT('Ctrl Pts',(24.1877057056819,25.4429813984314,0.4));
#14681=CARTESIAN_POINT('Ctrl Pts',(24.1819708273588,25.3315388255857,0.4));
#14682=CARTESIAN_POINT('Ctrl Pts',(24.171211254794,25.1224542763074,0.4));
#14683=CARTESIAN_POINT('Ctrl Pts',(24.0499345340965,24.9526857974336,0.4));
#14684=CARTESIAN_POINT('Ctrl Pts',(23.993298600236,24.8734043303409,0.4));
#14685=CARTESIAN_POINT('Ctrl Pts',(23.985113094369,26.087592667667,0.4));
#14686=CARTESIAN_POINT('Ctrl Pts',(24.0439420487481,26.004516980416,0.4));
#14687=CARTESIAN_POINT('Ctrl Pts',(24.1795160974837,25.8130652133227,0.4));
#14688=CARTESIAN_POINT('Ctrl Pts',(24.1847454815365,25.5767522722209,0.4));
#14689=CARTESIAN_POINT('Ctrl Pts',(24.1877057056819,25.4429813984314,0.4));
#14690=CARTESIAN_POINT('Ctrl Pts',(24.0089877348338,24.5753143492618,0.4));
#14691=CARTESIAN_POINT('Ctrl Pts',(24.0089877348338,24.5753143492618,0.));
#14692=CARTESIAN_POINT('Ctrl Pts',(24.0786503406415,24.6249980731386,0.4));
#14693=CARTESIAN_POINT('Ctrl Pts',(24.0786503406415,24.6249980731386,0.));
#14694=CARTESIAN_POINT('Ctrl Pts',(24.2181851651334,24.724515017859,0.4));
#14695=CARTESIAN_POINT('Ctrl Pts',(24.2181851651334,24.724515017859,0.));
#14696=CARTESIAN_POINT('Ctrl Pts',(24.3033251004243,24.8732680899141,0.4));
#14697=CARTESIAN_POINT('Ctrl Pts',(24.3033251004243,24.8732680899141,0.));
#14698=CARTESIAN_POINT('Ctrl Pts',(24.3459590177928,24.9477563563267,0.4));
#14699=CARTESIAN_POINT('Ctrl Pts',(24.3459590177928,24.9477563563267,0.));
#14700=CARTESIAN_POINT('',(24.3459590177928,24.9477563563267,0.));
#14701=CARTESIAN_POINT('',(24.3459590177928,24.9477563563267,0.));
#14702=CARTESIAN_POINT('',(24.0089877348338,24.5753143492618,0.));
#14703=CARTESIAN_POINT('Ctrl Pts',(24.0089877348338,24.5753143492618,0.));
#14704=CARTESIAN_POINT('Ctrl Pts',(24.0786503406415,24.6249980731386,0.));
#14705=CARTESIAN_POINT('Ctrl Pts',(24.2181851651334,24.724515017859,0.));
#14706=CARTESIAN_POINT('Ctrl Pts',(24.3033251004243,24.8732680899141,0.));
#14707=CARTESIAN_POINT('Ctrl Pts',(24.3459590177928,24.9477563563267,0.));
#14708=CARTESIAN_POINT('',(24.0089877348338,24.5753143492618,0.));
#14709=CARTESIAN_POINT('Ctrl Pts',(23.5042126875315,24.4388887051025,0.4));
#14710=CARTESIAN_POINT('Ctrl Pts',(23.5042126875315,24.4388887051025,0.));
#14711=CARTESIAN_POINT('Ctrl Pts',(23.5950331500092,24.4440811964846,0.4));
#14712=CARTESIAN_POINT('Ctrl Pts',(23.5950331500092,24.4440811964846,0.));
#14713=CARTESIAN_POINT('Ctrl Pts',(23.7729449924115,24.4542529758748,0.4));
#14714=CARTESIAN_POINT('Ctrl Pts',(23.7729449924115,24.4542529758748,0.));
#14715=CARTESIAN_POINT('Ctrl Pts',(23.9314140058118,24.5355284101654,0.4));
#14716=CARTESIAN_POINT('Ctrl Pts',(23.9314140058118,24.5355284101654,0.));
#14717=CARTESIAN_POINT('Ctrl Pts',(24.0089877348338,24.5753143492618,0.4));
#14718=CARTESIAN_POINT('Ctrl Pts',(24.0089877348338,24.5753143492618,0.));
#14719=CARTESIAN_POINT('',(23.5042126875315,24.4388887051025,0.));
#14720=CARTESIAN_POINT('Ctrl Pts',(23.5042126875315,24.4388887051025,0.));
#14721=CARTESIAN_POINT('Ctrl Pts',(23.5950331500092,24.4440811964846,0.));
#14722=CARTESIAN_POINT('Ctrl Pts',(23.7729449924115,24.4542529758748,0.));
#14723=CARTESIAN_POINT('Ctrl Pts',(23.9314140058118,24.5355284101654,0.));
#14724=CARTESIAN_POINT('Ctrl Pts',(24.0089877348338,24.5753143492618,0.));
#14725=CARTESIAN_POINT('',(23.5042126875315,24.4388887051025,0.));
#14726=CARTESIAN_POINT('Ctrl Pts',(23.0185379486476,24.5623539153019,0.4));
#14727=CARTESIAN_POINT('Ctrl Pts',(23.0185379486476,24.5623539153019,0.));
#14728=CARTESIAN_POINT('Ctrl Pts',(23.0952173827176,24.5263433651522,0.4));
#14729=CARTESIAN_POINT('Ctrl Pts',(23.0952173827176,24.5263433651522,0.));
#14730=CARTESIAN_POINT('Ctrl Pts',(23.249174465431,24.4540413285606,0.4));
#14731=CARTESIAN_POINT('Ctrl Pts',(23.249174465431,24.4540413285606,0.));
#14732=CARTESIAN_POINT('Ctrl Pts',(23.4189800150758,24.4439526464263,0.4));
#14733=CARTESIAN_POINT('Ctrl Pts',(23.4189800150758,24.4439526464263,0.));
#14734=CARTESIAN_POINT('Ctrl Pts',(23.5042126875315,24.4388887051025,0.4));
#14735=CARTESIAN_POINT('Ctrl Pts',(23.5042126875315,24.4388887051025,0.));
#14736=CARTESIAN_POINT('',(23.0185379486476,24.5623539153019,0.));
#14737=CARTESIAN_POINT('Ctrl Pts',(23.0185379486476,24.5623539153019,0.));
#14738=CARTESIAN_POINT('Ctrl Pts',(23.0952173827176,24.5263433651522,0.));
#14739=CARTESIAN_POINT('Ctrl Pts',(23.249174465431,24.4540413285606,0.));
#14740=CARTESIAN_POINT('Ctrl Pts',(23.4189800150758,24.4439526464263,0.));
#14741=CARTESIAN_POINT('Ctrl Pts',(23.5042126875315,24.4388887051025,0.));
#14742=CARTESIAN_POINT('',(23.0185379486476,24.5623539153019,0.));
#14743=CARTESIAN_POINT('Ctrl Pts',(22.6706518631373,24.9259282413402,0.4));
#14744=CARTESIAN_POINT('Ctrl Pts',(22.6706518631373,24.9259282413402,0.));
#14745=CARTESIAN_POINT('Ctrl Pts',(22.7153381692874,24.8510313957144,0.4));
#14746=CARTESIAN_POINT('Ctrl Pts',(22.7153381692874,24.8510313957144,0.));
#14747=CARTESIAN_POINT('Ctrl Pts',(22.8035513639504,24.7031809557912,0.4));
#14748=CARTESIAN_POINT('Ctrl Pts',(22.8035513639504,24.7031809557912,0.));
#14749=CARTESIAN_POINT('Ctrl Pts',(22.9475064381286,24.6088831320992,0.4));
#14750=CARTESIAN_POINT('Ctrl Pts',(22.9475064381286,24.6088831320992,0.));
#14751=CARTESIAN_POINT('Ctrl Pts',(23.0185379486476,24.5623539153019,0.4));
#14752=CARTESIAN_POINT('Ctrl Pts',(23.0185379486476,24.5623539153019,0.));
#14753=CARTESIAN_POINT('',(22.6706518631373,24.9259282413402,0.));
#14754=CARTESIAN_POINT('Ctrl Pts',(22.6706518631373,24.9259282413402,0.));
#14755=CARTESIAN_POINT('Ctrl Pts',(22.7153381692874,24.8510313957144,0.));
#14756=CARTESIAN_POINT('Ctrl Pts',(22.8035513639504,24.7031809557912,0.));
#14757=CARTESIAN_POINT('Ctrl Pts',(22.9475064381286,24.6088831320992,0.));
#14758=CARTESIAN_POINT('Ctrl Pts',(23.0185379486476,24.5623539153019,0.));
#14759=CARTESIAN_POINT('',(22.6706518631373,24.9259282413402,0.));
#14760=CARTESIAN_POINT('Ctrl Pts',(22.5478692751322,25.4702666166702,0.4));
#14761=CARTESIAN_POINT('Ctrl Pts',(22.5478692751322,25.4702666166702,0.));
#14762=CARTESIAN_POINT('Ctrl Pts',(22.5523117998614,25.3728713958634,0.4));
#14763=CARTESIAN_POINT('Ctrl Pts',(22.5523117998614,25.3728713958634,0.));
#14764=CARTESIAN_POINT('Ctrl Pts',(22.5609264695482,25.1840085965623,0.4));
#14765=CARTESIAN_POINT('Ctrl Pts',(22.5609264695482,25.1840085965623,0.));
#14766=CARTESIAN_POINT('Ctrl Pts',(22.6348501204583,25.0101359727134,0.4));
#14767=CARTESIAN_POINT('Ctrl Pts',(22.6348501204583,25.0101359727134,0.));
#14768=CARTESIAN_POINT('Ctrl Pts',(22.6706518631373,24.9259282413402,0.4));
#14769=CARTESIAN_POINT('Ctrl Pts',(22.6706518631373,24.9259282413402,0.));
#14770=CARTESIAN_POINT('',(22.5478692751322,25.4702666166702,0.));
#14771=CARTESIAN_POINT('Ctrl Pts',(22.5478692751322,25.4702666166702,0.));
#14772=CARTESIAN_POINT('Ctrl Pts',(22.5523117998614,25.3728713958634,0.));
#14773=CARTESIAN_POINT('Ctrl Pts',(22.5609264695482,25.1840085965623,0.));
#14774=CARTESIAN_POINT('Ctrl Pts',(22.6348501204583,25.0101359727134,0.));
#14775=CARTESIAN_POINT('Ctrl Pts',(22.6706518631373,24.9259282413402,0.));
#14776=CARTESIAN_POINT('',(22.5478692751322,25.4702666166702,0.));
#14777=CARTESIAN_POINT('Ctrl Pts',(22.6645131807719,26.007101512281,0.4));
#14778=CARTESIAN_POINT('Ctrl Pts',(22.6645131807719,26.007101512281,0.));
#14779=CARTESIAN_POINT('Ctrl Pts',(22.6305025531327,25.923988983998,0.4));
#14780=CARTESIAN_POINT('Ctrl Pts',(22.6305025531327,25.923988983998,0.));
#14781=CARTESIAN_POINT('Ctrl Pts',(22.5601287214892,25.7520148841695,0.4));
#14782=CARTESIAN_POINT('Ctrl Pts',(22.5601287214892,25.7520148841695,0.));
#14783=CARTESIAN_POINT('Ctrl Pts',(22.5520458268432,25.5662526974786,0.4));
#14784=CARTESIAN_POINT('Ctrl Pts',(22.5520458268432,25.5662526974786,0.));
#14785=CARTESIAN_POINT('Ctrl Pts',(22.5478692751322,25.4702666166702,0.4));
#14786=CARTESIAN_POINT('Ctrl Pts',(22.5478692751322,25.4702666166702,0.));
#14787=CARTESIAN_POINT('',(22.6645131807719,26.007101512281,0.));
#14788=CARTESIAN_POINT('Ctrl Pts',(22.6645131807719,26.007101512281,0.));
#14789=CARTESIAN_POINT('Ctrl Pts',(22.6305025531327,25.923988983998,0.));
#14790=CARTESIAN_POINT('Ctrl Pts',(22.5601287214892,25.7520148841695,0.));
#14791=CARTESIAN_POINT('Ctrl Pts',(22.5520458268432,25.5662526974786,0.));
#14792=CARTESIAN_POINT('Ctrl Pts',(22.5478692751322,25.4702666166702,0.));
#14793=CARTESIAN_POINT('',(22.6645131807719,26.007101512281,0.));
#14794=CARTESIAN_POINT('Ctrl Pts',(23.003530691186,26.3761329415718,0.4));
#14795=CARTESIAN_POINT('Ctrl Pts',(23.003530691186,26.3761329415718,0.));
#14796=CARTESIAN_POINT('Ctrl Pts',(22.9337116462177,26.3274700946276,0.4));
#14797=CARTESIAN_POINT('Ctrl Pts',(22.9337116462177,26.3274700946276,0.));
#14798=CARTESIAN_POINT('Ctrl Pts',(22.7933434083627,26.2296354983843,0.4));
#14799=CARTESIAN_POINT('Ctrl Pts',(22.7933434083627,26.2296354983843,0.));
#14800=CARTESIAN_POINT('Ctrl Pts',(22.7076052502324,26.0815362949078,0.4));
#14801=CARTESIAN_POINT('Ctrl Pts',(22.7076052502324,26.0815362949078,0.));
#14802=CARTESIAN_POINT('Ctrl Pts',(22.6645131807719,26.007101512281,0.4));
#14803=CARTESIAN_POINT('Ctrl Pts',(22.6645131807719,26.007101512281,0.));
#14804=CARTESIAN_POINT('',(23.003530691186,26.3761329415718,0.));
#14805=CARTESIAN_POINT('Ctrl Pts',(23.003530691186,26.3761329415718,0.));
#14806=CARTESIAN_POINT('Ctrl Pts',(22.9337116462177,26.3274700946276,0.));
#14807=CARTESIAN_POINT('Ctrl Pts',(22.7933434083627,26.2296354983843,0.));
#14808=CARTESIAN_POINT('Ctrl Pts',(22.7076052502324,26.0815362949078,0.));
#14809=CARTESIAN_POINT('Ctrl Pts',(22.6645131807719,26.007101512281,0.));
#14810=CARTESIAN_POINT('',(23.003530691186,26.3761329415718,0.));
#14811=CARTESIAN_POINT('Ctrl Pts',(23.5028483372126,26.508465683786,0.4));
#14812=CARTESIAN_POINT('Ctrl Pts',(23.5028483372126,26.508465683786,0.));
#14813=CARTESIAN_POINT('Ctrl Pts',(23.4134968520648,26.5033575191232,0.4));
#14814=CARTESIAN_POINT('Ctrl Pts',(23.4134968520648,26.5033575191232,0.));
#14815=CARTESIAN_POINT('Ctrl Pts',(23.2379372549857,26.4933208943428,0.4));
#14816=CARTESIAN_POINT('Ctrl Pts',(23.2379372549857,26.4933208943428,0.));
#14817=CARTESIAN_POINT('Ctrl Pts',(23.0807279412436,26.4147265182497,0.4));
#14818=CARTESIAN_POINT('Ctrl Pts',(23.0807279412436,26.4147265182497,0.));
#14819=CARTESIAN_POINT('Ctrl Pts',(23.003530691186,26.3761329415718,0.4));
#14820=CARTESIAN_POINT('Ctrl Pts',(23.003530691186,26.3761329415718,0.));
#14821=CARTESIAN_POINT('',(23.5028483372126,26.508465683786,0.));
#14822=CARTESIAN_POINT('Ctrl Pts',(23.5028483372126,26.508465683786,0.));
#14823=CARTESIAN_POINT('Ctrl Pts',(23.4134968520648,26.5033575191232,0.));
#14824=CARTESIAN_POINT('Ctrl Pts',(23.2379372549857,26.4933208943428,0.));
#14825=CARTESIAN_POINT('Ctrl Pts',(23.0807279412436,26.4147265182497,0.));
#14826=CARTESIAN_POINT('Ctrl Pts',(23.003530691186,26.3761329415718,0.));
#14827=CARTESIAN_POINT('',(23.5028483372126,26.508465683786,0.));
#14828=CARTESIAN_POINT('Ctrl Pts',(24.1931625109111,26.2267468634525,0.4));
#14829=CARTESIAN_POINT('Ctrl Pts',(24.1931625109111,26.2267468634525,0.));
#14830=CARTESIAN_POINT('Ctrl Pts',(24.0959264482639,26.3089015657036,0.4));
#14831=CARTESIAN_POINT('Ctrl Pts',(24.0959264482639,26.3089015657036,0.));
#14832=CARTESIAN_POINT('Ctrl Pts',(23.8966569551213,26.477264263978,0.4));
#14833=CARTESIAN_POINT('Ctrl Pts',(23.8966569551213,26.477264263978,0.));
#14834=CARTESIAN_POINT('Ctrl Pts',(23.6362079600093,26.4978996133978,0.4));
#14835=CARTESIAN_POINT('Ctrl Pts',(23.6362079600093,26.4978996133978,0.));
#14836=CARTESIAN_POINT('Ctrl Pts',(23.5028483372126,26.508465683786,0.4));
#14837=CARTESIAN_POINT('Ctrl Pts',(23.5028483372126,26.508465683786,0.));
#14838=CARTESIAN_POINT('',(24.1931625109111,26.2267468634525,0.));
#14839=CARTESIAN_POINT('Ctrl Pts',(24.1931625109111,26.2267468634525,0.));
#14840=CARTESIAN_POINT('Ctrl Pts',(24.0959264482639,26.3089015657036,0.));
#14841=CARTESIAN_POINT('Ctrl Pts',(23.8966569551213,26.477264263978,0.));
#14842=CARTESIAN_POINT('Ctrl Pts',(23.6362079600093,26.4978996133978,0.));
#14843=CARTESIAN_POINT('Ctrl Pts',(23.5028483372126,26.508465683786,0.));
#14844=CARTESIAN_POINT('',(24.1931625109111,26.2267468634525,0.));
#14845=CARTESIAN_POINT('Ctrl Pts',(24.4605566959773,25.4470741513649,0.4));
#14846=CARTESIAN_POINT('Ctrl Pts',(24.4605566959773,25.4470741513649,0.));
#14847=CARTESIAN_POINT('Ctrl Pts',(24.4528212717762,25.6002496155671,0.4));
#14848=CARTESIAN_POINT('Ctrl Pts',(24.4528212717762,25.6002496155671,0.));
#14849=CARTESIAN_POINT('Ctrl Pts',(24.4383463013537,25.8868803492103,0.4));
#14850=CARTESIAN_POINT('Ctrl Pts',(24.4383463013537,25.8868803492103,0.));
#14851=CARTESIAN_POINT('Ctrl Pts',(24.2710538678614,26.1187761695966,0.4));
#14852=CARTESIAN_POINT('Ctrl Pts',(24.2710538678614,26.1187761695966,0.));
#14853=CARTESIAN_POINT('Ctrl Pts',(24.1931625109111,26.2267468634525,0.4));
#14854=CARTESIAN_POINT('Ctrl Pts',(24.1931625109111,26.2267468634525,0.));
#14855=CARTESIAN_POINT('',(24.4605566959773,25.4470741513649,0.));
#14856=CARTESIAN_POINT('Ctrl Pts',(24.4605566959773,25.4470741513649,0.));
#14857=CARTESIAN_POINT('Ctrl Pts',(24.4528212717762,25.6002496155671,0.));
#14858=CARTESIAN_POINT('Ctrl Pts',(24.4383463013537,25.8868803492103,0.));
#14859=CARTESIAN_POINT('Ctrl Pts',(24.2710538678614,26.1187761695966,0.));
#14860=CARTESIAN_POINT('Ctrl Pts',(24.1931625109111,26.2267468634525,0.));
#14861=CARTESIAN_POINT('',(24.4605566959773,25.4470741513649,0.));
#14862=CARTESIAN_POINT('Ctrl Pts',(24.3459590177928,24.9477563563267,0.4));
#14863=CARTESIAN_POINT('Ctrl Pts',(24.3459590177928,24.9477563563267,0.));
#14864=CARTESIAN_POINT('Ctrl Pts',(24.3793832579853,25.0276057883373,0.4));
#14865=CARTESIAN_POINT('Ctrl Pts',(24.3793832579853,25.0276057883373,0.));
#14866=CARTESIAN_POINT('Ctrl Pts',(24.4462935841805,25.1874524000044,0.4));
#14867=CARTESIAN_POINT('Ctrl Pts',(24.4462935841805,25.1874524000044,0.));
#14868=CARTESIAN_POINT('Ctrl Pts',(24.4557993966093,25.3604802571819,0.4));
#14869=CARTESIAN_POINT('Ctrl Pts',(24.4557993966093,25.3604802571819,0.));
#14870=CARTESIAN_POINT('Ctrl Pts',(24.4605566959773,25.4470741513649,0.4));
#14871=CARTESIAN_POINT('Ctrl Pts',(24.4605566959773,25.4470741513649,0.));
#14872=CARTESIAN_POINT('Ctrl Pts',(24.3459590177928,24.9477563563267,0.));
#14873=CARTESIAN_POINT('Ctrl Pts',(24.3793832579853,25.0276057883373,0.));
#14874=CARTESIAN_POINT('Ctrl Pts',(24.4462935841805,25.1874524000044,0.));
#14875=CARTESIAN_POINT('Ctrl Pts',(24.4557993966093,25.3604802571819,0.));
#14876=CARTESIAN_POINT('Ctrl Pts',(24.4605566959773,25.4470741513649,0.));
#14877=CARTESIAN_POINT('Ctrl Pts',(23.5014845829402,26.2806349757591,0.4));
#14878=CARTESIAN_POINT('Ctrl Pts',(23.5014845829402,26.2806349757591,0.));
#14879=CARTESIAN_POINT('Ctrl Pts',(23.5918545232921,26.2726300017631,0.4));
#14880=CARTESIAN_POINT('Ctrl Pts',(23.5918545232921,26.2726300017631,0.));
#14881=CARTESIAN_POINT('Ctrl Pts',(23.7723791228393,26.256639123387,0.4));
#14882=CARTESIAN_POINT('Ctrl Pts',(23.7723791228393,26.256639123387,0.));
#14883=CARTESIAN_POINT('Ctrl Pts',(23.9142581689063,26.1438966699552,0.4));
#14884=CARTESIAN_POINT('Ctrl Pts',(23.9142581689063,26.1438966699552,0.));
#14885=CARTESIAN_POINT('Ctrl Pts',(23.985113094369,26.087592667667,0.4));
#14886=CARTESIAN_POINT('Ctrl Pts',(23.985113094369,26.087592667667,0.));
#14887=CARTESIAN_POINT('',(23.985113094369,26.087592667667,0.));
#14888=CARTESIAN_POINT('',(23.985113094369,26.087592667667,0.));
#14889=CARTESIAN_POINT('',(23.5014845829402,26.2806349757591,0.));
#14890=CARTESIAN_POINT('Ctrl Pts',(23.5014845829402,26.2806349757591,0.));
#14891=CARTESIAN_POINT('Ctrl Pts',(23.5918545232921,26.2726300017631,0.));
#14892=CARTESIAN_POINT('Ctrl Pts',(23.7723791228393,26.256639123387,0.));
#14893=CARTESIAN_POINT('Ctrl Pts',(23.9142581689063,26.1438966699552,0.));
#14894=CARTESIAN_POINT('Ctrl Pts',(23.985113094369,26.087592667667,0.));
#14895=CARTESIAN_POINT('',(23.5014845829402,26.2806349757591,0.));
#14896=CARTESIAN_POINT('Ctrl Pts',(23.1447317104731,26.1803620818535,0.4));
#14897=CARTESIAN_POINT('Ctrl Pts',(23.1447317104731,26.1803620818535,0.));
#14898=CARTESIAN_POINT('Ctrl Pts',(23.1997676518548,26.2096068152974,0.4));
#14899=CARTESIAN_POINT('Ctrl Pts',(23.1997676518548,26.2096068152974,0.));
#14900=CARTESIAN_POINT('Ctrl Pts',(23.3113584091074,26.2689033743953,0.4));
#14901=CARTESIAN_POINT('Ctrl Pts',(23.3113584091074,26.2689033743953,0.));
#14902=CARTESIAN_POINT('Ctrl Pts',(23.4375367159009,26.2766891177584,0.4));
#14903=CARTESIAN_POINT('Ctrl Pts',(23.4375367159009,26.2766891177584,0.));
#14904=CARTESIAN_POINT('Ctrl Pts',(23.5014845829402,26.2806349757591,0.4));
#14905=CARTESIAN_POINT('Ctrl Pts',(23.5014845829402,26.2806349757591,0.));
#14906=CARTESIAN_POINT('',(23.1447317104731,26.1803620818535,0.));
#14907=CARTESIAN_POINT('Ctrl Pts',(23.1447317104731,26.1803620818535,0.));
#14908=CARTESIAN_POINT('Ctrl Pts',(23.1997676518548,26.2096068152974,0.));
#14909=CARTESIAN_POINT('Ctrl Pts',(23.3113584091074,26.2689033743953,0.));
#14910=CARTESIAN_POINT('Ctrl Pts',(23.4375367159009,26.2766891177584,0.));
#14911=CARTESIAN_POINT('Ctrl Pts',(23.5014845829402,26.2806349757591,0.));
#14912=CARTESIAN_POINT('',(23.1447317104731,26.1803620818535,0.));
#14913=CARTESIAN_POINT('Ctrl Pts',(22.9032577972804,25.8979609373489,0.4));
#14914=CARTESIAN_POINT('Ctrl Pts',(22.9032577972804,25.8979609373489,0.));
#14915=CARTESIAN_POINT('Ctrl Pts',(22.9335029067008,25.9549721729065,0.4));
#14916=CARTESIAN_POINT('Ctrl Pts',(22.9335029067008,25.9549721729065,0.));
#14917=CARTESIAN_POINT('Ctrl Pts',(22.9930091319355,26.0671398419609,0.4));
#14918=CARTESIAN_POINT('Ctrl Pts',(22.9930091319355,26.0671398419609,0.));
#14919=CARTESIAN_POINT('Ctrl Pts',(23.0947181369025,26.1430396946434,0.4));
#14920=CARTESIAN_POINT('Ctrl Pts',(23.0947181369025,26.1430396946434,0.));
#14921=CARTESIAN_POINT('Ctrl Pts',(23.1447317104731,26.1803620818535,0.4));
#14922=CARTESIAN_POINT('Ctrl Pts',(23.1447317104731,26.1803620818535,0.));
#14923=CARTESIAN_POINT('',(22.9032577972804,25.8979609373489,0.));
#14924=CARTESIAN_POINT('Ctrl Pts',(22.9032577972804,25.8979609373489,0.));
#14925=CARTESIAN_POINT('Ctrl Pts',(22.9335029067008,25.9549721729065,0.));
#14926=CARTESIAN_POINT('Ctrl Pts',(22.9930091319355,26.0671398419609,0.));
#14927=CARTESIAN_POINT('Ctrl Pts',(23.0947181369025,26.1430396946434,0.));
#14928=CARTESIAN_POINT('Ctrl Pts',(23.1447317104731,26.1803620818535,0.));
#14929=CARTESIAN_POINT('',(22.9032577972804,25.8979609373489,0.));
#14930=CARTESIAN_POINT('Ctrl Pts',(22.8207202654277,25.4716308179775,0.4));
#14931=CARTESIAN_POINT('Ctrl Pts',(22.8207202654277,25.4716308179775,0.));
#14932=CARTESIAN_POINT('Ctrl Pts',(22.8233929937256,25.548696942494,0.4));
#14933=CARTESIAN_POINT('Ctrl Pts',(22.8233929937256,25.548696942494,0.));
#14934=CARTESIAN_POINT('Ctrl Pts',(22.8284765621676,25.6952778421789,0.4));
#14935=CARTESIAN_POINT('Ctrl Pts',(22.8284765621676,25.6952778421789,0.));
#14936=CARTESIAN_POINT('Ctrl Pts',(22.8792017825118,25.8327607902347,0.4));
#14937=CARTESIAN_POINT('Ctrl Pts',(22.8792017825118,25.8327607902347,0.));
#14938=CARTESIAN_POINT('Ctrl Pts',(22.9032577972804,25.8979609373489,0.4));
#14939=CARTESIAN_POINT('Ctrl Pts',(22.9032577972804,25.8979609373489,0.));
#14940=CARTESIAN_POINT('',(22.8207202654277,25.4716308179775,0.));
#14941=CARTESIAN_POINT('Ctrl Pts',(22.8207202654277,25.4716308179775,0.));
#14942=CARTESIAN_POINT('Ctrl Pts',(22.8233929937256,25.548696942494,0.));
#14943=CARTESIAN_POINT('Ctrl Pts',(22.8284765621676,25.6952778421789,0.));
#14944=CARTESIAN_POINT('Ctrl Pts',(22.8792017825118,25.8327607902347,0.));
#14945=CARTESIAN_POINT('Ctrl Pts',(22.9032577972804,25.8979609373489,0.));
#14946=CARTESIAN_POINT('',(22.8207202654277,25.4716308179775,0.));
#14947=CARTESIAN_POINT('Ctrl Pts',(23.0137624245082,24.8754507068077,0.4));
#14948=CARTESIAN_POINT('Ctrl Pts',(23.0137624245082,24.8754507068077,0.));
#14949=CARTESIAN_POINT('Ctrl Pts',(22.9575611625264,24.9574369673809,0.4));
#14950=CARTESIAN_POINT('Ctrl Pts',(22.9575611625264,24.9574369673809,0.));
#14951=CARTESIAN_POINT('Ctrl Pts',(22.8349678189472,25.1362758307234,0.4));
#14952=CARTESIAN_POINT('Ctrl Pts',(22.8349678189472,25.1362758307234,0.));
#14953=CARTESIAN_POINT('Ctrl Pts',(22.8257255441943,25.3538179461273,0.4));
#14954=CARTESIAN_POINT('Ctrl Pts',(22.8257255441943,25.3538179461273,0.));
#14955=CARTESIAN_POINT('Ctrl Pts',(22.8207202654277,25.4716308179775,0.4));
#14956=CARTESIAN_POINT('Ctrl Pts',(22.8207202654277,25.4716308179775,0.));
#14957=CARTESIAN_POINT('',(23.0137624245082,24.8754507068077,0.));
#14958=CARTESIAN_POINT('Ctrl Pts',(23.0137624245082,24.8754507068077,0.));
#14959=CARTESIAN_POINT('Ctrl Pts',(22.9575611625264,24.9574369673809,0.));
#14960=CARTESIAN_POINT('Ctrl Pts',(22.8349678189472,25.1362758307234,0.));
#14961=CARTESIAN_POINT('Ctrl Pts',(22.8257255441943,25.3538179461273,0.));
#14962=CARTESIAN_POINT('Ctrl Pts',(22.8207202654277,25.4716308179775,0.));
#14963=CARTESIAN_POINT('',(23.0137624245082,24.8754507068077,0.));
#14964=CARTESIAN_POINT('Ctrl Pts',(23.5055770378505,24.6653552118221,0.4));
#14965=CARTESIAN_POINT('Ctrl Pts',(23.5055770378505,24.6653552118221,0.));
#14966=CARTESIAN_POINT('Ctrl Pts',(23.4108262318778,24.673641040693,0.4));
#14967=CARTESIAN_POINT('Ctrl Pts',(23.4108262318778,24.673641040693,0.));
#14968=CARTESIAN_POINT('Ctrl Pts',(23.2237762684365,24.6899983051138,0.4));
#14969=CARTESIAN_POINT('Ctrl Pts',(23.2237762684365,24.6899983051138,0.));
#14970=CARTESIAN_POINT('Ctrl Pts',(23.0831526584498,24.8141757675091,0.4));
#14971=CARTESIAN_POINT('Ctrl Pts',(23.0831526584498,24.8141757675091,0.));
#14972=CARTESIAN_POINT('Ctrl Pts',(23.0137624245082,24.8754507068077,0.4));
#14973=CARTESIAN_POINT('Ctrl Pts',(23.0137624245082,24.8754507068077,0.));
#14974=CARTESIAN_POINT('',(23.5055770378505,24.6653552118221,0.));
#14975=CARTESIAN_POINT('Ctrl Pts',(23.5055770378505,24.6653552118221,0.));
#14976=CARTESIAN_POINT('Ctrl Pts',(23.4108262318778,24.673641040693,0.));
#14977=CARTESIAN_POINT('Ctrl Pts',(23.2237762684365,24.6899983051138,0.));
#14978=CARTESIAN_POINT('Ctrl Pts',(23.0831526584498,24.8141757675091,0.));
#14979=CARTESIAN_POINT('Ctrl Pts',(23.0137624245082,24.8754507068077,0.));
#14980=CARTESIAN_POINT('',(23.5055770378505,24.6653552118221,0.));
#14981=CARTESIAN_POINT('Ctrl Pts',(23.993298600236,24.8734043303409,0.4));
#14982=CARTESIAN_POINT('Ctrl Pts',(23.993298600236,24.8734043303409,0.));
#14983=CARTESIAN_POINT('Ctrl Pts',(23.923970151373,24.8127245924062,0.4));
#14984=CARTESIAN_POINT('Ctrl Pts',(23.923970151373,24.8127245924062,0.));
#14985=CARTESIAN_POINT('Ctrl Pts',(23.7841363267874,24.6903350110812,0.4));
#14986=CARTESIAN_POINT('Ctrl Pts',(23.7841363267874,24.6903350110812,0.));
#14987=CARTESIAN_POINT('Ctrl Pts',(23.5989496821257,24.6737284020295,0.4));
#14988=CARTESIAN_POINT('Ctrl Pts',(23.5989496821257,24.6737284020295,0.));
#14989=CARTESIAN_POINT('Ctrl Pts',(23.5055770378505,24.6653552118221,0.4));
#14990=CARTESIAN_POINT('Ctrl Pts',(23.5055770378505,24.6653552118221,0.));
#14991=CARTESIAN_POINT('',(23.993298600236,24.8734043303409,0.));
#14992=CARTESIAN_POINT('Ctrl Pts',(23.993298600236,24.8734043303409,0.));
#14993=CARTESIAN_POINT('Ctrl Pts',(23.923970151373,24.8127245924062,0.));
#14994=CARTESIAN_POINT('Ctrl Pts',(23.7841363267874,24.6903350110812,0.));
#14995=CARTESIAN_POINT('Ctrl Pts',(23.5989496821257,24.6737284020295,0.));
#14996=CARTESIAN_POINT('Ctrl Pts',(23.5055770378505,24.6653552118221,0.));
#14997=CARTESIAN_POINT('',(23.993298600236,24.8734043303409,0.));
#14998=CARTESIAN_POINT('Ctrl Pts',(24.1877057056819,25.4429813984314,0.4));
#14999=CARTESIAN_POINT('Ctrl Pts',(24.1877057056819,25.4429813984314,0.));
#15000=CARTESIAN_POINT('Ctrl Pts',(24.1819708273588,25.3315388255857,0.4));
#15001=CARTESIAN_POINT('Ctrl Pts',(24.1819708273588,25.3315388255857,0.));
#15002=CARTESIAN_POINT('Ctrl Pts',(24.171211254794,25.1224542763074,0.4));
#15003=CARTESIAN_POINT('Ctrl Pts',(24.171211254794,25.1224542763074,0.));
#15004=CARTESIAN_POINT('Ctrl Pts',(24.0499345340965,24.9526857974336,0.4));
#15005=CARTESIAN_POINT('Ctrl Pts',(24.0499345340965,24.9526857974336,0.));
#15006=CARTESIAN_POINT('Ctrl Pts',(23.993298600236,24.8734043303409,0.4));
#15007=CARTESIAN_POINT('Ctrl Pts',(23.993298600236,24.8734043303409,0.));
#15008=CARTESIAN_POINT('',(24.1877057056819,25.4429813984314,0.));
#15009=CARTESIAN_POINT('Ctrl Pts',(24.1877057056819,25.4429813984314,0.));
#15010=CARTESIAN_POINT('Ctrl Pts',(24.1819708273588,25.3315388255857,0.));
#15011=CARTESIAN_POINT('Ctrl Pts',(24.171211254794,25.1224542763074,0.));
#15012=CARTESIAN_POINT('Ctrl Pts',(24.0499345340965,24.9526857974336,0.));
#15013=CARTESIAN_POINT('Ctrl Pts',(23.993298600236,24.8734043303409,0.));
#15014=CARTESIAN_POINT('',(24.1877057056819,25.4429813984314,0.));
#15015=CARTESIAN_POINT('Ctrl Pts',(23.985113094369,26.087592667667,0.4));
#15016=CARTESIAN_POINT('Ctrl Pts',(23.985113094369,26.087592667667,0.));
#15017=CARTESIAN_POINT('Ctrl Pts',(24.0439420487481,26.004516980416,0.4));
#15018=CARTESIAN_POINT('Ctrl Pts',(24.0439420487481,26.004516980416,0.));
#15019=CARTESIAN_POINT('Ctrl Pts',(24.1795160974837,25.8130652133227,0.4));
#15020=CARTESIAN_POINT('Ctrl Pts',(24.1795160974837,25.8130652133227,0.));
#15021=CARTESIAN_POINT('Ctrl Pts',(24.1847454815365,25.5767522722209,0.4));
#15022=CARTESIAN_POINT('Ctrl Pts',(24.1847454815365,25.5767522722209,0.));
#15023=CARTESIAN_POINT('Ctrl Pts',(24.1877057056819,25.4429813984314,0.4));
#15024=CARTESIAN_POINT('Ctrl Pts',(24.1877057056819,25.4429813984314,0.));
#15025=CARTESIAN_POINT('Ctrl Pts',(23.985113094369,26.087592667667,0.));
#15026=CARTESIAN_POINT('Ctrl Pts',(24.0439420487481,26.004516980416,0.));
#15027=CARTESIAN_POINT('Ctrl Pts',(24.1795160974837,25.8130652133227,0.));
#15028=CARTESIAN_POINT('Ctrl Pts',(24.1847454815365,25.5767522722209,0.));
#15029=CARTESIAN_POINT('Ctrl Pts',(24.1877057056819,25.4429813984314,0.));
#15030=CARTESIAN_POINT('Origin',(35.1,23.75,0.4));
#15031=CARTESIAN_POINT('',(28.3555083375369,24.5753143492618,0.4));
#15032=CARTESIAN_POINT('',(28.6924797695075,24.9477563563267,0.4));
#15033=CARTESIAN_POINT('Ctrl Pts',(28.3555083375369,24.5753143492618,0.4));
#15034=CARTESIAN_POINT('Ctrl Pts',(28.4251708670392,24.6249980947827,0.4));
#15035=CARTESIAN_POINT('Ctrl Pts',(28.5647056159977,24.7245151379922,0.4));
#15036=CARTESIAN_POINT('Ctrl Pts',(28.6498457360632,24.8732681025822,0.4));
#15037=CARTESIAN_POINT('Ctrl Pts',(28.6924797695075,24.9477563563267,0.4));
#15038=CARTESIAN_POINT('',(27.8507335882579,24.4388887051025,0.4));
#15039=CARTESIAN_POINT('Ctrl Pts',(27.8507335882579,24.4388887051025,0.4));
#15040=CARTESIAN_POINT('Ctrl Pts',(27.9415538407056,24.4440812358405,0.4));
#15041=CARTESIAN_POINT('Ctrl Pts',(28.1194655549073,24.4542531085203,0.4));
#15042=CARTESIAN_POINT('Ctrl Pts',(28.2779345088401,24.5355284094145,0.4));
#15043=CARTESIAN_POINT('Ctrl Pts',(28.3555083375369,24.5753143492618,0.4));
#15044=CARTESIAN_POINT('',(27.3650582533274,24.5623539153019,0.4));
#15045=CARTESIAN_POINT('Ctrl Pts',(27.3650582533274,24.5623539153019,0.4));
#15046=CARTESIAN_POINT('Ctrl Pts',(27.4417377883248,24.5263433651548,0.4));
#15047=CARTESIAN_POINT('Ctrl Pts',(27.5956950787194,24.4540413262019,0.4));
#15048=CARTESIAN_POINT('Ctrl Pts',(27.7655008178986,24.4439526457476,0.4));
#15049=CARTESIAN_POINT('Ctrl Pts',(27.8507335882579,24.4388887051025,0.4));
#15050=CARTESIAN_POINT('',(27.0171727638636,24.9259282413402,0.4));
#15051=CARTESIAN_POINT('Ctrl Pts',(27.0171727638636,24.9259282413402,0.4));
#15052=CARTESIAN_POINT('Ctrl Pts',(27.0618590846515,24.8510314163864,0.4));
#15053=CARTESIAN_POINT('Ctrl Pts',(27.1500722261804,24.7031811547577,0.4));
#15054=CARTESIAN_POINT('Ctrl Pts',(27.2940269724297,24.6088831680937,0.4));
#15055=CARTESIAN_POINT('Ctrl Pts',(27.3650582533274,24.5623539153019,0.4));
#15056=CARTESIAN_POINT('',(26.8943895798121,25.4702666166702,0.4));
#15057=CARTESIAN_POINT('Ctrl Pts',(26.8943895798121,25.4702666166702,0.4));
#15058=CARTESIAN_POINT('Ctrl Pts',(26.8988320583129,25.3728713789734,0.4));
#15059=CARTESIAN_POINT('Ctrl Pts',(26.9074466414472,25.1840084791556,0.4));
#15060=CARTESIAN_POINT('Ctrl Pts',(26.981370774164,25.01013595608,0.4));
#15061=CARTESIAN_POINT('Ctrl Pts',(27.0171727638636,24.9259282413402,0.4));
#15062=CARTESIAN_POINT('',(27.0110334854518,26.007101512281,0.4));
#15063=CARTESIAN_POINT('Ctrl Pts',(27.0110334854518,26.007101512281,0.4));
#15064=CARTESIAN_POINT('Ctrl Pts',(26.9770228578126,25.923988983998,0.4));
#15065=CARTESIAN_POINT('Ctrl Pts',(26.9066490261691,25.7520148841695,0.4));
#15066=CARTESIAN_POINT('Ctrl Pts',(26.8985661315231,25.5662526974786,0.4));
#15067=CARTESIAN_POINT('Ctrl Pts',(26.8943895798121,25.4702666166702,0.4));
#15068=CARTESIAN_POINT('',(27.3500515919123,26.3761329415718,0.4));
#15069=CARTESIAN_POINT('Ctrl Pts',(27.3500515919123,26.3761329415718,0.4));
#15070=CARTESIAN_POINT('Ctrl Pts',(27.2802324498292,26.3274700997,0.4));
#15071=CARTESIAN_POINT('Ctrl Pts',(27.1398640352109,26.2296355265361,0.4));
#15072=CARTESIAN_POINT('Ctrl Pts',(27.0541256589365,26.0815362978692,0.4));
#15073=CARTESIAN_POINT('Ctrl Pts',(27.0110334854518,26.007101512281,0.4));
#15074=CARTESIAN_POINT('',(27.849369237939,26.508465683786,0.4));
#15075=CARTESIAN_POINT('Ctrl Pts',(27.849369237939,26.508465683786,0.4));
#15076=CARTESIAN_POINT('Ctrl Pts',(27.7600176456527,26.5033575445669,0.4));
#15077=CARTESIAN_POINT('Ctrl Pts',(27.5844580266254,26.4933209805584,0.4));
#15078=CARTESIAN_POINT('Ctrl Pts',(27.4272487418225,26.4147265178292,0.4));
#15079=CARTESIAN_POINT('Ctrl Pts',(27.3500515919123,26.3761329415718,0.4));
#15080=CARTESIAN_POINT('',(28.5396831136142,26.2267468634525,0.4));
#15081=CARTESIAN_POINT('Ctrl Pts',(28.5396831136142,26.2267468634525,0.4));
#15082=CARTESIAN_POINT('Ctrl Pts',(28.4424469508813,26.3089015668814,0.4));
#15083=CARTESIAN_POINT('Ctrl Pts',(28.2431774731069,26.4772640812884,0.4));
#15084=CARTESIAN_POINT('Ctrl Pts',(27.9827286381267,26.4978995588999,0.4));
#15085=CARTESIAN_POINT('Ctrl Pts',(27.849369237939,26.508465683786,0.4));
#15086=CARTESIAN_POINT('',(28.8070772986804,25.4470741513649,0.4));
#15087=CARTESIAN_POINT('Ctrl Pts',(28.8070772986804,25.4470741513649,0.4));
#15088=CARTESIAN_POINT('Ctrl Pts',(28.7993417314814,25.6002495999493,0.4));
#15089=CARTESIAN_POINT('Ctrl Pts',(28.7848664967726,25.8868802390293,0.4));
#15090=CARTESIAN_POINT('Ctrl Pts',(28.6175743272712,26.1187761538685,0.4));
#15091=CARTESIAN_POINT('Ctrl Pts',(28.5396831136142,26.2267468634525,0.4));
#15092=CARTESIAN_POINT('Ctrl Pts',(28.6924797695075,24.9477563563267,0.4));
#15093=CARTESIAN_POINT('Ctrl Pts',(28.7259040965461,25.0276057813149,0.4));
#15094=CARTESIAN_POINT('Ctrl Pts',(28.7928145858381,25.1874523532291,0.4));
#15095=CARTESIAN_POINT('Ctrl Pts',(28.8023201328879,25.3604802508405,0.4));
#15096=CARTESIAN_POINT('Ctrl Pts',(28.8070772986804,25.4470741513649,0.4));
#15097=CARTESIAN_POINT('',(27.84800488762,26.2806349757591,0.4));
#15098=CARTESIAN_POINT('',(28.3316339950953,26.087592667667,0.4));
#15099=CARTESIAN_POINT('Ctrl Pts',(27.84800488762,26.2806349757591,0.4));
#15100=CARTESIAN_POINT('Ctrl Pts',(27.9383750389652,26.2726300373592,0.4));
#15101=CARTESIAN_POINT('Ctrl Pts',(28.1188998612188,26.2566392476983,0.4));
#15102=CARTESIAN_POINT('Ctrl Pts',(28.2607790677176,26.1438966699129,0.4));
#15103=CARTESIAN_POINT('Ctrl Pts',(28.3316339950953,26.087592667667,0.4));
#15104=CARTESIAN_POINT('',(27.491252015153,26.1803620818535,0.4));
#15105=CARTESIAN_POINT('Ctrl Pts',(27.491252015153,26.1803620818535,0.4));
#15106=CARTESIAN_POINT('Ctrl Pts',(27.5462879565347,26.2096068152974,0.4));
#15107=CARTESIAN_POINT('Ctrl Pts',(27.6578787137873,26.2689033743953,0.4));
#15108=CARTESIAN_POINT('Ctrl Pts',(27.7840570205808,26.2766891177584,0.4));
#15109=CARTESIAN_POINT('Ctrl Pts',(27.84800488762,26.2806349757591,0.4));
#15110=CARTESIAN_POINT('',(27.2497786980067,25.8979609373489,0.4));
#15111=CARTESIAN_POINT('Ctrl Pts',(27.2497786980067,25.8979609373489,0.4));
#15112=CARTESIAN_POINT('Ctrl Pts',(27.2800235815631,25.954972187918,0.4));
#15113=CARTESIAN_POINT('Ctrl Pts',(27.3395294110295,26.0671399781393,0.4));
#15114=CARTESIAN_POINT('Ctrl Pts',(27.4412384048382,26.1430397184068,0.4));
#15115=CARTESIAN_POINT('Ctrl Pts',(27.491252015153,26.1803620818535,0.4));
#15116=CARTESIAN_POINT('',(27.167241166154,25.4716308179775,0.4));
#15117=CARTESIAN_POINT('Ctrl Pts',(27.167241166154,25.4716308179775,0.4));
#15118=CARTESIAN_POINT('Ctrl Pts',(27.169913894452,25.548696942494,0.4));
#15119=CARTESIAN_POINT('Ctrl Pts',(27.1749974628939,25.6952778421789,0.4));
#15120=CARTESIAN_POINT('Ctrl Pts',(27.2257226832382,25.8327607902347,0.4));
#15121=CARTESIAN_POINT('Ctrl Pts',(27.2497786980067,25.8979609373489,0.4));
#15122=CARTESIAN_POINT('',(27.3602833252345,24.8754507068077,0.4));
#15123=CARTESIAN_POINT('Ctrl Pts',(27.3602833252345,24.8754507068077,0.4));
#15124=CARTESIAN_POINT('Ctrl Pts',(27.3040820632528,24.9574369673809,0.4));
#15125=CARTESIAN_POINT('Ctrl Pts',(27.1814887196735,25.1362758307234,0.4));
#15126=CARTESIAN_POINT('Ctrl Pts',(27.1722464449206,25.3538179461273,0.4));
#15127=CARTESIAN_POINT('Ctrl Pts',(27.167241166154,25.4716308179775,0.4));
#15128=CARTESIAN_POINT('',(27.8520979385768,24.6653552118221,0.4));
#15129=CARTESIAN_POINT('Ctrl Pts',(27.8520979385768,24.6653552118221,0.4));
#15130=CARTESIAN_POINT('Ctrl Pts',(27.7573470155627,24.6736410051693,0.4));
#15131=CARTESIAN_POINT('Ctrl Pts',(27.5702970011517,24.6899981837137,0.4));
#15132=CARTESIAN_POINT('Ctrl Pts',(27.4296734577428,24.8141757679481,0.4));
#15133=CARTESIAN_POINT('Ctrl Pts',(27.3602833252345,24.8754507068077,0.4));
#15134=CARTESIAN_POINT('',(28.3398195009623,24.8734043303409,0.4));
#15135=CARTESIAN_POINT('Ctrl Pts',(28.3398195009623,24.8734043303409,0.4));
#15136=CARTESIAN_POINT('Ctrl Pts',(28.2704910520993,24.8127245924062,0.4));
#15137=CARTESIAN_POINT('Ctrl Pts',(28.1306572275137,24.6903350110812,0.4));
#15138=CARTESIAN_POINT('Ctrl Pts',(27.945470582852,24.6737284020294,0.4));
#15139=CARTESIAN_POINT('Ctrl Pts',(27.8520979385768,24.6653552118221,0.4));
#15140=CARTESIAN_POINT('',(28.5342260103617,25.4429813984314,0.4));
#15141=CARTESIAN_POINT('Ctrl Pts',(28.5342260103617,25.4429813984314,0.4));
#15142=CARTESIAN_POINT('Ctrl Pts',(28.5284910924582,25.3315388502278,0.4));
#15143=CARTESIAN_POINT('Ctrl Pts',(28.5177314509605,25.1224544506904,0.4));
#15144=CARTESIAN_POINT('Ctrl Pts',(28.3964551887227,24.9526858224101,0.4));
#15145=CARTESIAN_POINT('Ctrl Pts',(28.3398195009623,24.8734043303409,0.4));
#15146=CARTESIAN_POINT('Ctrl Pts',(28.3316339950953,26.087592667667,0.4));
#15147=CARTESIAN_POINT('Ctrl Pts',(28.3904629136195,26.0045169780113,0.4));
#15148=CARTESIAN_POINT('Ctrl Pts',(28.5260368877339,25.8130651940677,0.4));
#15149=CARTESIAN_POINT('Ctrl Pts',(28.5312659616455,25.5767522691285,0.4));
#15150=CARTESIAN_POINT('Ctrl Pts',(28.5342260103617,25.4429813984314,0.4));
#15151=CARTESIAN_POINT('Ctrl Pts',(28.3555083375369,24.5753143492618,0.4));
#15152=CARTESIAN_POINT('Ctrl Pts',(28.3555083375369,24.5753143492618,0.));
#15153=CARTESIAN_POINT('Ctrl Pts',(28.4251708670392,24.6249980947827,0.4));
#15154=CARTESIAN_POINT('Ctrl Pts',(28.4251708670392,24.6249980947827,0.));
#15155=CARTESIAN_POINT('Ctrl Pts',(28.5647056159977,24.7245151379922,0.4));
#15156=CARTESIAN_POINT('Ctrl Pts',(28.5647056159977,24.7245151379922,0.));
#15157=CARTESIAN_POINT('Ctrl Pts',(28.6498457360632,24.8732681025822,0.4));
#15158=CARTESIAN_POINT('Ctrl Pts',(28.6498457360632,24.8732681025822,0.));
#15159=CARTESIAN_POINT('Ctrl Pts',(28.6924797695075,24.9477563563267,0.4));
#15160=CARTESIAN_POINT('Ctrl Pts',(28.6924797695075,24.9477563563267,0.));
#15161=CARTESIAN_POINT('',(28.6924797695075,24.9477563563267,0.));
#15162=CARTESIAN_POINT('',(28.6924797695075,24.9477563563267,0.));
#15163=CARTESIAN_POINT('',(28.3555083375369,24.5753143492618,0.));
#15164=CARTESIAN_POINT('Ctrl Pts',(28.3555083375369,24.5753143492618,0.));
#15165=CARTESIAN_POINT('Ctrl Pts',(28.4251708670392,24.6249980947827,0.));
#15166=CARTESIAN_POINT('Ctrl Pts',(28.5647056159977,24.7245151379922,0.));
#15167=CARTESIAN_POINT('Ctrl Pts',(28.6498457360632,24.8732681025822,0.));
#15168=CARTESIAN_POINT('Ctrl Pts',(28.6924797695075,24.9477563563267,0.));
#15169=CARTESIAN_POINT('',(28.3555083375369,24.5753143492618,0.));
#15170=CARTESIAN_POINT('Ctrl Pts',(27.8507335882579,24.4388887051025,0.4));
#15171=CARTESIAN_POINT('Ctrl Pts',(27.8507335882579,24.4388887051025,0.));
#15172=CARTESIAN_POINT('Ctrl Pts',(27.9415538407056,24.4440812358405,0.4));
#15173=CARTESIAN_POINT('Ctrl Pts',(27.9415538407056,24.4440812358405,0.));
#15174=CARTESIAN_POINT('Ctrl Pts',(28.1194655549073,24.4542531085203,0.4));
#15175=CARTESIAN_POINT('Ctrl Pts',(28.1194655549073,24.4542531085203,0.));
#15176=CARTESIAN_POINT('Ctrl Pts',(28.2779345088401,24.5355284094145,0.4));
#15177=CARTESIAN_POINT('Ctrl Pts',(28.2779345088401,24.5355284094145,0.));
#15178=CARTESIAN_POINT('Ctrl Pts',(28.3555083375369,24.5753143492618,0.4));
#15179=CARTESIAN_POINT('Ctrl Pts',(28.3555083375369,24.5753143492618,0.));
#15180=CARTESIAN_POINT('',(27.8507335882579,24.4388887051025,0.));
#15181=CARTESIAN_POINT('Ctrl Pts',(27.8507335882579,24.4388887051025,0.));
#15182=CARTESIAN_POINT('Ctrl Pts',(27.9415538407056,24.4440812358405,0.));
#15183=CARTESIAN_POINT('Ctrl Pts',(28.1194655549073,24.4542531085203,0.));
#15184=CARTESIAN_POINT('Ctrl Pts',(28.2779345088401,24.5355284094145,0.));
#15185=CARTESIAN_POINT('Ctrl Pts',(28.3555083375369,24.5753143492618,0.));
#15186=CARTESIAN_POINT('',(27.8507335882579,24.4388887051025,0.));
#15187=CARTESIAN_POINT('Ctrl Pts',(27.3650582533274,24.5623539153019,0.4));
#15188=CARTESIAN_POINT('Ctrl Pts',(27.3650582533274,24.5623539153019,0.));
#15189=CARTESIAN_POINT('Ctrl Pts',(27.4417377883248,24.5263433651548,0.4));
#15190=CARTESIAN_POINT('Ctrl Pts',(27.4417377883248,24.5263433651548,0.));
#15191=CARTESIAN_POINT('Ctrl Pts',(27.5956950787194,24.4540413262019,0.4));
#15192=CARTESIAN_POINT('Ctrl Pts',(27.5956950787194,24.4540413262019,0.));
#15193=CARTESIAN_POINT('Ctrl Pts',(27.7655008178986,24.4439526457476,0.4));
#15194=CARTESIAN_POINT('Ctrl Pts',(27.7655008178986,24.4439526457476,0.));
#15195=CARTESIAN_POINT('Ctrl Pts',(27.8507335882579,24.4388887051025,0.4));
#15196=CARTESIAN_POINT('Ctrl Pts',(27.8507335882579,24.4388887051025,0.));
#15197=CARTESIAN_POINT('',(27.3650582533274,24.5623539153019,0.));
#15198=CARTESIAN_POINT('Ctrl Pts',(27.3650582533274,24.5623539153019,0.));
#15199=CARTESIAN_POINT('Ctrl Pts',(27.4417377883248,24.5263433651548,0.));
#15200=CARTESIAN_POINT('Ctrl Pts',(27.5956950787194,24.4540413262019,0.));
#15201=CARTESIAN_POINT('Ctrl Pts',(27.7655008178986,24.4439526457476,0.));
#15202=CARTESIAN_POINT('Ctrl Pts',(27.8507335882579,24.4388887051025,0.));
#15203=CARTESIAN_POINT('',(27.3650582533274,24.5623539153019,0.));
#15204=CARTESIAN_POINT('Ctrl Pts',(27.0171727638636,24.9259282413402,0.4));
#15205=CARTESIAN_POINT('Ctrl Pts',(27.0171727638636,24.9259282413402,0.));
#15206=CARTESIAN_POINT('Ctrl Pts',(27.0618590846515,24.8510314163864,0.4));
#15207=CARTESIAN_POINT('Ctrl Pts',(27.0618590846515,24.8510314163864,0.));
#15208=CARTESIAN_POINT('Ctrl Pts',(27.1500722261804,24.7031811547577,0.4));
#15209=CARTESIAN_POINT('Ctrl Pts',(27.1500722261804,24.7031811547577,0.));
#15210=CARTESIAN_POINT('Ctrl Pts',(27.2940269724297,24.6088831680937,0.4));
#15211=CARTESIAN_POINT('Ctrl Pts',(27.2940269724297,24.6088831680937,0.));
#15212=CARTESIAN_POINT('Ctrl Pts',(27.3650582533274,24.5623539153019,0.4));
#15213=CARTESIAN_POINT('Ctrl Pts',(27.3650582533274,24.5623539153019,0.));
#15214=CARTESIAN_POINT('',(27.0171727638636,24.9259282413402,0.));
#15215=CARTESIAN_POINT('Ctrl Pts',(27.0171727638636,24.9259282413402,0.));
#15216=CARTESIAN_POINT('Ctrl Pts',(27.0618590846515,24.8510314163864,0.));
#15217=CARTESIAN_POINT('Ctrl Pts',(27.1500722261804,24.7031811547577,0.));
#15218=CARTESIAN_POINT('Ctrl Pts',(27.2940269724297,24.6088831680937,0.));
#15219=CARTESIAN_POINT('Ctrl Pts',(27.3650582533274,24.5623539153019,0.));
#15220=CARTESIAN_POINT('',(27.0171727638636,24.9259282413402,0.));
#15221=CARTESIAN_POINT('Ctrl Pts',(26.8943895798121,25.4702666166702,0.4));
#15222=CARTESIAN_POINT('Ctrl Pts',(26.8943895798121,25.4702666166702,0.));
#15223=CARTESIAN_POINT('Ctrl Pts',(26.8988320583129,25.3728713789734,0.4));
#15224=CARTESIAN_POINT('Ctrl Pts',(26.8988320583129,25.3728713789734,0.));
#15225=CARTESIAN_POINT('Ctrl Pts',(26.9074466414472,25.1840084791556,0.4));
#15226=CARTESIAN_POINT('Ctrl Pts',(26.9074466414472,25.1840084791556,0.));
#15227=CARTESIAN_POINT('Ctrl Pts',(26.981370774164,25.01013595608,0.4));
#15228=CARTESIAN_POINT('Ctrl Pts',(26.981370774164,25.01013595608,0.));
#15229=CARTESIAN_POINT('Ctrl Pts',(27.0171727638636,24.9259282413402,0.4));
#15230=CARTESIAN_POINT('Ctrl Pts',(27.0171727638636,24.9259282413402,0.));
#15231=CARTESIAN_POINT('',(26.8943895798121,25.4702666166702,0.));
#15232=CARTESIAN_POINT('Ctrl Pts',(26.8943895798121,25.4702666166702,0.));
#15233=CARTESIAN_POINT('Ctrl Pts',(26.8988320583129,25.3728713789734,0.));
#15234=CARTESIAN_POINT('Ctrl Pts',(26.9074466414472,25.1840084791556,0.));
#15235=CARTESIAN_POINT('Ctrl Pts',(26.981370774164,25.01013595608,0.));
#15236=CARTESIAN_POINT('Ctrl Pts',(27.0171727638636,24.9259282413402,0.));
#15237=CARTESIAN_POINT('',(26.8943895798121,25.4702666166702,0.));
#15238=CARTESIAN_POINT('Ctrl Pts',(27.0110334854518,26.007101512281,0.4));
#15239=CARTESIAN_POINT('Ctrl Pts',(27.0110334854518,26.007101512281,0.));
#15240=CARTESIAN_POINT('Ctrl Pts',(26.9770228578126,25.923988983998,0.4));
#15241=CARTESIAN_POINT('Ctrl Pts',(26.9770228578126,25.923988983998,0.));
#15242=CARTESIAN_POINT('Ctrl Pts',(26.9066490261691,25.7520148841695,0.4));
#15243=CARTESIAN_POINT('Ctrl Pts',(26.9066490261691,25.7520148841695,0.));
#15244=CARTESIAN_POINT('Ctrl Pts',(26.8985661315231,25.5662526974786,0.4));
#15245=CARTESIAN_POINT('Ctrl Pts',(26.8985661315231,25.5662526974786,0.));
#15246=CARTESIAN_POINT('Ctrl Pts',(26.8943895798121,25.4702666166702,0.4));
#15247=CARTESIAN_POINT('Ctrl Pts',(26.8943895798121,25.4702666166702,0.));
#15248=CARTESIAN_POINT('',(27.0110334854518,26.007101512281,0.));
#15249=CARTESIAN_POINT('Ctrl Pts',(27.0110334854518,26.007101512281,0.));
#15250=CARTESIAN_POINT('Ctrl Pts',(26.9770228578126,25.923988983998,0.));
#15251=CARTESIAN_POINT('Ctrl Pts',(26.9066490261691,25.7520148841695,0.));
#15252=CARTESIAN_POINT('Ctrl Pts',(26.8985661315231,25.5662526974786,0.));
#15253=CARTESIAN_POINT('Ctrl Pts',(26.8943895798121,25.4702666166702,0.));
#15254=CARTESIAN_POINT('',(27.0110334854518,26.007101512281,0.));
#15255=CARTESIAN_POINT('Ctrl Pts',(27.3500515919123,26.3761329415718,0.4));
#15256=CARTESIAN_POINT('Ctrl Pts',(27.3500515919123,26.3761329415718,0.));
#15257=CARTESIAN_POINT('Ctrl Pts',(27.2802324498292,26.3274700997,0.4));
#15258=CARTESIAN_POINT('Ctrl Pts',(27.2802324498292,26.3274700997,0.));
#15259=CARTESIAN_POINT('Ctrl Pts',(27.1398640352109,26.2296355265361,0.4));
#15260=CARTESIAN_POINT('Ctrl Pts',(27.1398640352109,26.2296355265361,0.));
#15261=CARTESIAN_POINT('Ctrl Pts',(27.0541256589365,26.0815362978692,0.4));
#15262=CARTESIAN_POINT('Ctrl Pts',(27.0541256589365,26.0815362978692,0.));
#15263=CARTESIAN_POINT('Ctrl Pts',(27.0110334854518,26.007101512281,0.4));
#15264=CARTESIAN_POINT('Ctrl Pts',(27.0110334854518,26.007101512281,0.));
#15265=CARTESIAN_POINT('',(27.3500515919123,26.3761329415718,0.));
#15266=CARTESIAN_POINT('Ctrl Pts',(27.3500515919123,26.3761329415718,0.));
#15267=CARTESIAN_POINT('Ctrl Pts',(27.2802324498292,26.3274700997,0.));
#15268=CARTESIAN_POINT('Ctrl Pts',(27.1398640352109,26.2296355265361,0.));
#15269=CARTESIAN_POINT('Ctrl Pts',(27.0541256589365,26.0815362978692,0.));
#15270=CARTESIAN_POINT('Ctrl Pts',(27.0110334854518,26.007101512281,0.));
#15271=CARTESIAN_POINT('',(27.3500515919123,26.3761329415718,0.));
#15272=CARTESIAN_POINT('Ctrl Pts',(27.849369237939,26.508465683786,0.4));
#15273=CARTESIAN_POINT('Ctrl Pts',(27.849369237939,26.508465683786,0.));
#15274=CARTESIAN_POINT('Ctrl Pts',(27.7600176456527,26.5033575445669,0.4));
#15275=CARTESIAN_POINT('Ctrl Pts',(27.7600176456527,26.5033575445669,0.));
#15276=CARTESIAN_POINT('Ctrl Pts',(27.5844580266254,26.4933209805584,0.4));
#15277=CARTESIAN_POINT('Ctrl Pts',(27.5844580266254,26.4933209805584,0.));
#15278=CARTESIAN_POINT('Ctrl Pts',(27.4272487418225,26.4147265178292,0.4));
#15279=CARTESIAN_POINT('Ctrl Pts',(27.4272487418225,26.4147265178292,0.));
#15280=CARTESIAN_POINT('Ctrl Pts',(27.3500515919123,26.3761329415718,0.4));
#15281=CARTESIAN_POINT('Ctrl Pts',(27.3500515919123,26.3761329415718,0.));
#15282=CARTESIAN_POINT('',(27.849369237939,26.508465683786,0.));
#15283=CARTESIAN_POINT('Ctrl Pts',(27.849369237939,26.508465683786,0.));
#15284=CARTESIAN_POINT('Ctrl Pts',(27.7600176456527,26.5033575445669,0.));
#15285=CARTESIAN_POINT('Ctrl Pts',(27.5844580266254,26.4933209805584,0.));
#15286=CARTESIAN_POINT('Ctrl Pts',(27.4272487418225,26.4147265178292,0.));
#15287=CARTESIAN_POINT('Ctrl Pts',(27.3500515919123,26.3761329415718,0.));
#15288=CARTESIAN_POINT('',(27.849369237939,26.508465683786,0.));
#15289=CARTESIAN_POINT('Ctrl Pts',(28.5396831136142,26.2267468634525,0.4));
#15290=CARTESIAN_POINT('Ctrl Pts',(28.5396831136142,26.2267468634525,0.));
#15291=CARTESIAN_POINT('Ctrl Pts',(28.4424469508813,26.3089015668814,0.4));
#15292=CARTESIAN_POINT('Ctrl Pts',(28.4424469508813,26.3089015668814,0.));
#15293=CARTESIAN_POINT('Ctrl Pts',(28.2431774731069,26.4772640812884,0.4));
#15294=CARTESIAN_POINT('Ctrl Pts',(28.2431774731069,26.4772640812884,0.));
#15295=CARTESIAN_POINT('Ctrl Pts',(27.9827286381267,26.4978995588999,0.4));
#15296=CARTESIAN_POINT('Ctrl Pts',(27.9827286381267,26.4978995588999,0.));
#15297=CARTESIAN_POINT('Ctrl Pts',(27.849369237939,26.508465683786,0.4));
#15298=CARTESIAN_POINT('Ctrl Pts',(27.849369237939,26.508465683786,0.));
#15299=CARTESIAN_POINT('',(28.5396831136142,26.2267468634525,0.));
#15300=CARTESIAN_POINT('Ctrl Pts',(28.5396831136142,26.2267468634525,0.));
#15301=CARTESIAN_POINT('Ctrl Pts',(28.4424469508813,26.3089015668814,0.));
#15302=CARTESIAN_POINT('Ctrl Pts',(28.2431774731069,26.4772640812884,0.));
#15303=CARTESIAN_POINT('Ctrl Pts',(27.9827286381267,26.4978995588999,0.));
#15304=CARTESIAN_POINT('Ctrl Pts',(27.849369237939,26.508465683786,0.));
#15305=CARTESIAN_POINT('',(28.5396831136142,26.2267468634525,0.));
#15306=CARTESIAN_POINT('Ctrl Pts',(28.8070772986804,25.4470741513649,0.4));
#15307=CARTESIAN_POINT('Ctrl Pts',(28.8070772986804,25.4470741513649,0.));
#15308=CARTESIAN_POINT('Ctrl Pts',(28.7993417314814,25.6002495999493,0.4));
#15309=CARTESIAN_POINT('Ctrl Pts',(28.7993417314814,25.6002495999493,0.));
#15310=CARTESIAN_POINT('Ctrl Pts',(28.7848664967726,25.8868802390293,0.4));
#15311=CARTESIAN_POINT('Ctrl Pts',(28.7848664967726,25.8868802390293,0.));
#15312=CARTESIAN_POINT('Ctrl Pts',(28.6175743272712,26.1187761538685,0.4));
#15313=CARTESIAN_POINT('Ctrl Pts',(28.6175743272712,26.1187761538685,0.));
#15314=CARTESIAN_POINT('Ctrl Pts',(28.5396831136142,26.2267468634525,0.4));
#15315=CARTESIAN_POINT('Ctrl Pts',(28.5396831136142,26.2267468634525,0.));
#15316=CARTESIAN_POINT('',(28.8070772986804,25.4470741513649,0.));
#15317=CARTESIAN_POINT('Ctrl Pts',(28.8070772986804,25.4470741513649,0.));
#15318=CARTESIAN_POINT('Ctrl Pts',(28.7993417314814,25.6002495999493,0.));
#15319=CARTESIAN_POINT('Ctrl Pts',(28.7848664967726,25.8868802390293,0.));
#15320=CARTESIAN_POINT('Ctrl Pts',(28.6175743272712,26.1187761538685,0.));
#15321=CARTESIAN_POINT('Ctrl Pts',(28.5396831136142,26.2267468634525,0.));
#15322=CARTESIAN_POINT('',(28.8070772986804,25.4470741513649,0.));
#15323=CARTESIAN_POINT('Ctrl Pts',(28.6924797695075,24.9477563563267,0.4));
#15324=CARTESIAN_POINT('Ctrl Pts',(28.6924797695075,24.9477563563267,0.));
#15325=CARTESIAN_POINT('Ctrl Pts',(28.7259040965461,25.0276057813149,0.4));
#15326=CARTESIAN_POINT('Ctrl Pts',(28.7259040965461,25.0276057813149,0.));
#15327=CARTESIAN_POINT('Ctrl Pts',(28.7928145858381,25.1874523532291,0.4));
#15328=CARTESIAN_POINT('Ctrl Pts',(28.7928145858381,25.1874523532291,0.));
#15329=CARTESIAN_POINT('Ctrl Pts',(28.8023201328879,25.3604802508405,0.4));
#15330=CARTESIAN_POINT('Ctrl Pts',(28.8023201328879,25.3604802508405,0.));
#15331=CARTESIAN_POINT('Ctrl Pts',(28.8070772986804,25.4470741513649,0.4));
#15332=CARTESIAN_POINT('Ctrl Pts',(28.8070772986804,25.4470741513649,0.));
#15333=CARTESIAN_POINT('Ctrl Pts',(28.6924797695075,24.9477563563267,0.));
#15334=CARTESIAN_POINT('Ctrl Pts',(28.7259040965461,25.0276057813149,0.));
#15335=CARTESIAN_POINT('Ctrl Pts',(28.7928145858381,25.1874523532291,0.));
#15336=CARTESIAN_POINT('Ctrl Pts',(28.8023201328879,25.3604802508405,0.));
#15337=CARTESIAN_POINT('Ctrl Pts',(28.8070772986804,25.4470741513649,0.));
#15338=CARTESIAN_POINT('Ctrl Pts',(27.84800488762,26.2806349757591,0.4));
#15339=CARTESIAN_POINT('Ctrl Pts',(27.84800488762,26.2806349757591,0.));
#15340=CARTESIAN_POINT('Ctrl Pts',(27.9383750389652,26.2726300373592,0.4));
#15341=CARTESIAN_POINT('Ctrl Pts',(27.9383750389652,26.2726300373592,0.));
#15342=CARTESIAN_POINT('Ctrl Pts',(28.1188998612188,26.2566392476983,0.4));
#15343=CARTESIAN_POINT('Ctrl Pts',(28.1188998612188,26.2566392476983,0.));
#15344=CARTESIAN_POINT('Ctrl Pts',(28.2607790677176,26.1438966699129,0.4));
#15345=CARTESIAN_POINT('Ctrl Pts',(28.2607790677176,26.1438966699129,0.));
#15346=CARTESIAN_POINT('Ctrl Pts',(28.3316339950953,26.087592667667,0.4));
#15347=CARTESIAN_POINT('Ctrl Pts',(28.3316339950953,26.087592667667,0.));
#15348=CARTESIAN_POINT('',(28.3316339950953,26.087592667667,0.));
#15349=CARTESIAN_POINT('',(28.3316339950953,26.087592667667,0.));
#15350=CARTESIAN_POINT('',(27.84800488762,26.2806349757591,0.));
#15351=CARTESIAN_POINT('Ctrl Pts',(27.84800488762,26.2806349757591,0.));
#15352=CARTESIAN_POINT('Ctrl Pts',(27.9383750389652,26.2726300373592,0.));
#15353=CARTESIAN_POINT('Ctrl Pts',(28.1188998612188,26.2566392476983,0.));
#15354=CARTESIAN_POINT('Ctrl Pts',(28.2607790677176,26.1438966699129,0.));
#15355=CARTESIAN_POINT('Ctrl Pts',(28.3316339950953,26.087592667667,0.));
#15356=CARTESIAN_POINT('',(27.84800488762,26.2806349757591,0.));
#15357=CARTESIAN_POINT('Ctrl Pts',(27.491252015153,26.1803620818535,0.4));
#15358=CARTESIAN_POINT('Ctrl Pts',(27.491252015153,26.1803620818535,0.));
#15359=CARTESIAN_POINT('Ctrl Pts',(27.5462879565347,26.2096068152974,0.4));
#15360=CARTESIAN_POINT('Ctrl Pts',(27.5462879565347,26.2096068152974,0.));
#15361=CARTESIAN_POINT('Ctrl Pts',(27.6578787137873,26.2689033743953,0.4));
#15362=CARTESIAN_POINT('Ctrl Pts',(27.6578787137873,26.2689033743953,0.));
#15363=CARTESIAN_POINT('Ctrl Pts',(27.7840570205808,26.2766891177584,0.4));
#15364=CARTESIAN_POINT('Ctrl Pts',(27.7840570205808,26.2766891177584,0.));
#15365=CARTESIAN_POINT('Ctrl Pts',(27.84800488762,26.2806349757591,0.4));
#15366=CARTESIAN_POINT('Ctrl Pts',(27.84800488762,26.2806349757591,0.));
#15367=CARTESIAN_POINT('',(27.491252015153,26.1803620818535,0.));
#15368=CARTESIAN_POINT('Ctrl Pts',(27.491252015153,26.1803620818535,0.));
#15369=CARTESIAN_POINT('Ctrl Pts',(27.5462879565347,26.2096068152974,0.));
#15370=CARTESIAN_POINT('Ctrl Pts',(27.6578787137873,26.2689033743953,0.));
#15371=CARTESIAN_POINT('Ctrl Pts',(27.7840570205808,26.2766891177584,0.));
#15372=CARTESIAN_POINT('Ctrl Pts',(27.84800488762,26.2806349757591,0.));
#15373=CARTESIAN_POINT('',(27.491252015153,26.1803620818535,0.));
#15374=CARTESIAN_POINT('Ctrl Pts',(27.2497786980067,25.8979609373489,0.4));
#15375=CARTESIAN_POINT('Ctrl Pts',(27.2497786980067,25.8979609373489,0.));
#15376=CARTESIAN_POINT('Ctrl Pts',(27.2800235815631,25.954972187918,0.4));
#15377=CARTESIAN_POINT('Ctrl Pts',(27.2800235815631,25.954972187918,0.));
#15378=CARTESIAN_POINT('Ctrl Pts',(27.3395294110295,26.0671399781393,0.4));
#15379=CARTESIAN_POINT('Ctrl Pts',(27.3395294110295,26.0671399781393,0.));
#15380=CARTESIAN_POINT('Ctrl Pts',(27.4412384048382,26.1430397184068,0.4));
#15381=CARTESIAN_POINT('Ctrl Pts',(27.4412384048382,26.1430397184068,0.));
#15382=CARTESIAN_POINT('Ctrl Pts',(27.491252015153,26.1803620818535,0.4));
#15383=CARTESIAN_POINT('Ctrl Pts',(27.491252015153,26.1803620818535,0.));
#15384=CARTESIAN_POINT('',(27.2497786980067,25.8979609373489,0.));
#15385=CARTESIAN_POINT('Ctrl Pts',(27.2497786980067,25.8979609373489,0.));
#15386=CARTESIAN_POINT('Ctrl Pts',(27.2800235815631,25.954972187918,0.));
#15387=CARTESIAN_POINT('Ctrl Pts',(27.3395294110295,26.0671399781393,0.));
#15388=CARTESIAN_POINT('Ctrl Pts',(27.4412384048382,26.1430397184068,0.));
#15389=CARTESIAN_POINT('Ctrl Pts',(27.491252015153,26.1803620818535,0.));
#15390=CARTESIAN_POINT('',(27.2497786980067,25.8979609373489,0.));
#15391=CARTESIAN_POINT('Ctrl Pts',(27.167241166154,25.4716308179775,0.4));
#15392=CARTESIAN_POINT('Ctrl Pts',(27.167241166154,25.4716308179775,0.));
#15393=CARTESIAN_POINT('Ctrl Pts',(27.169913894452,25.548696942494,0.4));
#15394=CARTESIAN_POINT('Ctrl Pts',(27.169913894452,25.548696942494,0.));
#15395=CARTESIAN_POINT('Ctrl Pts',(27.1749974628939,25.6952778421789,0.4));
#15396=CARTESIAN_POINT('Ctrl Pts',(27.1749974628939,25.6952778421789,0.));
#15397=CARTESIAN_POINT('Ctrl Pts',(27.2257226832382,25.8327607902347,0.4));
#15398=CARTESIAN_POINT('Ctrl Pts',(27.2257226832382,25.8327607902347,0.));
#15399=CARTESIAN_POINT('Ctrl Pts',(27.2497786980067,25.8979609373489,0.4));
#15400=CARTESIAN_POINT('Ctrl Pts',(27.2497786980067,25.8979609373489,0.));
#15401=CARTESIAN_POINT('',(27.167241166154,25.4716308179775,0.));
#15402=CARTESIAN_POINT('Ctrl Pts',(27.167241166154,25.4716308179775,0.));
#15403=CARTESIAN_POINT('Ctrl Pts',(27.169913894452,25.548696942494,0.));
#15404=CARTESIAN_POINT('Ctrl Pts',(27.1749974628939,25.6952778421789,0.));
#15405=CARTESIAN_POINT('Ctrl Pts',(27.2257226832382,25.8327607902347,0.));
#15406=CARTESIAN_POINT('Ctrl Pts',(27.2497786980067,25.8979609373489,0.));
#15407=CARTESIAN_POINT('',(27.167241166154,25.4716308179775,0.));
#15408=CARTESIAN_POINT('Ctrl Pts',(27.3602833252345,24.8754507068077,0.4));
#15409=CARTESIAN_POINT('Ctrl Pts',(27.3602833252345,24.8754507068077,0.));
#15410=CARTESIAN_POINT('Ctrl Pts',(27.3040820632528,24.9574369673809,0.4));
#15411=CARTESIAN_POINT('Ctrl Pts',(27.3040820632528,24.9574369673809,0.));
#15412=CARTESIAN_POINT('Ctrl Pts',(27.1814887196735,25.1362758307234,0.4));
#15413=CARTESIAN_POINT('Ctrl Pts',(27.1814887196735,25.1362758307234,0.));
#15414=CARTESIAN_POINT('Ctrl Pts',(27.1722464449206,25.3538179461273,0.4));
#15415=CARTESIAN_POINT('Ctrl Pts',(27.1722464449206,25.3538179461273,0.));
#15416=CARTESIAN_POINT('Ctrl Pts',(27.167241166154,25.4716308179775,0.4));
#15417=CARTESIAN_POINT('Ctrl Pts',(27.167241166154,25.4716308179775,0.));
#15418=CARTESIAN_POINT('',(27.3602833252345,24.8754507068077,0.));
#15419=CARTESIAN_POINT('Ctrl Pts',(27.3602833252345,24.8754507068077,0.));
#15420=CARTESIAN_POINT('Ctrl Pts',(27.3040820632528,24.9574369673809,0.));
#15421=CARTESIAN_POINT('Ctrl Pts',(27.1814887196735,25.1362758307234,0.));
#15422=CARTESIAN_POINT('Ctrl Pts',(27.1722464449206,25.3538179461273,0.));
#15423=CARTESIAN_POINT('Ctrl Pts',(27.167241166154,25.4716308179775,0.));
#15424=CARTESIAN_POINT('',(27.3602833252345,24.8754507068077,0.));
#15425=CARTESIAN_POINT('Ctrl Pts',(27.8520979385768,24.6653552118221,0.4));
#15426=CARTESIAN_POINT('Ctrl Pts',(27.8520979385768,24.6653552118221,0.));
#15427=CARTESIAN_POINT('Ctrl Pts',(27.7573470155627,24.6736410051693,0.4));
#15428=CARTESIAN_POINT('Ctrl Pts',(27.7573470155627,24.6736410051693,0.));
#15429=CARTESIAN_POINT('Ctrl Pts',(27.5702970011517,24.6899981837137,0.4));
#15430=CARTESIAN_POINT('Ctrl Pts',(27.5702970011517,24.6899981837137,0.));
#15431=CARTESIAN_POINT('Ctrl Pts',(27.4296734577428,24.8141757679481,0.4));
#15432=CARTESIAN_POINT('Ctrl Pts',(27.4296734577428,24.8141757679481,0.));
#15433=CARTESIAN_POINT('Ctrl Pts',(27.3602833252345,24.8754507068077,0.4));
#15434=CARTESIAN_POINT('Ctrl Pts',(27.3602833252345,24.8754507068077,0.));
#15435=CARTESIAN_POINT('',(27.8520979385768,24.6653552118221,0.));
#15436=CARTESIAN_POINT('Ctrl Pts',(27.8520979385768,24.6653552118221,0.));
#15437=CARTESIAN_POINT('Ctrl Pts',(27.7573470155627,24.6736410051693,0.));
#15438=CARTESIAN_POINT('Ctrl Pts',(27.5702970011517,24.6899981837137,0.));
#15439=CARTESIAN_POINT('Ctrl Pts',(27.4296734577428,24.8141757679481,0.));
#15440=CARTESIAN_POINT('Ctrl Pts',(27.3602833252345,24.8754507068077,0.));
#15441=CARTESIAN_POINT('',(27.8520979385768,24.6653552118221,0.));
#15442=CARTESIAN_POINT('Ctrl Pts',(28.3398195009623,24.8734043303409,0.4));
#15443=CARTESIAN_POINT('Ctrl Pts',(28.3398195009623,24.8734043303409,0.));
#15444=CARTESIAN_POINT('Ctrl Pts',(28.2704910520993,24.8127245924062,0.4));
#15445=CARTESIAN_POINT('Ctrl Pts',(28.2704910520993,24.8127245924062,0.));
#15446=CARTESIAN_POINT('Ctrl Pts',(28.1306572275137,24.6903350110812,0.4));
#15447=CARTESIAN_POINT('Ctrl Pts',(28.1306572275137,24.6903350110812,0.));
#15448=CARTESIAN_POINT('Ctrl Pts',(27.945470582852,24.6737284020294,0.4));
#15449=CARTESIAN_POINT('Ctrl Pts',(27.945470582852,24.6737284020294,0.));
#15450=CARTESIAN_POINT('Ctrl Pts',(27.8520979385768,24.6653552118221,0.4));
#15451=CARTESIAN_POINT('Ctrl Pts',(27.8520979385768,24.6653552118221,0.));
#15452=CARTESIAN_POINT('',(28.3398195009623,24.8734043303409,0.));
#15453=CARTESIAN_POINT('Ctrl Pts',(28.3398195009623,24.8734043303409,0.));
#15454=CARTESIAN_POINT('Ctrl Pts',(28.2704910520993,24.8127245924062,0.));
#15455=CARTESIAN_POINT('Ctrl Pts',(28.1306572275137,24.6903350110812,0.));
#15456=CARTESIAN_POINT('Ctrl Pts',(27.945470582852,24.6737284020294,0.));
#15457=CARTESIAN_POINT('Ctrl Pts',(27.8520979385768,24.6653552118221,0.));
#15458=CARTESIAN_POINT('',(28.3398195009623,24.8734043303409,0.));
#15459=CARTESIAN_POINT('Ctrl Pts',(28.5342260103617,25.4429813984314,0.4));
#15460=CARTESIAN_POINT('Ctrl Pts',(28.5342260103617,25.4429813984314,0.));
#15461=CARTESIAN_POINT('Ctrl Pts',(28.5284910924582,25.3315388502278,0.4));
#15462=CARTESIAN_POINT('Ctrl Pts',(28.5284910924582,25.3315388502278,0.));
#15463=CARTESIAN_POINT('Ctrl Pts',(28.5177314509605,25.1224544506904,0.4));
#15464=CARTESIAN_POINT('Ctrl Pts',(28.5177314509605,25.1224544506904,0.));
#15465=CARTESIAN_POINT('Ctrl Pts',(28.3964551887227,24.9526858224101,0.4));
#15466=CARTESIAN_POINT('Ctrl Pts',(28.3964551887227,24.9526858224101,0.));
#15467=CARTESIAN_POINT('Ctrl Pts',(28.3398195009623,24.8734043303409,0.4));
#15468=CARTESIAN_POINT('Ctrl Pts',(28.3398195009623,24.8734043303409,0.));
#15469=CARTESIAN_POINT('',(28.5342260103617,25.4429813984314,0.));
#15470=CARTESIAN_POINT('Ctrl Pts',(28.5342260103617,25.4429813984314,0.));
#15471=CARTESIAN_POINT('Ctrl Pts',(28.5284910924582,25.3315388502278,0.));
#15472=CARTESIAN_POINT('Ctrl Pts',(28.5177314509605,25.1224544506904,0.));
#15473=CARTESIAN_POINT('Ctrl Pts',(28.3964551887227,24.9526858224101,0.));
#15474=CARTESIAN_POINT('Ctrl Pts',(28.3398195009623,24.8734043303409,0.));
#15475=CARTESIAN_POINT('',(28.5342260103617,25.4429813984314,0.));
#15476=CARTESIAN_POINT('Ctrl Pts',(28.3316339950953,26.087592667667,0.4));
#15477=CARTESIAN_POINT('Ctrl Pts',(28.3316339950953,26.087592667667,0.));
#15478=CARTESIAN_POINT('Ctrl Pts',(28.3904629136195,26.0045169780113,0.4));
#15479=CARTESIAN_POINT('Ctrl Pts',(28.3904629136195,26.0045169780113,0.));
#15480=CARTESIAN_POINT('Ctrl Pts',(28.5260368877339,25.8130651940677,0.4));
#15481=CARTESIAN_POINT('Ctrl Pts',(28.5260368877339,25.8130651940677,0.));
#15482=CARTESIAN_POINT('Ctrl Pts',(28.5312659616455,25.5767522691285,0.4));
#15483=CARTESIAN_POINT('Ctrl Pts',(28.5312659616455,25.5767522691285,0.));
#15484=CARTESIAN_POINT('Ctrl Pts',(28.5342260103617,25.4429813984314,0.4));
#15485=CARTESIAN_POINT('Ctrl Pts',(28.5342260103617,25.4429813984314,0.));
#15486=CARTESIAN_POINT('Ctrl Pts',(28.3316339950953,26.087592667667,0.));
#15487=CARTESIAN_POINT('Ctrl Pts',(28.3904629136195,26.0045169780113,0.));
#15488=CARTESIAN_POINT('Ctrl Pts',(28.5260368877339,25.8130651940677,0.));
#15489=CARTESIAN_POINT('Ctrl Pts',(28.5312659616455,25.5767522691285,0.));
#15490=CARTESIAN_POINT('Ctrl Pts',(28.5342260103617,25.4429813984314,0.));
#15491=CARTESIAN_POINT('Origin',(35.1,23.75,0.));
#15492=CARTESIAN_POINT('Origin',(35.1,23.75,0.));
#15493=CARTESIAN_POINT('Origin',(35.1,23.75,0.));
#15494=CARTESIAN_POINT('Origin',(35.1,23.75,0.4));
#15495=CARTESIAN_POINT('',(15.650862961447,22.0749960339848,0.4));
#15496=CARTESIAN_POINT('',(15.2279436349615,22.0752324872778,0.4));
#15497=CARTESIAN_POINT('',(15.650862961447,22.0749960339848,0.4));
#15498=CARTESIAN_POINT('',(15.6501139380287,20.7352960213581,0.4));
#15499=CARTESIAN_POINT('',(15.6501139380287,20.7352960213581,0.4));
#15500=CARTESIAN_POINT('',(15.6252111345174,20.115937420194,0.4));
#15501=CARTESIAN_POINT('Ctrl Pts',(15.6252111345174,20.115937420194,0.4));
#15502=CARTESIAN_POINT('Ctrl Pts',(15.6324305604113,20.2225329345372,0.4));
#15503=CARTESIAN_POINT('Ctrl Pts',(15.6463978645661,20.428761517289,0.4));
#15504=CARTESIAN_POINT('Ctrl Pts',(15.6489034436758,20.6354437741161,0.4));
#15505=CARTESIAN_POINT('Ctrl Pts',(15.6501139380287,20.7352960213581,0.4));
#15506=CARTESIAN_POINT('',(15.9609873458017,20.4186146449391,0.4));
#15507=CARTESIAN_POINT('',(15.9609873458017,20.4186146449391,0.4));
#15508=CARTESIAN_POINT('',(17.8008820922803,21.9864814892845,0.4));
#15509=CARTESIAN_POINT('',(17.8008820922803,21.9864814892845,0.4));
#15510=CARTESIAN_POINT('',(18.1255750656909,21.986299954136,0.4));
#15511=CARTESIAN_POINT('',(18.1255750656909,21.986299954136,0.4));
#15512=CARTESIAN_POINT('',(18.1242509267837,19.6179508913523,0.4));
#15513=CARTESIAN_POINT('',(18.1242509267837,19.6179508913523,0.4));
#15514=CARTESIAN_POINT('',(17.7258881140611,19.6181736151508,0.4));
#15515=CARTESIAN_POINT('',(17.7258881140611,19.6181736151508,0.4));
#15516=CARTESIAN_POINT('',(17.7265486577376,20.7996191483081,0.4));
#15517=CARTESIAN_POINT('',(17.7265486577376,20.7996191483081,0.4));
#15518=CARTESIAN_POINT('',(17.7432293445095,21.3534979912461,0.4));
#15519=CARTESIAN_POINT('Ctrl Pts',(17.7432293445095,21.3534979912461,0.4));
#15520=CARTESIAN_POINT('Ctrl Pts',(17.7384059697412,21.2550662990849,0.4));
#15521=CARTESIAN_POINT('Ctrl Pts',(17.7293638574266,21.0705418823471,0.4));
#15522=CARTESIAN_POINT('Ctrl Pts',(17.7274442706699,20.8858090925588,0.4));
#15523=CARTESIAN_POINT('Ctrl Pts',(17.7265486577376,20.7996191483081,0.4));
#15524=CARTESIAN_POINT('',(15.6248724723214,19.5102076965225,0.4));
#15525=CARTESIAN_POINT('',(15.6248724723214,19.5102076965225,0.4));
#15526=CARTESIAN_POINT('',(15.2265096595989,19.510430420321,0.4));
#15527=CARTESIAN_POINT('',(15.2265096595989,19.510430420321,0.4));
#15528=CARTESIAN_POINT('',(15.2279436349615,22.0752324872778,0.4));
#15529=CARTESIAN_POINT('Origin',(15.4394032982043,22.0751142606313,0.));
#15530=CARTESIAN_POINT('',(15.2279436349615,22.0752324872778,0.));
#15531=CARTESIAN_POINT('',(15.2279436349615,22.0752324872778,0.));
#15532=CARTESIAN_POINT('',(15.650862961447,22.0749960339848,0.));
#15533=CARTESIAN_POINT('',(25.2692303638709,22.0696184252948,0.));
#15534=CARTESIAN_POINT('',(15.650862961447,22.0749960339848,0.));
#15535=CARTESIAN_POINT('Origin',(15.6504884497379,21.4051460276715,0.));
#15536=CARTESIAN_POINT('',(15.6501139380287,20.7352960213581,0.));
#15537=CARTESIAN_POINT('',(15.6511469908237,22.583009735849,0.));
#15538=CARTESIAN_POINT('',(15.6501139380287,20.7352960213581,0.));
#15539=CARTESIAN_POINT('Ctrl Pts',(15.6252111345174,20.115937420194,0.4));
#15540=CARTESIAN_POINT('Ctrl Pts',(15.6252111345174,20.115937420194,0.));
#15541=CARTESIAN_POINT('Ctrl Pts',(15.6324305604113,20.2225329345372,0.4));
#15542=CARTESIAN_POINT('Ctrl Pts',(15.6324305604113,20.2225329345372,0.));
#15543=CARTESIAN_POINT('Ctrl Pts',(15.6463978645661,20.428761517289,0.4));
#15544=CARTESIAN_POINT('Ctrl Pts',(15.6463978645661,20.428761517289,0.));
#15545=CARTESIAN_POINT('Ctrl Pts',(15.6489034436758,20.6354437741161,0.4));
#15546=CARTESIAN_POINT('Ctrl Pts',(15.6489034436758,20.6354437741161,0.));
#15547=CARTESIAN_POINT('Ctrl Pts',(15.6501139380287,20.7352960213581,0.4));
#15548=CARTESIAN_POINT('Ctrl Pts',(15.6501139380287,20.7352960213581,0.));
#15549=CARTESIAN_POINT('',(15.6252111345174,20.115937420194,0.));
#15550=CARTESIAN_POINT('Ctrl Pts',(15.6252111345174,20.115937420194,0.));
#15551=CARTESIAN_POINT('Ctrl Pts',(15.6324305604113,20.2225329345372,0.));
#15552=CARTESIAN_POINT('Ctrl Pts',(15.6463978645661,20.428761517289,0.));
#15553=CARTESIAN_POINT('Ctrl Pts',(15.6489034436758,20.6354437741161,0.));
#15554=CARTESIAN_POINT('Ctrl Pts',(15.6501139380287,20.7352960213581,0.));
#15555=CARTESIAN_POINT('',(15.6252111345174,20.115937420194,0.));
#15556=CARTESIAN_POINT('Origin',(15.7930992401595,20.2672760325666,0.));
#15557=CARTESIAN_POINT('',(15.9609873458017,20.4186146449391,0.));
#15558=CARTESIAN_POINT('',(21.9849548293336,25.8487722874257,0.));
#15559=CARTESIAN_POINT('',(15.9609873458017,20.4186146449391,0.));
#15560=CARTESIAN_POINT('Origin',(16.880934719041,21.2025480671118,0.));
#15561=CARTESIAN_POINT('',(17.8008820922803,21.9864814892845,0.));
#15562=CARTESIAN_POINT('',(22.7870719776892,26.2354646530796,0.));
#15563=CARTESIAN_POINT('',(17.8008820922803,21.9864814892845,0.));
#15564=CARTESIAN_POINT('Origin',(17.9632285789856,21.9863907217102,0.));
#15565=CARTESIAN_POINT('',(18.1255750656909,21.986299954136,0.));
#15566=CARTESIAN_POINT('',(26.5311185961604,21.9816004326847,0.));
#15567=CARTESIAN_POINT('',(18.1255750656909,21.986299954136,0.));
#15568=CARTESIAN_POINT('Origin',(18.1249129962373,20.8021254227441,0.));
#15569=CARTESIAN_POINT('',(18.1242509267837,19.6179508913523,0.));
#15570=CARTESIAN_POINT('',(18.1257397242965,22.2808076166105,0.));
#15571=CARTESIAN_POINT('',(18.1242509267837,19.6179508913523,0.));
#15572=CARTESIAN_POINT('Origin',(17.9250695204224,19.6180622532516,0.));
#15573=CARTESIAN_POINT('',(17.7258881140611,19.6181736151508,0.));
#15574=CARTESIAN_POINT('',(26.5113769974252,19.6132616670635,0.));
#15575=CARTESIAN_POINT('',(17.7258881140611,19.6181736151508,0.));
#15576=CARTESIAN_POINT('Origin',(17.7262183858994,20.2088963817295,0.));
#15577=CARTESIAN_POINT('',(17.7265486577376,20.7996191483081,0.));
#15578=CARTESIAN_POINT('',(17.7272110127663,21.9843044580024,0.));
#15579=CARTESIAN_POINT('',(17.7265486577376,20.7996191483081,0.));
#15580=CARTESIAN_POINT('Ctrl Pts',(17.7432293445095,21.3534979912461,0.4));
#15581=CARTESIAN_POINT('Ctrl Pts',(17.7432293445095,21.3534979912461,0.));
#15582=CARTESIAN_POINT('Ctrl Pts',(17.7384059697412,21.2550662990849,0.4));
#15583=CARTESIAN_POINT('Ctrl Pts',(17.7384059697412,21.2550662990849,0.));
#15584=CARTESIAN_POINT('Ctrl Pts',(17.7293638574266,21.0705418823471,0.4));
#15585=CARTESIAN_POINT('Ctrl Pts',(17.7293638574266,21.0705418823471,0.));
#15586=CARTESIAN_POINT('Ctrl Pts',(17.7274442706699,20.8858090925588,0.4));
#15587=CARTESIAN_POINT('Ctrl Pts',(17.7274442706699,20.8858090925588,0.));
#15588=CARTESIAN_POINT('Ctrl Pts',(17.7265486577376,20.7996191483081,0.4));
#15589=CARTESIAN_POINT('Ctrl Pts',(17.7265486577376,20.7996191483081,0.));
#15590=CARTESIAN_POINT('',(17.7432293445095,21.3534979912461,0.));
#15591=CARTESIAN_POINT('Ctrl Pts',(17.7432293445095,21.3534979912461,0.));
#15592=CARTESIAN_POINT('Ctrl Pts',(17.7384059697412,21.2550662990849,0.));
#15593=CARTESIAN_POINT('Ctrl Pts',(17.7293638574266,21.0705418823471,0.));
#15594=CARTESIAN_POINT('Ctrl Pts',(17.7274442706699,20.8858090925588,0.));
#15595=CARTESIAN_POINT('Ctrl Pts',(17.7265486577376,20.7996191483081,0.));
#15596=CARTESIAN_POINT('',(17.7432293445095,21.3534979912461,0.));
#15597=CARTESIAN_POINT('Origin',(16.6840509084155,20.4318528438843,0.));
#15598=CARTESIAN_POINT('',(15.6248724723214,19.5102076965225,0.));
#15599=CARTESIAN_POINT('',(22.7458794078538,25.7065588143433,0.));
#15600=CARTESIAN_POINT('',(15.6248724723214,19.5102076965225,0.));
#15601=CARTESIAN_POINT('Origin',(15.4256910659602,19.5103190584218,0.));
#15602=CARTESIAN_POINT('',(15.2265096595989,19.510430420321,0.));
#15603=CARTESIAN_POINT('',(25.2616572600676,19.5048197907117,0.));
#15604=CARTESIAN_POINT('',(15.2265096595989,19.510430420321,0.));
#15605=CARTESIAN_POINT('Origin',(15.2272266472802,20.7928314537994,0.));
#15606=CARTESIAN_POINT('',(15.2280564263521,22.2769706755595,0.));
#15607=CARTESIAN_POINT('Origin',(35.1,23.75,0.4));
#15608=CARTESIAN_POINT('',(15.292655848964,18.2539127267426,0.4));
#15609=CARTESIAN_POINT('',(15.2254463821692,17.608657056184,0.4));
#15610=CARTESIAN_POINT('Ctrl Pts',(15.292655848964,18.2539127267426,0.4));
#15611=CARTESIAN_POINT('Ctrl Pts',(15.2731411783206,18.1565648094914,0.4));
#15612=CARTESIAN_POINT('Ctrl Pts',(15.2304691733229,17.9436977369508,0.4));
#15613=CARTESIAN_POINT('Ctrl Pts',(15.2272132911992,17.726517103743,0.4));
#15614=CARTESIAN_POINT('Ctrl Pts',(15.2254463821692,17.608657056184,0.4));
#15615=CARTESIAN_POINT('',(15.4907177490369,18.6917287092501,0.4));
#15616=CARTESIAN_POINT('Ctrl Pts',(15.4907177490369,18.6917287092501,0.4));
#15617=CARTESIAN_POINT('Ctrl Pts',(15.4491548652828,18.6276272859594,0.4));
#15618=CARTESIAN_POINT('Ctrl Pts',(15.3610910402017,18.4918085934565,0.4));
#15619=CARTESIAN_POINT('Ctrl Pts',(15.3163046903167,18.3361213318277,0.4));
#15620=CARTESIAN_POINT('Ctrl Pts',(15.292655848964,18.2539127267426,0.4));
#15621=CARTESIAN_POINT('',(15.8633236896854,18.9848354848936,0.4));
#15622=CARTESIAN_POINT('Ctrl Pts',(15.8633236896854,18.9848354848936,0.4));
#15623=CARTESIAN_POINT('Ctrl Pts',(15.7887645493348,18.9447303365815,0.4));
#15624=CARTESIAN_POINT('Ctrl Pts',(15.6473261329138,18.8686510169847,0.4));
#15625=CARTESIAN_POINT('Ctrl Pts',(15.5409960293643,18.7485286657035,0.4));
#15626=CARTESIAN_POINT('Ctrl Pts',(15.4907177490369,18.6917287092501,0.4));
#15627=CARTESIAN_POINT('',(16.3859000787413,19.1032334651951,0.4));
#15628=CARTESIAN_POINT('Ctrl Pts',(16.3859000787413,19.1032334651951,0.4));
#15629=CARTESIAN_POINT('Ctrl Pts',(16.2943332058455,19.0985669905312,0.4));
#15630=CARTESIAN_POINT('Ctrl Pts',(16.1132484878825,19.0893384647372,0.4));
#15631=CARTESIAN_POINT('Ctrl Pts',(15.9460011377957,19.0194060427403,0.4));
#15632=CARTESIAN_POINT('Ctrl Pts',(15.8633236896854,18.9848354848936,0.4));
#15633=CARTESIAN_POINT('',(16.9915207289292,18.9078064469549,0.4));
#15634=CARTESIAN_POINT('Ctrl Pts',(16.9915207289292,18.9078064469549,0.4));
#15635=CARTESIAN_POINT('Ctrl Pts',(16.9009768829232,18.9647503154759,0.4));
#15636=CARTESIAN_POINT('Ctrl Pts',(16.7158586511529,19.0811728965317,0.4));
#15637=CARTESIAN_POINT('Ctrl Pts',(16.497471237067,19.0957739735956,0.4));
#15638=CARTESIAN_POINT('Ctrl Pts',(16.3859000787413,19.1032334651951,0.4));
#15639=CARTESIAN_POINT('',(17.3541008570775,18.3496225085082,0.4));
#15640=CARTESIAN_POINT('Ctrl Pts',(17.3541008570775,18.3496225085082,0.4));
#15641=CARTESIAN_POINT('Ctrl Pts',(17.3144223730631,18.4620637325045,0.4));
#15642=CARTESIAN_POINT('Ctrl Pts',(17.2383413912835,18.6776626629231,0.4));
#15643=CARTESIAN_POINT('Ctrl Pts',(17.0713981353369,18.8333260999938,0.4));
#15644=CARTESIAN_POINT('Ctrl Pts',(16.9915207289292,18.9078064469549,0.4));
#15645=CARTESIAN_POINT('',(17.7199565794652,18.7696093130228,0.4));
#15646=CARTESIAN_POINT('Ctrl Pts',(17.7199565794652,18.7696093130228,0.4));
#15647=CARTESIAN_POINT('Ctrl Pts',(17.6471593223218,18.7154547063881,0.4));
#15648=CARTESIAN_POINT('Ctrl Pts',(17.4949049701292,18.6021911731869,0.4));
#15649=CARTESIAN_POINT('Ctrl Pts',(17.4023845561664,18.4362318350422,0.4));
#15650=CARTESIAN_POINT('Ctrl Pts',(17.3541008570775,18.3496225085082,0.4));
#15651=CARTESIAN_POINT('',(18.2029812367673,18.9084928764558,0.4));
#15652=CARTESIAN_POINT('Ctrl Pts',(18.2029812367673,18.9084928764558,0.4));
#15653=CARTESIAN_POINT('Ctrl Pts',(18.1183852638617,18.9025261263044,0.4));
#15654=CARTESIAN_POINT('Ctrl Pts',(17.9475794706615,18.8904787976026,0.4));
#15655=CARTESIAN_POINT('Ctrl Pts',(17.7963073049256,18.8101521283134,0.4));
#15656=CARTESIAN_POINT('Ctrl Pts',(17.7199565794652,18.7696093130228,0.4));
#15657=CARTESIAN_POINT('',(18.7308606525629,18.7513087538878,0.4));
#15658=CARTESIAN_POINT('Ctrl Pts',(18.7308606525629,18.7513087538878,0.4));
#15659=CARTESIAN_POINT('Ctrl Pts',(18.6467450995819,18.797109744191,0.4));
#15660=CARTESIAN_POINT('Ctrl Pts',(18.4818095929642,18.8869172681452,0.4));
#15661=CARTESIAN_POINT('Ctrl Pts',(18.2946776523713,18.901397450533,0.4));
#15662=CARTESIAN_POINT('Ctrl Pts',(18.2029812367673,18.9084928764558,0.4));
#15663=CARTESIAN_POINT('',(19.1044243961209,18.3172662282993,0.4));
#15664=CARTESIAN_POINT('Ctrl Pts',(19.1044243961209,18.3172662282993,0.4));
#15665=CARTESIAN_POINT('Ctrl Pts',(19.0587405940068,18.4044811098676,0.4));
#15666=CARTESIAN_POINT('Ctrl Pts',(18.9677963609875,18.5781026156322,0.4));
#15667=CARTESIAN_POINT('Ctrl Pts',(18.809593729325,18.6937528359992,0.4));
#15668=CARTESIAN_POINT('Ctrl Pts',(18.7308606525629,18.7513087538878,0.4));
#15669=CARTESIAN_POINT('',(19.2254320870154,17.5818640022613,0.4));
#15670=CARTESIAN_POINT('Ctrl Pts',(19.2254320870154,17.5818640022613,0.4));
#15671=CARTESIAN_POINT('Ctrl Pts',(19.2229704959241,17.7208766290953,0.4));
#15672=CARTESIAN_POINT('Ctrl Pts',(19.2185181779251,17.9723109240712,0.4));
#15673=CARTESIAN_POINT('Ctrl Pts',(19.1396762940564,18.2106843534183,0.4));
#15674=CARTESIAN_POINT('Ctrl Pts',(19.1044243961209,18.3172662282993,0.4));
#15675=CARTESIAN_POINT('',(19.2245930589947,16.0811821510582,0.4));
#15676=CARTESIAN_POINT('',(19.2245930589947,16.0811821510582,0.4));
#15677=CARTESIAN_POINT('',(15.2245936245707,16.0834185422064,0.4));
#15678=CARTESIAN_POINT('',(15.2245936245707,16.0834185422064,0.4));
#15679=CARTESIAN_POINT('',(15.2254463821692,17.608657056184,0.4));
#15680=CARTESIAN_POINT('',(17.0726098042464,17.5366830007686,0.4));
#15681=CARTESIAN_POINT('',(17.0720926578313,16.6117171825687,0.4));
#15682=CARTESIAN_POINT('',(17.0726098042464,17.5366830007686,0.4));
#15683=CARTESIAN_POINT('',(17.0060883402836,18.1219861889164,0.4));
#15684=CARTESIAN_POINT('Ctrl Pts',(17.0060883402836,18.1219861889164,0.4));
#15685=CARTESIAN_POINT('Ctrl Pts',(17.0254396591076,18.0396602330861,0.4));
#15686=CARTESIAN_POINT('Ctrl Pts',(17.0706256751655,17.8474262052155,0.4));
#15687=CARTESIAN_POINT('Ctrl Pts',(17.0718880517928,17.6497198351272,0.4));
#15688=CARTESIAN_POINT('Ctrl Pts',(17.0726098042464,17.5366830007686,0.4));
#15689=CARTESIAN_POINT('',(16.7743423390876,18.439987824915,0.4));
#15690=CARTESIAN_POINT('Ctrl Pts',(16.7743423390876,18.439987824915,0.4));
#15691=CARTESIAN_POINT('Ctrl Pts',(16.8254314862813,18.3975069023578,0.4));
#15692=CARTESIAN_POINT('Ctrl Pts',(16.9293752971036,18.311077020076,0.4));
#15693=CARTESIAN_POINT('Ctrl Pts',(16.9802294018762,18.185726173066,0.4));
#15694=CARTESIAN_POINT('Ctrl Pts',(17.0060883402836,18.1219861889164,0.4));
#15695=CARTESIAN_POINT('',(16.385593452199,18.5548025716604,0.4));
#15696=CARTESIAN_POINT('Ctrl Pts',(16.385593452199,18.5548025716604,0.4));
#15697=CARTESIAN_POINT('Ctrl Pts',(16.4568843045719,18.550561250252,0.4));
#15698=CARTESIAN_POINT('Ctrl Pts',(16.5954820123524,18.5423156281896,0.4));
#15699=CARTESIAN_POINT('Ctrl Pts',(16.7158758050617,18.473437120805,0.4));
#15700=CARTESIAN_POINT('Ctrl Pts',(16.7743423390876,18.439987824915,0.4));
#15701=CARTESIAN_POINT('',(16.0485779822028,18.4758640298447,0.4));
#15702=CARTESIAN_POINT('Ctrl Pts',(16.0485779822028,18.4758640298447,0.4));
#15703=CARTESIAN_POINT('Ctrl Pts',(16.1002127906798,18.4989054118376,0.4));
#15704=CARTESIAN_POINT('Ctrl Pts',(16.2074055021343,18.5467388072607,0.4));
#15705=CARTESIAN_POINT('Ctrl Pts',(16.324765731972,18.5520498579965,0.4));
#15706=CARTESIAN_POINT('Ctrl Pts',(16.385593452199,18.5548025716604,0.4));
#15707=CARTESIAN_POINT('',(15.8260912268179,18.2740785500503,0.4));
#15708=CARTESIAN_POINT('Ctrl Pts',(15.8260912268179,18.2740785500503,0.4));
#15709=CARTESIAN_POINT('Ctrl Pts',(15.8553064695344,18.313611081733,0.4));
#15710=CARTESIAN_POINT('Ctrl Pts',(15.9159358221543,18.3956515366631,0.4));
#15711=CARTESIAN_POINT('Ctrl Pts',(16.0033076796809,18.4484877881502,0.4));
#15712=CARTESIAN_POINT('Ctrl Pts',(16.0485779822028,18.4758640298447,0.4));
#15713=CARTESIAN_POINT('',(15.716780110342,17.9685461571012,0.4));
#15714=CARTESIAN_POINT('Ctrl Pts',(15.716780110342,17.9685461571012,0.4));
#15715=CARTESIAN_POINT('Ctrl Pts',(15.7286359214459,18.025466992103,0.4));
#15716=CARTESIAN_POINT('Ctrl Pts',(15.7509232422169,18.1324704604546,0.4));
#15717=CARTESIAN_POINT('Ctrl Pts',(15.80212595827,18.2289306601111,0.4));
#15718=CARTESIAN_POINT('Ctrl Pts',(15.8260912268179,18.2740785500503,0.4));
#15719=CARTESIAN_POINT('',(15.6974790342038,17.6083931437355,0.4));
#15720=CARTESIAN_POINT('Ctrl Pts',(15.6974790342038,17.6083931437355,0.4));
#15721=CARTESIAN_POINT('Ctrl Pts',(15.6973816906299,17.6812596153206,0.4));
#15722=CARTESIAN_POINT('Ctrl Pts',(15.697220767234,17.801718723103,0.4));
#15723=CARTESIAN_POINT('Ctrl Pts',(15.7112408598781,17.9213002482759,0.4));
#15724=CARTESIAN_POINT('Ctrl Pts',(15.716780110342,17.9685461571012,0.4));
#15725=CARTESIAN_POINT('',(15.6969222246658,16.6124860374234,0.4));
#15726=CARTESIAN_POINT('',(15.6969222246658,16.6124860374234,0.4));
#15727=CARTESIAN_POINT('',(17.0720926578313,16.6117171825687,0.4));
#15728=CARTESIAN_POINT('',(18.7533033281032,17.4102315733112,0.4));
#15729=CARTESIAN_POINT('',(18.7528563550206,16.6107774711722,0.4));
#15730=CARTESIAN_POINT('',(18.7533033281032,17.4102315733112,0.4));
#15731=CARTESIAN_POINT('',(18.6977087378553,18.0187212702091,0.4));
#15732=CARTESIAN_POINT('Ctrl Pts',(18.6977087378553,18.0187212702091,0.4));
#15733=CARTESIAN_POINT('Ctrl Pts',(18.7138204904428,17.9386779784721,0.4));
#15734=CARTESIAN_POINT('Ctrl Pts',(18.7541859045351,17.7381423384965,0.4));
#15735=CARTESIAN_POINT('Ctrl Pts',(18.7536345880266,17.533307253814,0.4));
#15736=CARTESIAN_POINT('Ctrl Pts',(18.7533033281032,17.4102315733112,0.4));
#15737=CARTESIAN_POINT('',(18.4904943775389,18.2916886032914,0.4));
#15738=CARTESIAN_POINT('Ctrl Pts',(18.4904943775389,18.2916886032914,0.4));
#15739=CARTESIAN_POINT('Ctrl Pts',(18.5370672386536,18.2561167401476,0.4));
#15740=CARTESIAN_POINT('Ctrl Pts',(18.6311943893454,18.1842234090878,0.4));
#15741=CARTESIAN_POINT('Ctrl Pts',(18.6753837065451,18.0742707947123,0.4));
#15742=CARTESIAN_POINT('Ctrl Pts',(18.6977087378553,18.0187212702091,0.4));
#15743=CARTESIAN_POINT('',(18.1399339327937,18.3873822836033,0.4));
#15744=CARTESIAN_POINT('Ctrl Pts',(18.1399339327937,18.3873822836033,0.4));
#15745=CARTESIAN_POINT('Ctrl Pts',(18.2035778682702,18.3838372808417,0.4));
#15746=CARTESIAN_POINT('Ctrl Pts',(18.3273660754379,18.3769422085465,0.4));
#15747=CARTESIAN_POINT('Ctrl Pts',(18.4371528851448,18.3195657679386,0.4));
#15748=CARTESIAN_POINT('Ctrl Pts',(18.4904943775389,18.2916886032914,0.4));
#15749=CARTESIAN_POINT('',(17.7906272392268,18.2852584428775,0.4));
#15750=CARTESIAN_POINT('Ctrl Pts',(17.7906272392268,18.2852584428775,0.4));
#15751=CARTESIAN_POINT('Ctrl Pts',(17.8416584491088,18.3150504916557,0.4));
#15752=CARTESIAN_POINT('Ctrl Pts',(17.9493897829222,18.3779441043945,0.4));
#15753=CARTESIAN_POINT('Ctrl Pts',(18.074229492413,18.3841277607877,0.4));
#15754=CARTESIAN_POINT('Ctrl Pts',(18.1399339327937,18.3873822836033,0.4));
#15755=CARTESIAN_POINT('',(17.5912757389623,17.9811405928353,0.4));
#15756=CARTESIAN_POINT('Ctrl Pts',(17.5912757389623,17.9811405928353,0.4));
#15757=CARTESIAN_POINT('Ctrl Pts',(17.6132554971625,18.0432416398296,0.4));
#15758=CARTESIAN_POINT('Ctrl Pts',(17.6549828904938,18.1611371503536,0.4));
#15759=CARTESIAN_POINT('Ctrl Pts',(17.7470541791832,18.2453869363802,0.4));
#15760=CARTESIAN_POINT('Ctrl Pts',(17.7906272392268,18.2852584428775,0.4));
#15761=CARTESIAN_POINT('',(17.544608597077,17.4763917071503,0.4));
#15762=CARTESIAN_POINT('Ctrl Pts',(17.544608597077,17.4763917071502,0.4));
#15763=CARTESIAN_POINT('Ctrl Pts',(17.5446029661171,17.5775301221182,0.4));
#15764=CARTESIAN_POINT('Ctrl Pts',(17.5445935075631,17.7474164590798,0.4));
#15765=CARTESIAN_POINT('Ctrl Pts',(17.5778270982819,17.9138072242494,0.4));
#15766=CARTESIAN_POINT('Ctrl Pts',(17.5912757389623,17.9811405928353,0.4));
#15767=CARTESIAN_POINT('',(17.5441250118426,16.6114532702868,0.4));
#15768=CARTESIAN_POINT('',(17.5441250118426,16.6114532702868,0.4));
#15769=CARTESIAN_POINT('',(18.7528563550206,16.6107774711722,0.4));
#15770=CARTESIAN_POINT('Ctrl Pts',(15.292655848964,18.2539127267426,0.4));
#15771=CARTESIAN_POINT('Ctrl Pts',(15.292655848964,18.2539127267426,0.));
#15772=CARTESIAN_POINT('Ctrl Pts',(15.2731411783206,18.1565648094914,0.4));
#15773=CARTESIAN_POINT('Ctrl Pts',(15.2731411783206,18.1565648094914,0.));
#15774=CARTESIAN_POINT('Ctrl Pts',(15.2304691733229,17.9436977369508,0.4));
#15775=CARTESIAN_POINT('Ctrl Pts',(15.2304691733229,17.9436977369508,0.));
#15776=CARTESIAN_POINT('Ctrl Pts',(15.2272132911992,17.726517103743,0.4));
#15777=CARTESIAN_POINT('Ctrl Pts',(15.2272132911992,17.726517103743,0.));
#15778=CARTESIAN_POINT('Ctrl Pts',(15.2254463821692,17.608657056184,0.4));
#15779=CARTESIAN_POINT('Ctrl Pts',(15.2254463821692,17.608657056184,0.));
#15780=CARTESIAN_POINT('',(15.2254463821692,17.608657056184,0.));
#15781=CARTESIAN_POINT('',(15.2254463821692,17.608657056184,0.));
#15782=CARTESIAN_POINT('',(15.292655848964,18.2539127267426,0.));
#15783=CARTESIAN_POINT('Ctrl Pts',(15.292655848964,18.2539127267426,0.));
#15784=CARTESIAN_POINT('Ctrl Pts',(15.2731411783206,18.1565648094914,0.));
#15785=CARTESIAN_POINT('Ctrl Pts',(15.2304691733229,17.9436977369508,0.));
#15786=CARTESIAN_POINT('Ctrl Pts',(15.2272132911992,17.726517103743,0.));
#15787=CARTESIAN_POINT('Ctrl Pts',(15.2254463821692,17.608657056184,0.));
#15788=CARTESIAN_POINT('',(15.292655848964,18.2539127267426,0.));
#15789=CARTESIAN_POINT('Ctrl Pts',(15.4907177490369,18.6917287092501,0.4));
#15790=CARTESIAN_POINT('Ctrl Pts',(15.4907177490369,18.6917287092501,0.));
#15791=CARTESIAN_POINT('Ctrl Pts',(15.4491548652828,18.6276272859594,0.4));
#15792=CARTESIAN_POINT('Ctrl Pts',(15.4491548652828,18.6276272859594,0.));
#15793=CARTESIAN_POINT('Ctrl Pts',(15.3610910402017,18.4918085934565,0.4));
#15794=CARTESIAN_POINT('Ctrl Pts',(15.3610910402017,18.4918085934565,0.));
#15795=CARTESIAN_POINT('Ctrl Pts',(15.3163046903167,18.3361213318277,0.4));
#15796=CARTESIAN_POINT('Ctrl Pts',(15.3163046903167,18.3361213318277,0.));
#15797=CARTESIAN_POINT('Ctrl Pts',(15.292655848964,18.2539127267426,0.4));
#15798=CARTESIAN_POINT('Ctrl Pts',(15.292655848964,18.2539127267426,0.));
#15799=CARTESIAN_POINT('',(15.4907177490369,18.6917287092501,0.));
#15800=CARTESIAN_POINT('Ctrl Pts',(15.4907177490369,18.6917287092501,0.));
#15801=CARTESIAN_POINT('Ctrl Pts',(15.4491548652828,18.6276272859594,0.));
#15802=CARTESIAN_POINT('Ctrl Pts',(15.3610910402017,18.4918085934565,0.));
#15803=CARTESIAN_POINT('Ctrl Pts',(15.3163046903167,18.3361213318277,0.));
#15804=CARTESIAN_POINT('Ctrl Pts',(15.292655848964,18.2539127267426,0.));
#15805=CARTESIAN_POINT('',(15.4907177490369,18.6917287092501,0.));
#15806=CARTESIAN_POINT('Ctrl Pts',(15.8633236896854,18.9848354848936,0.4));
#15807=CARTESIAN_POINT('Ctrl Pts',(15.8633236896854,18.9848354848936,0.));
#15808=CARTESIAN_POINT('Ctrl Pts',(15.7887645493348,18.9447303365815,0.4));
#15809=CARTESIAN_POINT('Ctrl Pts',(15.7887645493348,18.9447303365815,0.));
#15810=CARTESIAN_POINT('Ctrl Pts',(15.6473261329138,18.8686510169847,0.4));
#15811=CARTESIAN_POINT('Ctrl Pts',(15.6473261329138,18.8686510169847,0.));
#15812=CARTESIAN_POINT('Ctrl Pts',(15.5409960293643,18.7485286657035,0.4));
#15813=CARTESIAN_POINT('Ctrl Pts',(15.5409960293643,18.7485286657035,0.));
#15814=CARTESIAN_POINT('Ctrl Pts',(15.4907177490369,18.6917287092501,0.4));
#15815=CARTESIAN_POINT('Ctrl Pts',(15.4907177490369,18.6917287092501,0.));
#15816=CARTESIAN_POINT('',(15.8633236896854,18.9848354848936,0.));
#15817=CARTESIAN_POINT('Ctrl Pts',(15.8633236896854,18.9848354848936,0.));
#15818=CARTESIAN_POINT('Ctrl Pts',(15.7887645493348,18.9447303365815,0.));
#15819=CARTESIAN_POINT('Ctrl Pts',(15.6473261329138,18.8686510169847,0.));
#15820=CARTESIAN_POINT('Ctrl Pts',(15.5409960293643,18.7485286657035,0.));
#15821=CARTESIAN_POINT('Ctrl Pts',(15.4907177490369,18.6917287092501,0.));
#15822=CARTESIAN_POINT('',(15.8633236896854,18.9848354848936,0.));
#15823=CARTESIAN_POINT('Ctrl Pts',(16.3859000787413,19.1032334651951,0.4));
#15824=CARTESIAN_POINT('Ctrl Pts',(16.3859000787413,19.1032334651951,0.));
#15825=CARTESIAN_POINT('Ctrl Pts',(16.2943332058455,19.0985669905312,0.4));
#15826=CARTESIAN_POINT('Ctrl Pts',(16.2943332058455,19.0985669905312,0.));
#15827=CARTESIAN_POINT('Ctrl Pts',(16.1132484878825,19.0893384647372,0.4));
#15828=CARTESIAN_POINT('Ctrl Pts',(16.1132484878825,19.0893384647372,0.));
#15829=CARTESIAN_POINT('Ctrl Pts',(15.9460011377957,19.0194060427403,0.4));
#15830=CARTESIAN_POINT('Ctrl Pts',(15.9460011377957,19.0194060427403,0.));
#15831=CARTESIAN_POINT('Ctrl Pts',(15.8633236896854,18.9848354848936,0.4));
#15832=CARTESIAN_POINT('Ctrl Pts',(15.8633236896854,18.9848354848936,0.));
#15833=CARTESIAN_POINT('',(16.3859000787413,19.1032334651951,0.));
#15834=CARTESIAN_POINT('Ctrl Pts',(16.3859000787413,19.1032334651951,0.));
#15835=CARTESIAN_POINT('Ctrl Pts',(16.2943332058455,19.0985669905312,0.));
#15836=CARTESIAN_POINT('Ctrl Pts',(16.1132484878825,19.0893384647372,0.));
#15837=CARTESIAN_POINT('Ctrl Pts',(15.9460011377957,19.0194060427403,0.));
#15838=CARTESIAN_POINT('Ctrl Pts',(15.8633236896854,18.9848354848936,0.));
#15839=CARTESIAN_POINT('',(16.3859000787413,19.1032334651951,0.));
#15840=CARTESIAN_POINT('Ctrl Pts',(16.9915207289292,18.9078064469549,0.4));
#15841=CARTESIAN_POINT('Ctrl Pts',(16.9915207289292,18.9078064469549,0.));
#15842=CARTESIAN_POINT('Ctrl Pts',(16.9009768829232,18.9647503154759,0.4));
#15843=CARTESIAN_POINT('Ctrl Pts',(16.9009768829232,18.9647503154759,0.));
#15844=CARTESIAN_POINT('Ctrl Pts',(16.7158586511529,19.0811728965317,0.4));
#15845=CARTESIAN_POINT('Ctrl Pts',(16.7158586511529,19.0811728965317,0.));
#15846=CARTESIAN_POINT('Ctrl Pts',(16.497471237067,19.0957739735956,0.4));
#15847=CARTESIAN_POINT('Ctrl Pts',(16.497471237067,19.0957739735956,0.));
#15848=CARTESIAN_POINT('Ctrl Pts',(16.3859000787413,19.1032334651951,0.4));
#15849=CARTESIAN_POINT('Ctrl Pts',(16.3859000787413,19.1032334651951,0.));
#15850=CARTESIAN_POINT('',(16.9915207289292,18.9078064469549,0.));
#15851=CARTESIAN_POINT('Ctrl Pts',(16.9915207289292,18.9078064469549,0.));
#15852=CARTESIAN_POINT('Ctrl Pts',(16.9009768829232,18.9647503154759,0.));
#15853=CARTESIAN_POINT('Ctrl Pts',(16.7158586511529,19.0811728965317,0.));
#15854=CARTESIAN_POINT('Ctrl Pts',(16.497471237067,19.0957739735956,0.));
#15855=CARTESIAN_POINT('Ctrl Pts',(16.3859000787413,19.1032334651951,0.));
#15856=CARTESIAN_POINT('',(16.9915207289292,18.9078064469549,0.));
#15857=CARTESIAN_POINT('Ctrl Pts',(17.3541008570775,18.3496225085082,0.4));
#15858=CARTESIAN_POINT('Ctrl Pts',(17.3541008570775,18.3496225085082,0.));
#15859=CARTESIAN_POINT('Ctrl Pts',(17.3144223730631,18.4620637325045,0.4));
#15860=CARTESIAN_POINT('Ctrl Pts',(17.3144223730631,18.4620637325045,0.));
#15861=CARTESIAN_POINT('Ctrl Pts',(17.2383413912835,18.6776626629231,0.4));
#15862=CARTESIAN_POINT('Ctrl Pts',(17.2383413912835,18.6776626629231,0.));
#15863=CARTESIAN_POINT('Ctrl Pts',(17.0713981353369,18.8333260999938,0.4));
#15864=CARTESIAN_POINT('Ctrl Pts',(17.0713981353369,18.8333260999938,0.));
#15865=CARTESIAN_POINT('Ctrl Pts',(16.9915207289292,18.9078064469549,0.4));
#15866=CARTESIAN_POINT('Ctrl Pts',(16.9915207289292,18.9078064469549,0.));
#15867=CARTESIAN_POINT('',(17.3541008570775,18.3496225085082,0.));
#15868=CARTESIAN_POINT('Ctrl Pts',(17.3541008570775,18.3496225085082,0.));
#15869=CARTESIAN_POINT('Ctrl Pts',(17.3144223730631,18.4620637325045,0.));
#15870=CARTESIAN_POINT('Ctrl Pts',(17.2383413912835,18.6776626629231,0.));
#15871=CARTESIAN_POINT('Ctrl Pts',(17.0713981353369,18.8333260999938,0.));
#15872=CARTESIAN_POINT('Ctrl Pts',(16.9915207289292,18.9078064469549,0.));
#15873=CARTESIAN_POINT('',(17.3541008570775,18.3496225085082,0.));
#15874=CARTESIAN_POINT('Ctrl Pts',(17.7199565794652,18.7696093130228,0.4));
#15875=CARTESIAN_POINT('Ctrl Pts',(17.7199565794652,18.7696093130228,0.));
#15876=CARTESIAN_POINT('Ctrl Pts',(17.6471593223218,18.7154547063881,0.4));
#15877=CARTESIAN_POINT('Ctrl Pts',(17.6471593223218,18.7154547063881,0.));
#15878=CARTESIAN_POINT('Ctrl Pts',(17.4949049701292,18.6021911731869,0.4));
#15879=CARTESIAN_POINT('Ctrl Pts',(17.4949049701292,18.6021911731869,0.));
#15880=CARTESIAN_POINT('Ctrl Pts',(17.4023845561664,18.4362318350422,0.4));
#15881=CARTESIAN_POINT('Ctrl Pts',(17.4023845561664,18.4362318350422,0.));
#15882=CARTESIAN_POINT('Ctrl Pts',(17.3541008570775,18.3496225085082,0.4));
#15883=CARTESIAN_POINT('Ctrl Pts',(17.3541008570775,18.3496225085082,0.));
#15884=CARTESIAN_POINT('',(17.7199565794652,18.7696093130228,0.));
#15885=CARTESIAN_POINT('Ctrl Pts',(17.7199565794652,18.7696093130228,0.));
#15886=CARTESIAN_POINT('Ctrl Pts',(17.6471593223218,18.7154547063881,0.));
#15887=CARTESIAN_POINT('Ctrl Pts',(17.4949049701292,18.6021911731869,0.));
#15888=CARTESIAN_POINT('Ctrl Pts',(17.4023845561664,18.4362318350422,0.));
#15889=CARTESIAN_POINT('Ctrl Pts',(17.3541008570775,18.3496225085082,0.));
#15890=CARTESIAN_POINT('',(17.7199565794652,18.7696093130228,0.));
#15891=CARTESIAN_POINT('Ctrl Pts',(18.2029812367673,18.9084928764558,0.4));
#15892=CARTESIAN_POINT('Ctrl Pts',(18.2029812367673,18.9084928764558,0.));
#15893=CARTESIAN_POINT('Ctrl Pts',(18.1183852638617,18.9025261263044,0.4));
#15894=CARTESIAN_POINT('Ctrl Pts',(18.1183852638617,18.9025261263044,0.));
#15895=CARTESIAN_POINT('Ctrl Pts',(17.9475794706615,18.8904787976026,0.4));
#15896=CARTESIAN_POINT('Ctrl Pts',(17.9475794706615,18.8904787976026,0.));
#15897=CARTESIAN_POINT('Ctrl Pts',(17.7963073049256,18.8101521283134,0.4));
#15898=CARTESIAN_POINT('Ctrl Pts',(17.7963073049256,18.8101521283134,0.));
#15899=CARTESIAN_POINT('Ctrl Pts',(17.7199565794652,18.7696093130228,0.4));
#15900=CARTESIAN_POINT('Ctrl Pts',(17.7199565794652,18.7696093130228,0.));
#15901=CARTESIAN_POINT('',(18.2029812367673,18.9084928764558,0.));
#15902=CARTESIAN_POINT('Ctrl Pts',(18.2029812367673,18.9084928764558,0.));
#15903=CARTESIAN_POINT('Ctrl Pts',(18.1183852638617,18.9025261263044,0.));
#15904=CARTESIAN_POINT('Ctrl Pts',(17.9475794706615,18.8904787976026,0.));
#15905=CARTESIAN_POINT('Ctrl Pts',(17.7963073049256,18.8101521283134,0.));
#15906=CARTESIAN_POINT('Ctrl Pts',(17.7199565794652,18.7696093130228,0.));
#15907=CARTESIAN_POINT('',(18.2029812367673,18.9084928764558,0.));
#15908=CARTESIAN_POINT('Ctrl Pts',(18.7308606525629,18.7513087538878,0.4));
#15909=CARTESIAN_POINT('Ctrl Pts',(18.7308606525629,18.7513087538878,0.));
#15910=CARTESIAN_POINT('Ctrl Pts',(18.6467450995819,18.797109744191,0.4));
#15911=CARTESIAN_POINT('Ctrl Pts',(18.6467450995819,18.797109744191,0.));
#15912=CARTESIAN_POINT('Ctrl Pts',(18.4818095929642,18.8869172681452,0.4));
#15913=CARTESIAN_POINT('Ctrl Pts',(18.4818095929642,18.8869172681452,0.));
#15914=CARTESIAN_POINT('Ctrl Pts',(18.2946776523713,18.901397450533,0.4));
#15915=CARTESIAN_POINT('Ctrl Pts',(18.2946776523713,18.901397450533,0.));
#15916=CARTESIAN_POINT('Ctrl Pts',(18.2029812367673,18.9084928764558,0.4));
#15917=CARTESIAN_POINT('Ctrl Pts',(18.2029812367673,18.9084928764558,0.));
#15918=CARTESIAN_POINT('',(18.7308606525629,18.7513087538878,0.));
#15919=CARTESIAN_POINT('Ctrl Pts',(18.7308606525629,18.7513087538878,0.));
#15920=CARTESIAN_POINT('Ctrl Pts',(18.6467450995819,18.797109744191,0.));
#15921=CARTESIAN_POINT('Ctrl Pts',(18.4818095929642,18.8869172681452,0.));
#15922=CARTESIAN_POINT('Ctrl Pts',(18.2946776523713,18.901397450533,0.));
#15923=CARTESIAN_POINT('Ctrl Pts',(18.2029812367673,18.9084928764558,0.));
#15924=CARTESIAN_POINT('',(18.7308606525629,18.7513087538878,0.));
#15925=CARTESIAN_POINT('Ctrl Pts',(19.1044243961209,18.3172662282993,0.4));
#15926=CARTESIAN_POINT('Ctrl Pts',(19.1044243961209,18.3172662282993,0.));
#15927=CARTESIAN_POINT('Ctrl Pts',(19.0587405940068,18.4044811098676,0.4));
#15928=CARTESIAN_POINT('Ctrl Pts',(19.0587405940068,18.4044811098676,0.));
#15929=CARTESIAN_POINT('Ctrl Pts',(18.9677963609875,18.5781026156322,0.4));
#15930=CARTESIAN_POINT('Ctrl Pts',(18.9677963609875,18.5781026156322,0.));
#15931=CARTESIAN_POINT('Ctrl Pts',(18.809593729325,18.6937528359992,0.4));
#15932=CARTESIAN_POINT('Ctrl Pts',(18.809593729325,18.6937528359992,0.));
#15933=CARTESIAN_POINT('Ctrl Pts',(18.7308606525629,18.7513087538878,0.4));
#15934=CARTESIAN_POINT('Ctrl Pts',(18.7308606525629,18.7513087538878,0.));
#15935=CARTESIAN_POINT('',(19.1044243961209,18.3172662282993,0.));
#15936=CARTESIAN_POINT('Ctrl Pts',(19.1044243961209,18.3172662282993,0.));
#15937=CARTESIAN_POINT('Ctrl Pts',(19.0587405940068,18.4044811098676,0.));
#15938=CARTESIAN_POINT('Ctrl Pts',(18.9677963609875,18.5781026156322,0.));
#15939=CARTESIAN_POINT('Ctrl Pts',(18.809593729325,18.6937528359992,0.));
#15940=CARTESIAN_POINT('Ctrl Pts',(18.7308606525629,18.7513087538878,0.));
#15941=CARTESIAN_POINT('',(19.1044243961209,18.3172662282993,0.));
#15942=CARTESIAN_POINT('Ctrl Pts',(19.2254320870154,17.5818640022613,0.4));
#15943=CARTESIAN_POINT('Ctrl Pts',(19.2254320870154,17.5818640022613,0.));
#15944=CARTESIAN_POINT('Ctrl Pts',(19.2229704959241,17.7208766290953,0.4));
#15945=CARTESIAN_POINT('Ctrl Pts',(19.2229704959241,17.7208766290953,0.));
#15946=CARTESIAN_POINT('Ctrl Pts',(19.2185181779251,17.9723109240712,0.4));
#15947=CARTESIAN_POINT('Ctrl Pts',(19.2185181779251,17.9723109240712,0.));
#15948=CARTESIAN_POINT('Ctrl Pts',(19.1396762940564,18.2106843534183,0.4));
#15949=CARTESIAN_POINT('Ctrl Pts',(19.1396762940564,18.2106843534183,0.));
#15950=CARTESIAN_POINT('Ctrl Pts',(19.1044243961209,18.3172662282993,0.4));
#15951=CARTESIAN_POINT('Ctrl Pts',(19.1044243961209,18.3172662282993,0.));
#15952=CARTESIAN_POINT('',(19.2254320870154,17.5818640022613,0.));
#15953=CARTESIAN_POINT('Ctrl Pts',(19.2254320870154,17.5818640022613,0.));
#15954=CARTESIAN_POINT('Ctrl Pts',(19.2229704959241,17.7208766290953,0.));
#15955=CARTESIAN_POINT('Ctrl Pts',(19.2185181779251,17.9723109240712,0.));
#15956=CARTESIAN_POINT('Ctrl Pts',(19.1396762940564,18.2106843534183,0.));
#15957=CARTESIAN_POINT('Ctrl Pts',(19.1044243961209,18.3172662282993,0.));
#15958=CARTESIAN_POINT('',(19.2254320870154,17.5818640022613,0.));
#15959=CARTESIAN_POINT('Origin',(19.225012573005,16.8315230766598,0.));
#15960=CARTESIAN_POINT('',(19.2245930589947,16.0811821510582,0.));
#15961=CARTESIAN_POINT('',(19.2269491064265,20.2951982914156,0.));
#15962=CARTESIAN_POINT('',(19.2245930589947,16.0811821510582,0.));
#15963=CARTESIAN_POINT('Origin',(17.2245933417827,16.0823003466323,0.));
#15964=CARTESIAN_POINT('',(15.2245936245707,16.0834185422064,0.));
#15965=CARTESIAN_POINT('',(26.1601503804648,16.0773044957596,0.));
#15966=CARTESIAN_POINT('',(15.2245936245707,16.0834185422064,0.));
#15967=CARTESIAN_POINT('Origin',(15.22502000337,16.8460377991952,0.));
#15968=CARTESIAN_POINT('',(15.226953104397,20.3035738482574,0.));
#15969=CARTESIAN_POINT('Origin',(17.0723512310388,17.0742000916686,0.));
#15970=CARTESIAN_POINT('',(17.0720926578313,16.6117171825687,0.));
#15971=CARTESIAN_POINT('',(17.0720926578313,16.6117171825687,0.));
#15972=CARTESIAN_POINT('',(17.0726098042464,17.5366830007686,0.));
#15973=CARTESIAN_POINT('',(17.0742202608314,20.4171386108425,0.));
#15974=CARTESIAN_POINT('',(17.0726098042464,17.5366830007686,0.));
#15975=CARTESIAN_POINT('Ctrl Pts',(17.0060883402836,18.1219861889164,0.4));
#15976=CARTESIAN_POINT('Ctrl Pts',(17.0060883402836,18.1219861889164,0.));
#15977=CARTESIAN_POINT('Ctrl Pts',(17.0254396591076,18.0396602330861,0.4));
#15978=CARTESIAN_POINT('Ctrl Pts',(17.0254396591076,18.0396602330861,0.));
#15979=CARTESIAN_POINT('Ctrl Pts',(17.0706256751655,17.8474262052155,0.4));
#15980=CARTESIAN_POINT('Ctrl Pts',(17.0706256751655,17.8474262052155,0.));
#15981=CARTESIAN_POINT('Ctrl Pts',(17.0718880517928,17.6497198351272,0.4));
#15982=CARTESIAN_POINT('Ctrl Pts',(17.0718880517928,17.6497198351272,0.));
#15983=CARTESIAN_POINT('Ctrl Pts',(17.0726098042464,17.5366830007686,0.4));
#15984=CARTESIAN_POINT('Ctrl Pts',(17.0726098042464,17.5366830007686,0.));
#15985=CARTESIAN_POINT('',(17.0060883402836,18.1219861889164,0.));
#15986=CARTESIAN_POINT('Ctrl Pts',(17.0060883402836,18.1219861889164,0.));
#15987=CARTESIAN_POINT('Ctrl Pts',(17.0254396591076,18.0396602330861,0.));
#15988=CARTESIAN_POINT('Ctrl Pts',(17.0706256751655,17.8474262052155,0.));
#15989=CARTESIAN_POINT('Ctrl Pts',(17.0718880517928,17.6497198351272,0.));
#15990=CARTESIAN_POINT('Ctrl Pts',(17.0726098042464,17.5366830007686,0.));
#15991=CARTESIAN_POINT('',(17.0060883402836,18.1219861889164,0.));
#15992=CARTESIAN_POINT('Ctrl Pts',(16.7743423390876,18.439987824915,0.4));
#15993=CARTESIAN_POINT('Ctrl Pts',(16.7743423390876,18.439987824915,0.));
#15994=CARTESIAN_POINT('Ctrl Pts',(16.8254314862813,18.3975069023578,0.4));
#15995=CARTESIAN_POINT('Ctrl Pts',(16.8254314862813,18.3975069023578,0.));
#15996=CARTESIAN_POINT('Ctrl Pts',(16.9293752971036,18.311077020076,0.4));
#15997=CARTESIAN_POINT('Ctrl Pts',(16.9293752971036,18.311077020076,0.));
#15998=CARTESIAN_POINT('Ctrl Pts',(16.9802294018762,18.185726173066,0.4));
#15999=CARTESIAN_POINT('Ctrl Pts',(16.9802294018762,18.185726173066,0.));
#16000=CARTESIAN_POINT('Ctrl Pts',(17.0060883402836,18.1219861889164,0.4));
#16001=CARTESIAN_POINT('Ctrl Pts',(17.0060883402836,18.1219861889164,0.));
#16002=CARTESIAN_POINT('',(16.7743423390876,18.439987824915,0.));
#16003=CARTESIAN_POINT('Ctrl Pts',(16.7743423390876,18.439987824915,0.));
#16004=CARTESIAN_POINT('Ctrl Pts',(16.8254314862813,18.3975069023578,0.));
#16005=CARTESIAN_POINT('Ctrl Pts',(16.9293752971036,18.311077020076,0.));
#16006=CARTESIAN_POINT('Ctrl Pts',(16.9802294018762,18.185726173066,0.));
#16007=CARTESIAN_POINT('Ctrl Pts',(17.0060883402836,18.1219861889164,0.));
#16008=CARTESIAN_POINT('',(16.7743423390876,18.439987824915,0.));
#16009=CARTESIAN_POINT('Ctrl Pts',(16.385593452199,18.5548025716604,0.4));
#16010=CARTESIAN_POINT('Ctrl Pts',(16.385593452199,18.5548025716604,0.));
#16011=CARTESIAN_POINT('Ctrl Pts',(16.4568843045719,18.550561250252,0.4));
#16012=CARTESIAN_POINT('Ctrl Pts',(16.4568843045719,18.550561250252,0.));
#16013=CARTESIAN_POINT('Ctrl Pts',(16.5954820123524,18.5423156281896,0.4));
#16014=CARTESIAN_POINT('Ctrl Pts',(16.5954820123524,18.5423156281896,0.));
#16015=CARTESIAN_POINT('Ctrl Pts',(16.7158758050617,18.473437120805,0.4));
#16016=CARTESIAN_POINT('Ctrl Pts',(16.7158758050617,18.473437120805,0.));
#16017=CARTESIAN_POINT('Ctrl Pts',(16.7743423390876,18.439987824915,0.4));
#16018=CARTESIAN_POINT('Ctrl Pts',(16.7743423390876,18.439987824915,0.));
#16019=CARTESIAN_POINT('',(16.385593452199,18.5548025716604,0.));
#16020=CARTESIAN_POINT('Ctrl Pts',(16.385593452199,18.5548025716604,0.));
#16021=CARTESIAN_POINT('Ctrl Pts',(16.4568843045719,18.550561250252,0.));
#16022=CARTESIAN_POINT('Ctrl Pts',(16.5954820123524,18.5423156281896,0.));
#16023=CARTESIAN_POINT('Ctrl Pts',(16.7158758050617,18.473437120805,0.));
#16024=CARTESIAN_POINT('Ctrl Pts',(16.7743423390876,18.439987824915,0.));
#16025=CARTESIAN_POINT('',(16.385593452199,18.5548025716604,0.));
#16026=CARTESIAN_POINT('Ctrl Pts',(16.0485779822028,18.4758640298447,0.4));
#16027=CARTESIAN_POINT('Ctrl Pts',(16.0485779822028,18.4758640298447,0.));
#16028=CARTESIAN_POINT('Ctrl Pts',(16.1002127906798,18.4989054118376,0.4));
#16029=CARTESIAN_POINT('Ctrl Pts',(16.1002127906798,18.4989054118376,0.));
#16030=CARTESIAN_POINT('Ctrl Pts',(16.2074055021343,18.5467388072607,0.4));
#16031=CARTESIAN_POINT('Ctrl Pts',(16.2074055021343,18.5467388072607,0.));
#16032=CARTESIAN_POINT('Ctrl Pts',(16.324765731972,18.5520498579965,0.4));
#16033=CARTESIAN_POINT('Ctrl Pts',(16.324765731972,18.5520498579965,0.));
#16034=CARTESIAN_POINT('Ctrl Pts',(16.385593452199,18.5548025716604,0.4));
#16035=CARTESIAN_POINT('Ctrl Pts',(16.385593452199,18.5548025716604,0.));
#16036=CARTESIAN_POINT('',(16.0485779822028,18.4758640298447,0.));
#16037=CARTESIAN_POINT('Ctrl Pts',(16.0485779822028,18.4758640298447,0.));
#16038=CARTESIAN_POINT('Ctrl Pts',(16.1002127906798,18.4989054118376,0.));
#16039=CARTESIAN_POINT('Ctrl Pts',(16.2074055021343,18.5467388072607,0.));
#16040=CARTESIAN_POINT('Ctrl Pts',(16.324765731972,18.5520498579965,0.));
#16041=CARTESIAN_POINT('Ctrl Pts',(16.385593452199,18.5548025716604,0.));
#16042=CARTESIAN_POINT('',(16.0485779822028,18.4758640298447,0.));
#16043=CARTESIAN_POINT('Ctrl Pts',(15.8260912268179,18.2740785500503,0.4));
#16044=CARTESIAN_POINT('Ctrl Pts',(15.8260912268179,18.2740785500503,0.));
#16045=CARTESIAN_POINT('Ctrl Pts',(15.8553064695344,18.313611081733,0.4));
#16046=CARTESIAN_POINT('Ctrl Pts',(15.8553064695344,18.313611081733,0.));
#16047=CARTESIAN_POINT('Ctrl Pts',(15.9159358221543,18.3956515366631,0.4));
#16048=CARTESIAN_POINT('Ctrl Pts',(15.9159358221543,18.3956515366631,0.));
#16049=CARTESIAN_POINT('Ctrl Pts',(16.0033076796809,18.4484877881502,0.4));
#16050=CARTESIAN_POINT('Ctrl Pts',(16.0033076796809,18.4484877881502,0.));
#16051=CARTESIAN_POINT('Ctrl Pts',(16.0485779822028,18.4758640298447,0.4));
#16052=CARTESIAN_POINT('Ctrl Pts',(16.0485779822028,18.4758640298447,0.));
#16053=CARTESIAN_POINT('',(15.8260912268179,18.2740785500503,0.));
#16054=CARTESIAN_POINT('Ctrl Pts',(15.8260912268179,18.2740785500503,0.));
#16055=CARTESIAN_POINT('Ctrl Pts',(15.8553064695344,18.313611081733,0.));
#16056=CARTESIAN_POINT('Ctrl Pts',(15.9159358221543,18.3956515366631,0.));
#16057=CARTESIAN_POINT('Ctrl Pts',(16.0033076796809,18.4484877881502,0.));
#16058=CARTESIAN_POINT('Ctrl Pts',(16.0485779822028,18.4758640298447,0.));
#16059=CARTESIAN_POINT('',(15.8260912268179,18.2740785500503,0.));
#16060=CARTESIAN_POINT('Ctrl Pts',(15.716780110342,17.9685461571012,0.4));
#16061=CARTESIAN_POINT('Ctrl Pts',(15.716780110342,17.9685461571012,0.));
#16062=CARTESIAN_POINT('Ctrl Pts',(15.7286359214459,18.025466992103,0.4));
#16063=CARTESIAN_POINT('Ctrl Pts',(15.7286359214459,18.025466992103,0.));
#16064=CARTESIAN_POINT('Ctrl Pts',(15.7509232422169,18.1324704604546,0.4));
#16065=CARTESIAN_POINT('Ctrl Pts',(15.7509232422169,18.1324704604546,0.));
#16066=CARTESIAN_POINT('Ctrl Pts',(15.80212595827,18.2289306601111,0.4));
#16067=CARTESIAN_POINT('Ctrl Pts',(15.80212595827,18.2289306601111,0.));
#16068=CARTESIAN_POINT('Ctrl Pts',(15.8260912268179,18.2740785500503,0.4));
#16069=CARTESIAN_POINT('Ctrl Pts',(15.8260912268179,18.2740785500503,0.));
#16070=CARTESIAN_POINT('',(15.716780110342,17.9685461571012,0.));
#16071=CARTESIAN_POINT('Ctrl Pts',(15.716780110342,17.9685461571012,0.));
#16072=CARTESIAN_POINT('Ctrl Pts',(15.7286359214459,18.025466992103,0.));
#16073=CARTESIAN_POINT('Ctrl Pts',(15.7509232422169,18.1324704604546,0.));
#16074=CARTESIAN_POINT('Ctrl Pts',(15.80212595827,18.2289306601111,0.));
#16075=CARTESIAN_POINT('Ctrl Pts',(15.8260912268179,18.2740785500503,0.));
#16076=CARTESIAN_POINT('',(15.716780110342,17.9685461571012,0.));
#16077=CARTESIAN_POINT('Ctrl Pts',(15.6974790342038,17.6083931437355,0.4));
#16078=CARTESIAN_POINT('Ctrl Pts',(15.6974790342038,17.6083931437355,0.));
#16079=CARTESIAN_POINT('Ctrl Pts',(15.6973816906299,17.6812596153206,0.4));
#16080=CARTESIAN_POINT('Ctrl Pts',(15.6973816906299,17.6812596153206,0.));
#16081=CARTESIAN_POINT('Ctrl Pts',(15.697220767234,17.801718723103,0.4));
#16082=CARTESIAN_POINT('Ctrl Pts',(15.697220767234,17.801718723103,0.));
#16083=CARTESIAN_POINT('Ctrl Pts',(15.7112408598781,17.9213002482759,0.4));
#16084=CARTESIAN_POINT('Ctrl Pts',(15.7112408598781,17.9213002482759,0.));
#16085=CARTESIAN_POINT('Ctrl Pts',(15.716780110342,17.9685461571012,0.4));
#16086=CARTESIAN_POINT('Ctrl Pts',(15.716780110342,17.9685461571012,0.));
#16087=CARTESIAN_POINT('',(15.6974790342038,17.6083931437355,0.));
#16088=CARTESIAN_POINT('Ctrl Pts',(15.6974790342038,17.6083931437355,0.));
#16089=CARTESIAN_POINT('Ctrl Pts',(15.6973816906299,17.6812596153206,0.));
#16090=CARTESIAN_POINT('Ctrl Pts',(15.697220767234,17.801718723103,0.));
#16091=CARTESIAN_POINT('Ctrl Pts',(15.7112408598781,17.9213002482759,0.));
#16092=CARTESIAN_POINT('Ctrl Pts',(15.716780110342,17.9685461571012,0.));
#16093=CARTESIAN_POINT('',(15.6974790342038,17.6083931437355,0.));
#16094=CARTESIAN_POINT('Origin',(15.6972006294348,17.1104395905795,0.));
#16095=CARTESIAN_POINT('',(15.6969222246658,16.6124860374234,0.));
#16096=CARTESIAN_POINT('',(15.6990597434467,20.4356427877253,0.));
#16097=CARTESIAN_POINT('',(15.6969222246658,16.6124860374234,0.));
#16098=CARTESIAN_POINT('Origin',(16.3845074412485,16.612101609996,0.));
#16099=CARTESIAN_POINT('',(25.7402554042279,16.6068708312742,0.));
#16100=CARTESIAN_POINT('Origin',(18.7530798415619,17.0105045222417,0.));
#16101=CARTESIAN_POINT('',(18.7528563550206,16.6107774711722,0.));
#16102=CARTESIAN_POINT('',(18.7528563550206,16.6107774711722,0.));
#16103=CARTESIAN_POINT('',(18.7533033281032,17.4102315733112,0.));
#16104=CARTESIAN_POINT('',(18.7549664146876,20.3848209704308,0.));
#16105=CARTESIAN_POINT('',(18.7533033281032,17.4102315733112,0.));
#16106=CARTESIAN_POINT('Ctrl Pts',(18.6977087378553,18.0187212702091,0.4));
#16107=CARTESIAN_POINT('Ctrl Pts',(18.6977087378553,18.0187212702091,0.));
#16108=CARTESIAN_POINT('Ctrl Pts',(18.7138204904428,17.9386779784721,0.4));
#16109=CARTESIAN_POINT('Ctrl Pts',(18.7138204904428,17.9386779784721,0.));
#16110=CARTESIAN_POINT('Ctrl Pts',(18.7541859045351,17.7381423384965,0.4));
#16111=CARTESIAN_POINT('Ctrl Pts',(18.7541859045351,17.7381423384965,0.));
#16112=CARTESIAN_POINT('Ctrl Pts',(18.7536345880266,17.533307253814,0.4));
#16113=CARTESIAN_POINT('Ctrl Pts',(18.7536345880266,17.533307253814,0.));
#16114=CARTESIAN_POINT('Ctrl Pts',(18.7533033281032,17.4102315733112,0.4));
#16115=CARTESIAN_POINT('Ctrl Pts',(18.7533033281032,17.4102315733112,0.));
#16116=CARTESIAN_POINT('',(18.6977087378553,18.0187212702091,0.));
#16117=CARTESIAN_POINT('Ctrl Pts',(18.6977087378553,18.0187212702091,0.));
#16118=CARTESIAN_POINT('Ctrl Pts',(18.7138204904428,17.9386779784721,0.));
#16119=CARTESIAN_POINT('Ctrl Pts',(18.7541859045351,17.7381423384965,0.));
#16120=CARTESIAN_POINT('Ctrl Pts',(18.7536345880266,17.533307253814,0.));
#16121=CARTESIAN_POINT('Ctrl Pts',(18.7533033281032,17.4102315733112,0.));
#16122=CARTESIAN_POINT('',(18.6977087378553,18.0187212702091,0.));
#16123=CARTESIAN_POINT('Ctrl Pts',(18.4904943775389,18.2916886032914,0.4));
#16124=CARTESIAN_POINT('Ctrl Pts',(18.4904943775389,18.2916886032914,0.));
#16125=CARTESIAN_POINT('Ctrl Pts',(18.5370672386536,18.2561167401476,0.4));
#16126=CARTESIAN_POINT('Ctrl Pts',(18.5370672386536,18.2561167401476,0.));
#16127=CARTESIAN_POINT('Ctrl Pts',(18.6311943893454,18.1842234090878,0.4));
#16128=CARTESIAN_POINT('Ctrl Pts',(18.6311943893454,18.1842234090878,0.));
#16129=CARTESIAN_POINT('Ctrl Pts',(18.6753837065451,18.0742707947123,0.4));
#16130=CARTESIAN_POINT('Ctrl Pts',(18.6753837065451,18.0742707947123,0.));
#16131=CARTESIAN_POINT('Ctrl Pts',(18.6977087378553,18.0187212702091,0.4));
#16132=CARTESIAN_POINT('Ctrl Pts',(18.6977087378553,18.0187212702091,0.));
#16133=CARTESIAN_POINT('',(18.4904943775389,18.2916886032914,0.));
#16134=CARTESIAN_POINT('Ctrl Pts',(18.4904943775389,18.2916886032914,0.));
#16135=CARTESIAN_POINT('Ctrl Pts',(18.5370672386536,18.2561167401476,0.));
#16136=CARTESIAN_POINT('Ctrl Pts',(18.6311943893454,18.1842234090878,0.));
#16137=CARTESIAN_POINT('Ctrl Pts',(18.6753837065451,18.0742707947123,0.));
#16138=CARTESIAN_POINT('Ctrl Pts',(18.6977087378553,18.0187212702091,0.));
#16139=CARTESIAN_POINT('',(18.4904943775389,18.2916886032914,0.));
#16140=CARTESIAN_POINT('Ctrl Pts',(18.1399339327937,18.3873822836033,0.4));
#16141=CARTESIAN_POINT('Ctrl Pts',(18.1399339327937,18.3873822836033,0.));
#16142=CARTESIAN_POINT('Ctrl Pts',(18.2035778682702,18.3838372808417,0.4));
#16143=CARTESIAN_POINT('Ctrl Pts',(18.2035778682702,18.3838372808417,0.));
#16144=CARTESIAN_POINT('Ctrl Pts',(18.3273660754379,18.3769422085465,0.4));
#16145=CARTESIAN_POINT('Ctrl Pts',(18.3273660754379,18.3769422085465,0.));
#16146=CARTESIAN_POINT('Ctrl Pts',(18.4371528851448,18.3195657679386,0.4));
#16147=CARTESIAN_POINT('Ctrl Pts',(18.4371528851448,18.3195657679386,0.));
#16148=CARTESIAN_POINT('Ctrl Pts',(18.4904943775389,18.2916886032914,0.4));
#16149=CARTESIAN_POINT('Ctrl Pts',(18.4904943775389,18.2916886032914,0.));
#16150=CARTESIAN_POINT('',(18.1399339327937,18.3873822836033,0.));
#16151=CARTESIAN_POINT('Ctrl Pts',(18.1399339327937,18.3873822836033,0.));
#16152=CARTESIAN_POINT('Ctrl Pts',(18.2035778682702,18.3838372808417,0.));
#16153=CARTESIAN_POINT('Ctrl Pts',(18.3273660754379,18.3769422085465,0.));
#16154=CARTESIAN_POINT('Ctrl Pts',(18.4371528851448,18.3195657679386,0.));
#16155=CARTESIAN_POINT('Ctrl Pts',(18.4904943775389,18.2916886032914,0.));
#16156=CARTESIAN_POINT('',(18.1399339327937,18.3873822836033,0.));
#16157=CARTESIAN_POINT('Ctrl Pts',(17.7906272392268,18.2852584428775,0.4));
#16158=CARTESIAN_POINT('Ctrl Pts',(17.7906272392268,18.2852584428775,0.));
#16159=CARTESIAN_POINT('Ctrl Pts',(17.8416584491088,18.3150504916557,0.4));
#16160=CARTESIAN_POINT('Ctrl Pts',(17.8416584491088,18.3150504916557,0.));
#16161=CARTESIAN_POINT('Ctrl Pts',(17.9493897829222,18.3779441043945,0.4));
#16162=CARTESIAN_POINT('Ctrl Pts',(17.9493897829222,18.3779441043945,0.));
#16163=CARTESIAN_POINT('Ctrl Pts',(18.074229492413,18.3841277607877,0.4));
#16164=CARTESIAN_POINT('Ctrl Pts',(18.074229492413,18.3841277607877,0.));
#16165=CARTESIAN_POINT('Ctrl Pts',(18.1399339327937,18.3873822836033,0.4));
#16166=CARTESIAN_POINT('Ctrl Pts',(18.1399339327937,18.3873822836033,0.));
#16167=CARTESIAN_POINT('',(17.7906272392268,18.2852584428775,0.));
#16168=CARTESIAN_POINT('Ctrl Pts',(17.7906272392268,18.2852584428775,0.));
#16169=CARTESIAN_POINT('Ctrl Pts',(17.8416584491088,18.3150504916557,0.));
#16170=CARTESIAN_POINT('Ctrl Pts',(17.9493897829222,18.3779441043945,0.));
#16171=CARTESIAN_POINT('Ctrl Pts',(18.074229492413,18.3841277607877,0.));
#16172=CARTESIAN_POINT('Ctrl Pts',(18.1399339327937,18.3873822836033,0.));
#16173=CARTESIAN_POINT('',(17.7906272392268,18.2852584428775,0.));
#16174=CARTESIAN_POINT('Ctrl Pts',(17.5912757389623,17.9811405928353,0.4));
#16175=CARTESIAN_POINT('Ctrl Pts',(17.5912757389623,17.9811405928353,0.));
#16176=CARTESIAN_POINT('Ctrl Pts',(17.6132554971625,18.0432416398296,0.4));
#16177=CARTESIAN_POINT('Ctrl Pts',(17.6132554971625,18.0432416398296,0.));
#16178=CARTESIAN_POINT('Ctrl Pts',(17.6549828904938,18.1611371503536,0.4));
#16179=CARTESIAN_POINT('Ctrl Pts',(17.6549828904938,18.1611371503536,0.));
#16180=CARTESIAN_POINT('Ctrl Pts',(17.7470541791832,18.2453869363802,0.4));
#16181=CARTESIAN_POINT('Ctrl Pts',(17.7470541791832,18.2453869363802,0.));
#16182=CARTESIAN_POINT('Ctrl Pts',(17.7906272392268,18.2852584428775,0.4));
#16183=CARTESIAN_POINT('Ctrl Pts',(17.7906272392268,18.2852584428775,0.));
#16184=CARTESIAN_POINT('',(17.5912757389623,17.9811405928353,0.));
#16185=CARTESIAN_POINT('Ctrl Pts',(17.5912757389623,17.9811405928353,0.));
#16186=CARTESIAN_POINT('Ctrl Pts',(17.6132554971625,18.0432416398296,0.));
#16187=CARTESIAN_POINT('Ctrl Pts',(17.6549828904938,18.1611371503536,0.));
#16188=CARTESIAN_POINT('Ctrl Pts',(17.7470541791832,18.2453869363802,0.));
#16189=CARTESIAN_POINT('Ctrl Pts',(17.7906272392268,18.2852584428775,0.));
#16190=CARTESIAN_POINT('',(17.5912757389623,17.9811405928353,0.));
#16191=CARTESIAN_POINT('Ctrl Pts',(17.544608597077,17.4763917071502,0.4));
#16192=CARTESIAN_POINT('Ctrl Pts',(17.544608597077,17.4763917071502,0.));
#16193=CARTESIAN_POINT('Ctrl Pts',(17.5446029661171,17.5775301221182,0.4));
#16194=CARTESIAN_POINT('Ctrl Pts',(17.5446029661171,17.5775301221182,0.));
#16195=CARTESIAN_POINT('Ctrl Pts',(17.5445935075631,17.7474164590798,0.4));
#16196=CARTESIAN_POINT('Ctrl Pts',(17.5445935075631,17.7474164590798,0.));
#16197=CARTESIAN_POINT('Ctrl Pts',(17.5778270982819,17.9138072242494,0.4));
#16198=CARTESIAN_POINT('Ctrl Pts',(17.5778270982819,17.9138072242494,0.));
#16199=CARTESIAN_POINT('Ctrl Pts',(17.5912757389623,17.9811405928353,0.4));
#16200=CARTESIAN_POINT('Ctrl Pts',(17.5912757389623,17.9811405928353,0.));
#16201=CARTESIAN_POINT('',(17.544608597077,17.4763917071503,0.));
#16202=CARTESIAN_POINT('Ctrl Pts',(17.544608597077,17.4763917071502,0.));
#16203=CARTESIAN_POINT('Ctrl Pts',(17.5446029661171,17.5775301221182,0.));
#16204=CARTESIAN_POINT('Ctrl Pts',(17.5445935075631,17.7474164590798,0.));
#16205=CARTESIAN_POINT('Ctrl Pts',(17.5778270982819,17.9138072242494,0.));
#16206=CARTESIAN_POINT('Ctrl Pts',(17.5912757389623,17.9811405928353,0.));
#16207=CARTESIAN_POINT('',(17.544608597077,17.4763917071503,0.));
#16208=CARTESIAN_POINT('Origin',(17.5443668044598,17.0439224887185,0.));
#16209=CARTESIAN_POINT('',(17.5441250118426,16.6114532702868,0.));
#16210=CARTESIAN_POINT('',(17.5462442245476,20.4018678532265,0.));
#16211=CARTESIAN_POINT('',(17.5441250118426,16.6114532702868,0.));
#16212=CARTESIAN_POINT('Origin',(18.1484906834316,16.6111153707295,0.));
#16213=CARTESIAN_POINT('',(26.6222470253195,16.606377711641,0.));
#16214=CARTESIAN_POINT('Origin',(35.1,23.75,0.4));
#16215=CARTESIAN_POINT('',(11.5,31.5,0.4));
#16216=CARTESIAN_POINT('Origin',(16.5,31.5,0.4));
#16217=CARTESIAN_POINT('',(11.9,31.5,0.4));
#16218=CARTESIAN_POINT('Origin',(16.5,31.5,0.4));
#16219=CARTESIAN_POINT('Origin',(16.5,31.5,0.));
#16220=CARTESIAN_POINT('',(11.5,31.5,0.));
#16221=CARTESIAN_POINT('Origin',(16.5,31.5,0.));
#16222=CARTESIAN_POINT('',(11.5,31.5,0.));
#16223=CARTESIAN_POINT('Origin',(16.5,31.5,0.));
#16224=CARTESIAN_POINT('',(11.9,31.5,0.));
#16225=CARTESIAN_POINT('',(11.9,31.5,0.));
#16226=CARTESIAN_POINT('Origin',(16.5,31.5,0.));
#16227=CARTESIAN_POINT('Origin',(35.1,23.75,0.4));
#16228=CARTESIAN_POINT('',(15.6524250785911,24.8689919313726,0.4));
#16229=CARTESIAN_POINT('',(15.2295057521056,24.8692283846656,0.4));
#16230=CARTESIAN_POINT('',(15.6524250785911,24.8689919313726,0.4));
#16231=CARTESIAN_POINT('',(15.6516760555061,23.5292925147923,0.4));
#16232=CARTESIAN_POINT('',(15.6516760555061,23.5292925147923,0.4));
#16233=CARTESIAN_POINT('',(15.6267732518281,22.9099336156049,0.4));
#16234=CARTESIAN_POINT('Ctrl Pts',(15.6267732518281,22.9099336156049,0.4));
#16235=CARTESIAN_POINT('Ctrl Pts',(15.6339926777101,23.0165292293192,0.4));
#16236=CARTESIAN_POINT('Ctrl Pts',(15.6479599755766,23.2227579118148,0.4));
#16237=CARTESIAN_POINT('Ctrl Pts',(15.6504655594383,23.429440267642,0.4));
#16238=CARTESIAN_POINT('Ctrl Pts',(15.6516760555061,23.5292925147923,0.4));
#16239=CARTESIAN_POINT('',(15.9625494631124,23.2126108403501,0.4));
#16240=CARTESIAN_POINT('',(15.9625494631124,23.2126108403501,0.4));
#16241=CARTESIAN_POINT('',(17.8024442094245,24.7804773866723,0.4));
#16242=CARTESIAN_POINT('',(17.8024442094245,24.7804773866723,0.4));
#16243=CARTESIAN_POINT('',(18.127137182835,24.7802958515237,0.4));
#16244=CARTESIAN_POINT('',(18.127137182835,24.7802958515237,0.4));
#16245=CARTESIAN_POINT('',(18.1258130439278,22.4119467887401,0.4));
#16246=CARTESIAN_POINT('',(18.1258130439278,22.4119467887401,0.4));
#16247=CARTESIAN_POINT('',(17.7274502312053,22.4121695125386,0.4));
#16248=CARTESIAN_POINT('',(17.7274502312053,22.4121695125386,0.4));
#16249=CARTESIAN_POINT('',(17.728110775215,23.5936156417423,0.4));
#16250=CARTESIAN_POINT('',(17.728110775215,23.5936156417423,0.4));
#16251=CARTESIAN_POINT('',(17.7447914619869,24.1474944846802,0.4));
#16252=CARTESIAN_POINT('Ctrl Pts',(17.7447914619869,24.1474944846802,0.4));
#16253=CARTESIAN_POINT('Ctrl Pts',(17.7399680872186,24.0490627925191,0.4));
#16254=CARTESIAN_POINT('Ctrl Pts',(17.730925974904,23.8645383757813,0.4));
#16255=CARTESIAN_POINT('Ctrl Pts',(17.7290063881473,23.679805585993,0.4));
#16256=CARTESIAN_POINT('Ctrl Pts',(17.728110775215,23.5936156417423,0.4));
#16257=CARTESIAN_POINT('',(15.6264345896322,22.3042038919335,0.4));
#16258=CARTESIAN_POINT('',(15.6264345896322,22.3042038919335,0.4));
#16259=CARTESIAN_POINT('',(15.2280717769096,22.304426615732,0.4));
#16260=CARTESIAN_POINT('',(15.2280717769096,22.304426615732,0.4));
#16261=CARTESIAN_POINT('',(15.2295057521056,24.8692283846656,0.4));
#16262=CARTESIAN_POINT('Origin',(15.4409654153484,24.8691101580191,0.));
#16263=CARTESIAN_POINT('',(15.2295057521056,24.8692283846656,0.));
#16264=CARTESIAN_POINT('',(15.2295057521056,24.8692283846656,0.));
#16265=CARTESIAN_POINT('',(15.6524250785911,24.8689919313726,0.));
#16266=CARTESIAN_POINT('',(25.270792481015,24.8636143226826,0.));
#16267=CARTESIAN_POINT('',(15.6524250785911,24.8689919313726,0.));
#16268=CARTESIAN_POINT('Origin',(15.6520505670486,24.1991422230824,0.));
#16269=CARTESIAN_POINT('',(15.6516760555061,23.5292925147923,0.));
#16270=CARTESIAN_POINT('',(15.651928049479,23.9800078335545,0.));
#16271=CARTESIAN_POINT('',(15.6516760555061,23.5292925147923,0.));
#16272=CARTESIAN_POINT('Ctrl Pts',(15.6267732518281,22.9099336156049,0.4));
#16273=CARTESIAN_POINT('Ctrl Pts',(15.6267732518281,22.9099336156049,0.));
#16274=CARTESIAN_POINT('Ctrl Pts',(15.6339926777101,23.0165292293192,0.4));
#16275=CARTESIAN_POINT('Ctrl Pts',(15.6339926777101,23.0165292293192,0.));
#16276=CARTESIAN_POINT('Ctrl Pts',(15.6479599755766,23.2227579118148,0.4));
#16277=CARTESIAN_POINT('Ctrl Pts',(15.6479599755766,23.2227579118148,0.));
#16278=CARTESIAN_POINT('Ctrl Pts',(15.6504655594383,23.429440267642,0.4));
#16279=CARTESIAN_POINT('Ctrl Pts',(15.6504655594383,23.429440267642,0.));
#16280=CARTESIAN_POINT('Ctrl Pts',(15.6516760555061,23.5292925147923,0.4));
#16281=CARTESIAN_POINT('Ctrl Pts',(15.6516760555061,23.5292925147923,0.));
#16282=CARTESIAN_POINT('',(15.6267732518281,22.9099336156049,0.));
#16283=CARTESIAN_POINT('Ctrl Pts',(15.6267732518281,22.9099336156049,0.));
#16284=CARTESIAN_POINT('Ctrl Pts',(15.6339926777101,23.0165292293192,0.));
#16285=CARTESIAN_POINT('Ctrl Pts',(15.6479599755766,23.2227579118148,0.));
#16286=CARTESIAN_POINT('Ctrl Pts',(15.6504655594383,23.429440267642,0.));
#16287=CARTESIAN_POINT('Ctrl Pts',(15.6516760555061,23.5292925147923,0.));
#16288=CARTESIAN_POINT('',(15.6267732518281,22.9099336156049,0.));
#16289=CARTESIAN_POINT('Origin',(15.7946613574703,23.0612722279775,0.));
#16290=CARTESIAN_POINT('',(15.9625494631124,23.2126108403501,0.));
#16291=CARTESIAN_POINT('',(21.2913315475562,28.0161106666842,0.));
#16292=CARTESIAN_POINT('',(15.9625494631124,23.2126108403501,0.));
#16293=CARTESIAN_POINT('Origin',(16.8824968362684,23.9965441135112,0.));
#16294=CARTESIAN_POINT('',(17.8024442094245,24.7804773866723,0.));
#16295=CARTESIAN_POINT('',(22.0985290121063,28.441386607588,0.));
#16296=CARTESIAN_POINT('',(17.8024442094245,24.7804773866723,0.));
#16297=CARTESIAN_POINT('Origin',(17.9647906961297,24.780386619098,0.));
#16298=CARTESIAN_POINT('',(18.127137182835,24.7802958515237,0.));
#16299=CARTESIAN_POINT('',(26.5326807133045,24.7755963300724,0.));
#16300=CARTESIAN_POINT('',(18.127137182835,24.7802958515237,0.));
#16301=CARTESIAN_POINT('Origin',(18.1264751133814,23.5961213201319,0.));
#16302=CARTESIAN_POINT('',(18.1258130439278,22.4119467887401,0.));
#16303=CARTESIAN_POINT('',(18.1265207828686,23.6778055653044,0.));
#16304=CARTESIAN_POINT('',(18.1258130439278,22.4119467887401,0.));
#16305=CARTESIAN_POINT('Origin',(17.9266316375665,22.4120581506393,0.));
#16306=CARTESIAN_POINT('',(17.7274502312053,22.4121695125386,0.));
#16307=CARTESIAN_POINT('',(26.5129391145693,22.4072575644513,0.));
#16308=CARTESIAN_POINT('',(17.7274502312053,22.4121695125386,0.));
#16309=CARTESIAN_POINT('Origin',(17.7277805032101,23.0028925771404,0.));
#16310=CARTESIAN_POINT('',(17.728110775215,23.5936156417423,0.));
#16311=CARTESIAN_POINT('',(17.7279920714217,23.3813025557079,0.));
#16312=CARTESIAN_POINT('',(17.728110775215,23.5936156417423,0.));
#16313=CARTESIAN_POINT('Ctrl Pts',(17.7447914619869,24.1474944846802,0.4));
#16314=CARTESIAN_POINT('Ctrl Pts',(17.7447914619869,24.1474944846802,0.));
#16315=CARTESIAN_POINT('Ctrl Pts',(17.7399680872186,24.0490627925191,0.4));
#16316=CARTESIAN_POINT('Ctrl Pts',(17.7399680872186,24.0490627925191,0.));
#16317=CARTESIAN_POINT('Ctrl Pts',(17.730925974904,23.8645383757813,0.4));
#16318=CARTESIAN_POINT('Ctrl Pts',(17.730925974904,23.8645383757813,0.));
#16319=CARTESIAN_POINT('Ctrl Pts',(17.7290063881473,23.679805585993,0.4));
#16320=CARTESIAN_POINT('Ctrl Pts',(17.7290063881473,23.679805585993,0.));
#16321=CARTESIAN_POINT('Ctrl Pts',(17.728110775215,23.5936156417423,0.4));
#16322=CARTESIAN_POINT('Ctrl Pts',(17.728110775215,23.5936156417423,0.));
#16323=CARTESIAN_POINT('',(17.7447914619869,24.1474944846802,0.));
#16324=CARTESIAN_POINT('Ctrl Pts',(17.7447914619869,24.1474944846802,0.));
#16325=CARTESIAN_POINT('Ctrl Pts',(17.7399680872186,24.0490627925191,0.));
#16326=CARTESIAN_POINT('Ctrl Pts',(17.730925974904,23.8645383757813,0.));
#16327=CARTESIAN_POINT('Ctrl Pts',(17.7290063881473,23.679805585993,0.));
#16328=CARTESIAN_POINT('Ctrl Pts',(17.728110775215,23.5936156417423,0.));
#16329=CARTESIAN_POINT('',(17.7447914619869,24.1474944846802,0.));
#16330=CARTESIAN_POINT('Origin',(16.6856130258095,23.2258491883068,0.));
#16331=CARTESIAN_POINT('',(15.6264345896322,22.3042038919335,0.));
#16332=CARTESIAN_POINT('',(22.0551996264937,27.8982009516705,0.));
#16333=CARTESIAN_POINT('',(15.6264345896322,22.3042038919335,0.));
#16334=CARTESIAN_POINT('Origin',(15.4272531832709,22.3043152538327,0.));
#16335=CARTESIAN_POINT('',(15.2280717769096,22.304426615732,0.));
#16336=CARTESIAN_POINT('',(25.2632193773783,22.2988159861226,0.));
#16337=CARTESIAN_POINT('',(15.2280717769096,22.304426615732,0.));
#16338=CARTESIAN_POINT('Origin',(15.2287887645076,23.5868275001988,0.));
#16339=CARTESIAN_POINT('',(15.2288374849658,23.6739686987592,0.));
#16340=CARTESIAN_POINT('Origin',(35.1,23.75,0.));
#16341=CARTESIAN_POINT('Origin',(35.1,23.75,0.));
#16342=CARTESIAN_POINT('Origin',(35.1,23.75,0.));
#16343=CARTESIAN_POINT('Origin',(17.7,40.3,-6.));
#16344=CARTESIAN_POINT('',(14.7445828951717,47.3989794855661,-2.));
#16345=CARTESIAN_POINT('',(15.,47.5,-3.));
#16346=CARTESIAN_POINT('Ctrl Pts',(14.7445828951722,47.3989794855663,-1.9999999999997));
#16347=CARTESIAN_POINT('Ctrl Pts',(14.7481392800744,47.4004600646823,-2.00725332671588));
#16348=CARTESIAN_POINT('Ctrl Pts',(14.7516680431302,47.4019260061468,-2.01451712621076));
#16349=CARTESIAN_POINT('Ctrl Pts',(14.9003739280334,47.4635747817284,-2.3235392703874));
#16350=CARTESIAN_POINT('Ctrl Pts',(15.,47.5,-2.64193556913561));
#16351=CARTESIAN_POINT('Ctrl Pts',(15.,47.5,-3.));
#16352=CARTESIAN_POINT('',(10.5,43.,-2.));
#16353=CARTESIAN_POINT('Origin',(17.7,40.3,-2.));
#16354=CARTESIAN_POINT('',(10.5,43.,-6.));
#16355=CARTESIAN_POINT('',(10.5,43.,-6.));
#16356=CARTESIAN_POINT('',(15.,47.5,-6.));
#16357=CARTESIAN_POINT('Origin',(17.7,40.3,-6.));
#16358=CARTESIAN_POINT('',(15.,47.5,-6.));
#16359=CARTESIAN_POINT('Origin',(39.3,40.3,-6.));
#16360=CARTESIAN_POINT('',(42.,47.5,-3.));
#16361=CARTESIAN_POINT('',(42.2554171048277,47.3989794855664,-2.));
#16362=CARTESIAN_POINT('Ctrl Pts',(42.,47.5,-3.));
#16363=CARTESIAN_POINT('Ctrl Pts',(42.,47.5,-2.63152985526524));
#16364=CARTESIAN_POINT('Ctrl Pts',(42.1047988931306,47.4616842222194,-2.30718921851124));
#16365=CARTESIAN_POINT('Ctrl Pts',(42.2554171048277,47.3989794855664,-2.));
#16366=CARTESIAN_POINT('',(42.,47.5,-6.));
#16367=CARTESIAN_POINT('',(42.,47.5,-6.));
#16368=CARTESIAN_POINT('',(46.5,43.,-6.));
#16369=CARTESIAN_POINT('Origin',(39.3,40.3,-6.));
#16370=CARTESIAN_POINT('',(46.5,43.,-2.));
#16371=CARTESIAN_POINT('',(46.5,43.,-6.));
#16372=CARTESIAN_POINT('Origin',(39.3,40.3,-2.));
#16373=CARTESIAN_POINT('Origin',(10.5,43.,-6.));
#16374=CARTESIAN_POINT('',(19.5,43.,-6.));
#16375=CARTESIAN_POINT('',(10.5,43.,-2.));
#16376=CARTESIAN_POINT('Origin',(28.5,45.25,-2.));
#16377=CARTESIAN_POINT('',(42.75,47.3989794855664,-2.));
#16378=CARTESIAN_POINT('Origin',(17.7,7.2,-6.));
#16379=CARTESIAN_POINT('',(15.,1.11022302462516E-15,-3.));
#16380=CARTESIAN_POINT('',(14.7445828951723,0.101020514433644,-2.));
#16381=CARTESIAN_POINT('Ctrl Pts',(15.,6.41847686111419E-16,-3.));
#16382=CARTESIAN_POINT('Ctrl Pts',(15.,7.15994168102502E-16,-2.63152985526524));
#16383=CARTESIAN_POINT('Ctrl Pts',(14.8952011068694,0.0383157777805732,
-2.30718921851124));
#16384=CARTESIAN_POINT('Ctrl Pts',(14.7445828951723,0.101020514433644,-2.));
#16385=CARTESIAN_POINT('',(15.,1.11022302462516E-15,-6.));
#16386=CARTESIAN_POINT('',(15.,0.,-6.));
#16387=CARTESIAN_POINT('',(10.5,4.5,-6.));
#16388=CARTESIAN_POINT('Origin',(17.7,7.2,-6.));
#16389=CARTESIAN_POINT('',(10.5,4.5,-2.));
#16390=CARTESIAN_POINT('',(10.5,4.5,-6.));
#16391=CARTESIAN_POINT('Origin',(17.7,7.2,-2.));
#16392=CARTESIAN_POINT('Origin',(28.5,2.25,-2.));
#16393=CARTESIAN_POINT('',(42.2554171048277,0.101020514433645,-2.));
#16394=CARTESIAN_POINT('',(14.25,0.101020514433644,-2.));
#16395=CARTESIAN_POINT('',(46.5,4.50000000000001,-2.));
#16396=CARTESIAN_POINT('',(10.5,4.5,-2.));
#16397=CARTESIAN_POINT('Origin',(39.3,7.20000000000001,-2.));
#16398=CARTESIAN_POINT('Origin',(46.5,4.50000000000001,-6.));
#16399=CARTESIAN_POINT('',(46.5,4.50000000000001,-6.));
#16400=CARTESIAN_POINT('',(37.5,4.50000000000001,-6.));
#16401=CARTESIAN_POINT('',(46.5,4.50000000000001,-6.));
#16402=CARTESIAN_POINT('Origin',(39.3,7.20000000000001,-6.));
#16403=CARTESIAN_POINT('',(42.,8.88178419700125E-15,-3.));
#16404=CARTESIAN_POINT('Ctrl Pts',(42.2554171048277,0.101020514433645,-2.));
#16405=CARTESIAN_POINT('Ctrl Pts',(42.2518607199255,0.099539935317637,-2.00725332671608));
#16406=CARTESIAN_POINT('Ctrl Pts',(42.2483319568698,0.0980739938531729,
-2.01451712621087));
#16407=CARTESIAN_POINT('Ctrl Pts',(42.0996260719666,0.0364252182716141,
-2.3235392703874));
#16408=CARTESIAN_POINT('Ctrl Pts',(42.,6.77806822637194E-16,-2.64193556913561));
#16409=CARTESIAN_POINT('Ctrl Pts',(42.,6.67868538251071E-16,-3.));
#16410=CARTESIAN_POINT('',(42.,8.88178419700125E-15,-6.));
#16411=CARTESIAN_POINT('Origin',(39.3,7.20000000000001,-6.));
#16412=CARTESIAN_POINT('',(42.,0.,-6.));
#16413=CARTESIAN_POINT('Origin',(57.,47.5,0.));
#16414=CARTESIAN_POINT('',(52.,47.5,-3.));
#16415=CARTESIAN_POINT('',(42.75,47.5,-3.));
#16416=CARTESIAN_POINT('',(52.,47.5,-6.));
#16417=CARTESIAN_POINT('',(52.,47.5,0.));
#16418=CARTESIAN_POINT('',(0.,47.5,-6.));
#16419=CARTESIAN_POINT('Origin',(57.,47.5,0.));
#16420=CARTESIAN_POINT('',(5.,47.5,-6.));
#16421=CARTESIAN_POINT('',(0.,47.5,-6.));
#16422=CARTESIAN_POINT('',(5.,47.5,-3.));
#16423=CARTESIAN_POINT('',(5.,47.5,0.));
#16424=CARTESIAN_POINT('',(42.75,47.5,-3.));
#16425=CARTESIAN_POINT('Origin',(28.5,23.75,-6.));
#16426=CARTESIAN_POINT('',(57.,42.5,-6.));
#16427=CARTESIAN_POINT('Origin',(52.,42.5,-6.));
#16428=CARTESIAN_POINT('',(57.,5.,-6.));
#16429=CARTESIAN_POINT('',(57.,47.5,-6.));
#16430=CARTESIAN_POINT('',(52.,0.,-6.));
#16431=CARTESIAN_POINT('Origin',(52.,5.,-6.));
#16432=CARTESIAN_POINT('',(57.,0.,-6.));
#16433=CARTESIAN_POINT('',(5.,0.,-6.));
#16434=CARTESIAN_POINT('',(57.,0.,-6.));
#16435=CARTESIAN_POINT('',(0.,5.,-6.));
#16436=CARTESIAN_POINT('Origin',(5.,5.,-6.));
#16437=CARTESIAN_POINT('',(0.,42.5,-6.));
#16438=CARTESIAN_POINT('',(0.,0.,-6.));
#16439=CARTESIAN_POINT('Origin',(5.,42.5,-6.));
#16440=CARTESIAN_POINT('',(5.8,2.5,-6.));
#16441=CARTESIAN_POINT('Origin',(7.,2.5,-6.));
#16442=CARTESIAN_POINT('',(48.8,45.,-6.));
#16443=CARTESIAN_POINT('Origin',(50.,45.,-6.));
#16444=CARTESIAN_POINT('',(48.8,2.5,-6.));
#16445=CARTESIAN_POINT('Origin',(50.,2.5,-6.));
#16446=CARTESIAN_POINT('',(5.8,45.,-6.));
#16447=CARTESIAN_POINT('Origin',(7.,45.,-6.));
#16448=CARTESIAN_POINT('',(22.,20.25,-6.));
#16449=CARTESIAN_POINT('',(32.,20.25,-6.));
#16450=CARTESIAN_POINT('',(30.25,20.25,-6.));
#16451=CARTESIAN_POINT('',(32.,12.75,-6.));
#16452=CARTESIAN_POINT('',(32.,18.25,-6.));
#16453=CARTESIAN_POINT('',(38.2,12.75,-6.));
#16454=CARTESIAN_POINT('',(33.35,12.75,-6.));
#16455=CARTESIAN_POINT('',(38.2,34.75,-6.));
#16456=CARTESIAN_POINT('',(38.2,29.25,-6.));
#16457=CARTESIAN_POINT('',(32.,34.75,-6.));
#16458=CARTESIAN_POINT('',(30.25,34.75,-6.));
#16459=CARTESIAN_POINT('',(32.,27.25,-6.));
#16460=CARTESIAN_POINT('',(32.,18.25,-6.));
#16461=CARTESIAN_POINT('',(22.,27.25,-6.));
#16462=CARTESIAN_POINT('',(25.25,27.25,-6.));
#16463=CARTESIAN_POINT('',(22.,31.5,-6.));
#16464=CARTESIAN_POINT('',(22.,31.5,-6.));
#16465=CARTESIAN_POINT('',(11.,31.5,-6.));
#16466=CARTESIAN_POINT('Origin',(16.5,31.5,-6.));
#16467=CARTESIAN_POINT('',(11.,14.5,-6.));
#16468=CARTESIAN_POINT('',(11.,14.5,-6.));
#16469=CARTESIAN_POINT('',(22.,14.5,-6.));
#16470=CARTESIAN_POINT('',(22.,14.5,-6.));
#16471=CARTESIAN_POINT('',(22.,31.5,-6.));
#16472=CARTESIAN_POINT('Origin',(0.,0.,0.));
#16473=CARTESIAN_POINT('',(52.,0.,-3.));
#16474=CARTESIAN_POINT('',(52.,0.,0.));
#16475=CARTESIAN_POINT('',(14.25,0.,-3.));
#16476=CARTESIAN_POINT('Origin',(0.,0.,0.));
#16477=CARTESIAN_POINT('',(5.,0.,-3.));
#16478=CARTESIAN_POINT('',(14.25,0.,-3.));
#16479=CARTESIAN_POINT('',(5.,0.,0.));
#16480=CARTESIAN_POINT('Origin',(14.25,5.,-3.));
#16481=CARTESIAN_POINT('',(52.,1.17335008385784,0.218190550494052));
#16482=CARTESIAN_POINT('Origin',(52.,5.,-3.));
#16483=CARTESIAN_POINT('',(47.6,2.5,1.33012701892219));
#16484=CARTESIAN_POINT('Ctrl Pts',(52.,1.17335008385784,0.218190550494053));
#16485=CARTESIAN_POINT('Ctrl Pts',(51.8689776127901,0.975826403170637,-0.0166786917954533));
#16486=CARTESIAN_POINT('Ctrl Pts',(51.7152240367437,0.808412376153291,-0.260769639005153));
#16487=CARTESIAN_POINT('Ctrl Pts',(51.3491457429776,0.496491827237001,-0.799375354560336));
#16488=CARTESIAN_POINT('Ctrl Pts',(51.104877408226,0.352386392790963,-1.13136378046585));
#16489=CARTESIAN_POINT('Ctrl Pts',(50.726020930409,0.20846269595401,-1.56326808293862));
#16490=CARTESIAN_POINT('Ctrl Pts',(50.6007956035183,0.172449368842311,-1.693501472668));
#16491=CARTESIAN_POINT('Ctrl Pts',(50.4009307408308,0.132750212749937,-1.85417354093281));
#16492=CARTESIAN_POINT('Ctrl Pts',(50.3331288738721,0.122039235249404,-1.9013844290725));
#16493=CARTESIAN_POINT('Ctrl Pts',(50.183378491816,0.105831246264809,-1.97600287097863));
#16494=CARTESIAN_POINT('Ctrl Pts',(50.102270124344,0.1,-2.00501256289338));
#16495=CARTESIAN_POINT('Ctrl Pts',(49.897729875656,0.1,-2.00501256289338));
#16496=CARTESIAN_POINT('Ctrl Pts',(49.816621508184,0.105831246264809,-1.97600287097863));
#16497=CARTESIAN_POINT('Ctrl Pts',(49.6668711261279,0.122039235249404,-1.9013844290725));
#16498=CARTESIAN_POINT('Ctrl Pts',(49.5990692591692,0.132750212749937,-1.85417354093281));
#16499=CARTESIAN_POINT('Ctrl Pts',(49.3992043964817,0.172449368842311,-1.693501472668));
#16500=CARTESIAN_POINT('Ctrl Pts',(49.273979069591,0.20846269595401,-1.56326808293862));
#16501=CARTESIAN_POINT('Ctrl Pts',(48.895122591774,0.352386392790963,-1.13136378046585));
#16502=CARTESIAN_POINT('Ctrl Pts',(48.6508542570224,0.496491827237002,-0.799375354560336));
#16503=CARTESIAN_POINT('Ctrl Pts',(48.218784980717,0.864640630730816,-0.163678057843328));
#16504=CARTESIAN_POINT('Ctrl Pts',(48.0043589849609,1.12187532215388,0.187339756673786));
#16505=CARTESIAN_POINT('Ctrl Pts',(47.6944987267917,1.7473560333764,0.823518859719997));
#16506=CARTESIAN_POINT('Ctrl Pts',(47.6,2.11620476974715,1.10854273942202));
#16507=CARTESIAN_POINT('Ctrl Pts',(47.6,2.5,1.33012701892219));
#16508=CARTESIAN_POINT('',(52.,3.82664991614216,1.86037545676368));
#16509=CARTESIAN_POINT('Ctrl Pts',(47.6,2.5,1.33012701892219));
#16510=CARTESIAN_POINT('Ctrl Pts',(47.6,2.77747492937042,1.49032724408758));
#16511=CARTESIAN_POINT('Ctrl Pts',(47.6517874416009,3.09145050828814,1.63221261040834));
#16512=CARTESIAN_POINT('Ctrl Pts',(47.8910821446409,3.69011859639293,1.83571760543388));
#16513=CARTESIAN_POINT('Ctrl Pts',(48.0793860744631,3.97396278048572,1.89889141801609));
#16514=CARTESIAN_POINT('Ctrl Pts',(48.5167476639625,4.41041986194116,1.96974377177795));
#16515=CARTESIAN_POINT('Ctrl Pts',(48.7860238491862,4.5948810735884,1.98506832945344));
#16516=CARTESIAN_POINT('Ctrl Pts',(49.3769061551142,4.839662175823,1.99893180392068));
#16517=CARTESIAN_POINT('Ctrl Pts',(49.6984679781478,4.9,1.99899989997999));
#16518=CARTESIAN_POINT('Ctrl Pts',(50.,4.9,1.99899989997999));
#16519=CARTESIAN_POINT('Ctrl Pts',(50.3015320218522,4.9,1.99899989997999));
#16520=CARTESIAN_POINT('Ctrl Pts',(50.6230938448858,4.839662175823,1.99893180392068));
#16521=CARTESIAN_POINT('Ctrl Pts',(51.2139761508138,4.5948810735884,1.98506832945344));
#16522=CARTESIAN_POINT('Ctrl Pts',(51.4832523360375,4.41041986194116,1.96974377177795));
#16523=CARTESIAN_POINT('Ctrl Pts',(51.8069913277603,4.08735039522734,1.91729822073103));
#16524=CARTESIAN_POINT('Ctrl Pts',(51.9103461506613,3.96180817944553,1.8930042034504));
#16525=CARTESIAN_POINT('Ctrl Pts',(52.,3.82664991614216,1.86037545676368));
#16526=CARTESIAN_POINT('',(52.,5.,2.));
#16527=CARTESIAN_POINT('Origin',(52.,5.,-3.));
#16528=CARTESIAN_POINT('',(5.,5.,2.));
#16529=CARTESIAN_POINT('',(14.25,5.,2.));
#16530=CARTESIAN_POINT('',(5.,3.82664991614216,1.86037545676368));
#16531=CARTESIAN_POINT('Origin',(5.,5.,-3.));
#16532=CARTESIAN_POINT('',(5.,1.17335008385784,0.218190550494052));
#16533=CARTESIAN_POINT('Ctrl Pts',(5.,3.82664991614216,1.86037545676368));
#16534=CARTESIAN_POINT('Ctrl Pts',(5.08965384933686,3.96180817944281,1.89300420344975));
#16535=CARTESIAN_POINT('Ctrl Pts',(5.19300867097295,4.08735039396323,1.91729822052582));
#16536=CARTESIAN_POINT('Ctrl Pts',(5.51674766396254,4.41041986194116,1.96974377177795));
#16537=CARTESIAN_POINT('Ctrl Pts',(5.78602384918618,4.5948810735884,1.98506832945344));
#16538=CARTESIAN_POINT('Ctrl Pts',(6.37690615511418,4.839662175823,1.99893180392068));
#16539=CARTESIAN_POINT('Ctrl Pts',(6.69846797814777,4.9,1.99899989997999));
#16540=CARTESIAN_POINT('Ctrl Pts',(7.,4.9,1.99899989997999));
#16541=CARTESIAN_POINT('Ctrl Pts',(7.30153202185223,4.9,1.99899989997999));
#16542=CARTESIAN_POINT('Ctrl Pts',(7.62309384488582,4.839662175823,1.99893180392068));
#16543=CARTESIAN_POINT('Ctrl Pts',(8.21397615081382,4.5948810735884,1.98506832945344));
#16544=CARTESIAN_POINT('Ctrl Pts',(8.48325233603746,4.41041986194116,1.96974377177795));
#16545=CARTESIAN_POINT('Ctrl Pts',(8.92061392553689,3.97396278048572,1.89889141801609));
#16546=CARTESIAN_POINT('Ctrl Pts',(9.10891785535907,3.69011859639293,1.83571760543388));
#16547=CARTESIAN_POINT('Ctrl Pts',(9.34821255839906,3.09145050828814,1.63221261040834));
#16548=CARTESIAN_POINT('Ctrl Pts',(9.4,2.77747492937042,1.49032724408758));
#16549=CARTESIAN_POINT('Ctrl Pts',(9.4,2.11620476974715,1.10854273942202));
#16550=CARTESIAN_POINT('Ctrl Pts',(9.30550127320828,1.7473560333764,0.823518859719995));
#16551=CARTESIAN_POINT('Ctrl Pts',(8.99564101503912,1.12187532215388,0.187339756673784));
#16552=CARTESIAN_POINT('Ctrl Pts',(8.78121501928303,0.864640630730816,-0.163678057843328));
#16553=CARTESIAN_POINT('Ctrl Pts',(8.34914574297759,0.496491827237001,-0.799375354560336));
#16554=CARTESIAN_POINT('Ctrl Pts',(8.10487740822601,0.352386392790968,-1.13136378046584));
#16555=CARTESIAN_POINT('Ctrl Pts',(7.72602093040897,0.208462695954013,-1.56326808293862));
#16556=CARTESIAN_POINT('Ctrl Pts',(7.60079560351829,0.172449368842312,-1.693501472668));
#16557=CARTESIAN_POINT('Ctrl Pts',(7.40093074083077,0.132750212749937,-1.85417354093281));
#16558=CARTESIAN_POINT('Ctrl Pts',(7.3331288738721,0.122039235249405,-1.90138442907249));
#16559=CARTESIAN_POINT('Ctrl Pts',(7.18337849181603,0.10583124626481,-1.97600287097863));
#16560=CARTESIAN_POINT('Ctrl Pts',(7.10227012434399,0.1,-2.00501256289338));
#16561=CARTESIAN_POINT('Ctrl Pts',(6.89772987565601,0.1,-2.00501256289338));
#16562=CARTESIAN_POINT('Ctrl Pts',(6.81662150818397,0.10583124626481,-1.97600287097863));
#16563=CARTESIAN_POINT('Ctrl Pts',(6.6668711261279,0.122039235249405,-1.90138442907249));
#16564=CARTESIAN_POINT('Ctrl Pts',(6.59906925916923,0.132750212749938,-1.85417354093281));
#16565=CARTESIAN_POINT('Ctrl Pts',(6.39920439648171,0.172449368842312,-1.69350147266799));
#16566=CARTESIAN_POINT('Ctrl Pts',(6.27397906959104,0.208462695954013,-1.56326808293861));
#16567=CARTESIAN_POINT('Ctrl Pts',(5.89512259177399,0.352386392790968,-1.13136378046584));
#16568=CARTESIAN_POINT('Ctrl Pts',(5.65085425702241,0.496491827237001,-0.799375354560336));
#16569=CARTESIAN_POINT('Ctrl Pts',(5.28477596353454,0.808412375916201,-0.260769639414545));
#16570=CARTESIAN_POINT('Ctrl Pts',(5.13102238688353,0.975826403662628,-0.0166786912104428));
#16571=CARTESIAN_POINT('Ctrl Pts',(5.,1.17335008385784,0.218190550494052));
#16572=CARTESIAN_POINT('Origin',(5.,5.,-3.));
#16573=CARTESIAN_POINT('Origin',(5.,5.,-3.));
#16574=CARTESIAN_POINT('',(4.6,2.50000000014468,1.3116122276298));
#16575=CARTESIAN_POINT('Ctrl Pts',(5.,1.17335008385784,0.218190550494053));
#16576=CARTESIAN_POINT('Ctrl Pts',(4.84259479103844,1.41064736484556,0.500353339224202));
#16577=CARTESIAN_POINT('Ctrl Pts',(4.71546740524717,1.69258810934921,0.761311100456808));
#16578=CARTESIAN_POINT('Ctrl Pts',(4.61873103558872,2.16547087257628,1.10533615899071));
#16579=CARTESIAN_POINT('Ctrl Pts',(4.5999999999794,2.3291145950567,1.21252782706549));
#16580=CARTESIAN_POINT('Ctrl Pts',(4.6,2.50000000028935,1.31161222762979));
#16581=CARTESIAN_POINT('Ctrl Pts',(4.6,2.50000000028935,1.31161222762979));
#16582=CARTESIAN_POINT('Ctrl Pts',(4.60000000000689,2.55712886207634,1.34473722749376));
#16583=CARTESIAN_POINT('Ctrl Pts',(4.60204696280164,2.6150486192317,1.37698814038093));
#16584=CARTESIAN_POINT('Ctrl Pts',(4.62311293045682,2.90596906241263,1.53242114065742));
#16585=CARTESIAN_POINT('Ctrl Pts',(4.67666373343546,3.14483941300396,1.63830175869925));
#16586=CARTESIAN_POINT('Ctrl Pts',(4.81856845157947,3.51398377015491,1.77376056747886));
#16587=CARTESIAN_POINT('Ctrl Pts',(4.89914741366825,3.67460892159701,1.82367102615203));
#16588=CARTESIAN_POINT('Ctrl Pts',(5.,3.82664991614216,1.86037545676369));
#16589=CARTESIAN_POINT('',(0.,5.,-3.));
#16590=CARTESIAN_POINT('Origin',(5.,5.,-3.));
#16591=CARTESIAN_POINT('Origin',(5.,5.,-3.));
#16592=CARTESIAN_POINT('Origin',(52.,5.,-3.));
#16593=CARTESIAN_POINT('Ctrl Pts',(52.,3.82664991614216,1.86037545676369));
#16594=CARTESIAN_POINT('Ctrl Pts',(52.1008525863317,3.67460892159701,1.82367102615203));
#16595=CARTESIAN_POINT('Ctrl Pts',(52.1814315484205,3.51398377015491,1.77376056747886));
#16596=CARTESIAN_POINT('Ctrl Pts',(52.3233362665645,3.14483941300396,1.63830175869925));
#16597=CARTESIAN_POINT('Ctrl Pts',(52.3768870695432,2.90596906241263,1.53242114065742));
#16598=CARTESIAN_POINT('Ctrl Pts',(52.4105778072023,2.44070088715939,1.28383761857128));
#16599=CARTESIAN_POINT('Ctrl Pts',(52.3912860006238,2.21443781003996,1.14095990093514));
#16600=CARTESIAN_POINT('Ctrl Pts',(52.2845325947528,1.69258810934921,0.761311100456805));
#16601=CARTESIAN_POINT('Ctrl Pts',(52.1574052089616,1.41064736484556,0.500353339224204));
#16602=CARTESIAN_POINT('Ctrl Pts',(52.,1.17335008385784,0.218190550494051));
#16603=CARTESIAN_POINT('',(57.,5.,-3.));
#16604=CARTESIAN_POINT('Origin',(52.,5.,-3.));
#16605=CARTESIAN_POINT('Origin',(52.,5.,-3.));
#16606=CARTESIAN_POINT('Origin',(52.,42.5,-3.));
#16607=CARTESIAN_POINT('',(52.,46.3266499161422,0.218190550494053));
#16608=CARTESIAN_POINT('',(52.,43.6733500838578,1.86037545676368));
#16609=CARTESIAN_POINT('Ctrl Pts',(52.,46.3266499161422,0.218190550494053));
#16610=CARTESIAN_POINT('Ctrl Pts',(52.1574052089615,46.0893526351544,0.5003533392242));
#16611=CARTESIAN_POINT('Ctrl Pts',(52.2845325947528,45.8074118906508,0.761311100456805));
#16612=CARTESIAN_POINT('Ctrl Pts',(52.3912860006238,45.2855621899601,1.14095990093513));
#16613=CARTESIAN_POINT('Ctrl Pts',(52.4105778072023,45.0592991128406,1.28383761857127));
#16614=CARTESIAN_POINT('Ctrl Pts',(52.3768870695432,44.5940309375874,1.53242114065741));
#16615=CARTESIAN_POINT('Ctrl Pts',(52.3233362665645,44.355160586996,1.63830175869924));
#16616=CARTESIAN_POINT('Ctrl Pts',(52.1814315484205,43.9860162298451,1.77376056747886));
#16617=CARTESIAN_POINT('Ctrl Pts',(52.1008525863317,43.825391078403,1.82367102615203));
#16618=CARTESIAN_POINT('Ctrl Pts',(52.,43.6733500838578,1.86037545676369));
#16619=CARTESIAN_POINT('',(52.,42.5,2.));
#16620=CARTESIAN_POINT('Origin',(52.,42.5,-3.));
#16621=CARTESIAN_POINT('',(57.,42.5,-3.));
#16622=CARTESIAN_POINT('Origin',(52.,42.5,-3.));
#16623=CARTESIAN_POINT('Origin',(52.,42.5,-3.));
#16624=CARTESIAN_POINT('Origin',(52.,42.5,-3.));
#16625=CARTESIAN_POINT('Origin',(5.,42.5,-3.));
#16626=CARTESIAN_POINT('',(5.,43.6733500838578,1.86037545676368));
#16627=CARTESIAN_POINT('',(4.6,44.9999999998553,1.31161222762979));
#16628=CARTESIAN_POINT('Ctrl Pts',(5.,43.6733500838578,1.86037545676369));
#16629=CARTESIAN_POINT('Ctrl Pts',(4.89914741366825,43.825391078403,1.82367102615203));
#16630=CARTESIAN_POINT('Ctrl Pts',(4.81856845157947,43.9860162298451,1.77376056747886));
#16631=CARTESIAN_POINT('Ctrl Pts',(4.67666373343546,44.355160586996,1.63830175869925));
#16632=CARTESIAN_POINT('Ctrl Pts',(4.62311293045682,44.5940309375874,1.53242114065741));
#16633=CARTESIAN_POINT('Ctrl Pts',(4.60204696280164,44.8849513807683,1.37698814038093));
#16634=CARTESIAN_POINT('Ctrl Pts',(4.60000000000689,44.9428711379237,1.34473722749375));
#16635=CARTESIAN_POINT('Ctrl Pts',(4.6,44.9999999997107,1.31161222762979));
#16636=CARTESIAN_POINT('',(5.,46.3266499161422,0.218190550494051));
#16637=CARTESIAN_POINT('Ctrl Pts',(4.6,44.9999999997107,1.31161222762979));
#16638=CARTESIAN_POINT('Ctrl Pts',(4.5999999999794,45.1708854049433,1.21252782706549));
#16639=CARTESIAN_POINT('Ctrl Pts',(4.61873103558872,45.3345291274237,1.10533615899071));
#16640=CARTESIAN_POINT('Ctrl Pts',(4.71546740524717,45.8074118906508,0.761311100456811));
#16641=CARTESIAN_POINT('Ctrl Pts',(4.84259479103844,46.0893526351544,0.500353339224196));
#16642=CARTESIAN_POINT('Ctrl Pts',(5.,46.3266499161422,0.218190550494051));
#16643=CARTESIAN_POINT('Origin',(5.,42.5,-3.));
#16644=CARTESIAN_POINT('',(0.,42.5,-3.));
#16645=CARTESIAN_POINT('Origin',(5.,42.5,-3.));
#16646=CARTESIAN_POINT('',(5.,42.5,2.));
#16647=CARTESIAN_POINT('Origin',(5.,42.5,-3.));
#16648=CARTESIAN_POINT('Origin',(5.,42.5,-3.));
#16649=CARTESIAN_POINT('Origin',(5.,35.625,-3.));
#16650=CARTESIAN_POINT('',(0.,35.625,-3.));
#16651=CARTESIAN_POINT('',(5.,35.625,2.));
#16652=CARTESIAN_POINT('Origin',(42.75,42.5,-3.));
#16653=CARTESIAN_POINT('Ctrl Pts',(5.,46.3266499161422,0.21819055049405));
#16654=CARTESIAN_POINT('Ctrl Pts',(5.13102238720988,46.5241735968294,-0.0166786917954515));
#16655=CARTESIAN_POINT('Ctrl Pts',(5.28477596325629,46.6915876238467,-0.260769639005147));
#16656=CARTESIAN_POINT('Ctrl Pts',(5.65085425702241,47.003508172763,-0.799375354560334));
#16657=CARTESIAN_POINT('Ctrl Pts',(5.895122591774,47.147613607209,-1.13136378046583));
#16658=CARTESIAN_POINT('Ctrl Pts',(6.27397906959104,47.291537304046,-1.56326808293862));
#16659=CARTESIAN_POINT('Ctrl Pts',(6.39920439648172,47.3275506311577,-1.69350147266799));
#16660=CARTESIAN_POINT('Ctrl Pts',(6.59906925916924,47.3672497872501,-1.85417354093281));
#16661=CARTESIAN_POINT('Ctrl Pts',(6.66687112612791,47.3779607647506,-1.90138442907248));
#16662=CARTESIAN_POINT('Ctrl Pts',(6.81662150818398,47.3941687537352,-1.97600287097861));
#16663=CARTESIAN_POINT('Ctrl Pts',(6.89772987565601,47.4,-2.00501256289339));
#16664=CARTESIAN_POINT('Ctrl Pts',(7.102270124344,47.4,-2.00501256289339));
#16665=CARTESIAN_POINT('Ctrl Pts',(7.18337849181602,47.3941687537352,-1.97600287097861));
#16666=CARTESIAN_POINT('Ctrl Pts',(7.33312887387209,47.3779607647506,-1.90138442907248));
#16667=CARTESIAN_POINT('Ctrl Pts',(7.40093074083076,47.3672497872501,-1.85417354093281));
#16668=CARTESIAN_POINT('Ctrl Pts',(7.60079560351828,47.3275506311577,-1.69350147266799));
#16669=CARTESIAN_POINT('Ctrl Pts',(7.72602093040896,47.291537304046,-1.56326808293862));
#16670=CARTESIAN_POINT('Ctrl Pts',(8.104877408226,47.147613607209,-1.13136378046583));
#16671=CARTESIAN_POINT('Ctrl Pts',(8.34914574297759,47.003508172763,-0.799375354560334));
#16672=CARTESIAN_POINT('Ctrl Pts',(8.78121501928302,46.6353593692692,-0.163678057843325));
#16673=CARTESIAN_POINT('Ctrl Pts',(8.99564101503912,46.3781246778461,0.187339756673786));
#16674=CARTESIAN_POINT('Ctrl Pts',(9.30550127320828,45.7526439666236,0.823518859719996));
#16675=CARTESIAN_POINT('Ctrl Pts',(9.4,45.3837952302528,1.10854273942202));
#16676=CARTESIAN_POINT('Ctrl Pts',(9.4,44.7225250706296,1.49032724408758));
#16677=CARTESIAN_POINT('Ctrl Pts',(9.34821255839906,44.4085494917119,1.63221261040834));
#16678=CARTESIAN_POINT('Ctrl Pts',(9.10891785535907,43.8098814036071,1.83571760543388));
#16679=CARTESIAN_POINT('Ctrl Pts',(8.92061392553688,43.5260372195143,1.89889141801609));
#16680=CARTESIAN_POINT('Ctrl Pts',(8.48325233603746,43.0895801380588,1.96974377177795));
#16681=CARTESIAN_POINT('Ctrl Pts',(8.21397615081382,42.9051189264116,1.98506832945344));
#16682=CARTESIAN_POINT('Ctrl Pts',(7.62309384488582,42.660337824177,1.99893180392068));
#16683=CARTESIAN_POINT('Ctrl Pts',(7.30153202185223,42.6,1.99899989997999));
#16684=CARTESIAN_POINT('Ctrl Pts',(7.,42.6,1.99899989997999));
#16685=CARTESIAN_POINT('Ctrl Pts',(6.69804760661238,42.6,1.99899989997999));
#16686=CARTESIAN_POINT('Ctrl Pts',(6.37606674204969,42.6605050343501,1.9989341388643));
#16687=CARTESIAN_POINT('Ctrl Pts',(5.78454917225334,42.9059110671221,1.98501161419313));
#16688=CARTESIAN_POINT('Ctrl Pts',(5.51505718889493,43.0908302614096,1.96961796605878));
#16689=CARTESIAN_POINT('Ctrl Pts',(5.19194040463138,43.4139470456732,1.91704674663783));
#16690=CARTESIAN_POINT('Ctrl Pts',(5.08919491443526,43.5388836909535,1.89283717804302));
#16691=CARTESIAN_POINT('Ctrl Pts',(5.,43.6733500838578,1.86037545676369));
#16692=CARTESIAN_POINT('',(42.75,42.5,2.));
#16693=CARTESIAN_POINT('',(47.6,45.,1.33012701892219));
#16694=CARTESIAN_POINT('Ctrl Pts',(52.,43.6733500838578,1.86037545676368));
#16695=CARTESIAN_POINT('Ctrl Pts',(51.9103461506631,43.5381918205572,1.89300420344975));
#16696=CARTESIAN_POINT('Ctrl Pts',(51.806991329027,43.4126496060368,1.91729822052582));
#16697=CARTESIAN_POINT('Ctrl Pts',(51.4832523360375,43.0895801380588,1.96974377177795));
#16698=CARTESIAN_POINT('Ctrl Pts',(51.2139761508138,42.9051189264116,1.98506832945344));
#16699=CARTESIAN_POINT('Ctrl Pts',(50.6230938448858,42.660337824177,1.99893180392068));
#16700=CARTESIAN_POINT('Ctrl Pts',(50.3015320218522,42.6,1.99899989997999));
#16701=CARTESIAN_POINT('Ctrl Pts',(50.,42.6,1.99899989997999));
#16702=CARTESIAN_POINT('Ctrl Pts',(49.6984679781478,42.6,1.99899989997999));
#16703=CARTESIAN_POINT('Ctrl Pts',(49.3769061551142,42.660337824177,1.99893180392068));
#16704=CARTESIAN_POINT('Ctrl Pts',(48.7860238491862,42.9051189264116,1.98506832945344));
#16705=CARTESIAN_POINT('Ctrl Pts',(48.5167476639625,43.0895801380588,1.96974377177795));
#16706=CARTESIAN_POINT('Ctrl Pts',(48.0793860744631,43.5260372195143,1.89889141801609));
#16707=CARTESIAN_POINT('Ctrl Pts',(47.8910821446409,43.8098814036071,1.83571760543388));
#16708=CARTESIAN_POINT('Ctrl Pts',(47.6517874416009,44.4085494917119,1.63221261040834));
#16709=CARTESIAN_POINT('Ctrl Pts',(47.6,44.7225250706296,1.49032724408758));
#16710=CARTESIAN_POINT('Ctrl Pts',(47.6,45.,1.33012701892219));
#16711=CARTESIAN_POINT('Ctrl Pts',(47.6,45.,1.33012701892219));
#16712=CARTESIAN_POINT('Ctrl Pts',(47.6,45.3837952302528,1.10854273942202));
#16713=CARTESIAN_POINT('Ctrl Pts',(47.6944987267917,45.7526439666236,0.82351885972));
#16714=CARTESIAN_POINT('Ctrl Pts',(48.0043589849609,46.3781246778461,0.18733975667379));
#16715=CARTESIAN_POINT('Ctrl Pts',(48.218784980717,46.6353593692692,-0.163678057843325));
#16716=CARTESIAN_POINT('Ctrl Pts',(48.6508542570224,47.003508172763,-0.799375354560334));
#16717=CARTESIAN_POINT('Ctrl Pts',(48.895122591774,47.147613607209,-1.13136378046585));
#16718=CARTESIAN_POINT('Ctrl Pts',(49.273979069591,47.291537304046,-1.56326808293863));
#16719=CARTESIAN_POINT('Ctrl Pts',(49.3992043964817,47.3275506311577,-1.69350147266802));
#16720=CARTESIAN_POINT('Ctrl Pts',(49.5990692591692,47.3672497872501,-1.85417354093283));
#16721=CARTESIAN_POINT('Ctrl Pts',(49.6668711261279,47.3779607647506,-1.90138442907249));
#16722=CARTESIAN_POINT('Ctrl Pts',(49.816621508184,47.3941687537352,-1.97600287097862));
#16723=CARTESIAN_POINT('Ctrl Pts',(49.897729875656,47.4,-2.00501256289339));
#16724=CARTESIAN_POINT('Ctrl Pts',(50.102270124344,47.4,-2.00501256289339));
#16725=CARTESIAN_POINT('Ctrl Pts',(50.183378491816,47.3941687537352,-1.97600287097862));
#16726=CARTESIAN_POINT('Ctrl Pts',(50.3331288738721,47.3779607647506,-1.90138442907249));
#16727=CARTESIAN_POINT('Ctrl Pts',(50.4009307408308,47.3672497872501,-1.85417354093283));
#16728=CARTESIAN_POINT('Ctrl Pts',(50.6007956035183,47.3275506311577,-1.69350147266802));
#16729=CARTESIAN_POINT('Ctrl Pts',(50.726020930409,47.291537304046,-1.56326808293863));
#16730=CARTESIAN_POINT('Ctrl Pts',(51.104877408226,47.147613607209,-1.13136378046586));
#16731=CARTESIAN_POINT('Ctrl Pts',(51.3491457429776,47.003508172763,-0.799375354560347));
#16732=CARTESIAN_POINT('Ctrl Pts',(51.7152240364655,46.6915876240838,-0.260769639414553));
#16733=CARTESIAN_POINT('Ctrl Pts',(51.8689776131165,46.5241735963374,-0.0166786912104451));
#16734=CARTESIAN_POINT('Ctrl Pts',(52.,46.3266499161422,0.218190550494053));
#16735=CARTESIAN_POINT('Origin',(52.,11.875,-3.));
#16736=CARTESIAN_POINT('',(57.,11.875,-3.));
#16737=CARTESIAN_POINT('',(52.,11.875,2.));
#16738=CARTESIAN_POINT('Origin',(5.,42.5,0.));
#16739=CARTESIAN_POINT('',(0.,42.5,0.));
#16740=CARTESIAN_POINT('Origin',(52.,42.5,0.));
#16741=CARTESIAN_POINT('',(57.,42.5,0.));
#16742=CARTESIAN_POINT('Origin',(57.,0.,0.));
#16743=CARTESIAN_POINT('',(57.,5.,0.));
#16744=CARTESIAN_POINT('Origin',(7.,2.5,-0.5));
#16745=CARTESIAN_POINT('',(4.6,2.5,-3.));
#16746=CARTESIAN_POINT('',(4.6,2.5,-0.5));
#16747=CARTESIAN_POINT('Origin',(7.,2.5,-3.));
#16748=CARTESIAN_POINT('Origin',(50.,2.5,-0.5));
#16749=CARTESIAN_POINT('',(47.6,2.5,-3.));
#16750=CARTESIAN_POINT('',(47.6,2.5,-0.5));
#16751=CARTESIAN_POINT('Origin',(50.,2.5,-3.));
#16752=CARTESIAN_POINT('Origin',(28.5,23.75,2.));
#16753=CARTESIAN_POINT('',(37.2,28.25,2.));
#16754=CARTESIAN_POINT('',(37.2,19.25,2.));
#16755=CARTESIAN_POINT('',(37.2,21.5,2.));
#16756=CARTESIAN_POINT('',(33.,19.25,2.));
#16757=CARTESIAN_POINT('Origin',(35.1,19.25,2.));
#16758=CARTESIAN_POINT('',(33.,28.25,2.));
#16759=CARTESIAN_POINT('',(33.,26.,2.));
#16760=CARTESIAN_POINT('Origin',(35.1,28.25,2.));
#16761=CARTESIAN_POINT('Origin',(50.,45.,-0.5));
#16762=CARTESIAN_POINT('',(47.6,45.,-3.));
#16763=CARTESIAN_POINT('',(47.6,45.,-0.5));
#16764=CARTESIAN_POINT('Origin',(50.,45.,-3.));
#16765=CARTESIAN_POINT('Origin',(7.,45.,-0.5));
#16766=CARTESIAN_POINT('',(4.6,45.,-3.));
#16767=CARTESIAN_POINT('',(4.6,45.,-0.5));
#16768=CARTESIAN_POINT('Origin',(7.,45.,-3.));
#16769=CARTESIAN_POINT('Origin',(5.,5.,0.));
#16770=CARTESIAN_POINT('',(0.,5.,0.));
#16771=CARTESIAN_POINT('Origin',(0.,47.5,0.));
#16772=CARTESIAN_POINT('Origin',(52.,5.,0.));
#16773=CARTESIAN_POINT('Origin',(7.,2.5,-3.));
#16774=CARTESIAN_POINT('',(5.8,2.5,-3.));
#16775=CARTESIAN_POINT('Origin',(7.,2.5,-3.));
#16776=CARTESIAN_POINT('Origin',(7.,2.5,-2.));
#16777=CARTESIAN_POINT('',(5.8,2.5,-2.));
#16778=CARTESIAN_POINT('Origin',(50.,45.,-3.));
#16779=CARTESIAN_POINT('',(48.8,45.,-3.));
#16780=CARTESIAN_POINT('Origin',(50.,45.,-3.));
#16781=CARTESIAN_POINT('Origin',(50.,45.,-2.));
#16782=CARTESIAN_POINT('',(48.8,45.,-2.));
#16783=CARTESIAN_POINT('Origin',(50.,2.5,-3.));
#16784=CARTESIAN_POINT('',(48.8,2.5,-3.));
#16785=CARTESIAN_POINT('Origin',(50.,2.5,-3.));
#16786=CARTESIAN_POINT('Origin',(50.,2.5,-2.));
#16787=CARTESIAN_POINT('',(48.8,2.5,-2.));
#16788=CARTESIAN_POINT('Origin',(7.,45.,-3.));
#16789=CARTESIAN_POINT('',(5.8,45.,-3.));
#16790=CARTESIAN_POINT('Origin',(7.,45.,-3.));
#16791=CARTESIAN_POINT('Origin',(7.,45.,-2.));
#16792=CARTESIAN_POINT('',(5.8,45.,-2.));
#16793=CARTESIAN_POINT('Origin',(22.,27.25,0.));
#16794=CARTESIAN_POINT('',(22.,27.25,0.));
#16795=CARTESIAN_POINT('',(32.,27.25,0.));
#16796=CARTESIAN_POINT('',(22.,27.25,0.));
#16797=CARTESIAN_POINT('',(22.,27.25,0.));
#16798=CARTESIAN_POINT('',(32.,27.25,0.));
#16799=CARTESIAN_POINT('Origin',(32.,20.25,0.));
#16800=CARTESIAN_POINT('',(32.,20.25,0.));
#16801=CARTESIAN_POINT('',(22.,20.25,0.));
#16802=CARTESIAN_POINT('',(33.,20.25,0.));
#16803=CARTESIAN_POINT('',(32.,20.25,0.));
#16804=CARTESIAN_POINT('',(22.,20.25,0.));
#16805=CARTESIAN_POINT('Origin',(32.,12.75,0.));
#16806=CARTESIAN_POINT('',(32.,34.75,0.));
#16807=CARTESIAN_POINT('',(32.,34.75,0.));
#16808=CARTESIAN_POINT('',(32.,12.75,0.));
#16809=CARTESIAN_POINT('Origin',(22.,14.5,0.));
#16810=CARTESIAN_POINT('',(22.,31.5,0.));
#16811=CARTESIAN_POINT('',(22.,19.125,0.));
#16812=CARTESIAN_POINT('',(22.,31.5,0.));
#16813=CARTESIAN_POINT('Origin',(38.2,12.75,0.));
#16814=CARTESIAN_POINT('',(38.2,12.75,0.));
#16815=CARTESIAN_POINT('',(32.,12.75,0.));
#16816=CARTESIAN_POINT('',(38.2,12.75,0.));
#16817=CARTESIAN_POINT('',(38.2,12.75,0.));
#16818=CARTESIAN_POINT('',(32.,12.75,0.));
#16819=CARTESIAN_POINT('Origin',(38.2,34.75,0.));
#16820=CARTESIAN_POINT('',(38.2,34.75,0.));
#16821=CARTESIAN_POINT('',(38.2,34.75,0.));
#16822=CARTESIAN_POINT('',(38.2,34.75,0.));
#16823=CARTESIAN_POINT('Origin',(32.,34.75,0.));
#16824=CARTESIAN_POINT('',(32.,34.75,0.));
#16825=CARTESIAN_POINT('Origin',(32.,12.75,0.));
#16826=CARTESIAN_POINT('',(32.,12.75,0.));
#16827=CARTESIAN_POINT('Origin',(35.1,23.75,0.));
#16828=CARTESIAN_POINT('',(22.,14.5,0.));
#16829=CARTESIAN_POINT('',(22.,19.125,0.));
#16830=CARTESIAN_POINT('',(11.,14.5,0.));
#16831=CARTESIAN_POINT('',(19.75,14.5,0.));
#16832=CARTESIAN_POINT('',(11.,31.5,0.));
#16833=CARTESIAN_POINT('',(11.,27.625,0.));
#16834=CARTESIAN_POINT('Origin',(16.5,31.5,0.));
#16835=CARTESIAN_POINT('',(37.2,19.25,0.));
#16836=CARTESIAN_POINT('',(37.2,28.25,0.));
#16837=CARTESIAN_POINT('',(37.2,21.5,0.));
#16838=CARTESIAN_POINT('',(33.,28.25,0.));
#16839=CARTESIAN_POINT('Origin',(35.1,28.25,0.));
#16840=CARTESIAN_POINT('',(33.,19.25,0.));
#16841=CARTESIAN_POINT('',(33.,26.,0.));
#16842=CARTESIAN_POINT('Origin',(35.1,19.25,0.));
#16843=CARTESIAN_POINT('Origin',(22.,14.5,0.));
#16844=CARTESIAN_POINT('',(22.,14.5,0.));
#16845=CARTESIAN_POINT('Origin',(11.,14.5,0.));
#16846=CARTESIAN_POINT('',(11.,14.5,0.));
#16847=CARTESIAN_POINT('Origin',(11.,31.5,0.));
#16848=CARTESIAN_POINT('',(11.,31.5,0.));
#16849=CARTESIAN_POINT('Origin',(16.5,31.5,0.));
#16850=CARTESIAN_POINT('Origin',(37.2,19.25,0.));
#16851=CARTESIAN_POINT('',(37.2,19.25,0.));
#16852=CARTESIAN_POINT('',(37.2,28.25,0.));
#16853=CARTESIAN_POINT('Origin',(35.1,19.25,0.));
#16854=CARTESIAN_POINT('',(33.,19.25,0.));
#16855=CARTESIAN_POINT('Origin',(33.,28.25,0.));
#16856=CARTESIAN_POINT('',(33.,28.25,0.));
#16857=CARTESIAN_POINT('Origin',(35.1,28.25,0.));
#16858=UNCERTAINTY_MEASURE_WITH_UNIT(LENGTH_MEASURE(0.01),#16862,
'DISTANCE_ACCURACY_VALUE',
'Maximum model space distance between geometric entities at asserted c
onnectivities');
#16859=UNCERTAINTY_MEASURE_WITH_UNIT(LENGTH_MEASURE(0.01),#16862,
'DISTANCE_ACCURACY_VALUE',
'Maximum model space distance between geometric entities at asserted c
onnectivities');
#16860=(
GEOMETRIC_REPRESENTATION_CONTEXT(3)
GLOBAL_UNCERTAINTY_ASSIGNED_CONTEXT((#16858))
GLOBAL_UNIT_ASSIGNED_CONTEXT((#16862,#16864,#16865))
REPRESENTATION_CONTEXT('','3D')
);
#16861=(
GEOMETRIC_REPRESENTATION_CONTEXT(3)
GLOBAL_UNCERTAINTY_ASSIGNED_CONTEXT((#16859))
GLOBAL_UNIT_ASSIGNED_CONTEXT((#16862,#16864,#16865))
REPRESENTATION_CONTEXT('','3D')
);
#16862=(
LENGTH_UNIT()
NAMED_UNIT(*)
SI_UNIT(.MILLI.,.METRE.)
);
#16863=(
LENGTH_UNIT()
NAMED_UNIT(*)
SI_UNIT($,.METRE.)
);
#16864=(
NAMED_UNIT(*)
PLANE_ANGLE_UNIT()
SI_UNIT($,.RADIAN.)
);
#16865=(
NAMED_UNIT(*)
SI_UNIT($,.STERADIAN.)
SOLID_ANGLE_UNIT()
);
#16866=SHAPE_DEFINITION_REPRESENTATION(#16867,#16868);
#16867=PRODUCT_DEFINITION_SHAPE('',$,#16870);
#16868=SHAPE_REPRESENTATION('',(#8622),#16860);
#16869=PRODUCT_DEFINITION_CONTEXT('part definition',#16874,'design');
#16870=PRODUCT_DEFINITION('base bracelet','base bracelet v12',#16871,#16869);
#16871=PRODUCT_DEFINITION_FORMATION('',$,#16876);
#16872=PRODUCT_RELATED_PRODUCT_CATEGORY('base bracelet v12',
'base bracelet v12',(#16876));
#16873=APPLICATION_PROTOCOL_DEFINITION('international standard',
'automotive_design',2009,#16874);
#16874=APPLICATION_CONTEXT(
'Core Data for Automotive Mechanical Design Process');
#16875=PRODUCT_CONTEXT('part definition',#16874,'mechanical');
#16876=PRODUCT('base bracelet','base bracelet v12',$,(#16875));
#16877=PRESENTATION_STYLE_ASSIGNMENT((#16878));
#16878=SURFACE_STYLE_USAGE(.BOTH.,#16879);
#16879=SURFACE_SIDE_STYLE('',(#16880));
#16880=SURFACE_STYLE_FILL_AREA(#16881);
#16881=FILL_AREA_STYLE('Acier - Satin\X\E9',(#16882));
#16882=FILL_AREA_STYLE_COLOUR('Acier - Satin\X\E9',#16883);
#16883=COLOUR_RGB('Acier - Satin\X\E9',0.627450980392157,0.627450980392157,
0.627450980392157);
ENDSEC;
END-ISO-10303-21;
