ISO-10303-21;
HEADER;
/* Generated by software containing ST-Developer
 * from STEP Tools, Inc. (www.steptools.com) 
 */

FILE_DESCRIPTION(
/* description */ (''),
/* implementation_level */ '2;1');

FILE_NAME(
/* name */ 'Box bracelet.step',
/* time_stamp */ '2026-10-05T17:37:50+02:00',
/* author */ (''),
/* organization */ (''),
/* preprocessor_version */ 'ST-DEVELOPER v20.1',
/* originating_system */ 'Autodesk Translation Framework v15.8.0.0',
/* authorisation */ '');

FILE_SCHEMA (('AUTOMOTIVE_DESIGN { 1 0 10303 214 3 1 1 }'));
ENDSEC;

DATA;
#10=MECHANICAL_DESIGN_GEOMETRIC_PRESENTATION_REPRESENTATION('',(#13),#14750);
#11=SHAPE_REPRESENTATION_RELATIONSHIP('SRR','None',#14757,#12);
#12=ADVANCED_BREP_SHAPE_REPRESENTATION('',(#14),#14749);
#13=STYLED_ITEM('',(#14766),#14);
#14=MANIFOLD_SOLID_BREP('Corps1',#7542);
#15=CONICAL_SURFACE('',#7752,1.65,0.785398163397448);
#16=CONICAL_SURFACE('',#7757,1.65,0.785398163397448);
#17=CONICAL_SURFACE('',#7762,1.65,0.785398163397448);
#18=CONICAL_SURFACE('',#7767,1.65,0.785398163397448);
#19=SPHERICAL_SURFACE('',#7720,5.);
#20=SPHERICAL_SURFACE('',#7725,5.);
#21=SPHERICAL_SURFACE('',#7730,5.);
#22=SPHERICAL_SURFACE('',#7732,5.);
#23=CIRCLE('',#7715,5.);
#24=CIRCLE('',#7716,5.);
#25=CIRCLE('',#7718,5.);
#26=CIRCLE('',#7719,5.);
#27=CIRCLE('',#7721,5.);
#28=CIRCLE('',#7723,5.);
#29=CIRCLE('',#7724,5.);
#30=CIRCLE('',#7726,5.);
#31=CIRCLE('',#7728,5.);
#32=CIRCLE('',#7729,5.);
#33=CIRCLE('',#7731,5.);
#34=CIRCLE('',#7733,5.);
#35=CIRCLE('',#7735,5.);
#36=CIRCLE('',#7738,5.);
#37=CIRCLE('',#7742,5.);
#38=CIRCLE('',#7743,5.);
#39=CIRCLE('',#7744,1.75);
#40=CIRCLE('',#7745,1.75);
#41=CIRCLE('',#7746,1.75);
#42=CIRCLE('',#7747,1.75);
#43=CIRCLE('',#7753,1.55);
#44=CIRCLE('',#7755,1.55);
#45=CIRCLE('',#7758,1.55);
#46=CIRCLE('',#7760,1.55);
#47=CIRCLE('',#7763,1.55);
#48=CIRCLE('',#7765,1.55);
#49=CIRCLE('',#7768,1.55);
#50=CIRCLE('',#7770,1.55);
#51=CYLINDRICAL_SURFACE('',#7714,5.);
#52=CYLINDRICAL_SURFACE('',#7717,5.);
#53=CYLINDRICAL_SURFACE('',#7722,5.);
#54=CYLINDRICAL_SURFACE('',#7727,5.);
#55=CYLINDRICAL_SURFACE('',#7734,5.);
#56=CYLINDRICAL_SURFACE('',#7737,5.);
#57=CYLINDRICAL_SURFACE('',#7749,5.);
#58=CYLINDRICAL_SURFACE('',#7751,5.);
#59=CYLINDRICAL_SURFACE('',#7754,1.55);
#60=CYLINDRICAL_SURFACE('',#7759,1.55);
#61=CYLINDRICAL_SURFACE('',#7764,1.55);
#62=CYLINDRICAL_SURFACE('',#7769,1.55);
#63=B_SPLINE_SURFACE_WITH_KNOTS('',3,1,((#8984,#8985),(#8986,#8987),(#8988,
#8989),(#8990,#8991),(#8992,#8993)),.UNSPECIFIED.,.F.,.F.,.F.,(4,1,4),(2,
2),(0.,0.0527121038674479,0.125013698655177),(-0.04,0.),.UNSPECIFIED.);
#64=B_SPLINE_SURFACE_WITH_KNOTS('',3,1,((#9001,#9002),(#9003,#9004),(#9005,
#9006),(#9007,#9008),(#9009,#9010)),.UNSPECIFIED.,.F.,.F.,.F.,(4,1,4),(2,
2),(0.,0.0477953073089095,0.0939915102741036),(-0.04,0.),.UNSPECIFIED.);
#65=B_SPLINE_SURFACE_WITH_KNOTS('',3,1,((#9018,#9019),(#9020,#9021),(#9022,
#9023),(#9024,#9025),(#9026,#9027)),.UNSPECIFIED.,.F.,.F.,.F.,(4,1,4),(2,
2),(0.,0.0276027084702946,0.0562767929712902),(-0.04,0.),.UNSPECIFIED.);
#66=B_SPLINE_SURFACE_WITH_KNOTS('',3,1,((#9035,#9036),(#9037,#9038),(#9039,
#9040),(#9041,#9042),(#9043,#9044)),.UNSPECIFIED.,.F.,.F.,.F.,(4,1,4),(2,
2),(0.,0.0244273447231646,0.0506066747645509),(-0.04,0.),.UNSPECIFIED.);
#67=B_SPLINE_SURFACE_WITH_KNOTS('',3,1,((#9052,#9053),(#9054,#9055),(#9056,
#9057),(#9058,#9059),(#9060,#9061)),.UNSPECIFIED.,.F.,.F.,.F.,(4,1,4),(2,
2),(0.,0.0280028666700635,0.05312698794392),(-0.04,0.),.UNSPECIFIED.);
#68=B_SPLINE_SURFACE_WITH_KNOTS('',3,1,((#9069,#9070),(#9071,#9072),(#9073,
#9074),(#9075,#9076),(#9077,#9078)),.UNSPECIFIED.,.F.,.F.,.F.,(4,1,4),(2,
2),(0.,0.0351425252127339,0.0610179249057739),(-0.04,0.),.UNSPECIFIED.);
#69=B_SPLINE_SURFACE_WITH_KNOTS('',3,1,((#9102,#9103),(#9104,#9105),(#9106,
#9107),(#9108,#9109),(#9110,#9111)),.UNSPECIFIED.,.F.,.F.,.F.,(4,1,4),(2,
2),(0.,0.0192164411994461,0.0495840698926577),(-0.04,0.),.UNSPECIFIED.);
#70=B_SPLINE_SURFACE_WITH_KNOTS('',3,1,((#9119,#9120),(#9121,#9122),(#9123,
#9124),(#9125,#9126),(#9127,#9128)),.UNSPECIFIED.,.F.,.F.,.F.,(4,1,4),(2,
2),(0.,0.0208854088577687,0.0415599379814361),(-0.04,0.),.UNSPECIFIED.);
#71=B_SPLINE_SURFACE_WITH_KNOTS('',3,1,((#9136,#9137),(#9138,#9139),(#9140,
#9141),(#9142,#9143),(#9144,#9145)),.UNSPECIFIED.,.F.,.F.,.F.,(4,1,4),(2,
2),(0.,0.0235096168834065,0.045368916941783),(-0.04,0.),.UNSPECIFIED.);
#72=B_SPLINE_SURFACE_WITH_KNOTS('',3,1,((#9153,#9154),(#9155,#9156),(#9157,
#9158),(#9159,#9160),(#9161,#9162)),.UNSPECIFIED.,.F.,.F.,.F.,(4,1,4),(2,
2),(0.,0.0281031249256627,0.0593354900190712),(-0.04,0.),.UNSPECIFIED.);
#73=B_SPLINE_SURFACE_WITH_KNOTS('',3,1,((#9170,#9171),(#9172,#9173),(#9174,
#9175),(#9176,#9177),(#9178,#9179)),.UNSPECIFIED.,.F.,.F.,.F.,(4,1,4),(2,
2),(0.,0.0441199368341506,0.0764563928333372),(-0.04,0.),.UNSPECIFIED.);
#74=B_SPLINE_SURFACE_WITH_KNOTS('',3,1,((#9320,#9321),(#9322,#9323),(#9324,
#9325),(#9326,#9327),(#9328,#9329)),.UNSPECIFIED.,.F.,.F.,.F.,(4,1,4),(2,
2),(0.,0.0283234464994176,0.0675609867122167),(-0.04,0.),.UNSPECIFIED.);
#75=B_SPLINE_SURFACE_WITH_KNOTS('',3,1,((#9337,#9338),(#9339,#9340),(#9341,
#9342),(#9343,#9344),(#9345,#9346)),.UNSPECIFIED.,.F.,.F.,.F.,(4,1,4),(2,
2),(0.,0.0363904066223567,0.0622139167637748),(-0.04,0.),.UNSPECIFIED.);
#76=B_SPLINE_SURFACE_WITH_KNOTS('',3,1,((#9581,#9582),(#9583,#9584),(#9585,
#9586),(#9587,#9588),(#9589,#9590)),.UNSPECIFIED.,.F.,.F.,.F.,(4,1,4),(2,
2),(0.,0.0183735155814206,0.0370708595158056),(-0.04,0.),.UNSPECIFIED.);
#77=B_SPLINE_SURFACE_WITH_KNOTS('',3,1,((#9598,#9599),(#9600,#9601),(#9602,
#9603),(#9604,#9605),(#9606,#9607)),.UNSPECIFIED.,.F.,.F.,.F.,(4,1,4),(2,
2),(0.,0.0559058988317474,0.0867257703865233),(-0.04,0.),.UNSPECIFIED.);
#78=B_SPLINE_SURFACE_WITH_KNOTS('',3,1,((#9619,#9620),(#9621,#9622),(#9623,
#9624),(#9625,#9626),(#9627,#9628)),.UNSPECIFIED.,.F.,.F.,.F.,(4,1,4),(2,
2),(0.,0.0176950326161023,0.0453962406627712),(-0.04,0.),.UNSPECIFIED.);
#79=B_SPLINE_SURFACE_WITH_KNOTS('',3,1,((#9636,#9637),(#9638,#9639),(#9640,
#9641),(#9642,#9643),(#9644,#9645)),.UNSPECIFIED.,.F.,.F.,.F.,(4,1,4),(2,
2),(0.,0.0176137334796862,0.0370171658301828),(-0.04,0.),.UNSPECIFIED.);
#80=B_SPLINE_SURFACE_WITH_KNOTS('',3,1,((#9653,#9654),(#9655,#9656),(#9657,
#9658),(#9659,#9660),(#9661,#9662)),.UNSPECIFIED.,.F.,.F.,.F.,(4,1,4),(2,
2),(0.,0.0224072278030456,0.0409042307547891),(-0.04,0.),.UNSPECIFIED.);
#81=B_SPLINE_SURFACE_WITH_KNOTS('',3,1,((#9670,#9671),(#9672,#9673),(#9674,
#9675),(#9676,#9677),(#9678,#9679)),.UNSPECIFIED.,.F.,.F.,.F.,(4,1,4),(2,
2),(0.,0.0336997078729892,0.0611630173404577),(-0.04,0.),.UNSPECIFIED.);
#82=B_SPLINE_SURFACE_WITH_KNOTS('',3,1,((#9687,#9688),(#9689,#9690),(#9691,
#9692),(#9693,#9694),(#9695,#9696)),.UNSPECIFIED.,.F.,.F.,.F.,(4,1,4),(2,
2),(0.,0.0315742970205951,0.0667969118642472),(-0.04,0.),.UNSPECIFIED.);
#83=B_SPLINE_SURFACE_WITH_KNOTS('',3,1,((#9704,#9705),(#9706,#9707),(#9708,
#9709),(#9710,#9711),(#9712,#9713)),.UNSPECIFIED.,.F.,.F.,.F.,(4,1,4),(2,
2),(0.,0.0248651218638841,0.0528085112205339),(-0.04,0.),.UNSPECIFIED.);
#84=B_SPLINE_SURFACE_WITH_KNOTS('',3,1,((#9721,#9722),(#9723,#9724),(#9725,
#9726),(#9727,#9728),(#9729,#9730)),.UNSPECIFIED.,.F.,.F.,.F.,(4,1,4),(2,
2),(0.,0.0291805166899329,0.0546197307810066),(-0.04,0.),.UNSPECIFIED.);
#85=B_SPLINE_SURFACE_WITH_KNOTS('',3,1,((#9742,#9743),(#9744,#9745),(#9746,
#9747),(#9748,#9749),(#9750,#9751)),.UNSPECIFIED.,.F.,.F.,.F.,(4,1,4),(2,
2),(0.,0.0221111108931097,0.0501388980776308),(-0.04,0.),.UNSPECIFIED.);
#86=B_SPLINE_SURFACE_WITH_KNOTS('',3,1,((#9759,#9760),(#9761,#9762),(#9763,
#9764),(#9765,#9766),(#9767,#9768)),.UNSPECIFIED.,.F.,.F.,.F.,(4,1,4),(2,
2),(0.,0.0302685536920279,0.0531980550078259),(-0.04,0.),.UNSPECIFIED.);
#87=B_SPLINE_SURFACE_WITH_KNOTS('',3,1,((#9776,#9777),(#9778,#9779),(#9780,
#9781),(#9782,#9783),(#9784,#9785)),.UNSPECIFIED.,.F.,.F.,.F.,(4,1,4),(2,
2),(0.,0.0265187624123591,0.0593212642438821),(-0.04,0.),.UNSPECIFIED.);
#88=B_SPLINE_SURFACE_WITH_KNOTS('',3,1,((#9793,#9794),(#9795,#9796),(#9797,
#9798),(#9799,#9800),(#9801,#9802)),.UNSPECIFIED.,.F.,.F.,.F.,(4,1,4),(2,
2),(0.,0.0258152924767853,0.0455185033807595),(-0.04,0.),.UNSPECIFIED.);
#89=B_SPLINE_SURFACE_WITH_KNOTS('',3,1,((#9810,#9811),(#9812,#9813),(#9814,
#9815),(#9816,#9817),(#9818,#9819)),.UNSPECIFIED.,.F.,.F.,.F.,(4,1,4),(2,
2),(0.,0.0082562907233126,0.0128270451155165),(-0.04,0.),.UNSPECIFIED.);
#90=B_SPLINE_SURFACE_WITH_KNOTS('',3,1,((#9827,#9828),(#9829,#9830),(#9831,
#9832),(#9833,#9834),(#9835,#9836)),.UNSPECIFIED.,.F.,.F.,.F.,(4,1,4),(2,
2),(0.,0.0522193611043987,0.0893114045672862),(-0.04,0.),.UNSPECIFIED.);
#91=B_SPLINE_SURFACE_WITH_KNOTS('',3,1,((#9844,#9845),(#9846,#9847),(#9848,
#9849),(#9850,#9851),(#9852,#9853)),.UNSPECIFIED.,.F.,.F.,.F.,(4,1,4),(2,
2),(0.,0.0185284106028575,0.0442949195771079),(-0.04,0.),.UNSPECIFIED.);
#92=B_SPLINE_SURFACE_WITH_KNOTS('',3,1,((#9861,#9862),(#9863,#9864),(#9865,
#9866),(#9867,#9868),(#9869,#9870)),.UNSPECIFIED.,.F.,.F.,.F.,(4,1,4),(2,
2),(0.,0.0191177701139319,0.0389585807582535),(-0.04,0.),.UNSPECIFIED.);
#93=B_SPLINE_SURFACE_WITH_KNOTS('',3,1,((#9878,#9879),(#9880,#9881),(#9882,
#9883),(#9884,#9885),(#9886,#9887)),.UNSPECIFIED.,.F.,.F.,.F.,(4,1,4),(2,
2),(0.,0.0194079448516301,0.0382384402426811),(-0.04,0.),.UNSPECIFIED.);
#94=B_SPLINE_SURFACE_WITH_KNOTS('',3,1,((#9895,#9896),(#9897,#9898),(#9899,
#9900),(#9901,#9902),(#9903,#9904)),.UNSPECIFIED.,.F.,.F.,.F.,(4,1,4),(2,
2),(0.,0.0205050030536786,0.0403986720966813),(-0.04,0.),.UNSPECIFIED.);
#95=B_SPLINE_SURFACE_WITH_KNOTS('',3,1,((#9912,#9913),(#9914,#9915),(#9916,
#9917),(#9918,#9919),(#9920,#9921)),.UNSPECIFIED.,.F.,.F.,.F.,(4,1,4),(2,
2),(0.,0.0328013822304186,0.0664667821824066),(-0.04,0.),.UNSPECIFIED.);
#96=B_SPLINE_SURFACE_WITH_KNOTS('',3,1,((#9929,#9930),(#9931,#9932),(#9933,
#9934),(#9935,#9936),(#9937,#9938)),.UNSPECIFIED.,.F.,.F.,.F.,(4,1,4),(2,
2),(0.,0.0426246371988906,0.0783723601086974),(-0.04,0.),.UNSPECIFIED.);
#97=B_SPLINE_SURFACE_WITH_KNOTS('',3,1,((#9946,#9947),(#9948,#9949),(#9950,
#9951),(#9952,#9953),(#9954,#9955)),.UNSPECIFIED.,.F.,.F.,.F.,(4,1,4),(2,
2),(0.,0.0271223684385327,0.0552253920309632),(-0.04,0.),.UNSPECIFIED.);
#98=B_SPLINE_SURFACE_WITH_KNOTS('',3,1,((#9963,#9964),(#9965,#9966),(#9967,
#9968),(#9969,#9970),(#9971,#9972)),.UNSPECIFIED.,.F.,.F.,.F.,(4,1,4),(2,
2),(0.,0.0332887391726965,0.0621166724835876),(-0.04,0.),.UNSPECIFIED.);
#99=B_SPLINE_SURFACE_WITH_KNOTS('',3,1,((#9980,#9981),(#9982,#9983),(#9984,
#9985),(#9986,#9987),(#9988,#9989)),.UNSPECIFIED.,.F.,.F.,.F.,(4,1,4),(2,
2),(0.,0.0177239024305477,0.037217178999239),(-0.04,0.),.UNSPECIFIED.);
#100=B_SPLINE_SURFACE_WITH_KNOTS('',3,1,((#9995,#9996),(#9997,#9998),(#9999,
#10000),(#10001,#10002),(#10003,#10004)),.UNSPECIFIED.,.F.,.F.,.F.,(4,1,
4),(2,2),(0.,0.0214380650765451,0.0500195573265714),(-0.04,0.),
 .UNSPECIFIED.);
#101=B_SPLINE_SURFACE_WITH_KNOTS('',3,1,((#10014,#10015),(#10016,#10017),
(#10018,#10019),(#10020,#10021),(#10022,#10023)),.UNSPECIFIED.,.F.,.F.,
 .F.,(4,1,4),(2,2),(0.,0.0241555888394598,0.0475706723909009),(-0.04,0.),
 .UNSPECIFIED.);
#102=B_SPLINE_SURFACE_WITH_KNOTS('',3,1,((#10031,#10032),(#10033,#10034),
(#10035,#10036),(#10037,#10038),(#10039,#10040)),.UNSPECIFIED.,.F.,.F.,
 .F.,(4,1,4),(2,2),(0.,0.0269866768089087,0.0524220248347571),(-0.04,0.),
 .UNSPECIFIED.);
#103=B_SPLINE_SURFACE_WITH_KNOTS('',3,1,((#10048,#10049),(#10050,#10051),
(#10052,#10053),(#10054,#10055),(#10056,#10057)),.UNSPECIFIED.,.F.,.F.,
 .F.,(4,1,4),(2,2),(0.,0.0207829016878365,0.0461993375419814),(-0.04,0.),
 .UNSPECIFIED.);
#104=B_SPLINE_SURFACE_WITH_KNOTS('',3,1,((#10065,#10066),(#10067,#10068),
(#10069,#10070),(#10071,#10072),(#10073,#10074)),.UNSPECIFIED.,.F.,.F.,
 .F.,(4,1,4),(2,2),(0.,0.018387899190619,0.0368669389820861),(-0.04,0.),
 .UNSPECIFIED.);
#105=B_SPLINE_SURFACE_WITH_KNOTS('',3,1,((#10082,#10083),(#10084,#10085),
(#10086,#10087),(#10088,#10089),(#10090,#10091)),.UNSPECIFIED.,.F.,.F.,
 .F.,(4,1,4),(2,2),(0.,0.0122082103953132,0.0245706190045771),(-0.04,0.),
 .UNSPECIFIED.);
#106=B_SPLINE_SURFACE_WITH_KNOTS('',3,1,((#10099,#10100),(#10101,#10102),
(#10103,#10104),(#10105,#10106),(#10107,#10108)),.UNSPECIFIED.,.F.,.F.,
 .F.,(4,1,4),(2,2),(0.,0.0129911732504478,0.0253828800431633),(-0.04,0.),
 .UNSPECIFIED.);
#107=B_SPLINE_SURFACE_WITH_KNOTS('',3,1,((#10116,#10117),(#10118,#10119),
(#10120,#10121),(#10122,#10123),(#10124,#10125)),.UNSPECIFIED.,.F.,.F.,
 .F.,(4,1,4),(2,2),(0.,0.0262654692383923,0.0440239838301057),(-0.04,0.),
 .UNSPECIFIED.);
#108=B_SPLINE_SURFACE_WITH_KNOTS('',3,1,((#10133,#10134),(#10135,#10136),
(#10137,#10138),(#10139,#10140),(#10141,#10142)),.UNSPECIFIED.,.F.,.F.,
 .F.,(4,1,4),(2,2),(0.,0.0349156652638041,0.0824679818184354),(-0.04,0.),
 .UNSPECIFIED.);
#109=B_SPLINE_SURFACE_WITH_KNOTS('',3,1,((#10233,#10234),(#10235,#10236),
(#10237,#10238),(#10239,#10240),(#10241,#10242)),.UNSPECIFIED.,.F.,.F.,
 .F.,(4,1,4),(2,2),(0.,0.0204051936803876,0.0424160497988744),(-0.04,0.),
 .UNSPECIFIED.);
#110=B_SPLINE_SURFACE_WITH_KNOTS('',3,1,((#10252,#10253),(#10254,#10255),
(#10256,#10257),(#10258,#10259),(#10260,#10261)),.UNSPECIFIED.,.F.,.F.,
 .F.,(4,1,4),(2,2),(0.,0.02530385633669,0.0469111608656435),(-0.04,0.),
 .UNSPECIFIED.);
#111=B_SPLINE_SURFACE_WITH_KNOTS('',3,1,((#10269,#10270),(#10271,#10272),
(#10273,#10274),(#10275,#10276),(#10277,#10278)),.UNSPECIFIED.,.F.,.F.,
 .F.,(4,1,4),(2,2),(0.,0.0432838345379003,0.0713306421102311),(-0.04,0.),
 .UNSPECIFIED.);
#112=B_SPLINE_SURFACE_WITH_KNOTS('',3,1,((#10298,#10299),(#10300,#10301),
(#10302,#10303),(#10304,#10305),(#10306,#10307)),.UNSPECIFIED.,.F.,.F.,
 .F.,(4,1,4),(2,2),(0.,0.0346878293082655,0.069071684132192),(-0.04,0.),
 .UNSPECIFIED.);
#113=B_SPLINE_SURFACE_WITH_KNOTS('',3,1,((#10315,#10316),(#10317,#10318),
(#10319,#10320),(#10321,#10322),(#10323,#10324)),.UNSPECIFIED.,.F.,.F.,
 .F.,(4,1,4),(2,2),(0.,0.0345784946842402,0.0703522312602921),(-0.04,0.),
 .UNSPECIFIED.);
#114=B_SPLINE_SURFACE_WITH_KNOTS('',3,1,((#10344,#10345),(#10346,#10347),
(#10348,#10349),(#10350,#10351),(#10352,#10353)),.UNSPECIFIED.,.F.,.F.,
 .F.,(4,1,4),(2,2),(0.,0.00535027900994076,0.0127751869194619),(-0.04,0.),
 .UNSPECIFIED.);
#115=B_SPLINE_SURFACE_WITH_KNOTS('',3,1,((#10361,#10362),(#10363,#10364),
(#10365,#10366),(#10367,#10368),(#10369,#10370)),.UNSPECIFIED.,.F.,.F.,
 .F.,(4,1,4),(2,2),(0.,0.0141883824274874,0.0395526234597837),(-0.04,0.),
 .UNSPECIFIED.);
#116=B_SPLINE_SURFACE_WITH_KNOTS('',3,1,((#10378,#10379),(#10380,#10381),
(#10382,#10383),(#10384,#10385),(#10386,#10387)),.UNSPECIFIED.,.F.,.F.,
 .F.,(4,1,4),(2,2),(0.,0.0110785017058951,0.022371582063201),(-0.04,0.),
 .UNSPECIFIED.);
#117=B_SPLINE_SURFACE_WITH_KNOTS('',3,1,((#10395,#10396),(#10397,#10398),
(#10399,#10400),(#10401,#10402),(#10403,#10404)),.UNSPECIFIED.,.F.,.F.,
 .F.,(4,1,4),(2,2),(0.,0.0147969391956925,0.0269656607082923),(-0.04,0.),
 .UNSPECIFIED.);
#118=B_SPLINE_SURFACE_WITH_KNOTS('',3,1,((#10412,#10413),(#10414,#10415),
(#10416,#10417),(#10418,#10419),(#10420,#10421)),.UNSPECIFIED.,.F.,.F.,
 .F.,(4,1,4),(2,2),(0.,0.0154265571520877,0.0285008136032088),(-0.04,0.),
 .UNSPECIFIED.);
#119=B_SPLINE_SURFACE_WITH_KNOTS('',3,1,((#10433,#10434),(#10435,#10436),
(#10437,#10438),(#10439,#10440),(#10441,#10442)),.UNSPECIFIED.,.F.,.F.,
 .F.,(4,1,4),(2,2),(0.,0.0150816266886842,0.0323237639118285),(-0.04,0.),
 .UNSPECIFIED.);
#120=B_SPLINE_SURFACE_WITH_KNOTS('',3,1,((#10557,#10558),(#10559,#10560),
(#10561,#10562),(#10563,#10564),(#10565,#10566)),.UNSPECIFIED.,.F.,.F.,
 .F.,(4,1,4),(2,2),(0.,0.0252842313073017,0.0488957005277087),(-0.04,0.),
 .UNSPECIFIED.);
#121=B_SPLINE_SURFACE_WITH_KNOTS('',3,1,((#10576,#10577),(#10578,#10579),
(#10580,#10581),(#10582,#10583),(#10584,#10585)),.UNSPECIFIED.,.F.,.F.,
 .F.,(4,1,4),(2,2),(0.,0.0332666482840325,0.0671536179189188),(-0.04,0.),
 .UNSPECIFIED.);
#122=B_SPLINE_SURFACE_WITH_KNOTS('',3,1,((#10593,#10594),(#10595,#10596),
(#10597,#10598),(#10599,#10600),(#10601,#10602)),.UNSPECIFIED.,.F.,.F.,
 .F.,(4,1,4),(2,2),(0.,0.0429299418037572,0.0792076517842158),(-0.04,0.),
 .UNSPECIFIED.);
#123=B_SPLINE_SURFACE_WITH_KNOTS('',3,1,((#10614,#10615),(#10616,#10617),
(#10618,#10619),(#10620,#10621),(#10622,#10623)),.UNSPECIFIED.,.F.,.F.,
 .F.,(4,1,4),(2,2),(0.,0.00545746964608266,0.0131000363715094),(-0.04,0.),
 .UNSPECIFIED.);
#124=B_SPLINE_SURFACE_WITH_KNOTS('',3,1,((#10631,#10632),(#10633,#10634),
(#10635,#10636),(#10637,#10638),(#10639,#10640)),.UNSPECIFIED.,.F.,.F.,
 .F.,(4,1,4),(2,2),(0.,0.0550469421641391,0.11941978680549),(-0.04,0.),
 .UNSPECIFIED.);
#125=B_SPLINE_SURFACE_WITH_KNOTS('',3,1,((#10648,#10649),(#10650,#10651),
(#10652,#10653),(#10654,#10655),(#10656,#10657)),.UNSPECIFIED.,.F.,.F.,
 .F.,(4,1,4),(2,2),(0.,0.0537152007973912,0.105266624683932),(-0.04,0.),
 .UNSPECIFIED.);
#126=B_SPLINE_SURFACE_WITH_KNOTS('',3,1,((#10665,#10666),(#10667,#10668),
(#10669,#10670),(#10671,#10672),(#10673,#10674)),.UNSPECIFIED.,.F.,.F.,
 .F.,(4,1,4),(2,2),(0.,0.0527974734134886,0.108159557062982),(-0.04,0.),
 .UNSPECIFIED.);
#127=B_SPLINE_SURFACE_WITH_KNOTS('',3,1,((#10682,#10683),(#10684,#10685),
(#10686,#10687),(#10688,#10689),(#10690,#10691)),.UNSPECIFIED.,.F.,.F.,
 .F.,(4,1,4),(2,2),(0.,0.0656173282993632,0.121798354371619),(-0.04,0.),
 .UNSPECIFIED.);
#128=B_SPLINE_SURFACE_WITH_KNOTS('',3,1,((#10699,#10700),(#10701,#10702),
(#10703,#10704),(#10705,#10706),(#10707,#10708)),.UNSPECIFIED.,.F.,.F.,
 .F.,(4,1,4),(2,2),(0.,0.0547022688086526,0.118178769528921),(-0.04,0.),
 .UNSPECIFIED.);
#129=B_SPLINE_SURFACE_WITH_KNOTS('',3,1,((#10716,#10717),(#10718,#10719),
(#10720,#10721),(#10722,#10723),(#10724,#10725)),.UNSPECIFIED.,.F.,.F.,
 .F.,(4,1,4),(2,2),(0.,0.057826309167802,0.110581590721772),(-0.04,0.),
 .UNSPECIFIED.);
#130=B_SPLINE_SURFACE_WITH_KNOTS('',3,1,((#10733,#10734),(#10735,#10736),
(#10737,#10738),(#10739,#10740),(#10741,#10742)),.UNSPECIFIED.,.F.,.F.,
 .F.,(4,1,4),(2,2),(0.,0.0413048349477207,0.0876883554595969),(-0.04,0.),
 .UNSPECIFIED.);
#131=B_SPLINE_SURFACE_WITH_KNOTS('',3,1,((#10750,#10751),(#10752,#10753),
(#10754,#10755),(#10756,#10757),(#10758,#10759)),.UNSPECIFIED.,.F.,.F.,
 .F.,(4,1,4),(2,2),(0.,0.043046652902269,0.0833031887253784),(-0.04,0.),
 .UNSPECIFIED.);
#132=B_SPLINE_SURFACE_WITH_KNOTS('',3,1,((#10771,#10772),(#10773,#10774),
(#10775,#10776),(#10777,#10778),(#10779,#10780)),.UNSPECIFIED.,.F.,.F.,
 .F.,(4,1,4),(2,2),(0.,0.0251465698498555,0.0550736253697104),(-0.04,0.),
 .UNSPECIFIED.);
#133=B_SPLINE_SURFACE_WITH_KNOTS('',3,1,((#10786,#10787),(#10788,#10789),
(#10790,#10791),(#10792,#10793),(#10794,#10795)),.UNSPECIFIED.,.F.,.F.,
 .F.,(4,1,4),(2,2),(0.,0.0316497599369062,0.062497240995914),(-0.04,0.),
 .UNSPECIFIED.);
#134=B_SPLINE_SURFACE_WITH_KNOTS('',3,1,((#10805,#10806),(#10807,#10808),
(#10809,#10810),(#10811,#10812),(#10813,#10814)),.UNSPECIFIED.,.F.,.F.,
 .F.,(4,1,4),(2,2),(0.,0.0343354351531909,0.0689714218291539),(-0.04,0.),
 .UNSPECIFIED.);
#135=B_SPLINE_SURFACE_WITH_KNOTS('',3,1,((#10822,#10823),(#10824,#10825),
(#10826,#10827),(#10828,#10829),(#10830,#10831)),.UNSPECIFIED.,.F.,.F.,
 .F.,(4,1,4),(2,2),(0.,0.032601529304777,0.05854258712206),(-0.04,0.),
 .UNSPECIFIED.);
#136=B_SPLINE_SURFACE_WITH_KNOTS('',3,1,((#10843,#10844),(#10845,#10846),
(#10847,#10848),(#10849,#10850),(#10851,#10852)),.UNSPECIFIED.,.F.,.F.,
 .F.,(4,1,4),(2,2),(0.,0.0319546328390037,0.0668988291643964),(-0.04,0.),
 .UNSPECIFIED.);
#137=B_SPLINE_SURFACE_WITH_KNOTS('',3,1,((#11139,#11140),(#11141,#11142),
(#11143,#11144),(#11145,#11146),(#11147,#11148)),.UNSPECIFIED.,.F.,.F.,
 .F.,(4,1,4),(2,2),(0.,0.0281003815000531,0.0580475941934804),(-0.04,0.),
 .UNSPECIFIED.);
#138=B_SPLINE_SURFACE_WITH_KNOTS('',3,1,((#11156,#11157),(#11158,#11159),
(#11160,#11161),(#11162,#11163),(#11164,#11165)),.UNSPECIFIED.,.F.,.F.,
 .F.,(4,1,4),(2,2),(0.,0.0159465369155964,0.0329106998090396),(-0.04,0.),
 .UNSPECIFIED.);
#139=B_SPLINE_SURFACE_WITH_KNOTS('',3,1,((#11173,#11174),(#11175,#11176),
(#11177,#11178),(#11179,#11180),(#11181,#11182)),.UNSPECIFIED.,.F.,.F.,
 .F.,(4,1,4),(2,2),(0.,0.0154704610940698,0.030926678010697),(-0.04,0.),
 .UNSPECIFIED.);
#140=B_SPLINE_SURFACE_WITH_KNOTS('',3,1,((#11190,#11191),(#11192,#11193),
(#11194,#11195),(#11196,#11197),(#11198,#11199)),.UNSPECIFIED.,.F.,.F.,
 .F.,(4,1,4),(2,2),(0.,0.0196974851026167,0.0379010383133733),(-0.04,0.),
 .UNSPECIFIED.);
#141=B_SPLINE_SURFACE_WITH_KNOTS('',3,1,((#11211,#11212),(#11213,#11214),
(#11215,#11216),(#11217,#11218),(#11219,#11220)),.UNSPECIFIED.,.F.,.F.,
 .F.,(4,1,4),(2,2),(0.,0.0253448873990325,0.0534204370521864),(-0.04,0.),
 .UNSPECIFIED.);
#142=B_SPLINE_SURFACE_WITH_KNOTS('',3,1,((#11228,#11229),(#11230,#11231),
(#11232,#11233),(#11234,#11235),(#11236,#11237)),.UNSPECIFIED.,.F.,.F.,
 .F.,(4,1,4),(2,2),(0.,0.0167481454008164,0.0334035813126892),(-0.04,0.),
 .UNSPECIFIED.);
#143=B_SPLINE_SURFACE_WITH_KNOTS('',3,1,((#11245,#11246),(#11247,#11248),
(#11249,#11250),(#11251,#11252),(#11253,#11254)),.UNSPECIFIED.,.F.,.F.,
 .F.,(4,1,4),(2,2),(0.,0.03031498421676,0.0515620714301756),(-0.04,0.),
 .UNSPECIFIED.);
#144=B_SPLINE_SURFACE_WITH_KNOTS('',3,1,((#11349,#11350),(#11351,#11352),
(#11353,#11354),(#11355,#11356),(#11357,#11358)),.UNSPECIFIED.,.F.,.F.,
 .F.,(4,1,4),(2,2),(0.,0.00760848248082759,0.0173012695379842),(-0.04,0.),
 .UNSPECIFIED.);
#145=B_SPLINE_SURFACE_WITH_KNOTS('',3,1,((#11368,#11369),(#11370,#11371),
(#11372,#11373),(#11374,#11375),(#11376,#11377)),.UNSPECIFIED.,.F.,.F.,
 .F.,(4,1,4),(2,2),(0.,0.00637742684863963,0.0129191076407237),(-0.04,0.),
 .UNSPECIFIED.);
#146=B_SPLINE_SURFACE_WITH_KNOTS('',3,1,((#11385,#11386),(#11387,#11388),
(#11389,#11390),(#11391,#11392),(#11393,#11394)),.UNSPECIFIED.,.F.,.F.,
 .F.,(4,1,4),(2,2),(0.,0.0172700015721698,0.0272162614467352),(-0.04,0.),
 .UNSPECIFIED.);
#147=B_SPLINE_SURFACE_WITH_KNOTS('',3,1,((#11446,#11447),(#11448,#11449),
(#11450,#11451),(#11452,#11453),(#11454,#11455)),.UNSPECIFIED.,.F.,.F.,
 .F.,(4,1,4),(2,2),(0.,0.0218534804173184,0.0584804147265022),(-0.04,0.),
 .UNSPECIFIED.);
#148=B_SPLINE_SURFACE_WITH_KNOTS('',3,1,((#11463,#11464),(#11465,#11466),
(#11467,#11468),(#11469,#11470),(#11471,#11472)),.UNSPECIFIED.,.F.,.F.,
 .F.,(4,1,4),(2,2),(0.,0.0159169062876492,0.0308157833939318),(-0.04,0.),
 .UNSPECIFIED.);
#149=B_SPLINE_SURFACE_WITH_KNOTS('',3,1,((#11480,#11481),(#11482,#11483),
(#11484,#11485),(#11486,#11487),(#11488,#11489)),.UNSPECIFIED.,.F.,.F.,
 .F.,(4,1,4),(2,2),(0.,0.0238320843668957,0.0426678290715233),(-0.04,0.),
 .UNSPECIFIED.);
#150=B_SPLINE_SURFACE_WITH_KNOTS('',3,1,((#11497,#11498),(#11499,#11500),
(#11501,#11502),(#11503,#11504),(#11505,#11506)),.UNSPECIFIED.,.F.,.F.,
 .F.,(4,1,4),(2,2),(0.,0.0199162541454021,0.0374128202515536),(-0.04,0.),
 .UNSPECIFIED.);
#151=B_SPLINE_SURFACE_WITH_KNOTS('',3,1,((#11518,#11519),(#11520,#11521),
(#11522,#11523),(#11524,#11525),(#11526,#11527)),.UNSPECIFIED.,.F.,.F.,
 .F.,(4,1,4),(2,2),(0.,0.00949362449762673,0.0216519418990923),(-0.04,0.),
 .UNSPECIFIED.);
#152=B_SPLINE_SURFACE_WITH_KNOTS('',3,1,((#11606,#11607),(#11608,#11609),
(#11610,#11611),(#11612,#11613),(#11614,#11615)),.UNSPECIFIED.,.F.,.F.,
 .F.,(4,1,4),(2,2),(0.,0.00760848248082759,0.0173012695379842),(-0.04,0.),
 .UNSPECIFIED.);
#153=B_SPLINE_SURFACE_WITH_KNOTS('',3,1,((#11625,#11626),(#11627,#11628),
(#11629,#11630),(#11631,#11632),(#11633,#11634)),.UNSPECIFIED.,.F.,.F.,
 .F.,(4,1,4),(2,2),(0.,0.00637739497237261,0.0129191217571291),(-0.04,0.),
 .UNSPECIFIED.);
#154=B_SPLINE_SURFACE_WITH_KNOTS('',3,1,((#11642,#11643),(#11644,#11645),
(#11646,#11647),(#11648,#11649),(#11650,#11651)),.UNSPECIFIED.,.F.,.F.,
 .F.,(4,1,4),(2,2),(0.,0.0172700015721698,0.0272162614467352),(-0.04,0.),
 .UNSPECIFIED.);
#155=B_SPLINE_SURFACE_WITH_KNOTS('',3,1,((#11703,#11704),(#11705,#11706),
(#11707,#11708),(#11709,#11710),(#11711,#11712)),.UNSPECIFIED.,.F.,.F.,
 .F.,(4,1,4),(2,2),(0.,0.0218534804173184,0.0584804171686516),(-0.04,0.),
 .UNSPECIFIED.);
#156=B_SPLINE_SURFACE_WITH_KNOTS('',3,1,((#11720,#11721),(#11722,#11723),
(#11724,#11725),(#11726,#11727),(#11728,#11729)),.UNSPECIFIED.,.F.,.F.,
 .F.,(4,1,4),(2,2),(0.,0.0159169062876492,0.0308157506467336),(-0.04,0.),
 .UNSPECIFIED.);
#157=B_SPLINE_SURFACE_WITH_KNOTS('',3,1,((#11737,#11738),(#11739,#11740),
(#11741,#11742),(#11743,#11744),(#11745,#11746)),.UNSPECIFIED.,.F.,.F.,
 .F.,(4,1,4),(2,2),(0.,0.0238320249973432,0.0426678258243393),(-0.04,0.),
 .UNSPECIFIED.);
#158=B_SPLINE_SURFACE_WITH_KNOTS('',3,1,((#11754,#11755),(#11756,#11757),
(#11758,#11759),(#11760,#11761),(#11762,#11763)),.UNSPECIFIED.,.F.,.F.,
 .F.,(4,1,4),(2,2),(0.,0.0199162541454021,0.0374128202515536),(-0.04,0.),
 .UNSPECIFIED.);
#159=B_SPLINE_SURFACE_WITH_KNOTS('',3,1,((#11775,#11776),(#11777,#11778),
(#11779,#11780),(#11781,#11782),(#11783,#11784)),.UNSPECIFIED.,.F.,.F.,
 .F.,(4,1,4),(2,2),(0.,0.0094935649684212,0.0216519415593938),(-0.04,0.),
 .UNSPECIFIED.);
#160=B_SPLINE_SURFACE_WITH_KNOTS('',3,1,((#11953,#11954),(#11955,#11956),
(#11957,#11958),(#11959,#11960),(#11961,#11962)),.UNSPECIFIED.,.F.,.F.,
 .F.,(4,1,4),(2,2),(0.,0.0297232968566331,0.0649948285158973),(-0.04,0.),
 .UNSPECIFIED.);
#161=B_SPLINE_SURFACE_WITH_KNOTS('',3,1,((#11972,#11973),(#11974,#11975),
(#11976,#11977),(#11978,#11979),(#11980,#11981)),.UNSPECIFIED.,.F.,.F.,
 .F.,(4,1,4),(2,2),(0.,0.0227901011195797,0.0482878784458627),(-0.04,0.),
 .UNSPECIFIED.);
#162=B_SPLINE_SURFACE_WITH_KNOTS('',3,1,((#11989,#11990),(#11991,#11992),
(#11993,#11994),(#11995,#11996),(#11997,#11998)),.UNSPECIFIED.,.F.,.F.,
 .F.,(4,1,4),(2,2),(0.,0.0251660470947067,0.0477398992519641),(-0.04,0.),
 .UNSPECIFIED.);
#163=B_SPLINE_SURFACE_WITH_KNOTS('',3,1,((#12006,#12007),(#12008,#12009),
(#12010,#12011),(#12012,#12013),(#12014,#12015)),.UNSPECIFIED.,.F.,.F.,
 .F.,(4,1,4),(2,2),(0.,0.0272764740015207,0.0539425716460362),(-0.04,0.),
 .UNSPECIFIED.);
#164=B_SPLINE_SURFACE_WITH_KNOTS('',3,1,((#12023,#12024),(#12025,#12026),
(#12027,#12028),(#12029,#12030),(#12031,#12032)),.UNSPECIFIED.,.F.,.F.,
 .F.,(4,1,4),(2,2),(0.,0.0315634492014097,0.0645319385300329),(-0.04,0.),
 .UNSPECIFIED.);
#165=B_SPLINE_SURFACE_WITH_KNOTS('',3,1,((#12040,#12041),(#12042,#12043),
(#12044,#12045),(#12046,#12047),(#12048,#12049)),.UNSPECIFIED.,.F.,.F.,
 .F.,(4,1,4),(2,2),(0.,0.0351736786611132,0.0674433026313272),(-0.04,0.),
 .UNSPECIFIED.);
#166=B_SPLINE_SURFACE_WITH_KNOTS('',3,1,((#12057,#12058),(#12059,#12060),
(#12061,#12062),(#12063,#12064),(#12065,#12066)),.UNSPECIFIED.,.F.,.F.,
 .F.,(4,1,4),(2,2),(0.,0.0269018205713325,0.0562647471156648),(-0.04,0.),
 .UNSPECIFIED.);
#167=B_SPLINE_SURFACE_WITH_KNOTS('',3,1,((#12074,#12075),(#12076,#12077),
(#12078,#12079),(#12080,#12081),(#12082,#12083)),.UNSPECIFIED.,.F.,.F.,
 .F.,(4,1,4),(2,2),(0.,0.0251395588625912,0.0507587080654077),(-0.04,0.),
 .UNSPECIFIED.);
#168=B_SPLINE_SURFACE_WITH_KNOTS('',3,1,((#12091,#12092),(#12093,#12094),
(#12095,#12096),(#12097,#12098),(#12099,#12100)),.UNSPECIFIED.,.F.,.F.,
 .F.,(4,1,4),(2,2),(0.,0.0283734459538774,0.0556352364937025),(-0.04,0.),
 .UNSPECIFIED.);
#169=B_SPLINE_SURFACE_WITH_KNOTS('',3,1,((#12108,#12109),(#12110,#12111),
(#12112,#12113),(#12114,#12115),(#12116,#12117)),.UNSPECIFIED.,.F.,.F.,
 .F.,(4,1,4),(2,2),(0.,0.0291101783496174,0.0579505803052718),(-0.04,0.),
 .UNSPECIFIED.);
#170=B_SPLINE_SURFACE_WITH_KNOTS('',3,1,((#12125,#12126),(#12127,#12128),
(#12129,#12130),(#12131,#12132),(#12133,#12134)),.UNSPECIFIED.,.F.,.F.,
 .F.,(4,1,4),(2,2),(0.,0.0414142524924576,0.0749066010372876),(-0.04,0.),
 .UNSPECIFIED.);
#171=B_SPLINE_SURFACE_WITH_KNOTS('',3,1,((#12158,#12159),(#12160,#12161),
(#12162,#12163),(#12164,#12165),(#12166,#12167)),.UNSPECIFIED.,.F.,.F.,
 .F.,(4,1,4),(2,2),(0.,0.025297163533192,0.0590697744185449),(-0.04,0.),
 .UNSPECIFIED.);
#172=B_SPLINE_SURFACE_WITH_KNOTS('',3,1,((#12175,#12176),(#12177,#12178),
(#12179,#12180),(#12181,#12182),(#12183,#12184)),.UNSPECIFIED.,.F.,.F.,
 .F.,(4,1,4),(2,2),(0.,0.0196088247250779,0.0398952826505595),(-0.04,0.),
 .UNSPECIFIED.);
#173=B_SPLINE_SURFACE_WITH_KNOTS('',3,1,((#12192,#12193),(#12194,#12195),
(#12196,#12197),(#12198,#12199),(#12200,#12201)),.UNSPECIFIED.,.F.,.F.,
 .F.,(4,1,4),(2,2),(0.,0.0211026014980741,0.0410259114386691),(-0.04,0.),
 .UNSPECIFIED.);
#174=B_SPLINE_SURFACE_WITH_KNOTS('',3,1,((#12209,#12210),(#12211,#12212),
(#12213,#12214),(#12215,#12216),(#12217,#12218)),.UNSPECIFIED.,.F.,.F.,
 .F.,(4,1,4),(2,2),(0.,0.0168057434516511,0.0348883488042962),(-0.04,0.),
 .UNSPECIFIED.);
#175=B_SPLINE_SURFACE_WITH_KNOTS('',3,1,((#12226,#12227),(#12228,#12229),
(#12230,#12231),(#12232,#12233),(#12234,#12235)),.UNSPECIFIED.,.F.,.F.,
 .F.,(4,1,4),(2,2),(0.,0.0145985390989042,0.0302958282207093),(-0.04,0.),
 .UNSPECIFIED.);
#176=B_SPLINE_SURFACE_WITH_KNOTS('',3,1,((#12243,#12244),(#12245,#12246),
(#12247,#12248),(#12249,#12250),(#12251,#12252)),.UNSPECIFIED.,.F.,.F.,
 .F.,(4,1,4),(2,2),(0.,0.0173389283704067,0.0325948393602666),(-0.04,0.),
 .UNSPECIFIED.);
#177=B_SPLINE_SURFACE_WITH_KNOTS('',3,1,((#12260,#12261),(#12262,#12263),
(#12264,#12265),(#12266,#12267),(#12268,#12269)),.UNSPECIFIED.,.F.,.F.,
 .F.,(4,1,4),(2,2),(0.,0.0218333220723506,0.0360937265048119),(-0.04,0.),
 .UNSPECIFIED.);
#178=B_SPLINE_SURFACE_WITH_KNOTS('',3,1,((#12289,#12290),(#12291,#12292),
(#12293,#12294),(#12295,#12296),(#12297,#12298)),.UNSPECIFIED.,.F.,.F.,
 .F.,(4,1,4),(2,2),(0.,0.0244418517184124,0.0612351425107669),(-0.04,0.),
 .UNSPECIFIED.);
#179=B_SPLINE_SURFACE_WITH_KNOTS('',3,1,((#12306,#12307),(#12308,#12309),
(#12310,#12311),(#12312,#12313),(#12314,#12315)),.UNSPECIFIED.,.F.,.F.,
 .F.,(4,1,4),(2,2),(0.,0.0172389549841528,0.0348411859337489),(-0.04,0.),
 .UNSPECIFIED.);
#180=B_SPLINE_SURFACE_WITH_KNOTS('',3,1,((#12323,#12324),(#12325,#12326),
(#12327,#12328),(#12329,#12330),(#12331,#12332)),.UNSPECIFIED.,.F.,.F.,
 .F.,(4,1,4),(2,2),(0.,0.0188760016093148,0.0367140463615046),(-0.04,0.),
 .UNSPECIFIED.);
#181=B_SPLINE_SURFACE_WITH_KNOTS('',3,1,((#12340,#12341),(#12342,#12343),
(#12344,#12345),(#12346,#12347),(#12348,#12349)),.UNSPECIFIED.,.F.,.F.,
 .F.,(4,1,4),(2,2),(0.,0.0174651759077689,0.0368705092467637),(-0.04,0.),
 .UNSPECIFIED.);
#182=B_SPLINE_SURFACE_WITH_KNOTS('',3,1,((#12357,#12358),(#12359,#12360),
(#12361,#12362),(#12363,#12364),(#12365,#12366)),.UNSPECIFIED.,.F.,.F.,
 .F.,(4,1,4),(2,2),(0.,0.0194172175162264,0.0368625471362066),(-0.04,0.),
 .UNSPECIFIED.);
#183=B_SPLINE_SURFACE_WITH_KNOTS('',3,1,((#12374,#12375),(#12376,#12377),
(#12378,#12379),(#12380,#12381),(#12382,#12383)),.UNSPECIFIED.,.F.,.F.,
 .F.,(4,1,4),(2,2),(0.,0.0302405297487721,0.0507962560855337),(-0.04,0.),
 .UNSPECIFIED.);
#184=B_SPLINE_SURFACE_WITH_KNOTS('',3,1,((#12476,#12477),(#12478,#12479),
(#12480,#12481),(#12482,#12483),(#12484,#12485)),.UNSPECIFIED.,.F.,.F.,
 .F.,(4,1,4),(2,2),(0.,0.0429262846110085,0.106327739766),(-0.04,0.),
 .UNSPECIFIED.);
#185=B_SPLINE_SURFACE_WITH_KNOTS('',3,1,((#12495,#12496),(#12497,#12498),
(#12499,#12500),(#12501,#12502),(#12503,#12504)),.UNSPECIFIED.,.F.,.F.,
 .F.,(4,1,4),(2,2),(0.,0.050435853472276,0.0891342582233205),(-0.04,0.),
 .UNSPECIFIED.);
#186=B_SPLINE_SURFACE_WITH_KNOTS('',3,1,((#12512,#12513),(#12514,#12515),
(#12516,#12517),(#12518,#12519),(#12520,#12521)),.UNSPECIFIED.,.F.,.F.,
 .F.,(4,1,4),(2,2),(0.,0.0280793202287569,0.0597364604940591),(-0.04,0.),
 .UNSPECIFIED.);
#187=B_SPLINE_SURFACE_WITH_KNOTS('',3,1,((#12529,#12530),(#12531,#12532),
(#12533,#12534),(#12535,#12536),(#12537,#12538)),.UNSPECIFIED.,.F.,.F.,
 .F.,(4,1,4),(2,2),(0.,0.0255200880398839,0.0513538509689452),(-0.04,0.),
 .UNSPECIFIED.);
#188=B_SPLINE_SURFACE_WITH_KNOTS('',3,1,((#12546,#12547),(#12548,#12549),
(#12550,#12551),(#12552,#12553),(#12554,#12555)),.UNSPECIFIED.,.F.,.F.,
 .F.,(4,1,4),(2,2),(0.,0.0453239429555718,0.0776979711094574),(-0.04,0.),
 .UNSPECIFIED.);
#189=B_SPLINE_SURFACE_WITH_KNOTS('',3,1,((#12575,#12576),(#12577,#12578),
(#12579,#12580),(#12581,#12582),(#12583,#12584)),.UNSPECIFIED.,.F.,.F.,
 .F.,(4,1,4),(2,2),(0.,0.0449043602555942,0.101887917541291),(-0.04,0.),
 .UNSPECIFIED.);
#190=B_SPLINE_SURFACE_WITH_KNOTS('',3,1,((#12592,#12593),(#12594,#12595),
(#12596,#12597),(#12598,#12599),(#12600,#12601)),.UNSPECIFIED.,.F.,.F.,
 .F.,(4,1,4),(2,2),(0.,0.0387288126491595,0.0769859235066742),(-0.04,0.),
 .UNSPECIFIED.);
#191=B_SPLINE_SURFACE_WITH_KNOTS('',3,1,((#12609,#12610),(#12611,#12612),
(#12613,#12614),(#12615,#12616),(#12617,#12618)),.UNSPECIFIED.,.F.,.F.,
 .F.,(4,1,4),(2,2),(0.,0.0513204662188,0.0946863123399393),(-0.04,0.),
 .UNSPECIFIED.);
#192=B_SPLINE_SURFACE_WITH_KNOTS('',3,1,((#12626,#12627),(#12628,#12629),
(#12630,#12631),(#12632,#12633),(#12634,#12635)),.UNSPECIFIED.,.F.,.F.,
 .F.,(4,1,4),(2,2),(0.,0.0444165665817567,0.0969964833752525),(-0.04,0.),
 .UNSPECIFIED.);
#193=B_SPLINE_SURFACE_WITH_KNOTS('',3,1,((#12643,#12644),(#12645,#12646),
(#12647,#12648),(#12649,#12650),(#12651,#12652)),.UNSPECIFIED.,.F.,.F.,
 .F.,(4,1,4),(2,2),(0.,0.0374234418037372,0.0769146406897171),(-0.04,0.),
 .UNSPECIFIED.);
#194=B_SPLINE_SURFACE_WITH_KNOTS('',3,1,((#12660,#12661),(#12662,#12663),
(#12664,#12665),(#12666,#12667),(#12668,#12669)),.UNSPECIFIED.,.F.,.F.,
 .F.,(4,1,4),(2,2),(0.,0.0542001813366498,0.0971158095607871),(-0.04,0.),
 .UNSPECIFIED.);
#195=B_SPLINE_SURFACE_WITH_KNOTS('',3,1,((#12812,#12813),(#12814,#12815),
(#12816,#12817),(#12818,#12819),(#12820,#12821)),.UNSPECIFIED.,.F.,.F.,
 .F.,(4,1,4),(2,2),(0.,0.0415616145242632,0.0808375463217818),(-0.04,0.),
 .UNSPECIFIED.);
#196=B_SPLINE_SURFACE_WITH_KNOTS('',3,1,((#12831,#12832),(#12833,#12834),
(#12835,#12836),(#12837,#12838),(#12839,#12840)),.UNSPECIFIED.,.F.,.F.,
 .F.,(4,1,4),(2,2),(0.,0.0355944345343941,0.0711731717945602),(-0.04,0.),
 .UNSPECIFIED.);
#197=B_SPLINE_SURFACE_WITH_KNOTS('',3,1,((#12848,#12849),(#12850,#12851),
(#12852,#12853),(#12854,#12855),(#12856,#12857)),.UNSPECIFIED.,.F.,.F.,
 .F.,(4,1,4),(2,2),(0.,0.038297654563303,0.0743706959948708),(-0.04,0.),
 .UNSPECIFIED.);
#198=B_SPLINE_SURFACE_WITH_KNOTS('',3,1,((#12865,#12866),(#12867,#12868),
(#12869,#12870),(#12871,#12872),(#12873,#12874)),.UNSPECIFIED.,.F.,.F.,
 .F.,(4,1,4),(2,2),(0.,0.0479275106347513,0.0907096011929624),(-0.04,0.),
 .UNSPECIFIED.);
#199=B_SPLINE_SURFACE_WITH_KNOTS('',3,1,((#12882,#12883),(#12884,#12885),
(#12886,#12887),(#12888,#12889),(#12890,#12891)),.UNSPECIFIED.,.F.,.F.,
 .F.,(4,1,4),(2,2),(0.,0.0389777722766242,0.0780874649372483),(-0.04,0.),
 .UNSPECIFIED.);
#200=B_SPLINE_SURFACE_WITH_KNOTS('',3,1,((#12899,#12900),(#12901,#12902),
(#12903,#12904),(#12905,#12906),(#12907,#12908)),.UNSPECIFIED.,.F.,.F.,
 .F.,(4,1,4),(2,2),(0.,0.0369486506111258,0.07454885622348),(-0.04,0.),
 .UNSPECIFIED.);
#201=B_SPLINE_SURFACE_WITH_KNOTS('',3,1,((#12916,#12917),(#12918,#12919),
(#12920,#12921),(#12922,#12923),(#12924,#12925)),.UNSPECIFIED.,.F.,.F.,
 .F.,(4,1,4),(2,2),(0.,0.0426852000878712,0.0811900391069306),(-0.04,0.),
 .UNSPECIFIED.);
#202=B_SPLINE_SURFACE_WITH_KNOTS('',3,1,((#12933,#12934),(#12935,#12936),
(#12937,#12938),(#12939,#12940),(#12941,#12942)),.UNSPECIFIED.,.F.,.F.,
 .F.,(4,1,4),(2,2),(0.,0.0334038225247264,0.070438455470562),(-0.04,0.),
 .UNSPECIFIED.);
#203=B_SPLINE_SURFACE_WITH_KNOTS('',3,1,((#12950,#12951),(#12952,#12953),
(#12954,#12955),(#12956,#12957),(#12958,#12959)),.UNSPECIFIED.,.F.,.F.,
 .F.,(4,1,4),(2,2),(0.,0.0413973489733072,0.0762196454555083),(-0.04,0.),
 .UNSPECIFIED.);
#204=B_SPLINE_SURFACE_WITH_KNOTS('',3,1,((#12971,#12972),(#12973,#12974),
(#12975,#12976),(#12977,#12978),(#12979,#12980)),.UNSPECIFIED.,.F.,.F.,
 .F.,(4,1,4),(2,2),(0.,0.0505696672964897,0.104572952496419),(-0.04,0.),
 .UNSPECIFIED.);
#205=B_SPLINE_SURFACE_WITH_KNOTS('',3,1,((#12988,#12989),(#12990,#12991),
(#12992,#12993),(#12994,#12995),(#12996,#12997)),.UNSPECIFIED.,.F.,.F.,
 .F.,(4,1,4),(2,2),(0.,0.0557779992902066,0.106905680773109),(-0.04,0.),
 .UNSPECIFIED.);
#206=B_SPLINE_SURFACE_WITH_KNOTS('',3,1,((#13005,#13006),(#13007,#13008),
(#13009,#13010),(#13011,#13012),(#13013,#13014)),.UNSPECIFIED.,.F.,.F.,
 .F.,(4,1,4),(2,2),(0.,0.0496997256916764,0.100773911071568),(-0.04,0.),
 .UNSPECIFIED.);
#207=B_SPLINE_SURFACE_WITH_KNOTS('',3,1,((#13022,#13023),(#13024,#13025),
(#13026,#13027),(#13028,#13029),(#13030,#13031)),.UNSPECIFIED.,.F.,.F.,
 .F.,(4,1,4),(2,2),(0.,0.050115576010909,0.0991756735715807),(-0.04,0.),
 .UNSPECIFIED.);
#208=B_SPLINE_SURFACE_WITH_KNOTS('',3,1,((#13039,#13040),(#13041,#13042),
(#13043,#13044),(#13045,#13046),(#13047,#13048)),.UNSPECIFIED.,.F.,.F.,
 .F.,(4,1,4),(2,2),(0.,0.0587962364354876,0.112387671320637),(-0.04,0.),
 .UNSPECIFIED.);
#209=B_SPLINE_SURFACE_WITH_KNOTS('',3,1,((#13056,#13057),(#13058,#13059),
(#13060,#13061),(#13062,#13063),(#13064,#13065)),.UNSPECIFIED.,.F.,.F.,
 .F.,(4,1,4),(2,2),(0.,0.054148162846553,0.109856555476895),(-0.04,0.),
 .UNSPECIFIED.);
#210=B_SPLINE_SURFACE_WITH_KNOTS('',3,1,((#13073,#13074),(#13075,#13076),
(#13077,#13078),(#13079,#13080),(#13081,#13082)),.UNSPECIFIED.,.F.,.F.,
 .F.,(4,1,4),(2,2),(0.,0.0480785125247386,0.099207697722135),(-0.04,0.),
 .UNSPECIFIED.);
#211=B_SPLINE_SURFACE_WITH_KNOTS('',3,1,((#13090,#13091),(#13092,#13093),
(#13094,#13095),(#13096,#13097),(#13098,#13099)),.UNSPECIFIED.,.F.,.F.,
 .F.,(4,1,4),(2,2),(0.,0.0589974061146487,0.109567656022083),(-0.04,0.),
 .UNSPECIFIED.);
#212=B_SPLINE_SURFACE_WITH_KNOTS('',3,1,((#13107,#13108),(#13109,#13110),
(#13111,#13112),(#13113,#13114),(#13115,#13116)),.UNSPECIFIED.,.F.,.F.,
 .F.,(4,1,4),(2,2),(0.,0.0544879772266026,0.112793793475171),(-0.04,0.),
 .UNSPECIFIED.);
#213=B_SPLINE_SURFACE_WITH_KNOTS('',3,1,((#13124,#13125),(#13126,#13127),
(#13128,#13129),(#13130,#13131),(#13132,#13133)),.UNSPECIFIED.,.F.,.F.,
 .F.,(4,1,4),(2,2),(0.,0.0620109702784438,0.117706759837911),(-0.04,0.),
 .UNSPECIFIED.);
#214=B_SPLINE_SURFACE_WITH_KNOTS('',3,1,((#13145,#13146),(#13147,#13148),
(#13149,#13150),(#13151,#13152),(#13153,#13154)),.UNSPECIFIED.,.F.,.F.,
 .F.,(4,1,4),(2,2),(0.,0.0410259181876668,0.0880626470490588),(-0.04,0.),
 .UNSPECIFIED.);
#215=B_SPLINE_SURFACE_WITH_KNOTS('',3,1,((#13329,#13330),(#13331,#13332),
(#13333,#13334),(#13335,#13336),(#13337,#13338)),.UNSPECIFIED.,.F.,.F.,
 .F.,(4,1,4),(2,2),(0.,0.0488266426764865,0.094596644269005),(-0.04,0.),
 .UNSPECIFIED.);
#216=B_SPLINE_SURFACE_WITH_KNOTS('',3,1,((#13348,#13349),(#13350,#13351),
(#13352,#13353),(#13354,#13355),(#13356,#13357)),.UNSPECIFIED.,.F.,.F.,
 .F.,(4,1,4),(2,2),(0.,0.0511531350303861,0.105267199449976),(-0.04,0.),
 .UNSPECIFIED.);
#217=B_SPLINE_SURFACE_WITH_KNOTS('',3,1,((#13365,#13366),(#13367,#13368),
(#13369,#13370),(#13371,#13372),(#13373,#13374)),.UNSPECIFIED.,.F.,.F.,
 .F.,(4,1,4),(2,2),(0.,0.0493301888400517,0.0988706149957258),(-0.04,0.),
 .UNSPECIFIED.);
#218=B_SPLINE_SURFACE_WITH_KNOTS('',3,1,((#13382,#13383),(#13384,#13385),
(#13386,#13387),(#13388,#13389),(#13390,#13391)),.UNSPECIFIED.,.F.,.F.,
 .F.,(4,1,4),(2,2),(0.,0.0325501478124518,0.0683929984145993),(-0.04,0.),
 .UNSPECIFIED.);
#219=B_SPLINE_SURFACE_WITH_KNOTS('',3,1,((#13399,#13400),(#13401,#13402),
(#13403,#13404),(#13405,#13406),(#13407,#13408)),.UNSPECIFIED.,.F.,.F.,
 .F.,(4,1,4),(2,2),(0.,0.0339343427226427,0.0657831106552845),(-0.04,0.),
 .UNSPECIFIED.);
#220=B_SPLINE_SURFACE_WITH_KNOTS('',3,1,((#13416,#13417),(#13418,#13419),
(#13420,#13421),(#13422,#13423),(#13424,#13425)),.UNSPECIFIED.,.F.,.F.,
 .F.,(4,1,4),(2,2),(0.,0.0257415095533655,0.0538545526047741),(-0.04,0.),
 .UNSPECIFIED.);
#221=B_SPLINE_SURFACE_WITH_KNOTS('',3,1,((#13433,#13434),(#13435,#13436),
(#13437,#13438),(#13439,#13440),(#13441,#13442)),.UNSPECIFIED.,.F.,.F.,
 .F.,(4,1,4),(2,2),(0.,0.0250044518741217,0.04975450660056),(-0.04,0.),
 .UNSPECIFIED.);
#222=B_SPLINE_SURFACE_WITH_KNOTS('',3,1,((#13450,#13451),(#13452,#13453),
(#13454,#13455),(#13456,#13457),(#13458,#13459)),.UNSPECIFIED.,.F.,.F.,
 .F.,(4,1,4),(2,2),(0.,0.0273233638846005,0.0541079497624988),(-0.04,0.),
 .UNSPECIFIED.);
#223=B_SPLINE_SURFACE_WITH_KNOTS('',3,1,((#13467,#13468),(#13469,#13470),
(#13471,#13472),(#13473,#13474),(#13475,#13476)),.UNSPECIFIED.,.F.,.F.,
 .F.,(4,1,4),(2,2),(0.,0.0294490217969998,0.057559365537587),(-0.04,0.),
 .UNSPECIFIED.);
#224=B_SPLINE_SURFACE_WITH_KNOTS('',3,1,((#13484,#13485),(#13486,#13487),
(#13488,#13489),(#13490,#13491),(#13492,#13493)),.UNSPECIFIED.,.F.,.F.,
 .F.,(4,1,4),(2,2),(0.,0.0316418317838265,0.0623601473123798),(-0.04,0.),
 .UNSPECIFIED.);
#225=B_SPLINE_SURFACE_WITH_KNOTS('',3,1,((#13501,#13502),(#13503,#13504),
(#13505,#13506),(#13507,#13508),(#13509,#13510)),.UNSPECIFIED.,.F.,.F.,
 .F.,(4,1,4),(2,2),(0.,0.0411954693435507,0.0853087683749258),(-0.04,0.),
 .UNSPECIFIED.);
#226=B_SPLINE_SURFACE_WITH_KNOTS('',3,1,((#13518,#13519),(#13520,#13521),
(#13522,#13523),(#13524,#13525),(#13526,#13527)),.UNSPECIFIED.,.F.,.F.,
 .F.,(4,1,4),(2,2),(0.,0.04623714754708,0.0881409465061582),(-0.04,0.),
 .UNSPECIFIED.);
#227=B_SPLINE_SURFACE_WITH_KNOTS('',3,1,((#13539,#13540),(#13541,#13542),
(#13543,#13544),(#13545,#13546),(#13547,#13548)),.UNSPECIFIED.,.F.,.F.,
 .F.,(4,1,4),(2,2),(0.,0.0274381475748816,0.0601763360876623),(-0.04,0.),
 .UNSPECIFIED.);
#228=B_SPLINE_SURFACE_WITH_KNOTS('',3,1,((#13556,#13557),(#13558,#13559),
(#13560,#13561),(#13562,#13563),(#13564,#13565)),.UNSPECIFIED.,.F.,.F.,
 .F.,(4,1,4),(2,2),(0.,0.0266450233220007,0.0520242865008817),(-0.04,0.),
 .UNSPECIFIED.);
#229=B_SPLINE_SURFACE_WITH_KNOTS('',3,1,((#13573,#13574),(#13575,#13576),
(#13577,#13578),(#13579,#13580),(#13581,#13582)),.UNSPECIFIED.,.F.,.F.,
 .F.,(4,1,4),(2,2),(0.,0.0248086867840316,0.051442268650327),(-0.04,0.),
 .UNSPECIFIED.);
#230=B_SPLINE_SURFACE_WITH_KNOTS('',3,1,((#13590,#13591),(#13592,#13593),
(#13594,#13595),(#13596,#13597),(#13598,#13599)),.UNSPECIFIED.,.F.,.F.,
 .F.,(4,1,4),(2,2),(0.,0.0251124166764652,0.0494058405898317),(-0.04,0.),
 .UNSPECIFIED.);
#231=B_SPLINE_SURFACE_WITH_KNOTS('',3,1,((#13607,#13608),(#13609,#13610),
(#13611,#13612),(#13613,#13614),(#13615,#13616)),.UNSPECIFIED.,.F.,.F.,
 .F.,(4,1,4),(2,2),(0.,0.0280586970445301,0.0583876307333684),(-0.04,0.),
 .UNSPECIFIED.);
#232=B_SPLINE_SURFACE_WITH_KNOTS('',3,1,((#13624,#13625),(#13626,#13627),
(#13628,#13629),(#13630,#13631),(#13632,#13633)),.UNSPECIFIED.,.F.,.F.,
 .F.,(4,1,4),(2,2),(0.,0.0300886522591505,0.0594504443422938),(-0.04,0.),
 .UNSPECIFIED.);
#233=B_SPLINE_SURFACE_WITH_KNOTS('',3,1,((#13641,#13642),(#13643,#13644),
(#13645,#13646),(#13647,#13648),(#13649,#13650)),.UNSPECIFIED.,.F.,.F.,
 .F.,(4,1,4),(2,2),(0.,0.00445260368027797,0.00793416270644321),(-0.04,
0.),.UNSPECIFIED.);
#234=B_SPLINE_SURFACE_WITH_KNOTS('',3,1,((#13662,#13663),(#13664,#13665),
(#13666,#13667),(#13668,#13669),(#13670,#13671)),.UNSPECIFIED.,.F.,.F.,
 .F.,(4,1,4),(2,2),(0.,0.0156801703052733,0.0351466805198862),(-0.04,0.),
 .UNSPECIFIED.);
#235=B_SPLINE_SURFACE_WITH_KNOTS('',3,1,((#13679,#13680),(#13681,#13682),
(#13683,#13684),(#13685,#13686),(#13687,#13688)),.UNSPECIFIED.,.F.,.F.,
 .F.,(4,1,4),(2,2),(0.,0.0300250173336722,0.061611030030021),(-0.04,0.),
 .UNSPECIFIED.);
#236=B_SPLINE_SURFACE_WITH_KNOTS('',3,1,((#13696,#13697),(#13698,#13699),
(#13700,#13701),(#13702,#13703),(#13704,#13705)),.UNSPECIFIED.,.F.,.F.,
 .F.,(4,1,4),(2,2),(0.,0.0313569481060709,0.0612959898970944),(-0.04,0.),
 .UNSPECIFIED.);
#237=B_SPLINE_SURFACE_WITH_KNOTS('',3,1,((#13713,#13714),(#13715,#13716),
(#13717,#13718),(#13719,#13720),(#13721,#13722)),.UNSPECIFIED.,.F.,.F.,
 .F.,(4,1,4),(2,2),(0.,0.0322944561994532,0.0654419663684203),(-0.04,0.),
 .UNSPECIFIED.);
#238=B_SPLINE_SURFACE_WITH_KNOTS('',3,1,((#13730,#13731),(#13732,#13733),
(#13734,#13735),(#13736,#13737),(#13738,#13739)),.UNSPECIFIED.,.F.,.F.,
 .F.,(4,1,4),(2,2),(0.,0.0325167313482494,0.0646133808871349),(-0.04,0.),
 .UNSPECIFIED.);
#239=B_SPLINE_SURFACE_WITH_KNOTS('',3,1,((#13747,#13748),(#13749,#13750),
(#13751,#13752),(#13753,#13754),(#13755,#13756)),.UNSPECIFIED.,.F.,.F.,
 .F.,(4,1,4),(2,2),(0.,0.0264393576907208,0.0538077098167006),(-0.04,0.),
 .UNSPECIFIED.);
#240=B_SPLINE_SURFACE_WITH_KNOTS('',3,1,((#13764,#13765),(#13766,#13767),
(#13768,#13769),(#13770,#13771),(#13772,#13773)),.UNSPECIFIED.,.F.,.F.,
 .F.,(4,1,4),(2,2),(0.,0.0376876966203189,0.0675109013615853),(-0.04,0.),
 .UNSPECIFIED.);
#241=B_SPLINE_SURFACE_WITH_KNOTS('',3,1,((#13785,#13786),(#13787,#13788),
(#13789,#13790),(#13791,#13792),(#13793,#13794)),.UNSPECIFIED.,.F.,.F.,
 .F.,(4,1,4),(2,2),(0.,0.0452053544286193,0.0921602519621719),(-0.04,0.),
 .UNSPECIFIED.);
#242=B_SPLINE_SURFACE_WITH_KNOTS('',3,1,((#14003,#14004),(#14005,#14006),
(#14007,#14008),(#14009,#14010),(#14011,#14012)),.UNSPECIFIED.,.F.,.F.,
 .F.,(4,1,4),(2,2),(0.,0.0382715967771648,0.0755430379101862),(-0.04,0.),
 .UNSPECIFIED.);
#243=B_SPLINE_SURFACE_WITH_KNOTS('',3,1,((#14022,#14023),(#14024,#14025),
(#14026,#14027),(#14028,#14029),(#14030,#14031)),.UNSPECIFIED.,.F.,.F.,
 .F.,(4,1,4),(2,2),(0.,0.0500542705191058,0.0928320599897338),(-0.04,0.),
 .UNSPECIFIED.);
#244=B_SPLINE_SURFACE_WITH_KNOTS('',3,1,((#14039,#14040),(#14041,#14042),
(#14043,#14044),(#14045,#14046),(#14047,#14048)),.UNSPECIFIED.,.F.,.F.,
 .F.,(4,1,4),(2,2),(0.,0.038246529317724,0.0791241255599128),(-0.04,0.),
 .UNSPECIFIED.);
#245=B_SPLINE_SURFACE_WITH_KNOTS('',3,1,((#14056,#14057),(#14058,#14059),
(#14060,#14061),(#14062,#14063),(#14064,#14065)),.UNSPECIFIED.,.F.,.F.,
 .F.,(4,1,4),(2,2),(0.,0.0335581088356978,0.0691902491611643),(-0.04,0.),
 .UNSPECIFIED.);
#246=B_SPLINE_SURFACE_WITH_KNOTS('',3,1,((#14073,#14074),(#14075,#14076),
(#14077,#14078),(#14079,#14080),(#14081,#14082)),.UNSPECIFIED.,.F.,.F.,
 .F.,(4,1,4),(2,2),(0.,0.0313377794640021,0.0635612201467444),(-0.04,0.),
 .UNSPECIFIED.);
#247=B_SPLINE_SURFACE_WITH_KNOTS('',3,1,((#14090,#14091),(#14092,#14093),
(#14094,#14095),(#14096,#14097),(#14098,#14099)),.UNSPECIFIED.,.F.,.F.,
 .F.,(4,1,4),(2,2),(0.,0.0293552585303943,0.0599600553992214),(-0.04,0.),
 .UNSPECIFIED.);
#248=B_SPLINE_SURFACE_WITH_KNOTS('',3,1,((#14107,#14108),(#14109,#14110),
(#14111,#14112),(#14113,#14114),(#14115,#14116)),.UNSPECIFIED.,.F.,.F.,
 .F.,(4,1,4),(2,2),(0.,0.0354169630389004,0.0663731541785166),(-0.04,0.),
 .UNSPECIFIED.);
#249=B_SPLINE_SURFACE_WITH_KNOTS('',3,1,((#14124,#14125),(#14126,#14127),
(#14128,#14129),(#14130,#14131),(#14132,#14133)),.UNSPECIFIED.,.F.,.F.,
 .F.,(4,1,4),(2,2),(0.,0.0560926187648786,0.0922262160032416),(-0.04,0.),
 .UNSPECIFIED.);
#250=B_SPLINE_SURFACE_WITH_KNOTS('',3,1,((#14141,#14142),(#14143,#14144),
(#14145,#14146),(#14147,#14148),(#14149,#14150)),.UNSPECIFIED.,.F.,.F.,
 .F.,(4,1,4),(2,2),(0.,0.0309796308351524,0.0851529459580402),(-0.04,0.),
 .UNSPECIFIED.);
#251=B_SPLINE_SURFACE_WITH_KNOTS('',3,1,((#14158,#14159),(#14160,#14161),
(#14162,#14163),(#14164,#14165),(#14166,#14167)),.UNSPECIFIED.,.F.,.F.,
 .F.,(4,1,4),(2,2),(0.,0.0200263702523856,0.0396859749898555),(-0.04,0.),
 .UNSPECIFIED.);
#252=B_SPLINE_SURFACE_WITH_KNOTS('',3,1,((#14175,#14176),(#14177,#14178),
(#14179,#14180),(#14181,#14182),(#14183,#14184)),.UNSPECIFIED.,.F.,.F.,
 .F.,(4,1,4),(2,2),(0.,0.0254555620455987,0.0491232199531804),(-0.04,0.),
 .UNSPECIFIED.);
#253=B_SPLINE_SURFACE_WITH_KNOTS('',3,1,((#14192,#14193),(#14194,#14195),
(#14196,#14197),(#14198,#14199),(#14200,#14201)),.UNSPECIFIED.,.F.,.F.,
 .F.,(4,1,4),(2,2),(0.,0.0417400137204988,0.0731289332824751),(-0.04,0.),
 .UNSPECIFIED.);
#254=B_SPLINE_SURFACE_WITH_KNOTS('',3,1,((#14209,#14210),(#14211,#14212),
(#14213,#14214),(#14215,#14216),(#14217,#14218)),.UNSPECIFIED.,.F.,.F.,
 .F.,(4,1,4),(2,2),(0.,0.0326412099987081,0.0734141797437672),(-0.04,0.),
 .UNSPECIFIED.);
#255=B_SPLINE_SURFACE_WITH_KNOTS('',3,1,((#14226,#14227),(#14228,#14229),
(#14230,#14231),(#14232,#14233),(#14234,#14235)),.UNSPECIFIED.,.F.,.F.,
 .F.,(4,1,4),(2,2),(0.,0.0344752441008812,0.0649240054729749),(-0.04,0.),
 .UNSPECIFIED.);
#256=B_SPLINE_SURFACE_WITH_KNOTS('',3,1,((#14247,#14248),(#14249,#14250),
(#14251,#14252),(#14253,#14254),(#14255,#14256)),.UNSPECIFIED.,.F.,.F.,
 .F.,(4,1,4),(2,2),(0.,0.0328316507749539,0.066653445188962),(-0.04,0.),
 .UNSPECIFIED.);
#257=B_SPLINE_SURFACE_WITH_KNOTS('',3,1,((#14264,#14265),(#14266,#14267),
(#14268,#14269),(#14270,#14271),(#14272,#14273)),.UNSPECIFIED.,.F.,.F.,
 .F.,(4,1,4),(2,2),(0.,0.0348740961452988,0.0679043493026991),(-0.04,0.),
 .UNSPECIFIED.);
#258=B_SPLINE_SURFACE_WITH_KNOTS('',3,1,((#14281,#14282),(#14283,#14284),
(#14285,#14286),(#14287,#14288),(#14289,#14290)),.UNSPECIFIED.,.F.,.F.,
 .F.,(4,1,4),(2,2),(0.,0.0420014896277366,0.0801420659842348),(-0.04,0.),
 .UNSPECIFIED.);
#259=B_SPLINE_SURFACE_WITH_KNOTS('',3,1,((#14298,#14299),(#14300,#14301),
(#14302,#14303),(#14304,#14305),(#14306,#14307)),.UNSPECIFIED.,.F.,.F.,
 .F.,(4,1,4),(2,2),(0.,0.0363274853818642,0.0750183481637605),(-0.04,0.),
 .UNSPECIFIED.);
#260=B_SPLINE_SURFACE_WITH_KNOTS('',3,1,((#14315,#14316),(#14317,#14318),
(#14319,#14320),(#14321,#14322),(#14323,#14324)),.UNSPECIFIED.,.F.,.F.,
 .F.,(4,1,4),(2,2),(0.,0.0313601128559582,0.0649329057828676),(-0.04,0.),
 .UNSPECIFIED.);
#261=B_SPLINE_SURFACE_WITH_KNOTS('',3,1,((#14332,#14333),(#14334,#14335),
(#14336,#14337),(#14338,#14339),(#14340,#14341)),.UNSPECIFIED.,.F.,.F.,
 .F.,(4,1,4),(2,2),(0.,0.0296109103382744,0.0598193391811115),(-0.04,0.),
 .UNSPECIFIED.);
#262=B_SPLINE_SURFACE_WITH_KNOTS('',3,1,((#14349,#14350),(#14351,#14352),
(#14353,#14354),(#14355,#14356),(#14357,#14358)),.UNSPECIFIED.,.F.,.F.,
 .F.,(4,1,4),(2,2),(0.,0.025816588902035,0.0522786366683106),(-0.04,0.),
 .UNSPECIFIED.);
#263=B_SPLINE_SURFACE_WITH_KNOTS('',3,1,((#14366,#14367),(#14368,#14369),
(#14370,#14371),(#14372,#14373),(#14374,#14375)),.UNSPECIFIED.,.F.,.F.,
 .F.,(4,1,4),(2,2),(0.,0.0301285032684136,0.0571601318398651),(-0.04,0.),
 .UNSPECIFIED.);
#264=B_SPLINE_SURFACE_WITH_KNOTS('',3,1,((#14383,#14384),(#14385,#14386),
(#14387,#14388),(#14389,#14390),(#14391,#14392)),.UNSPECIFIED.,.F.,.F.,
 .F.,(4,1,4),(2,2),(0.,0.0485941862074833,0.0812745885966638),(-0.04,0.),
 .UNSPECIFIED.);
#265=B_SPLINE_SURFACE_WITH_KNOTS('',3,1,((#14400,#14401),(#14402,#14403),
(#14404,#14405),(#14406,#14407),(#14408,#14409)),.UNSPECIFIED.,.F.,.F.,
 .F.,(4,1,4),(2,2),(0.,0.0270665536348188,0.0738615987729934),(-0.04,0.),
 .UNSPECIFIED.);
#266=B_SPLINE_SURFACE_WITH_KNOTS('',3,1,((#14417,#14418),(#14419,#14420),
(#14421,#14422),(#14423,#14424),(#14425,#14426)),.UNSPECIFIED.,.F.,.F.,
 .F.,(4,1,4),(2,2),(0.,0.0193962286181374,0.0434501975235274),(-0.04,0.),
 .UNSPECIFIED.);
#267=B_SPLINE_SURFACE_WITH_KNOTS('',3,1,((#14434,#14435),(#14436,#14437),
(#14438,#14439),(#14440,#14441),(#14442,#14443)),.UNSPECIFIED.,.F.,.F.,
 .F.,(4,1,4),(2,2),(0.,0.0178428769155,0.0351469085092352),(-0.04,0.),
 .UNSPECIFIED.);
#268=B_SPLINE_SURFACE_WITH_KNOTS('',3,1,((#14451,#14452),(#14453,#14454),
(#14455,#14456),(#14457,#14458),(#14459,#14460)),.UNSPECIFIED.,.F.,.F.,
 .F.,(4,1,4),(2,2),(0.,0.0184730199482567,0.0365338979820791),(-0.04,0.),
 .UNSPECIFIED.);
#269=B_SPLINE_SURFACE_WITH_KNOTS('',3,1,((#14468,#14469),(#14470,#14471),
(#14472,#14473),(#14474,#14475),(#14476,#14477)),.UNSPECIFIED.,.F.,.F.,
 .F.,(4,1,4),(2,2),(0.,0.0228695564188851,0.0428874994234314),(-0.04,0.),
 .UNSPECIFIED.);
#270=B_SPLINE_SURFACE_WITH_KNOTS('',3,1,((#14485,#14486),(#14487,#14488),
(#14489,#14490),(#14491,#14492),(#14493,#14494)),.UNSPECIFIED.,.F.,.F.,
 .F.,(4,1,4),(2,2),(0.,0.0286016709976407,0.0544647617585014),(-0.04,0.),
 .UNSPECIFIED.);
#271=B_SPLINE_SURFACE_WITH_KNOTS('',3,1,((#14502,#14503),(#14504,#14505),
(#14506,#14507),(#14508,#14509),(#14510,#14511)),.UNSPECIFIED.,.F.,.F.,
 .F.,(4,1,4),(2,2),(0.,0.0303263610434957,0.0628630296893274),(-0.04,0.),
 .UNSPECIFIED.);
#272=B_SPLINE_SURFACE_WITH_KNOTS('',3,1,((#14519,#14520),(#14521,#14522),
(#14523,#14524),(#14525,#14526),(#14527,#14528)),.UNSPECIFIED.,.F.,.F.,
 .F.,(4,1,4),(2,2),(0.,0.0240038811130083,0.0513875071298141),(-0.04,0.),
 .UNSPECIFIED.);
#273=B_SPLINE_SURFACE_WITH_KNOTS('',3,1,((#14536,#14537),(#14538,#14539),
(#14540,#14541),(#14542,#14543),(#14544,#14545)),.UNSPECIFIED.,.F.,.F.,
 .F.,(4,1,4),(2,2),(0.,0.0279491757991683,0.0523100480119601),(-0.04,0.),
 .UNSPECIFIED.);
#274=B_SPLINE_SURFACE_WITH_KNOTS('',3,1,((#14557,#14558),(#14559,#14560),
(#14561,#14562),(#14563,#14564),(#14565,#14566)),.UNSPECIFIED.,.F.,.F.,
 .F.,(4,1,4),(2,2),(0.,0.0374260860744147,0.0759308869650337),(-0.04,0.),
 .UNSPECIFIED.);
#275=FACE_BOUND('',#717,.T.);
#276=FACE_BOUND('',#764,.T.);
#277=FACE_BOUND('',#822,.T.);
#278=FACE_BOUND('',#844,.T.);
#279=FACE_BOUND('',#854,.T.);
#280=FACE_BOUND('',#877,.T.);
#281=FACE_BOUND('',#943,.T.);
#282=FACE_BOUND('',#944,.T.);
#283=FACE_BOUND('',#1089,.T.);
#284=FACE_BOUND('',#1090,.T.);
#285=FACE_BOUND('',#1091,.T.);
#286=FACE_BOUND('',#1092,.T.);
#287=FACE_BOUND('',#1093,.T.);
#288=FACE_BOUND('',#1094,.T.);
#289=FACE_BOUND('',#1095,.T.);
#290=FACE_BOUND('',#1097,.T.);
#291=FACE_BOUND('',#1098,.T.);
#292=FACE_BOUND('',#1099,.T.);
#293=FACE_BOUND('',#1100,.T.);
#294=FACE_BOUND('',#1101,.T.);
#295=FACE_BOUND('',#1102,.T.);
#296=FACE_BOUND('',#1104,.T.);
#297=FACE_BOUND('',#1105,.T.);
#298=FACE_BOUND('',#1106,.T.);
#299=FACE_BOUND('',#1124,.T.);
#300=FACE_BOUND('',#1125,.T.);
#301=FACE_BOUND('',#1126,.T.);
#302=FACE_BOUND('',#1127,.T.);
#303=FACE_BOUND('',#1128,.T.);
#304=FACE_BOUND('',#1154,.T.);
#305=FACE_BOUND('',#1155,.T.);
#306=FACE_BOUND('',#1156,.T.);
#307=FACE_OUTER_BOUND('',#716,.T.);
#308=FACE_OUTER_BOUND('',#718,.T.);
#309=FACE_OUTER_BOUND('',#719,.T.);
#310=FACE_OUTER_BOUND('',#720,.T.);
#311=FACE_OUTER_BOUND('',#721,.T.);
#312=FACE_OUTER_BOUND('',#722,.T.);
#313=FACE_OUTER_BOUND('',#723,.T.);
#314=FACE_OUTER_BOUND('',#724,.T.);
#315=FACE_OUTER_BOUND('',#725,.T.);
#316=FACE_OUTER_BOUND('',#726,.T.);
#317=FACE_OUTER_BOUND('',#727,.T.);
#318=FACE_OUTER_BOUND('',#728,.T.);
#319=FACE_OUTER_BOUND('',#729,.T.);
#320=FACE_OUTER_BOUND('',#730,.T.);
#321=FACE_OUTER_BOUND('',#731,.T.);
#322=FACE_OUTER_BOUND('',#732,.T.);
#323=FACE_OUTER_BOUND('',#733,.T.);
#324=FACE_OUTER_BOUND('',#734,.T.);
#325=FACE_OUTER_BOUND('',#735,.T.);
#326=FACE_OUTER_BOUND('',#736,.T.);
#327=FACE_OUTER_BOUND('',#737,.T.);
#328=FACE_OUTER_BOUND('',#738,.T.);
#329=FACE_OUTER_BOUND('',#739,.T.);
#330=FACE_OUTER_BOUND('',#740,.T.);
#331=FACE_OUTER_BOUND('',#741,.T.);
#332=FACE_OUTER_BOUND('',#742,.T.);
#333=FACE_OUTER_BOUND('',#743,.T.);
#334=FACE_OUTER_BOUND('',#744,.T.);
#335=FACE_OUTER_BOUND('',#745,.T.);
#336=FACE_OUTER_BOUND('',#746,.T.);
#337=FACE_OUTER_BOUND('',#747,.T.);
#338=FACE_OUTER_BOUND('',#748,.T.);
#339=FACE_OUTER_BOUND('',#749,.T.);
#340=FACE_OUTER_BOUND('',#750,.T.);
#341=FACE_OUTER_BOUND('',#751,.T.);
#342=FACE_OUTER_BOUND('',#752,.T.);
#343=FACE_OUTER_BOUND('',#753,.T.);
#344=FACE_OUTER_BOUND('',#754,.T.);
#345=FACE_OUTER_BOUND('',#755,.T.);
#346=FACE_OUTER_BOUND('',#756,.T.);
#347=FACE_OUTER_BOUND('',#757,.T.);
#348=FACE_OUTER_BOUND('',#758,.T.);
#349=FACE_OUTER_BOUND('',#759,.T.);
#350=FACE_OUTER_BOUND('',#760,.T.);
#351=FACE_OUTER_BOUND('',#761,.T.);
#352=FACE_OUTER_BOUND('',#762,.T.);
#353=FACE_OUTER_BOUND('',#763,.T.);
#354=FACE_OUTER_BOUND('',#765,.T.);
#355=FACE_OUTER_BOUND('',#766,.T.);
#356=FACE_OUTER_BOUND('',#767,.T.);
#357=FACE_OUTER_BOUND('',#768,.T.);
#358=FACE_OUTER_BOUND('',#769,.T.);
#359=FACE_OUTER_BOUND('',#770,.T.);
#360=FACE_OUTER_BOUND('',#771,.T.);
#361=FACE_OUTER_BOUND('',#772,.T.);
#362=FACE_OUTER_BOUND('',#773,.T.);
#363=FACE_OUTER_BOUND('',#774,.T.);
#364=FACE_OUTER_BOUND('',#775,.T.);
#365=FACE_OUTER_BOUND('',#776,.T.);
#366=FACE_OUTER_BOUND('',#777,.T.);
#367=FACE_OUTER_BOUND('',#778,.T.);
#368=FACE_OUTER_BOUND('',#779,.T.);
#369=FACE_OUTER_BOUND('',#780,.T.);
#370=FACE_OUTER_BOUND('',#781,.T.);
#371=FACE_OUTER_BOUND('',#782,.T.);
#372=FACE_OUTER_BOUND('',#783,.T.);
#373=FACE_OUTER_BOUND('',#784,.T.);
#374=FACE_OUTER_BOUND('',#785,.T.);
#375=FACE_OUTER_BOUND('',#786,.T.);
#376=FACE_OUTER_BOUND('',#787,.T.);
#377=FACE_OUTER_BOUND('',#788,.T.);
#378=FACE_OUTER_BOUND('',#789,.T.);
#379=FACE_OUTER_BOUND('',#790,.T.);
#380=FACE_OUTER_BOUND('',#791,.T.);
#381=FACE_OUTER_BOUND('',#792,.T.);
#382=FACE_OUTER_BOUND('',#793,.T.);
#383=FACE_OUTER_BOUND('',#794,.T.);
#384=FACE_OUTER_BOUND('',#795,.T.);
#385=FACE_OUTER_BOUND('',#796,.T.);
#386=FACE_OUTER_BOUND('',#797,.T.);
#387=FACE_OUTER_BOUND('',#798,.T.);
#388=FACE_OUTER_BOUND('',#799,.T.);
#389=FACE_OUTER_BOUND('',#800,.T.);
#390=FACE_OUTER_BOUND('',#801,.T.);
#391=FACE_OUTER_BOUND('',#802,.T.);
#392=FACE_OUTER_BOUND('',#803,.T.);
#393=FACE_OUTER_BOUND('',#804,.T.);
#394=FACE_OUTER_BOUND('',#805,.T.);
#395=FACE_OUTER_BOUND('',#806,.T.);
#396=FACE_OUTER_BOUND('',#807,.T.);
#397=FACE_OUTER_BOUND('',#808,.T.);
#398=FACE_OUTER_BOUND('',#809,.T.);
#399=FACE_OUTER_BOUND('',#810,.T.);
#400=FACE_OUTER_BOUND('',#811,.T.);
#401=FACE_OUTER_BOUND('',#812,.T.);
#402=FACE_OUTER_BOUND('',#813,.T.);
#403=FACE_OUTER_BOUND('',#814,.T.);
#404=FACE_OUTER_BOUND('',#815,.T.);
#405=FACE_OUTER_BOUND('',#816,.T.);
#406=FACE_OUTER_BOUND('',#817,.T.);
#407=FACE_OUTER_BOUND('',#818,.T.);
#408=FACE_OUTER_BOUND('',#819,.T.);
#409=FACE_OUTER_BOUND('',#820,.T.);
#410=FACE_OUTER_BOUND('',#821,.T.);
#411=FACE_OUTER_BOUND('',#823,.T.);
#412=FACE_OUTER_BOUND('',#824,.T.);
#413=FACE_OUTER_BOUND('',#825,.T.);
#414=FACE_OUTER_BOUND('',#826,.T.);
#415=FACE_OUTER_BOUND('',#827,.T.);
#416=FACE_OUTER_BOUND('',#828,.T.);
#417=FACE_OUTER_BOUND('',#829,.T.);
#418=FACE_OUTER_BOUND('',#830,.T.);
#419=FACE_OUTER_BOUND('',#831,.T.);
#420=FACE_OUTER_BOUND('',#832,.T.);
#421=FACE_OUTER_BOUND('',#833,.T.);
#422=FACE_OUTER_BOUND('',#834,.T.);
#423=FACE_OUTER_BOUND('',#835,.T.);
#424=FACE_OUTER_BOUND('',#836,.T.);
#425=FACE_OUTER_BOUND('',#837,.T.);
#426=FACE_OUTER_BOUND('',#838,.T.);
#427=FACE_OUTER_BOUND('',#839,.T.);
#428=FACE_OUTER_BOUND('',#840,.T.);
#429=FACE_OUTER_BOUND('',#841,.T.);
#430=FACE_OUTER_BOUND('',#842,.T.);
#431=FACE_OUTER_BOUND('',#843,.T.);
#432=FACE_OUTER_BOUND('',#845,.T.);
#433=FACE_OUTER_BOUND('',#846,.T.);
#434=FACE_OUTER_BOUND('',#847,.T.);
#435=FACE_OUTER_BOUND('',#848,.T.);
#436=FACE_OUTER_BOUND('',#849,.T.);
#437=FACE_OUTER_BOUND('',#850,.T.);
#438=FACE_OUTER_BOUND('',#851,.T.);
#439=FACE_OUTER_BOUND('',#852,.T.);
#440=FACE_OUTER_BOUND('',#853,.T.);
#441=FACE_OUTER_BOUND('',#855,.T.);
#442=FACE_OUTER_BOUND('',#856,.T.);
#443=FACE_OUTER_BOUND('',#857,.T.);
#444=FACE_OUTER_BOUND('',#858,.T.);
#445=FACE_OUTER_BOUND('',#859,.T.);
#446=FACE_OUTER_BOUND('',#860,.T.);
#447=FACE_OUTER_BOUND('',#861,.T.);
#448=FACE_OUTER_BOUND('',#862,.T.);
#449=FACE_OUTER_BOUND('',#863,.T.);
#450=FACE_OUTER_BOUND('',#864,.T.);
#451=FACE_OUTER_BOUND('',#865,.T.);
#452=FACE_OUTER_BOUND('',#866,.T.);
#453=FACE_OUTER_BOUND('',#867,.T.);
#454=FACE_OUTER_BOUND('',#868,.T.);
#455=FACE_OUTER_BOUND('',#869,.T.);
#456=FACE_OUTER_BOUND('',#870,.T.);
#457=FACE_OUTER_BOUND('',#871,.T.);
#458=FACE_OUTER_BOUND('',#872,.T.);
#459=FACE_OUTER_BOUND('',#873,.T.);
#460=FACE_OUTER_BOUND('',#874,.T.);
#461=FACE_OUTER_BOUND('',#875,.T.);
#462=FACE_OUTER_BOUND('',#876,.T.);
#463=FACE_OUTER_BOUND('',#878,.T.);
#464=FACE_OUTER_BOUND('',#879,.T.);
#465=FACE_OUTER_BOUND('',#880,.T.);
#466=FACE_OUTER_BOUND('',#881,.T.);
#467=FACE_OUTER_BOUND('',#882,.T.);
#468=FACE_OUTER_BOUND('',#883,.T.);
#469=FACE_OUTER_BOUND('',#884,.T.);
#470=FACE_OUTER_BOUND('',#885,.T.);
#471=FACE_OUTER_BOUND('',#886,.T.);
#472=FACE_OUTER_BOUND('',#887,.T.);
#473=FACE_OUTER_BOUND('',#888,.T.);
#474=FACE_OUTER_BOUND('',#889,.T.);
#475=FACE_OUTER_BOUND('',#890,.T.);
#476=FACE_OUTER_BOUND('',#891,.T.);
#477=FACE_OUTER_BOUND('',#892,.T.);
#478=FACE_OUTER_BOUND('',#893,.T.);
#479=FACE_OUTER_BOUND('',#894,.T.);
#480=FACE_OUTER_BOUND('',#895,.T.);
#481=FACE_OUTER_BOUND('',#896,.T.);
#482=FACE_OUTER_BOUND('',#897,.T.);
#483=FACE_OUTER_BOUND('',#898,.T.);
#484=FACE_OUTER_BOUND('',#899,.T.);
#485=FACE_OUTER_BOUND('',#900,.T.);
#486=FACE_OUTER_BOUND('',#901,.T.);
#487=FACE_OUTER_BOUND('',#902,.T.);
#488=FACE_OUTER_BOUND('',#903,.T.);
#489=FACE_OUTER_BOUND('',#904,.T.);
#490=FACE_OUTER_BOUND('',#905,.T.);
#491=FACE_OUTER_BOUND('',#906,.T.);
#492=FACE_OUTER_BOUND('',#907,.T.);
#493=FACE_OUTER_BOUND('',#908,.T.);
#494=FACE_OUTER_BOUND('',#909,.T.);
#495=FACE_OUTER_BOUND('',#910,.T.);
#496=FACE_OUTER_BOUND('',#911,.T.);
#497=FACE_OUTER_BOUND('',#912,.T.);
#498=FACE_OUTER_BOUND('',#913,.T.);
#499=FACE_OUTER_BOUND('',#914,.T.);
#500=FACE_OUTER_BOUND('',#915,.T.);
#501=FACE_OUTER_BOUND('',#916,.T.);
#502=FACE_OUTER_BOUND('',#917,.T.);
#503=FACE_OUTER_BOUND('',#918,.T.);
#504=FACE_OUTER_BOUND('',#919,.T.);
#505=FACE_OUTER_BOUND('',#920,.T.);
#506=FACE_OUTER_BOUND('',#921,.T.);
#507=FACE_OUTER_BOUND('',#922,.T.);
#508=FACE_OUTER_BOUND('',#923,.T.);
#509=FACE_OUTER_BOUND('',#924,.T.);
#510=FACE_OUTER_BOUND('',#925,.T.);
#511=FACE_OUTER_BOUND('',#926,.T.);
#512=FACE_OUTER_BOUND('',#927,.T.);
#513=FACE_OUTER_BOUND('',#928,.T.);
#514=FACE_OUTER_BOUND('',#929,.T.);
#515=FACE_OUTER_BOUND('',#930,.T.);
#516=FACE_OUTER_BOUND('',#931,.T.);
#517=FACE_OUTER_BOUND('',#932,.T.);
#518=FACE_OUTER_BOUND('',#933,.T.);
#519=FACE_OUTER_BOUND('',#934,.T.);
#520=FACE_OUTER_BOUND('',#935,.T.);
#521=FACE_OUTER_BOUND('',#936,.T.);
#522=FACE_OUTER_BOUND('',#937,.T.);
#523=FACE_OUTER_BOUND('',#938,.T.);
#524=FACE_OUTER_BOUND('',#939,.T.);
#525=FACE_OUTER_BOUND('',#940,.T.);
#526=FACE_OUTER_BOUND('',#941,.T.);
#527=FACE_OUTER_BOUND('',#942,.T.);
#528=FACE_OUTER_BOUND('',#945,.T.);
#529=FACE_OUTER_BOUND('',#946,.T.);
#530=FACE_OUTER_BOUND('',#947,.T.);
#531=FACE_OUTER_BOUND('',#948,.T.);
#532=FACE_OUTER_BOUND('',#949,.T.);
#533=FACE_OUTER_BOUND('',#950,.T.);
#534=FACE_OUTER_BOUND('',#951,.T.);
#535=FACE_OUTER_BOUND('',#952,.T.);
#536=FACE_OUTER_BOUND('',#953,.T.);
#537=FACE_OUTER_BOUND('',#954,.T.);
#538=FACE_OUTER_BOUND('',#955,.T.);
#539=FACE_OUTER_BOUND('',#956,.T.);
#540=FACE_OUTER_BOUND('',#957,.T.);
#541=FACE_OUTER_BOUND('',#958,.T.);
#542=FACE_OUTER_BOUND('',#959,.T.);
#543=FACE_OUTER_BOUND('',#960,.T.);
#544=FACE_OUTER_BOUND('',#961,.T.);
#545=FACE_OUTER_BOUND('',#962,.T.);
#546=FACE_OUTER_BOUND('',#963,.T.);
#547=FACE_OUTER_BOUND('',#964,.T.);
#548=FACE_OUTER_BOUND('',#965,.T.);
#549=FACE_OUTER_BOUND('',#966,.T.);
#550=FACE_OUTER_BOUND('',#967,.T.);
#551=FACE_OUTER_BOUND('',#968,.T.);
#552=FACE_OUTER_BOUND('',#969,.T.);
#553=FACE_OUTER_BOUND('',#970,.T.);
#554=FACE_OUTER_BOUND('',#971,.T.);
#555=FACE_OUTER_BOUND('',#972,.T.);
#556=FACE_OUTER_BOUND('',#973,.T.);
#557=FACE_OUTER_BOUND('',#974,.T.);
#558=FACE_OUTER_BOUND('',#975,.T.);
#559=FACE_OUTER_BOUND('',#976,.T.);
#560=FACE_OUTER_BOUND('',#977,.T.);
#561=FACE_OUTER_BOUND('',#978,.T.);
#562=FACE_OUTER_BOUND('',#979,.T.);
#563=FACE_OUTER_BOUND('',#980,.T.);
#564=FACE_OUTER_BOUND('',#981,.T.);
#565=FACE_OUTER_BOUND('',#982,.T.);
#566=FACE_OUTER_BOUND('',#983,.T.);
#567=FACE_OUTER_BOUND('',#984,.T.);
#568=FACE_OUTER_BOUND('',#985,.T.);
#569=FACE_OUTER_BOUND('',#986,.T.);
#570=FACE_OUTER_BOUND('',#987,.T.);
#571=FACE_OUTER_BOUND('',#988,.T.);
#572=FACE_OUTER_BOUND('',#989,.T.);
#573=FACE_OUTER_BOUND('',#990,.T.);
#574=FACE_OUTER_BOUND('',#991,.T.);
#575=FACE_OUTER_BOUND('',#992,.T.);
#576=FACE_OUTER_BOUND('',#993,.T.);
#577=FACE_OUTER_BOUND('',#994,.T.);
#578=FACE_OUTER_BOUND('',#995,.T.);
#579=FACE_OUTER_BOUND('',#996,.T.);
#580=FACE_OUTER_BOUND('',#997,.T.);
#581=FACE_OUTER_BOUND('',#998,.T.);
#582=FACE_OUTER_BOUND('',#999,.T.);
#583=FACE_OUTER_BOUND('',#1000,.T.);
#584=FACE_OUTER_BOUND('',#1001,.T.);
#585=FACE_OUTER_BOUND('',#1002,.T.);
#586=FACE_OUTER_BOUND('',#1003,.T.);
#587=FACE_OUTER_BOUND('',#1004,.T.);
#588=FACE_OUTER_BOUND('',#1005,.T.);
#589=FACE_OUTER_BOUND('',#1006,.T.);
#590=FACE_OUTER_BOUND('',#1007,.T.);
#591=FACE_OUTER_BOUND('',#1008,.T.);
#592=FACE_OUTER_BOUND('',#1009,.T.);
#593=FACE_OUTER_BOUND('',#1010,.T.);
#594=FACE_OUTER_BOUND('',#1011,.T.);
#595=FACE_OUTER_BOUND('',#1012,.T.);
#596=FACE_OUTER_BOUND('',#1013,.T.);
#597=FACE_OUTER_BOUND('',#1014,.T.);
#598=FACE_OUTER_BOUND('',#1015,.T.);
#599=FACE_OUTER_BOUND('',#1016,.T.);
#600=FACE_OUTER_BOUND('',#1017,.T.);
#601=FACE_OUTER_BOUND('',#1018,.T.);
#602=FACE_OUTER_BOUND('',#1019,.T.);
#603=FACE_OUTER_BOUND('',#1020,.T.);
#604=FACE_OUTER_BOUND('',#1021,.T.);
#605=FACE_OUTER_BOUND('',#1022,.T.);
#606=FACE_OUTER_BOUND('',#1023,.T.);
#607=FACE_OUTER_BOUND('',#1024,.T.);
#608=FACE_OUTER_BOUND('',#1025,.T.);
#609=FACE_OUTER_BOUND('',#1026,.T.);
#610=FACE_OUTER_BOUND('',#1027,.T.);
#611=FACE_OUTER_BOUND('',#1028,.T.);
#612=FACE_OUTER_BOUND('',#1029,.T.);
#613=FACE_OUTER_BOUND('',#1030,.T.);
#614=FACE_OUTER_BOUND('',#1031,.T.);
#615=FACE_OUTER_BOUND('',#1032,.T.);
#616=FACE_OUTER_BOUND('',#1033,.T.);
#617=FACE_OUTER_BOUND('',#1034,.T.);
#618=FACE_OUTER_BOUND('',#1035,.T.);
#619=FACE_OUTER_BOUND('',#1036,.T.);
#620=FACE_OUTER_BOUND('',#1037,.T.);
#621=FACE_OUTER_BOUND('',#1038,.T.);
#622=FACE_OUTER_BOUND('',#1039,.T.);
#623=FACE_OUTER_BOUND('',#1040,.T.);
#624=FACE_OUTER_BOUND('',#1041,.T.);
#625=FACE_OUTER_BOUND('',#1042,.T.);
#626=FACE_OUTER_BOUND('',#1043,.T.);
#627=FACE_OUTER_BOUND('',#1044,.T.);
#628=FACE_OUTER_BOUND('',#1045,.T.);
#629=FACE_OUTER_BOUND('',#1046,.T.);
#630=FACE_OUTER_BOUND('',#1047,.T.);
#631=FACE_OUTER_BOUND('',#1048,.T.);
#632=FACE_OUTER_BOUND('',#1049,.T.);
#633=FACE_OUTER_BOUND('',#1050,.T.);
#634=FACE_OUTER_BOUND('',#1051,.T.);
#635=FACE_OUTER_BOUND('',#1052,.T.);
#636=FACE_OUTER_BOUND('',#1053,.T.);
#637=FACE_OUTER_BOUND('',#1054,.T.);
#638=FACE_OUTER_BOUND('',#1055,.T.);
#639=FACE_OUTER_BOUND('',#1056,.T.);
#640=FACE_OUTER_BOUND('',#1057,.T.);
#641=FACE_OUTER_BOUND('',#1058,.T.);
#642=FACE_OUTER_BOUND('',#1059,.T.);
#643=FACE_OUTER_BOUND('',#1060,.T.);
#644=FACE_OUTER_BOUND('',#1061,.T.);
#645=FACE_OUTER_BOUND('',#1062,.T.);
#646=FACE_OUTER_BOUND('',#1063,.T.);
#647=FACE_OUTER_BOUND('',#1064,.T.);
#648=FACE_OUTER_BOUND('',#1065,.T.);
#649=FACE_OUTER_BOUND('',#1066,.T.);
#650=FACE_OUTER_BOUND('',#1067,.T.);
#651=FACE_OUTER_BOUND('',#1068,.T.);
#652=FACE_OUTER_BOUND('',#1069,.T.);
#653=FACE_OUTER_BOUND('',#1070,.T.);
#654=FACE_OUTER_BOUND('',#1071,.T.);
#655=FACE_OUTER_BOUND('',#1072,.T.);
#656=FACE_OUTER_BOUND('',#1073,.T.);
#657=FACE_OUTER_BOUND('',#1074,.T.);
#658=FACE_OUTER_BOUND('',#1075,.T.);
#659=FACE_OUTER_BOUND('',#1076,.T.);
#660=FACE_OUTER_BOUND('',#1077,.T.);
#661=FACE_OUTER_BOUND('',#1078,.T.);
#662=FACE_OUTER_BOUND('',#1079,.T.);
#663=FACE_OUTER_BOUND('',#1080,.T.);
#664=FACE_OUTER_BOUND('',#1081,.T.);
#665=FACE_OUTER_BOUND('',#1082,.T.);
#666=FACE_OUTER_BOUND('',#1083,.T.);
#667=FACE_OUTER_BOUND('',#1084,.T.);
#668=FACE_OUTER_BOUND('',#1085,.T.);
#669=FACE_OUTER_BOUND('',#1086,.T.);
#670=FACE_OUTER_BOUND('',#1087,.T.);
#671=FACE_OUTER_BOUND('',#1088,.T.);
#672=FACE_OUTER_BOUND('',#1096,.T.);
#673=FACE_OUTER_BOUND('',#1103,.T.);
#674=FACE_OUTER_BOUND('',#1107,.T.);
#675=FACE_OUTER_BOUND('',#1108,.T.);
#676=FACE_OUTER_BOUND('',#1109,.T.);
#677=FACE_OUTER_BOUND('',#1110,.T.);
#678=FACE_OUTER_BOUND('',#1111,.T.);
#679=FACE_OUTER_BOUND('',#1112,.T.);
#680=FACE_OUTER_BOUND('',#1113,.T.);
#681=FACE_OUTER_BOUND('',#1114,.T.);
#682=FACE_OUTER_BOUND('',#1115,.T.);
#683=FACE_OUTER_BOUND('',#1116,.T.);
#684=FACE_OUTER_BOUND('',#1117,.T.);
#685=FACE_OUTER_BOUND('',#1118,.T.);
#686=FACE_OUTER_BOUND('',#1119,.T.);
#687=FACE_OUTER_BOUND('',#1120,.T.);
#688=FACE_OUTER_BOUND('',#1121,.T.);
#689=FACE_OUTER_BOUND('',#1122,.T.);
#690=FACE_OUTER_BOUND('',#1123,.T.);
#691=FACE_OUTER_BOUND('',#1129,.T.);
#692=FACE_OUTER_BOUND('',#1130,.T.);
#693=FACE_OUTER_BOUND('',#1131,.T.);
#694=FACE_OUTER_BOUND('',#1132,.T.);
#695=FACE_OUTER_BOUND('',#1133,.T.);
#696=FACE_OUTER_BOUND('',#1134,.T.);
#697=FACE_OUTER_BOUND('',#1135,.T.);
#698=FACE_OUTER_BOUND('',#1136,.T.);
#699=FACE_OUTER_BOUND('',#1137,.T.);
#700=FACE_OUTER_BOUND('',#1138,.T.);
#701=FACE_OUTER_BOUND('',#1139,.T.);
#702=FACE_OUTER_BOUND('',#1140,.T.);
#703=FACE_OUTER_BOUND('',#1141,.T.);
#704=FACE_OUTER_BOUND('',#1142,.T.);
#705=FACE_OUTER_BOUND('',#1143,.T.);
#706=FACE_OUTER_BOUND('',#1144,.T.);
#707=FACE_OUTER_BOUND('',#1145,.T.);
#708=FACE_OUTER_BOUND('',#1146,.T.);
#709=FACE_OUTER_BOUND('',#1147,.T.);
#710=FACE_OUTER_BOUND('',#1148,.T.);
#711=FACE_OUTER_BOUND('',#1149,.T.);
#712=FACE_OUTER_BOUND('',#1150,.T.);
#713=FACE_OUTER_BOUND('',#1151,.T.);
#714=FACE_OUTER_BOUND('',#1152,.T.);
#715=FACE_OUTER_BOUND('',#1153,.T.);
#716=EDGE_LOOP('',(#4738,#4739,#4740,#4741,#4742,#4743,#4744,#4745,#4746,
#4747,#4748));
#717=EDGE_LOOP('',(#4749,#4750,#4751,#4752,#4753,#4754,#4755,#4756));
#718=EDGE_LOOP('',(#4757,#4758,#4759,#4760));
#719=EDGE_LOOP('',(#4761,#4762,#4763,#4764));
#720=EDGE_LOOP('',(#4765,#4766,#4767,#4768));
#721=EDGE_LOOP('',(#4769,#4770,#4771,#4772));
#722=EDGE_LOOP('',(#4773,#4774,#4775,#4776));
#723=EDGE_LOOP('',(#4777,#4778,#4779,#4780));
#724=EDGE_LOOP('',(#4781,#4782,#4783,#4784));
#725=EDGE_LOOP('',(#4785,#4786,#4787,#4788));
#726=EDGE_LOOP('',(#4789,#4790,#4791,#4792));
#727=EDGE_LOOP('',(#4793,#4794,#4795,#4796));
#728=EDGE_LOOP('',(#4797,#4798,#4799,#4800));
#729=EDGE_LOOP('',(#4801,#4802,#4803,#4804));
#730=EDGE_LOOP('',(#4805,#4806,#4807,#4808));
#731=EDGE_LOOP('',(#4809,#4810,#4811,#4812));
#732=EDGE_LOOP('',(#4813,#4814,#4815,#4816));
#733=EDGE_LOOP('',(#4817,#4818,#4819,#4820));
#734=EDGE_LOOP('',(#4821,#4822,#4823,#4824));
#735=EDGE_LOOP('',(#4825,#4826,#4827,#4828));
#736=EDGE_LOOP('',(#4829,#4830,#4831,#4832));
#737=EDGE_LOOP('',(#4833,#4834,#4835,#4836));
#738=EDGE_LOOP('',(#4837,#4838,#4839,#4840));
#739=EDGE_LOOP('',(#4841,#4842,#4843,#4844));
#740=EDGE_LOOP('',(#4845,#4846,#4847,#4848));
#741=EDGE_LOOP('',(#4849,#4850,#4851,#4852));
#742=EDGE_LOOP('',(#4853,#4854,#4855,#4856));
#743=EDGE_LOOP('',(#4857,#4858,#4859,#4860));
#744=EDGE_LOOP('',(#4861,#4862,#4863,#4864));
#745=EDGE_LOOP('',(#4865,#4866,#4867,#4868));
#746=EDGE_LOOP('',(#4869,#4870,#4871,#4872));
#747=EDGE_LOOP('',(#4873,#4874,#4875,#4876,#4877,#4878,#4879,#4880,#4881,
#4882,#4883,#4884,#4885,#4886,#4887));
#748=EDGE_LOOP('',(#4888,#4889,#4890,#4891));
#749=EDGE_LOOP('',(#4892,#4893,#4894,#4895));
#750=EDGE_LOOP('',(#4896,#4897,#4898,#4899));
#751=EDGE_LOOP('',(#4900,#4901,#4902,#4903));
#752=EDGE_LOOP('',(#4904,#4905,#4906,#4907));
#753=EDGE_LOOP('',(#4908,#4909,#4910,#4911));
#754=EDGE_LOOP('',(#4912,#4913,#4914,#4915));
#755=EDGE_LOOP('',(#4916,#4917,#4918,#4919));
#756=EDGE_LOOP('',(#4920,#4921,#4922,#4923));
#757=EDGE_LOOP('',(#4924,#4925,#4926,#4927));
#758=EDGE_LOOP('',(#4928,#4929,#4930,#4931));
#759=EDGE_LOOP('',(#4932,#4933,#4934,#4935));
#760=EDGE_LOOP('',(#4936,#4937,#4938,#4939));
#761=EDGE_LOOP('',(#4940,#4941,#4942,#4943));
#762=EDGE_LOOP('',(#4944,#4945,#4946,#4947));
#763=EDGE_LOOP('',(#4948,#4949,#4950,#4951,#4952,#4953,#4954,#4955,#4956,
#4957,#4958,#4959,#4960,#4961,#4962,#4963,#4964,#4965,#4966,#4967,#4968,
#4969,#4970,#4971,#4972,#4973,#4974));
#764=EDGE_LOOP('',(#4975,#4976,#4977,#4978,#4979,#4980,#4981,#4982,#4983,
#4984));
#765=EDGE_LOOP('',(#4985,#4986,#4987,#4988));
#766=EDGE_LOOP('',(#4989,#4990,#4991,#4992));
#767=EDGE_LOOP('',(#4993,#4994,#4995,#4996));
#768=EDGE_LOOP('',(#4997,#4998,#4999,#5000));
#769=EDGE_LOOP('',(#5001,#5002,#5003,#5004));
#770=EDGE_LOOP('',(#5005,#5006,#5007,#5008));
#771=EDGE_LOOP('',(#5009,#5010,#5011,#5012));
#772=EDGE_LOOP('',(#5013,#5014,#5015,#5016));
#773=EDGE_LOOP('',(#5017,#5018,#5019,#5020));
#774=EDGE_LOOP('',(#5021,#5022,#5023,#5024));
#775=EDGE_LOOP('',(#5025,#5026,#5027,#5028));
#776=EDGE_LOOP('',(#5029,#5030,#5031,#5032));
#777=EDGE_LOOP('',(#5033,#5034,#5035,#5036));
#778=EDGE_LOOP('',(#5037,#5038,#5039,#5040));
#779=EDGE_LOOP('',(#5041,#5042,#5043,#5044));
#780=EDGE_LOOP('',(#5045,#5046,#5047,#5048));
#781=EDGE_LOOP('',(#5049,#5050,#5051,#5052));
#782=EDGE_LOOP('',(#5053,#5054,#5055,#5056));
#783=EDGE_LOOP('',(#5057,#5058,#5059,#5060));
#784=EDGE_LOOP('',(#5061,#5062,#5063,#5064));
#785=EDGE_LOOP('',(#5065,#5066,#5067,#5068));
#786=EDGE_LOOP('',(#5069,#5070,#5071,#5072));
#787=EDGE_LOOP('',(#5073,#5074,#5075,#5076));
#788=EDGE_LOOP('',(#5077,#5078,#5079,#5080));
#789=EDGE_LOOP('',(#5081,#5082,#5083,#5084));
#790=EDGE_LOOP('',(#5085,#5086,#5087,#5088));
#791=EDGE_LOOP('',(#5089,#5090,#5091,#5092));
#792=EDGE_LOOP('',(#5093,#5094,#5095,#5096));
#793=EDGE_LOOP('',(#5097,#5098,#5099,#5100));
#794=EDGE_LOOP('',(#5101,#5102,#5103,#5104));
#795=EDGE_LOOP('',(#5105,#5106,#5107,#5108));
#796=EDGE_LOOP('',(#5109,#5110,#5111,#5112));
#797=EDGE_LOOP('',(#5113,#5114,#5115,#5116));
#798=EDGE_LOOP('',(#5117,#5118,#5119,#5120));
#799=EDGE_LOOP('',(#5121,#5122,#5123,#5124));
#800=EDGE_LOOP('',(#5125,#5126,#5127,#5128));
#801=EDGE_LOOP('',(#5129,#5130,#5131,#5132));
#802=EDGE_LOOP('',(#5133,#5134,#5135,#5136,#5137,#5138,#5139,#5140,#5141,
#5142,#5143,#5144,#5145,#5146,#5147,#5148,#5149,#5150));
#803=EDGE_LOOP('',(#5151,#5152,#5153,#5154));
#804=EDGE_LOOP('',(#5155,#5156,#5157,#5158));
#805=EDGE_LOOP('',(#5159,#5160,#5161,#5162));
#806=EDGE_LOOP('',(#5163,#5164,#5165,#5166));
#807=EDGE_LOOP('',(#5167,#5168,#5169,#5170));
#808=EDGE_LOOP('',(#5171,#5172,#5173,#5174));
#809=EDGE_LOOP('',(#5175,#5176,#5177,#5178));
#810=EDGE_LOOP('',(#5179,#5180,#5181,#5182));
#811=EDGE_LOOP('',(#5183,#5184,#5185,#5186));
#812=EDGE_LOOP('',(#5187,#5188,#5189,#5190));
#813=EDGE_LOOP('',(#5191,#5192,#5193,#5194));
#814=EDGE_LOOP('',(#5195,#5196,#5197,#5198));
#815=EDGE_LOOP('',(#5199,#5200,#5201,#5202));
#816=EDGE_LOOP('',(#5203,#5204,#5205,#5206));
#817=EDGE_LOOP('',(#5207,#5208,#5209,#5210));
#818=EDGE_LOOP('',(#5211,#5212,#5213,#5214));
#819=EDGE_LOOP('',(#5215,#5216,#5217,#5218));
#820=EDGE_LOOP('',(#5219,#5220,#5221,#5222));
#821=EDGE_LOOP('',(#5223,#5224,#5225,#5226,#5227,#5228,#5229,#5230,#5231,
#5232,#5233,#5234,#5235,#5236,#5237));
#822=EDGE_LOOP('',(#5238,#5239,#5240,#5241,#5242));
#823=EDGE_LOOP('',(#5243,#5244,#5245,#5246));
#824=EDGE_LOOP('',(#5247,#5248,#5249,#5250));
#825=EDGE_LOOP('',(#5251,#5252,#5253,#5254));
#826=EDGE_LOOP('',(#5255,#5256,#5257,#5258));
#827=EDGE_LOOP('',(#5259,#5260,#5261,#5262));
#828=EDGE_LOOP('',(#5263,#5264,#5265,#5266));
#829=EDGE_LOOP('',(#5267,#5268,#5269,#5270));
#830=EDGE_LOOP('',(#5271,#5272,#5273,#5274));
#831=EDGE_LOOP('',(#5275,#5276,#5277,#5278));
#832=EDGE_LOOP('',(#5279,#5280,#5281,#5282));
#833=EDGE_LOOP('',(#5283,#5284,#5285,#5286));
#834=EDGE_LOOP('',(#5287,#5288,#5289,#5290));
#835=EDGE_LOOP('',(#5291,#5292,#5293,#5294));
#836=EDGE_LOOP('',(#5295,#5296,#5297,#5298));
#837=EDGE_LOOP('',(#5299,#5300,#5301,#5302));
#838=EDGE_LOOP('',(#5303,#5304,#5305,#5306));
#839=EDGE_LOOP('',(#5307,#5308,#5309,#5310));
#840=EDGE_LOOP('',(#5311,#5312,#5313,#5314));
#841=EDGE_LOOP('',(#5315,#5316,#5317,#5318));
#842=EDGE_LOOP('',(#5319,#5320,#5321,#5322));
#843=EDGE_LOOP('',(#5323,#5324,#5325,#5326));
#844=EDGE_LOOP('',(#5327,#5328,#5329,#5330));
#845=EDGE_LOOP('',(#5331,#5332,#5333,#5334));
#846=EDGE_LOOP('',(#5335,#5336,#5337,#5338));
#847=EDGE_LOOP('',(#5339,#5340,#5341,#5342));
#848=EDGE_LOOP('',(#5343,#5344,#5345,#5346));
#849=EDGE_LOOP('',(#5347,#5348,#5349,#5350));
#850=EDGE_LOOP('',(#5351,#5352,#5353,#5354));
#851=EDGE_LOOP('',(#5355,#5356,#5357,#5358));
#852=EDGE_LOOP('',(#5359,#5360,#5361,#5362));
#853=EDGE_LOOP('',(#5363,#5364,#5365,#5366));
#854=EDGE_LOOP('',(#5367,#5368,#5369,#5370));
#855=EDGE_LOOP('',(#5371,#5372,#5373,#5374));
#856=EDGE_LOOP('',(#5375,#5376,#5377,#5378));
#857=EDGE_LOOP('',(#5379,#5380,#5381,#5382));
#858=EDGE_LOOP('',(#5383,#5384,#5385,#5386));
#859=EDGE_LOOP('',(#5387,#5388,#5389,#5390));
#860=EDGE_LOOP('',(#5391,#5392,#5393,#5394));
#861=EDGE_LOOP('',(#5395,#5396,#5397,#5398));
#862=EDGE_LOOP('',(#5399,#5400,#5401,#5402));
#863=EDGE_LOOP('',(#5403,#5404,#5405,#5406,#5407,#5408,#5409,#5410,#5411,
#5412,#5413,#5414));
#864=EDGE_LOOP('',(#5415,#5416,#5417,#5418));
#865=EDGE_LOOP('',(#5419,#5420,#5421,#5422));
#866=EDGE_LOOP('',(#5423,#5424,#5425,#5426));
#867=EDGE_LOOP('',(#5427,#5428,#5429,#5430));
#868=EDGE_LOOP('',(#5431,#5432,#5433,#5434));
#869=EDGE_LOOP('',(#5435,#5436,#5437,#5438));
#870=EDGE_LOOP('',(#5439,#5440,#5441,#5442));
#871=EDGE_LOOP('',(#5443,#5444,#5445,#5446));
#872=EDGE_LOOP('',(#5447,#5448,#5449,#5450));
#873=EDGE_LOOP('',(#5451,#5452,#5453,#5454));
#874=EDGE_LOOP('',(#5455,#5456,#5457,#5458));
#875=EDGE_LOOP('',(#5459,#5460,#5461,#5462));
#876=EDGE_LOOP('',(#5463,#5464,#5465,#5466));
#877=EDGE_LOOP('',(#5467,#5468,#5469,#5470));
#878=EDGE_LOOP('',(#5471,#5472,#5473,#5474));
#879=EDGE_LOOP('',(#5475,#5476,#5477,#5478));
#880=EDGE_LOOP('',(#5479,#5480,#5481,#5482));
#881=EDGE_LOOP('',(#5483,#5484,#5485,#5486));
#882=EDGE_LOOP('',(#5487,#5488,#5489,#5490));
#883=EDGE_LOOP('',(#5491,#5492,#5493,#5494));
#884=EDGE_LOOP('',(#5495,#5496,#5497,#5498));
#885=EDGE_LOOP('',(#5499,#5500,#5501,#5502));
#886=EDGE_LOOP('',(#5503,#5504,#5505,#5506,#5507,#5508,#5509,#5510,#5511,
#5512,#5513,#5514,#5515));
#887=EDGE_LOOP('',(#5516,#5517,#5518,#5519));
#888=EDGE_LOOP('',(#5520,#5521,#5522,#5523));
#889=EDGE_LOOP('',(#5524,#5525,#5526,#5527));
#890=EDGE_LOOP('',(#5528,#5529,#5530,#5531));
#891=EDGE_LOOP('',(#5532,#5533,#5534,#5535));
#892=EDGE_LOOP('',(#5536,#5537,#5538,#5539));
#893=EDGE_LOOP('',(#5540,#5541,#5542,#5543));
#894=EDGE_LOOP('',(#5544,#5545,#5546,#5547));
#895=EDGE_LOOP('',(#5548,#5549,#5550,#5551));
#896=EDGE_LOOP('',(#5552,#5553,#5554,#5555));
#897=EDGE_LOOP('',(#5556,#5557,#5558,#5559));
#898=EDGE_LOOP('',(#5560,#5561,#5562,#5563));
#899=EDGE_LOOP('',(#5564,#5565,#5566,#5567));
#900=EDGE_LOOP('',(#5568,#5569,#5570,#5571,#5572,#5573,#5574,#5575,#5576,
#5577,#5578,#5579,#5580,#5581,#5582,#5583,#5584,#5585,#5586,#5587));
#901=EDGE_LOOP('',(#5588,#5589,#5590,#5591));
#902=EDGE_LOOP('',(#5592,#5593,#5594,#5595));
#903=EDGE_LOOP('',(#5596,#5597,#5598,#5599));
#904=EDGE_LOOP('',(#5600,#5601,#5602,#5603));
#905=EDGE_LOOP('',(#5604,#5605,#5606,#5607));
#906=EDGE_LOOP('',(#5608,#5609,#5610,#5611));
#907=EDGE_LOOP('',(#5612,#5613,#5614,#5615));
#908=EDGE_LOOP('',(#5616,#5617,#5618,#5619));
#909=EDGE_LOOP('',(#5620,#5621,#5622,#5623));
#910=EDGE_LOOP('',(#5624,#5625,#5626,#5627));
#911=EDGE_LOOP('',(#5628,#5629,#5630,#5631));
#912=EDGE_LOOP('',(#5632,#5633,#5634,#5635));
#913=EDGE_LOOP('',(#5636,#5637,#5638,#5639));
#914=EDGE_LOOP('',(#5640,#5641,#5642,#5643));
#915=EDGE_LOOP('',(#5644,#5645,#5646,#5647));
#916=EDGE_LOOP('',(#5648,#5649,#5650,#5651));
#917=EDGE_LOOP('',(#5652,#5653,#5654,#5655));
#918=EDGE_LOOP('',(#5656,#5657,#5658,#5659));
#919=EDGE_LOOP('',(#5660,#5661,#5662,#5663));
#920=EDGE_LOOP('',(#5664,#5665,#5666,#5667));
#921=EDGE_LOOP('',(#5668,#5669,#5670,#5671,#5672,#5673,#5674,#5675,#5676,
#5677,#5678,#5679,#5680,#5681,#5682,#5683,#5684,#5685,#5686,#5687));
#922=EDGE_LOOP('',(#5688,#5689,#5690,#5691));
#923=EDGE_LOOP('',(#5692,#5693,#5694,#5695));
#924=EDGE_LOOP('',(#5696,#5697,#5698,#5699));
#925=EDGE_LOOP('',(#5700,#5701,#5702,#5703));
#926=EDGE_LOOP('',(#5704,#5705,#5706,#5707));
#927=EDGE_LOOP('',(#5708,#5709,#5710,#5711));
#928=EDGE_LOOP('',(#5712,#5713,#5714,#5715));
#929=EDGE_LOOP('',(#5716,#5717,#5718,#5719));
#930=EDGE_LOOP('',(#5720,#5721,#5722,#5723));
#931=EDGE_LOOP('',(#5724,#5725,#5726,#5727));
#932=EDGE_LOOP('',(#5728,#5729,#5730,#5731));
#933=EDGE_LOOP('',(#5732,#5733,#5734,#5735));
#934=EDGE_LOOP('',(#5736,#5737,#5738,#5739));
#935=EDGE_LOOP('',(#5740,#5741,#5742,#5743));
#936=EDGE_LOOP('',(#5744,#5745,#5746,#5747));
#937=EDGE_LOOP('',(#5748,#5749,#5750,#5751));
#938=EDGE_LOOP('',(#5752,#5753,#5754,#5755));
#939=EDGE_LOOP('',(#5756,#5757,#5758,#5759));
#940=EDGE_LOOP('',(#5760,#5761,#5762,#5763));
#941=EDGE_LOOP('',(#5764,#5765,#5766,#5767));
#942=EDGE_LOOP('',(#5768,#5769,#5770,#5771,#5772,#5773,#5774,#5775,#5776,
#5777,#5778,#5779,#5780,#5781));
#943=EDGE_LOOP('',(#5782,#5783,#5784,#5785,#5786,#5787,#5788,#5789,#5790,
#5791));
#944=EDGE_LOOP('',(#5792,#5793,#5794,#5795,#5796,#5797,#5798,#5799,#5800));
#945=EDGE_LOOP('',(#5801,#5802,#5803,#5804));
#946=EDGE_LOOP('',(#5805,#5806,#5807,#5808));
#947=EDGE_LOOP('',(#5809,#5810,#5811,#5812));
#948=EDGE_LOOP('',(#5813,#5814,#5815,#5816));
#949=EDGE_LOOP('',(#5817,#5818,#5819,#5820));
#950=EDGE_LOOP('',(#5821,#5822,#5823,#5824));
#951=EDGE_LOOP('',(#5825,#5826,#5827,#5828));
#952=EDGE_LOOP('',(#5829,#5830,#5831,#5832));
#953=EDGE_LOOP('',(#5833,#5834,#5835,#5836));
#954=EDGE_LOOP('',(#5837,#5838,#5839,#5840));
#955=EDGE_LOOP('',(#5841,#5842,#5843,#5844));
#956=EDGE_LOOP('',(#5845,#5846,#5847,#5848));
#957=EDGE_LOOP('',(#5849,#5850,#5851,#5852));
#958=EDGE_LOOP('',(#5853,#5854,#5855,#5856));
#959=EDGE_LOOP('',(#5857,#5858,#5859,#5860));
#960=EDGE_LOOP('',(#5861,#5862,#5863,#5864));
#961=EDGE_LOOP('',(#5865,#5866,#5867,#5868));
#962=EDGE_LOOP('',(#5869,#5870,#5871,#5872));
#963=EDGE_LOOP('',(#5873,#5874,#5875,#5876));
#964=EDGE_LOOP('',(#5877,#5878,#5879,#5880));
#965=EDGE_LOOP('',(#5881,#5882,#5883,#5884));
#966=EDGE_LOOP('',(#5885,#5886,#5887,#5888));
#967=EDGE_LOOP('',(#5889,#5890,#5891,#5892));
#968=EDGE_LOOP('',(#5893,#5894,#5895,#5896));
#969=EDGE_LOOP('',(#5897,#5898,#5899,#5900));
#970=EDGE_LOOP('',(#5901,#5902,#5903,#5904));
#971=EDGE_LOOP('',(#5905,#5906,#5907,#5908));
#972=EDGE_LOOP('',(#5909,#5910,#5911,#5912));
#973=EDGE_LOOP('',(#5913,#5914,#5915,#5916));
#974=EDGE_LOOP('',(#5917,#5918,#5919,#5920));
#975=EDGE_LOOP('',(#5921,#5922,#5923,#5924));
#976=EDGE_LOOP('',(#5925,#5926,#5927,#5928));
#977=EDGE_LOOP('',(#5929,#5930,#5931,#5932));
#978=EDGE_LOOP('',(#5933,#5934,#5935,#5936,#5937,#5938,#5939,#5940,#5941,
#5942,#5943,#5944,#5945,#5946,#5947,#5948,#5949));
#979=EDGE_LOOP('',(#5950,#5951,#5952,#5953));
#980=EDGE_LOOP('',(#5954,#5955,#5956,#5957));
#981=EDGE_LOOP('',(#5958,#5959,#5960,#5961));
#982=EDGE_LOOP('',(#5962,#5963,#5964,#5965));
#983=EDGE_LOOP('',(#5966,#5967,#5968,#5969));
#984=EDGE_LOOP('',(#5970,#5971,#5972,#5973));
#985=EDGE_LOOP('',(#5974,#5975,#5976,#5977));
#986=EDGE_LOOP('',(#5978,#5979,#5980,#5981));
#987=EDGE_LOOP('',(#5982,#5983,#5984,#5985));
#988=EDGE_LOOP('',(#5986,#5987,#5988,#5989));
#989=EDGE_LOOP('',(#5990,#5991,#5992,#5993));
#990=EDGE_LOOP('',(#5994,#5995,#5996,#5997));
#991=EDGE_LOOP('',(#5998,#5999,#6000,#6001));
#992=EDGE_LOOP('',(#6002,#6003,#6004,#6005));
#993=EDGE_LOOP('',(#6006,#6007,#6008,#6009));
#994=EDGE_LOOP('',(#6010,#6011,#6012,#6013));
#995=EDGE_LOOP('',(#6014,#6015,#6016,#6017));
#996=EDGE_LOOP('',(#6018,#6019,#6020,#6021,#6022,#6023,#6024,#6025,#6026,
#6027,#6028,#6029,#6030,#6031,#6032,#6033,#6034,#6035,#6036,#6037,#6038,
#6039));
#997=EDGE_LOOP('',(#6040,#6041,#6042,#6043));
#998=EDGE_LOOP('',(#6044,#6045,#6046,#6047));
#999=EDGE_LOOP('',(#6048,#6049,#6050,#6051));
#1000=EDGE_LOOP('',(#6052,#6053,#6054,#6055));
#1001=EDGE_LOOP('',(#6056,#6057,#6058,#6059));
#1002=EDGE_LOOP('',(#6060,#6061,#6062,#6063));
#1003=EDGE_LOOP('',(#6064,#6065,#6066,#6067));
#1004=EDGE_LOOP('',(#6068,#6069,#6070,#6071));
#1005=EDGE_LOOP('',(#6072,#6073,#6074,#6075));
#1006=EDGE_LOOP('',(#6076,#6077,#6078,#6079));
#1007=EDGE_LOOP('',(#6080,#6081,#6082,#6083));
#1008=EDGE_LOOP('',(#6084,#6085,#6086,#6087));
#1009=EDGE_LOOP('',(#6088,#6089,#6090,#6091));
#1010=EDGE_LOOP('',(#6092,#6093,#6094,#6095));
#1011=EDGE_LOOP('',(#6096,#6097,#6098,#6099));
#1012=EDGE_LOOP('',(#6100,#6101,#6102,#6103));
#1013=EDGE_LOOP('',(#6104,#6105,#6106,#6107));
#1014=EDGE_LOOP('',(#6108,#6109,#6110,#6111));
#1015=EDGE_LOOP('',(#6112,#6113,#6114,#6115));
#1016=EDGE_LOOP('',(#6116,#6117,#6118,#6119));
#1017=EDGE_LOOP('',(#6120,#6121,#6122,#6123));
#1018=EDGE_LOOP('',(#6124,#6125,#6126,#6127));
#1019=EDGE_LOOP('',(#6128,#6129,#6130,#6131,#6132,#6133,#6134,#6135,#6136,
#6137,#6138,#6139,#6140,#6141,#6142,#6143,#6144,#6145,#6146,#6147,#6148,
#6149,#6150,#6151,#6152,#6153,#6154,#6155,#6156,#6157));
#1020=EDGE_LOOP('',(#6158,#6159,#6160,#6161));
#1021=EDGE_LOOP('',(#6162,#6163,#6164,#6165));
#1022=EDGE_LOOP('',(#6166,#6167,#6168,#6169));
#1023=EDGE_LOOP('',(#6170,#6171,#6172,#6173));
#1024=EDGE_LOOP('',(#6174,#6175,#6176,#6177));
#1025=EDGE_LOOP('',(#6178,#6179,#6180,#6181));
#1026=EDGE_LOOP('',(#6182,#6183,#6184,#6185));
#1027=EDGE_LOOP('',(#6186,#6187,#6188,#6189));
#1028=EDGE_LOOP('',(#6190,#6191,#6192,#6193));
#1029=EDGE_LOOP('',(#6194,#6195,#6196,#6197));
#1030=EDGE_LOOP('',(#6198,#6199,#6200,#6201));
#1031=EDGE_LOOP('',(#6202,#6203,#6204,#6205));
#1032=EDGE_LOOP('',(#6206,#6207,#6208,#6209));
#1033=EDGE_LOOP('',(#6210,#6211,#6212,#6213));
#1034=EDGE_LOOP('',(#6214,#6215,#6216,#6217));
#1035=EDGE_LOOP('',(#6218,#6219,#6220,#6221));
#1036=EDGE_LOOP('',(#6222,#6223,#6224,#6225));
#1037=EDGE_LOOP('',(#6226,#6227,#6228,#6229));
#1038=EDGE_LOOP('',(#6230,#6231,#6232,#6233));
#1039=EDGE_LOOP('',(#6234,#6235,#6236,#6237));
#1040=EDGE_LOOP('',(#6238,#6239,#6240,#6241));
#1041=EDGE_LOOP('',(#6242,#6243,#6244,#6245));
#1042=EDGE_LOOP('',(#6246,#6247,#6248,#6249));
#1043=EDGE_LOOP('',(#6250,#6251,#6252,#6253));
#1044=EDGE_LOOP('',(#6254,#6255,#6256,#6257));
#1045=EDGE_LOOP('',(#6258,#6259,#6260,#6261));
#1046=EDGE_LOOP('',(#6262,#6263,#6264,#6265));
#1047=EDGE_LOOP('',(#6266,#6267,#6268,#6269));
#1048=EDGE_LOOP('',(#6270,#6271,#6272,#6273));
#1049=EDGE_LOOP('',(#6274,#6275,#6276,#6277));
#1050=EDGE_LOOP('',(#6278,#6279,#6280,#6281,#6282,#6283,#6284,#6285,#6286,
#6287,#6288,#6289,#6290,#6291,#6292,#6293,#6294,#6295,#6296,#6297,#6298,
#6299,#6300,#6301,#6302,#6303,#6304,#6305,#6306,#6307,#6308,#6309,#6310,
#6311,#6312));
#1051=EDGE_LOOP('',(#6313,#6314,#6315,#6316));
#1052=EDGE_LOOP('',(#6317,#6318,#6319,#6320));
#1053=EDGE_LOOP('',(#6321,#6322,#6323,#6324));
#1054=EDGE_LOOP('',(#6325,#6326,#6327,#6328));
#1055=EDGE_LOOP('',(#6329,#6330,#6331,#6332));
#1056=EDGE_LOOP('',(#6333,#6334,#6335,#6336));
#1057=EDGE_LOOP('',(#6337,#6338,#6339,#6340));
#1058=EDGE_LOOP('',(#6341,#6342,#6343,#6344));
#1059=EDGE_LOOP('',(#6345,#6346,#6347,#6348));
#1060=EDGE_LOOP('',(#6349,#6350,#6351,#6352));
#1061=EDGE_LOOP('',(#6353,#6354,#6355,#6356));
#1062=EDGE_LOOP('',(#6357,#6358,#6359,#6360));
#1063=EDGE_LOOP('',(#6361,#6362,#6363,#6364));
#1064=EDGE_LOOP('',(#6365,#6366,#6367,#6368));
#1065=EDGE_LOOP('',(#6369,#6370,#6371,#6372));
#1066=EDGE_LOOP('',(#6373,#6374,#6375,#6376));
#1067=EDGE_LOOP('',(#6377,#6378,#6379,#6380));
#1068=EDGE_LOOP('',(#6381,#6382,#6383,#6384));
#1069=EDGE_LOOP('',(#6385,#6386,#6387,#6388));
#1070=EDGE_LOOP('',(#6389,#6390,#6391,#6392));
#1071=EDGE_LOOP('',(#6393,#6394,#6395,#6396));
#1072=EDGE_LOOP('',(#6397,#6398,#6399,#6400));
#1073=EDGE_LOOP('',(#6401,#6402,#6403,#6404));
#1074=EDGE_LOOP('',(#6405,#6406,#6407,#6408));
#1075=EDGE_LOOP('',(#6409,#6410,#6411,#6412));
#1076=EDGE_LOOP('',(#6413,#6414,#6415,#6416));
#1077=EDGE_LOOP('',(#6417,#6418,#6419,#6420));
#1078=EDGE_LOOP('',(#6421,#6422,#6423,#6424));
#1079=EDGE_LOOP('',(#6425,#6426,#6427,#6428));
#1080=EDGE_LOOP('',(#6429,#6430,#6431,#6432));
#1081=EDGE_LOOP('',(#6433,#6434,#6435,#6436));
#1082=EDGE_LOOP('',(#6437,#6438,#6439,#6440));
#1083=EDGE_LOOP('',(#6441,#6442,#6443,#6444));
#1084=EDGE_LOOP('',(#6445,#6446,#6447,#6448));
#1085=EDGE_LOOP('',(#6449,#6450,#6451,#6452));
#1086=EDGE_LOOP('',(#6453,#6454,#6455,#6456,#6457,#6458,#6459,#6460,#6461));
#1087=EDGE_LOOP('',(#6462,#6463,#6464,#6465,#6466,#6467,#6468,#6469,#6470,
#6471));
#1088=EDGE_LOOP('',(#6472,#6473,#6474,#6475));
#1089=EDGE_LOOP('',(#6476,#6477,#6478,#6479,#6480,#6481,#6482,#6483,#6484,
#6485,#6486,#6487,#6488,#6489));
#1090=EDGE_LOOP('',(#6490,#6491,#6492,#6493,#6494,#6495,#6496,#6497,#6498,
#6499,#6500,#6501,#6502,#6503,#6504,#6505,#6506,#6507,#6508,#6509));
#1091=EDGE_LOOP('',(#6510,#6511,#6512,#6513,#6514,#6515,#6516,#6517,#6518,
#6519,#6520,#6521,#6522,#6523,#6524,#6525,#6526,#6527,#6528,#6529));
#1092=EDGE_LOOP('',(#6530,#6531,#6532,#6533,#6534,#6535,#6536,#6537,#6538,
#6539,#6540,#6541,#6542));
#1093=EDGE_LOOP('',(#6543,#6544,#6545,#6546,#6547,#6548,#6549,#6550,#6551,
#6552,#6553,#6554,#6555,#6556,#6557));
#1094=EDGE_LOOP('',(#6558,#6559,#6560,#6561,#6562,#6563,#6564,#6565,#6566,
#6567,#6568,#6569,#6570,#6571,#6572,#6573,#6574,#6575));
#1095=EDGE_LOOP('',(#6576,#6577,#6578,#6579,#6580,#6581,#6582,#6583,#6584,
#6585,#6586,#6587,#6588,#6589,#6590,#6591,#6592,#6593,#6594,#6595,#6596,
#6597,#6598,#6599,#6600,#6601,#6602));
#1096=EDGE_LOOP('',(#6603,#6604,#6605,#6606));
#1097=EDGE_LOOP('',(#6607,#6608,#6609,#6610,#6611,#6612,#6613,#6614,#6615,
#6616,#6617,#6618,#6619,#6620,#6621,#6622,#6623,#6624,#6625,#6626,#6627,
#6628,#6629,#6630,#6631,#6632,#6633,#6634,#6635,#6636,#6637,#6638,#6639,
#6640,#6641));
#1098=EDGE_LOOP('',(#6642,#6643,#6644,#6645,#6646,#6647,#6648,#6649,#6650,
#6651,#6652,#6653,#6654,#6655,#6656,#6657,#6658,#6659,#6660,#6661,#6662,
#6663,#6664,#6665,#6666,#6667,#6668,#6669,#6670,#6671));
#1099=EDGE_LOOP('',(#6672,#6673,#6674,#6675,#6676,#6677,#6678,#6679,#6680,
#6681,#6682,#6683,#6684,#6685,#6686,#6687,#6688,#6689,#6690,#6691,#6692,
#6693));
#1100=EDGE_LOOP('',(#6694,#6695,#6696,#6697,#6698,#6699,#6700,#6701,#6702,
#6703,#6704,#6705));
#1101=EDGE_LOOP('',(#6706,#6707,#6708,#6709));
#1102=EDGE_LOOP('',(#6710,#6711,#6712,#6713,#6714,#6715,#6716,#6717,#6718,
#6719,#6720));
#1103=EDGE_LOOP('',(#6721,#6722,#6723,#6724));
#1104=EDGE_LOOP('',(#6725,#6726,#6727,#6728,#6729,#6730,#6731,#6732,#6733,
#6734,#6735,#6736,#6737,#6738,#6739,#6740,#6741));
#1105=EDGE_LOOP('',(#6742,#6743,#6744,#6745,#6746,#6747,#6748,#6749,#6750,
#6751,#6752,#6753,#6754,#6755,#6756));
#1106=EDGE_LOOP('',(#6757,#6758,#6759,#6760));
#1107=EDGE_LOOP('',(#6761,#6762,#6763,#6764,#6765));
#1108=EDGE_LOOP('',(#6766,#6767,#6768,#6769,#6770,#6771,#6772,#6773,#6774,
#6775));
#1109=EDGE_LOOP('',(#6776,#6777,#6778,#6779,#6780,#6781,#6782,#6783));
#1110=EDGE_LOOP('',(#6784,#6785,#6786,#6787));
#1111=EDGE_LOOP('',(#6788,#6789,#6790,#6791));
#1112=EDGE_LOOP('',(#6792,#6793,#6794));
#1113=EDGE_LOOP('',(#6795,#6796,#6797,#6798));
#1114=EDGE_LOOP('',(#6799,#6800,#6801));
#1115=EDGE_LOOP('',(#6802,#6803,#6804,#6805));
#1116=EDGE_LOOP('',(#6806,#6807,#6808));
#1117=EDGE_LOOP('',(#6809,#6810,#6811));
#1118=EDGE_LOOP('',(#6812,#6813,#6814,#6815));
#1119=EDGE_LOOP('',(#6816,#6817,#6818,#6819));
#1120=EDGE_LOOP('',(#6820,#6821,#6822,#6823));
#1121=EDGE_LOOP('',(#6824,#6825,#6826,#6827));
#1122=EDGE_LOOP('',(#6828,#6829,#6830,#6831));
#1123=EDGE_LOOP('',(#6832,#6833,#6834,#6835,#6836,#6837,#6838,#6839));
#1124=EDGE_LOOP('',(#6840));
#1125=EDGE_LOOP('',(#6841));
#1126=EDGE_LOOP('',(#6842));
#1127=EDGE_LOOP('',(#6843));
#1128=EDGE_LOOP('',(#6844,#6845,#6846,#6847,#6848,#6849,#6850,#6851));
#1129=EDGE_LOOP('',(#6852,#6853,#6854,#6855));
#1130=EDGE_LOOP('',(#6856,#6857,#6858,#6859));
#1131=EDGE_LOOP('',(#6860,#6861,#6862,#6863));
#1132=EDGE_LOOP('',(#6864,#6865,#6866,#6867));
#1133=EDGE_LOOP('',(#6868,#6869,#6870,#6871));
#1134=EDGE_LOOP('',(#6872,#6873,#6874,#6875));
#1135=EDGE_LOOP('',(#6876));
#1136=EDGE_LOOP('',(#6877,#6878,#6879,#6880));
#1137=EDGE_LOOP('',(#6881,#6882,#6883,#6884));
#1138=EDGE_LOOP('',(#6885));
#1139=EDGE_LOOP('',(#6886,#6887,#6888,#6889));
#1140=EDGE_LOOP('',(#6890,#6891,#6892,#6893));
#1141=EDGE_LOOP('',(#6894));
#1142=EDGE_LOOP('',(#6895,#6896,#6897,#6898));
#1143=EDGE_LOOP('',(#6899,#6900,#6901,#6902));
#1144=EDGE_LOOP('',(#6903));
#1145=EDGE_LOOP('',(#6904,#6905,#6906,#6907));
#1146=EDGE_LOOP('',(#6908,#6909,#6910,#6911));
#1147=EDGE_LOOP('',(#6912,#6913,#6914,#6915));
#1148=EDGE_LOOP('',(#6916,#6917,#6918,#6919));
#1149=EDGE_LOOP('',(#6920,#6921,#6922,#6923));
#1150=EDGE_LOOP('',(#6924,#6925,#6926,#6927));
#1151=EDGE_LOOP('',(#6928,#6929,#6930,#6931));
#1152=EDGE_LOOP('',(#6932,#6933,#6934,#6935));
#1153=EDGE_LOOP('',(#6936,#6937,#6938,#6939,#6940,#6941,#6942,#6943));
#1154=EDGE_LOOP('',(#6944,#6945,#6946,#6947));
#1155=EDGE_LOOP('',(#6948,#6949,#6950,#6951));
#1156=EDGE_LOOP('',(#6952,#6953,#6954,#6955));
#1157=B_SPLINE_CURVE_WITH_KNOTS('',3,(#8898,#8899,#8900,#8901,#8902),
 .UNSPECIFIED.,.F.,.F.,(4,1,4),(0.,0.0527121038674479,0.125013698655177),
 .UNSPECIFIED.);
#1158=B_SPLINE_CURVE_WITH_KNOTS('',3,(#8904,#8905,#8906,#8907,#8908),
 .UNSPECIFIED.,.F.,.F.,(4,1,4),(0.,0.0477953073089095,0.0939915102741036),
 .UNSPECIFIED.);
#1159=B_SPLINE_CURVE_WITH_KNOTS('',3,(#8910,#8911,#8912,#8913,#8914),
 .UNSPECIFIED.,.F.,.F.,(4,1,4),(0.,0.0276027084702946,0.0562767929712902),
 .UNSPECIFIED.);
#1160=B_SPLINE_CURVE_WITH_KNOTS('',3,(#8916,#8917,#8918,#8919,#8920),
 .UNSPECIFIED.,.F.,.F.,(4,1,4),(0.,0.0244273447231646,0.0506066747645509),
 .UNSPECIFIED.);
#1161=B_SPLINE_CURVE_WITH_KNOTS('',3,(#8922,#8923,#8924,#8925,#8926),
 .UNSPECIFIED.,.F.,.F.,(4,1,4),(0.,0.0280028666700635,0.05312698794392),
 .UNSPECIFIED.);
#1162=B_SPLINE_CURVE_WITH_KNOTS('',3,(#8928,#8929,#8930,#8931,#8932),
 .UNSPECIFIED.,.F.,.F.,(4,1,4),(0.,0.0351425252127339,0.0610179249057739),
 .UNSPECIFIED.);
#1163=B_SPLINE_CURVE_WITH_KNOTS('',3,(#8942,#8943,#8944,#8945,#8946),
 .UNSPECIFIED.,.F.,.F.,(4,1,4),(0.,0.0192164411994461,0.0495840698926577),
 .UNSPECIFIED.);
#1164=B_SPLINE_CURVE_WITH_KNOTS('',3,(#8948,#8949,#8950,#8951,#8952),
 .UNSPECIFIED.,.F.,.F.,(4,1,4),(0.,0.0208854088577687,0.0415599379814361),
 .UNSPECIFIED.);
#1165=B_SPLINE_CURVE_WITH_KNOTS('',3,(#8954,#8955,#8956,#8957,#8958),
 .UNSPECIFIED.,.F.,.F.,(4,1,4),(0.,0.0235096168834065,0.045368916941783),
 .UNSPECIFIED.);
#1166=B_SPLINE_CURVE_WITH_KNOTS('',3,(#8960,#8961,#8962,#8963,#8964),
 .UNSPECIFIED.,.F.,.F.,(4,1,4),(0.,0.0281031249256627,0.0593354900190712),
 .UNSPECIFIED.);
#1167=B_SPLINE_CURVE_WITH_KNOTS('',3,(#8966,#8967,#8968,#8969,#8970),
 .UNSPECIFIED.,.F.,.F.,(4,1,4),(0.,0.0441199368341506,0.0764563928333372),
 .UNSPECIFIED.);
#1168=B_SPLINE_CURVE_WITH_KNOTS('',3,(#8995,#8996,#8997,#8998,#8999),
 .UNSPECIFIED.,.F.,.F.,(4,1,4),(0.,0.0527121038674479,0.125013698655177),
 .UNSPECIFIED.);
#1169=B_SPLINE_CURVE_WITH_KNOTS('',3,(#9012,#9013,#9014,#9015,#9016),
 .UNSPECIFIED.,.F.,.F.,(4,1,4),(0.,0.0477953073089095,0.0939915102741036),
 .UNSPECIFIED.);
#1170=B_SPLINE_CURVE_WITH_KNOTS('',3,(#9029,#9030,#9031,#9032,#9033),
 .UNSPECIFIED.,.F.,.F.,(4,1,4),(0.,0.0276027084702946,0.0562767929712902),
 .UNSPECIFIED.);
#1171=B_SPLINE_CURVE_WITH_KNOTS('',3,(#9046,#9047,#9048,#9049,#9050),
 .UNSPECIFIED.,.F.,.F.,(4,1,4),(0.,0.0244273447231646,0.0506066747645509),
 .UNSPECIFIED.);
#1172=B_SPLINE_CURVE_WITH_KNOTS('',3,(#9063,#9064,#9065,#9066,#9067),
 .UNSPECIFIED.,.F.,.F.,(4,1,4),(0.,0.0280028666700635,0.05312698794392),
 .UNSPECIFIED.);
#1173=B_SPLINE_CURVE_WITH_KNOTS('',3,(#9080,#9081,#9082,#9083,#9084),
 .UNSPECIFIED.,.F.,.F.,(4,1,4),(0.,0.0351425252127339,0.0610179249057739),
 .UNSPECIFIED.);
#1174=B_SPLINE_CURVE_WITH_KNOTS('',3,(#9113,#9114,#9115,#9116,#9117),
 .UNSPECIFIED.,.F.,.F.,(4,1,4),(0.,0.0192164411994461,0.0495840698926577),
 .UNSPECIFIED.);
#1175=B_SPLINE_CURVE_WITH_KNOTS('',3,(#9130,#9131,#9132,#9133,#9134),
 .UNSPECIFIED.,.F.,.F.,(4,1,4),(0.,0.0208854088577687,0.0415599379814361),
 .UNSPECIFIED.);
#1176=B_SPLINE_CURVE_WITH_KNOTS('',3,(#9147,#9148,#9149,#9150,#9151),
 .UNSPECIFIED.,.F.,.F.,(4,1,4),(0.,0.0235096168834065,0.045368916941783),
 .UNSPECIFIED.);
#1177=B_SPLINE_CURVE_WITH_KNOTS('',3,(#9164,#9165,#9166,#9167,#9168),
 .UNSPECIFIED.,.F.,.F.,(4,1,4),(0.,0.0281031249256627,0.0593354900190712),
 .UNSPECIFIED.);
#1178=B_SPLINE_CURVE_WITH_KNOTS('',3,(#9181,#9182,#9183,#9184,#9185),
 .UNSPECIFIED.,.F.,.F.,(4,1,4),(0.,0.0441199368341506,0.0764563928333372),
 .UNSPECIFIED.);
#1179=B_SPLINE_CURVE_WITH_KNOTS('',3,(#9264,#9265,#9266,#9267,#9268),
 .UNSPECIFIED.,.F.,.F.,(4,1,4),(0.,0.0283234464994176,0.0675609867122167),
 .UNSPECIFIED.);
#1180=B_SPLINE_CURVE_WITH_KNOTS('',3,(#9270,#9271,#9272,#9273,#9274),
 .UNSPECIFIED.,.F.,.F.,(4,1,4),(0.,0.0363904066223567,0.0622139167637748),
 .UNSPECIFIED.);
#1181=B_SPLINE_CURVE_WITH_KNOTS('',3,(#9331,#9332,#9333,#9334,#9335),
 .UNSPECIFIED.,.F.,.F.,(4,1,4),(0.,0.0283234464994176,0.0675609867122167),
 .UNSPECIFIED.);
#1182=B_SPLINE_CURVE_WITH_KNOTS('',3,(#9348,#9349,#9350,#9351,#9352),
 .UNSPECIFIED.,.F.,.F.,(4,1,4),(0.,0.0363904066223567,0.0622139167637748),
 .UNSPECIFIED.);
#1183=B_SPLINE_CURVE_WITH_KNOTS('',3,(#9373,#9374,#9375,#9376,#9377),
 .UNSPECIFIED.,.F.,.F.,(4,1,4),(0.,0.0183735155814206,0.0370708595158056),
 .UNSPECIFIED.);
#1184=B_SPLINE_CURVE_WITH_KNOTS('',3,(#9379,#9380,#9381,#9382,#9383),
 .UNSPECIFIED.,.F.,.F.,(4,1,4),(0.,0.0559058988317474,0.0867257703865233),
 .UNSPECIFIED.);
#1185=B_SPLINE_CURVE_WITH_KNOTS('',3,(#9387,#9388,#9389,#9390,#9391),
 .UNSPECIFIED.,.F.,.F.,(4,1,4),(0.,0.0176950326161023,0.0453962406627712),
 .UNSPECIFIED.);
#1186=B_SPLINE_CURVE_WITH_KNOTS('',3,(#9393,#9394,#9395,#9396,#9397),
 .UNSPECIFIED.,.F.,.F.,(4,1,4),(0.,0.0176137334796862,0.0370171658301828),
 .UNSPECIFIED.);
#1187=B_SPLINE_CURVE_WITH_KNOTS('',3,(#9399,#9400,#9401,#9402,#9403),
 .UNSPECIFIED.,.F.,.F.,(4,1,4),(0.,0.0224072278030456,0.0409042307547891),
 .UNSPECIFIED.);
#1188=B_SPLINE_CURVE_WITH_KNOTS('',3,(#9405,#9406,#9407,#9408,#9409),
 .UNSPECIFIED.,.F.,.F.,(4,1,4),(0.,0.0336997078729892,0.0611630173404577),
 .UNSPECIFIED.);
#1189=B_SPLINE_CURVE_WITH_KNOTS('',3,(#9411,#9412,#9413,#9414,#9415),
 .UNSPECIFIED.,.F.,.F.,(4,1,4),(0.,0.0315742970205951,0.0667969118642472),
 .UNSPECIFIED.);
#1190=B_SPLINE_CURVE_WITH_KNOTS('',3,(#9417,#9418,#9419,#9420,#9421),
 .UNSPECIFIED.,.F.,.F.,(4,1,4),(0.,0.0248651218638841,0.0528085112205339),
 .UNSPECIFIED.);
#1191=B_SPLINE_CURVE_WITH_KNOTS('',3,(#9423,#9424,#9425,#9426,#9427),
 .UNSPECIFIED.,.F.,.F.,(4,1,4),(0.,0.0291805166899329,0.0546197307810066),
 .UNSPECIFIED.);
#1192=B_SPLINE_CURVE_WITH_KNOTS('',3,(#9431,#9432,#9433,#9434,#9435),
 .UNSPECIFIED.,.F.,.F.,(4,1,4),(0.,0.0221111108931097,0.0501388980776308),
 .UNSPECIFIED.);
#1193=B_SPLINE_CURVE_WITH_KNOTS('',3,(#9437,#9438,#9439,#9440,#9441),
 .UNSPECIFIED.,.F.,.F.,(4,1,4),(0.,0.0302685536920279,0.0531980550078259),
 .UNSPECIFIED.);
#1194=B_SPLINE_CURVE_WITH_KNOTS('',3,(#9443,#9444,#9445,#9446,#9447),
 .UNSPECIFIED.,.F.,.F.,(4,1,4),(0.,0.0265187624123591,0.0593212642438821),
 .UNSPECIFIED.);
#1195=B_SPLINE_CURVE_WITH_KNOTS('',3,(#9449,#9450,#9451,#9452,#9453),
 .UNSPECIFIED.,.F.,.F.,(4,1,4),(0.,0.0258152924767853,0.0455185033807595),
 .UNSPECIFIED.);
#1196=B_SPLINE_CURVE_WITH_KNOTS('',3,(#9455,#9456,#9457,#9458,#9459),
 .UNSPECIFIED.,.F.,.F.,(4,1,4),(0.,0.0082562907233126,0.0128270451155165),
 .UNSPECIFIED.);
#1197=B_SPLINE_CURVE_WITH_KNOTS('',3,(#9461,#9462,#9463,#9464,#9465),
 .UNSPECIFIED.,.F.,.F.,(4,1,4),(0.,0.0522193611043987,0.0893114045672862),
 .UNSPECIFIED.);
#1198=B_SPLINE_CURVE_WITH_KNOTS('',3,(#9467,#9468,#9469,#9470,#9471),
 .UNSPECIFIED.,.F.,.F.,(4,1,4),(0.,0.0185284106028575,0.0442949195771079),
 .UNSPECIFIED.);
#1199=B_SPLINE_CURVE_WITH_KNOTS('',3,(#9473,#9474,#9475,#9476,#9477),
 .UNSPECIFIED.,.F.,.F.,(4,1,4),(0.,0.0191177701139319,0.0389585807582535),
 .UNSPECIFIED.);
#1200=B_SPLINE_CURVE_WITH_KNOTS('',3,(#9479,#9480,#9481,#9482,#9483),
 .UNSPECIFIED.,.F.,.F.,(4,1,4),(0.,0.0194079448516301,0.0382384402426811),
 .UNSPECIFIED.);
#1201=B_SPLINE_CURVE_WITH_KNOTS('',3,(#9485,#9486,#9487,#9488,#9489),
 .UNSPECIFIED.,.F.,.F.,(4,1,4),(0.,0.0205050030536786,0.0403986720966813),
 .UNSPECIFIED.);
#1202=B_SPLINE_CURVE_WITH_KNOTS('',3,(#9491,#9492,#9493,#9494,#9495),
 .UNSPECIFIED.,.F.,.F.,(4,1,4),(0.,0.0328013822304186,0.0664667821824066),
 .UNSPECIFIED.);
#1203=B_SPLINE_CURVE_WITH_KNOTS('',3,(#9497,#9498,#9499,#9500,#9501),
 .UNSPECIFIED.,.F.,.F.,(4,1,4),(0.,0.0426246371988906,0.0783723601086974),
 .UNSPECIFIED.);
#1204=B_SPLINE_CURVE_WITH_KNOTS('',3,(#9503,#9504,#9505,#9506,#9507),
 .UNSPECIFIED.,.F.,.F.,(4,1,4),(0.,0.0271223684385327,0.0552253920309632),
 .UNSPECIFIED.);
#1205=B_SPLINE_CURVE_WITH_KNOTS('',3,(#9509,#9510,#9511,#9512,#9513),
 .UNSPECIFIED.,.F.,.F.,(4,1,4),(0.,0.0332887391726965,0.0621166724835876),
 .UNSPECIFIED.);
#1206=B_SPLINE_CURVE_WITH_KNOTS('',3,(#9514,#9515,#9516,#9517,#9518),
 .UNSPECIFIED.,.F.,.F.,(4,1,4),(0.,0.0177239024305477,0.037217178999239),
 .UNSPECIFIED.);
#1207=B_SPLINE_CURVE_WITH_KNOTS('',3,(#9521,#9522,#9523,#9524,#9525),
 .UNSPECIFIED.,.F.,.F.,(4,1,4),(0.,0.0214380650765451,0.0500195573265714),
 .UNSPECIFIED.);
#1208=B_SPLINE_CURVE_WITH_KNOTS('',3,(#9527,#9528,#9529,#9530,#9531),
 .UNSPECIFIED.,.F.,.F.,(4,1,4),(0.,0.0241555888394598,0.0475706723909009),
 .UNSPECIFIED.);
#1209=B_SPLINE_CURVE_WITH_KNOTS('',3,(#9533,#9534,#9535,#9536,#9537),
 .UNSPECIFIED.,.F.,.F.,(4,1,4),(0.,0.0269866768089087,0.0524220248347571),
 .UNSPECIFIED.);
#1210=B_SPLINE_CURVE_WITH_KNOTS('',3,(#9539,#9540,#9541,#9542,#9543),
 .UNSPECIFIED.,.F.,.F.,(4,1,4),(0.,0.0207829016878365,0.0461993375419814),
 .UNSPECIFIED.);
#1211=B_SPLINE_CURVE_WITH_KNOTS('',3,(#9545,#9546,#9547,#9548,#9549),
 .UNSPECIFIED.,.F.,.F.,(4,1,4),(0.,0.018387899190619,0.0368669389820861),
 .UNSPECIFIED.);
#1212=B_SPLINE_CURVE_WITH_KNOTS('',3,(#9551,#9552,#9553,#9554,#9555),
 .UNSPECIFIED.,.F.,.F.,(4,1,4),(0.,0.0122082103953132,0.0245706190045771),
 .UNSPECIFIED.);
#1213=B_SPLINE_CURVE_WITH_KNOTS('',3,(#9557,#9558,#9559,#9560,#9561),
 .UNSPECIFIED.,.F.,.F.,(4,1,4),(0.,0.0129911732504478,0.0253828800431633),
 .UNSPECIFIED.);
#1214=B_SPLINE_CURVE_WITH_KNOTS('',3,(#9563,#9564,#9565,#9566,#9567),
 .UNSPECIFIED.,.F.,.F.,(4,1,4),(0.,0.0262654692383923,0.0440239838301057),
 .UNSPECIFIED.);
#1215=B_SPLINE_CURVE_WITH_KNOTS('',3,(#9569,#9570,#9571,#9572,#9573),
 .UNSPECIFIED.,.F.,.F.,(4,1,4),(0.,0.0349156652638041,0.0824679818184354),
 .UNSPECIFIED.);
#1216=B_SPLINE_CURVE_WITH_KNOTS('',3,(#9592,#9593,#9594,#9595,#9596),
 .UNSPECIFIED.,.F.,.F.,(4,1,4),(0.,0.0183735155814206,0.0370708595158056),
 .UNSPECIFIED.);
#1217=B_SPLINE_CURVE_WITH_KNOTS('',3,(#9609,#9610,#9611,#9612,#9613),
 .UNSPECIFIED.,.F.,.F.,(4,1,4),(0.,0.0559058988317474,0.0867257703865233),
 .UNSPECIFIED.);
#1218=B_SPLINE_CURVE_WITH_KNOTS('',3,(#9630,#9631,#9632,#9633,#9634),
 .UNSPECIFIED.,.F.,.F.,(4,1,4),(0.,0.0176950326161023,0.0453962406627712),
 .UNSPECIFIED.);
#1219=B_SPLINE_CURVE_WITH_KNOTS('',3,(#9647,#9648,#9649,#9650,#9651),
 .UNSPECIFIED.,.F.,.F.,(4,1,4),(0.,0.0176137334796862,0.0370171658301828),
 .UNSPECIFIED.);
#1220=B_SPLINE_CURVE_WITH_KNOTS('',3,(#9664,#9665,#9666,#9667,#9668),
 .UNSPECIFIED.,.F.,.F.,(4,1,4),(0.,0.0224072278030456,0.0409042307547891),
 .UNSPECIFIED.);
#1221=B_SPLINE_CURVE_WITH_KNOTS('',3,(#9681,#9682,#9683,#9684,#9685),
 .UNSPECIFIED.,.F.,.F.,(4,1,4),(0.,0.0336997078729892,0.0611630173404577),
 .UNSPECIFIED.);
#1222=B_SPLINE_CURVE_WITH_KNOTS('',3,(#9698,#9699,#9700,#9701,#9702),
 .UNSPECIFIED.,.F.,.F.,(4,1,4),(0.,0.0315742970205951,0.0667969118642472),
 .UNSPECIFIED.);
#1223=B_SPLINE_CURVE_WITH_KNOTS('',3,(#9715,#9716,#9717,#9718,#9719),
 .UNSPECIFIED.,.F.,.F.,(4,1,4),(0.,0.0248651218638841,0.0528085112205339),
 .UNSPECIFIED.);
#1224=B_SPLINE_CURVE_WITH_KNOTS('',3,(#9732,#9733,#9734,#9735,#9736),
 .UNSPECIFIED.,.F.,.F.,(4,1,4),(0.,0.0291805166899329,0.0546197307810066),
 .UNSPECIFIED.);
#1225=B_SPLINE_CURVE_WITH_KNOTS('',3,(#9753,#9754,#9755,#9756,#9757),
 .UNSPECIFIED.,.F.,.F.,(4,1,4),(0.,0.0221111108931097,0.0501388980776308),
 .UNSPECIFIED.);
#1226=B_SPLINE_CURVE_WITH_KNOTS('',3,(#9770,#9771,#9772,#9773,#9774),
 .UNSPECIFIED.,.F.,.F.,(4,1,4),(0.,0.0302685536920279,0.0531980550078259),
 .UNSPECIFIED.);
#1227=B_SPLINE_CURVE_WITH_KNOTS('',3,(#9787,#9788,#9789,#9790,#9791),
 .UNSPECIFIED.,.F.,.F.,(4,1,4),(0.,0.0265187624123591,0.0593212642438821),
 .UNSPECIFIED.);
#1228=B_SPLINE_CURVE_WITH_KNOTS('',3,(#9804,#9805,#9806,#9807,#9808),
 .UNSPECIFIED.,.F.,.F.,(4,1,4),(0.,0.0258152924767853,0.0455185033807595),
 .UNSPECIFIED.);
#1229=B_SPLINE_CURVE_WITH_KNOTS('',3,(#9821,#9822,#9823,#9824,#9825),
 .UNSPECIFIED.,.F.,.F.,(4,1,4),(0.,0.0082562907233126,0.0128270451155165),
 .UNSPECIFIED.);
#1230=B_SPLINE_CURVE_WITH_KNOTS('',3,(#9838,#9839,#9840,#9841,#9842),
 .UNSPECIFIED.,.F.,.F.,(4,1,4),(0.,0.0522193611043987,0.0893114045672862),
 .UNSPECIFIED.);
#1231=B_SPLINE_CURVE_WITH_KNOTS('',3,(#9855,#9856,#9857,#9858,#9859),
 .UNSPECIFIED.,.F.,.F.,(4,1,4),(0.,0.0185284106028575,0.0442949195771079),
 .UNSPECIFIED.);
#1232=B_SPLINE_CURVE_WITH_KNOTS('',3,(#9872,#9873,#9874,#9875,#9876),
 .UNSPECIFIED.,.F.,.F.,(4,1,4),(0.,0.0191177701139319,0.0389585807582535),
 .UNSPECIFIED.);
#1233=B_SPLINE_CURVE_WITH_KNOTS('',3,(#9889,#9890,#9891,#9892,#9893),
 .UNSPECIFIED.,.F.,.F.,(4,1,4),(0.,0.0194079448516301,0.0382384402426811),
 .UNSPECIFIED.);
#1234=B_SPLINE_CURVE_WITH_KNOTS('',3,(#9906,#9907,#9908,#9909,#9910),
 .UNSPECIFIED.,.F.,.F.,(4,1,4),(0.,0.0205050030536786,0.0403986720966813),
 .UNSPECIFIED.);
#1235=B_SPLINE_CURVE_WITH_KNOTS('',3,(#9923,#9924,#9925,#9926,#9927),
 .UNSPECIFIED.,.F.,.F.,(4,1,4),(0.,0.0328013822304186,0.0664667821824066),
 .UNSPECIFIED.);
#1236=B_SPLINE_CURVE_WITH_KNOTS('',3,(#9940,#9941,#9942,#9943,#9944),
 .UNSPECIFIED.,.F.,.F.,(4,1,4),(0.,0.0426246371988906,0.0783723601086974),
 .UNSPECIFIED.);
#1237=B_SPLINE_CURVE_WITH_KNOTS('',3,(#9957,#9958,#9959,#9960,#9961),
 .UNSPECIFIED.,.F.,.F.,(4,1,4),(0.,0.0271223684385327,0.0552253920309632),
 .UNSPECIFIED.);
#1238=B_SPLINE_CURVE_WITH_KNOTS('',3,(#9974,#9975,#9976,#9977,#9978),
 .UNSPECIFIED.,.F.,.F.,(4,1,4),(0.,0.0332887391726965,0.0621166724835876),
 .UNSPECIFIED.);
#1239=B_SPLINE_CURVE_WITH_KNOTS('',3,(#9990,#9991,#9992,#9993,#9994),
 .UNSPECIFIED.,.F.,.F.,(4,1,4),(0.,0.0177239024305477,0.037217178999239),
 .UNSPECIFIED.);
#1240=B_SPLINE_CURVE_WITH_KNOTS('',3,(#10008,#10009,#10010,#10011,#10012),
 .UNSPECIFIED.,.F.,.F.,(4,1,4),(0.,0.0214380650765451,0.0500195573265714),
 .UNSPECIFIED.);
#1241=B_SPLINE_CURVE_WITH_KNOTS('',3,(#10025,#10026,#10027,#10028,#10029),
 .UNSPECIFIED.,.F.,.F.,(4,1,4),(0.,0.0241555888394598,0.0475706723909009),
 .UNSPECIFIED.);
#1242=B_SPLINE_CURVE_WITH_KNOTS('',3,(#10042,#10043,#10044,#10045,#10046),
 .UNSPECIFIED.,.F.,.F.,(4,1,4),(0.,0.0269866768089087,0.0524220248347571),
 .UNSPECIFIED.);
#1243=B_SPLINE_CURVE_WITH_KNOTS('',3,(#10059,#10060,#10061,#10062,#10063),
 .UNSPECIFIED.,.F.,.F.,(4,1,4),(0.,0.0207829016878365,0.0461993375419814),
 .UNSPECIFIED.);
#1244=B_SPLINE_CURVE_WITH_KNOTS('',3,(#10076,#10077,#10078,#10079,#10080),
 .UNSPECIFIED.,.F.,.F.,(4,1,4),(0.,0.018387899190619,0.0368669389820861),
 .UNSPECIFIED.);
#1245=B_SPLINE_CURVE_WITH_KNOTS('',3,(#10093,#10094,#10095,#10096,#10097),
 .UNSPECIFIED.,.F.,.F.,(4,1,4),(0.,0.0122082103953132,0.0245706190045771),
 .UNSPECIFIED.);
#1246=B_SPLINE_CURVE_WITH_KNOTS('',3,(#10110,#10111,#10112,#10113,#10114),
 .UNSPECIFIED.,.F.,.F.,(4,1,4),(0.,0.0129911732504478,0.0253828800431633),
 .UNSPECIFIED.);
#1247=B_SPLINE_CURVE_WITH_KNOTS('',3,(#10127,#10128,#10129,#10130,#10131),
 .UNSPECIFIED.,.F.,.F.,(4,1,4),(0.,0.0262654692383923,0.0440239838301057),
 .UNSPECIFIED.);
#1248=B_SPLINE_CURVE_WITH_KNOTS('',3,(#10144,#10145,#10146,#10147,#10148),
 .UNSPECIFIED.,.F.,.F.,(4,1,4),(0.,0.0349156652638041,0.0824679818184354),
 .UNSPECIFIED.);
#1249=B_SPLINE_CURVE_WITH_KNOTS('',3,(#10155,#10156,#10157,#10158,#10159),
 .UNSPECIFIED.,.F.,.F.,(4,1,4),(0.,0.0204051936803876,0.0424160497988744),
 .UNSPECIFIED.);
#1250=B_SPLINE_CURVE_WITH_KNOTS('',3,(#10161,#10162,#10163,#10164,#10165),
 .UNSPECIFIED.,.F.,.F.,(4,1,4),(0.,0.02530385633669,0.0469111608656435),
 .UNSPECIFIED.);
#1251=B_SPLINE_CURVE_WITH_KNOTS('',3,(#10167,#10168,#10169,#10170,#10171),
 .UNSPECIFIED.,.F.,.F.,(4,1,4),(0.,0.0432838345379003,0.0713306421102311),
 .UNSPECIFIED.);
#1252=B_SPLINE_CURVE_WITH_KNOTS('',3,(#10179,#10180,#10181,#10182,#10183),
 .UNSPECIFIED.,.F.,.F.,(4,1,4),(0.,0.0346878293082655,0.069071684132192),
 .UNSPECIFIED.);
#1253=B_SPLINE_CURVE_WITH_KNOTS('',3,(#10185,#10186,#10187,#10188,#10189),
 .UNSPECIFIED.,.F.,.F.,(4,1,4),(0.,0.0345784946842402,0.0703522312602921),
 .UNSPECIFIED.);
#1254=B_SPLINE_CURVE_WITH_KNOTS('',3,(#10197,#10198,#10199,#10200,#10201),
 .UNSPECIFIED.,.F.,.F.,(4,1,4),(0.,0.00535027900994076,0.0127751869194619),
 .UNSPECIFIED.);
#1255=B_SPLINE_CURVE_WITH_KNOTS('',3,(#10203,#10204,#10205,#10206,#10207),
 .UNSPECIFIED.,.F.,.F.,(4,1,4),(0.,0.0141883824274874,0.0395526234597837),
 .UNSPECIFIED.);
#1256=B_SPLINE_CURVE_WITH_KNOTS('',3,(#10209,#10210,#10211,#10212,#10213),
 .UNSPECIFIED.,.F.,.F.,(4,1,4),(0.,0.0110785017058951,0.022371582063201),
 .UNSPECIFIED.);
#1257=B_SPLINE_CURVE_WITH_KNOTS('',3,(#10215,#10216,#10217,#10218,#10219),
 .UNSPECIFIED.,.F.,.F.,(4,1,4),(0.,0.0147969391956925,0.0269656607082923),
 .UNSPECIFIED.);
#1258=B_SPLINE_CURVE_WITH_KNOTS('',3,(#10221,#10222,#10223,#10224,#10225),
 .UNSPECIFIED.,.F.,.F.,(4,1,4),(0.,0.0154265571520877,0.0285008136032088),
 .UNSPECIFIED.);
#1259=B_SPLINE_CURVE_WITH_KNOTS('',3,(#10228,#10229,#10230,#10231,#10232),
 .UNSPECIFIED.,.F.,.F.,(4,1,4),(0.,0.0150816266886842,0.0323237639118285),
 .UNSPECIFIED.);
#1260=B_SPLINE_CURVE_WITH_KNOTS('',3,(#10246,#10247,#10248,#10249,#10250),
 .UNSPECIFIED.,.F.,.F.,(4,1,4),(0.,0.0204051936803876,0.0424160497988744),
 .UNSPECIFIED.);
#1261=B_SPLINE_CURVE_WITH_KNOTS('',3,(#10263,#10264,#10265,#10266,#10267),
 .UNSPECIFIED.,.F.,.F.,(4,1,4),(0.,0.02530385633669,0.0469111608656435),
 .UNSPECIFIED.);
#1262=B_SPLINE_CURVE_WITH_KNOTS('',3,(#10280,#10281,#10282,#10283,#10284),
 .UNSPECIFIED.,.F.,.F.,(4,1,4),(0.,0.0432838345379003,0.0713306421102311),
 .UNSPECIFIED.);
#1263=B_SPLINE_CURVE_WITH_KNOTS('',3,(#10309,#10310,#10311,#10312,#10313),
 .UNSPECIFIED.,.F.,.F.,(4,1,4),(0.,0.0346878293082655,0.069071684132192),
 .UNSPECIFIED.);
#1264=B_SPLINE_CURVE_WITH_KNOTS('',3,(#10326,#10327,#10328,#10329,#10330),
 .UNSPECIFIED.,.F.,.F.,(4,1,4),(0.,0.0345784946842402,0.0703522312602921),
 .UNSPECIFIED.);
#1265=B_SPLINE_CURVE_WITH_KNOTS('',3,(#10355,#10356,#10357,#10358,#10359),
 .UNSPECIFIED.,.F.,.F.,(4,1,4),(0.,0.00535027900994076,0.0127751869194619),
 .UNSPECIFIED.);
#1266=B_SPLINE_CURVE_WITH_KNOTS('',3,(#10372,#10373,#10374,#10375,#10376),
 .UNSPECIFIED.,.F.,.F.,(4,1,4),(0.,0.0141883824274874,0.0395526234597837),
 .UNSPECIFIED.);
#1267=B_SPLINE_CURVE_WITH_KNOTS('',3,(#10389,#10390,#10391,#10392,#10393),
 .UNSPECIFIED.,.F.,.F.,(4,1,4),(0.,0.0110785017058951,0.022371582063201),
 .UNSPECIFIED.);
#1268=B_SPLINE_CURVE_WITH_KNOTS('',3,(#10406,#10407,#10408,#10409,#10410),
 .UNSPECIFIED.,.F.,.F.,(4,1,4),(0.,0.0147969391956925,0.0269656607082923),
 .UNSPECIFIED.);
#1269=B_SPLINE_CURVE_WITH_KNOTS('',3,(#10423,#10424,#10425,#10426,#10427),
 .UNSPECIFIED.,.F.,.F.,(4,1,4),(0.,0.0154265571520877,0.0285008136032088),
 .UNSPECIFIED.);
#1270=B_SPLINE_CURVE_WITH_KNOTS('',3,(#10443,#10444,#10445,#10446,#10447),
 .UNSPECIFIED.,.F.,.F.,(4,1,4),(0.,0.0150816266886842,0.0323237639118285),
 .UNSPECIFIED.);
#1271=B_SPLINE_CURVE_WITH_KNOTS('',3,(#10451,#10452,#10453,#10454,#10455),
 .UNSPECIFIED.,.F.,.F.,(4,1,4),(0.,0.0252842313073017,0.0488957005277087),
 .UNSPECIFIED.);
#1272=B_SPLINE_CURVE_WITH_KNOTS('',3,(#10457,#10458,#10459,#10460,#10461),
 .UNSPECIFIED.,.F.,.F.,(4,1,4),(0.,0.0332666482840325,0.0671536179189188),
 .UNSPECIFIED.);
#1273=B_SPLINE_CURVE_WITH_KNOTS('',3,(#10463,#10464,#10465,#10466,#10467),
 .UNSPECIFIED.,.F.,.F.,(4,1,4),(0.,0.0429299418037572,0.0792076517842158),
 .UNSPECIFIED.);
#1274=B_SPLINE_CURVE_WITH_KNOTS('',3,(#10471,#10472,#10473,#10474,#10475),
 .UNSPECIFIED.,.F.,.F.,(4,1,4),(0.,0.00545746964608266,0.0131000363715094),
 .UNSPECIFIED.);
#1275=B_SPLINE_CURVE_WITH_KNOTS('',3,(#10477,#10478,#10479,#10480,#10481),
 .UNSPECIFIED.,.F.,.F.,(4,1,4),(0.,0.0550469421641391,0.11941978680549),
 .UNSPECIFIED.);
#1276=B_SPLINE_CURVE_WITH_KNOTS('',3,(#10483,#10484,#10485,#10486,#10487),
 .UNSPECIFIED.,.F.,.F.,(4,1,4),(0.,0.0537152007973912,0.105266624683932),
 .UNSPECIFIED.);
#1277=B_SPLINE_CURVE_WITH_KNOTS('',3,(#10489,#10490,#10491,#10492,#10493),
 .UNSPECIFIED.,.F.,.F.,(4,1,4),(0.,0.0527974734134886,0.108159557062982),
 .UNSPECIFIED.);
#1278=B_SPLINE_CURVE_WITH_KNOTS('',3,(#10495,#10496,#10497,#10498,#10499),
 .UNSPECIFIED.,.F.,.F.,(4,1,4),(0.,0.0656173282993632,0.121798354371619),
 .UNSPECIFIED.);
#1279=B_SPLINE_CURVE_WITH_KNOTS('',3,(#10501,#10502,#10503,#10504,#10505),
 .UNSPECIFIED.,.F.,.F.,(4,1,4),(0.,0.0547022688086526,0.118178769528921),
 .UNSPECIFIED.);
#1280=B_SPLINE_CURVE_WITH_KNOTS('',3,(#10507,#10508,#10509,#10510,#10511),
 .UNSPECIFIED.,.F.,.F.,(4,1,4),(0.,0.057826309167802,0.110581590721772),
 .UNSPECIFIED.);
#1281=B_SPLINE_CURVE_WITH_KNOTS('',3,(#10513,#10514,#10515,#10516,#10517),
 .UNSPECIFIED.,.F.,.F.,(4,1,4),(0.,0.0413048349477207,0.0876883554595969),
 .UNSPECIFIED.);
#1282=B_SPLINE_CURVE_WITH_KNOTS('',3,(#10519,#10520,#10521,#10522,#10523),
 .UNSPECIFIED.,.F.,.F.,(4,1,4),(0.,0.043046652902269,0.0833031887253784),
 .UNSPECIFIED.);
#1283=B_SPLINE_CURVE_WITH_KNOTS('',3,(#10526,#10527,#10528,#10529,#10530),
 .UNSPECIFIED.,.F.,.F.,(4,1,4),(0.,0.0251465698498555,0.0550736253697104),
 .UNSPECIFIED.);
#1284=B_SPLINE_CURVE_WITH_KNOTS('',3,(#10533,#10534,#10535,#10536,#10537),
 .UNSPECIFIED.,.F.,.F.,(4,1,4),(0.,0.0316497599369062,0.062497240995914),
 .UNSPECIFIED.);
#1285=B_SPLINE_CURVE_WITH_KNOTS('',3,(#10539,#10540,#10541,#10542,#10543),
 .UNSPECIFIED.,.F.,.F.,(4,1,4),(0.,0.0343354351531909,0.0689714218291539),
 .UNSPECIFIED.);
#1286=B_SPLINE_CURVE_WITH_KNOTS('',3,(#10545,#10546,#10547,#10548,#10549),
 .UNSPECIFIED.,.F.,.F.,(4,1,4),(0.,0.032601529304777,0.05854258712206),
 .UNSPECIFIED.);
#1287=B_SPLINE_CURVE_WITH_KNOTS('',3,(#10552,#10553,#10554,#10555,#10556),
 .UNSPECIFIED.,.F.,.F.,(4,1,4),(0.,0.0319546328390037,0.0668988291643964),
 .UNSPECIFIED.);
#1288=B_SPLINE_CURVE_WITH_KNOTS('',3,(#10570,#10571,#10572,#10573,#10574),
 .UNSPECIFIED.,.F.,.F.,(4,1,4),(0.,0.0252842313073017,0.0488957005277087),
 .UNSPECIFIED.);
#1289=B_SPLINE_CURVE_WITH_KNOTS('',3,(#10587,#10588,#10589,#10590,#10591),
 .UNSPECIFIED.,.F.,.F.,(4,1,4),(0.,0.0332666482840325,0.0671536179189188),
 .UNSPECIFIED.);
#1290=B_SPLINE_CURVE_WITH_KNOTS('',3,(#10604,#10605,#10606,#10607,#10608),
 .UNSPECIFIED.,.F.,.F.,(4,1,4),(0.,0.0429299418037572,0.0792076517842158),
 .UNSPECIFIED.);
#1291=B_SPLINE_CURVE_WITH_KNOTS('',3,(#10625,#10626,#10627,#10628,#10629),
 .UNSPECIFIED.,.F.,.F.,(4,1,4),(0.,0.00545746964608266,0.0131000363715094),
 .UNSPECIFIED.);
#1292=B_SPLINE_CURVE_WITH_KNOTS('',3,(#10642,#10643,#10644,#10645,#10646),
 .UNSPECIFIED.,.F.,.F.,(4,1,4),(0.,0.0550469421641391,0.11941978680549),
 .UNSPECIFIED.);
#1293=B_SPLINE_CURVE_WITH_KNOTS('',3,(#10659,#10660,#10661,#10662,#10663),
 .UNSPECIFIED.,.F.,.F.,(4,1,4),(0.,0.0537152007973912,0.105266624683932),
 .UNSPECIFIED.);
#1294=B_SPLINE_CURVE_WITH_KNOTS('',3,(#10676,#10677,#10678,#10679,#10680),
 .UNSPECIFIED.,.F.,.F.,(4,1,4),(0.,0.0527974734134886,0.108159557062982),
 .UNSPECIFIED.);
#1295=B_SPLINE_CURVE_WITH_KNOTS('',3,(#10693,#10694,#10695,#10696,#10697),
 .UNSPECIFIED.,.F.,.F.,(4,1,4),(0.,0.0656173282993632,0.121798354371619),
 .UNSPECIFIED.);
#1296=B_SPLINE_CURVE_WITH_KNOTS('',3,(#10710,#10711,#10712,#10713,#10714),
 .UNSPECIFIED.,.F.,.F.,(4,1,4),(0.,0.0547022688086526,0.118178769528921),
 .UNSPECIFIED.);
#1297=B_SPLINE_CURVE_WITH_KNOTS('',3,(#10727,#10728,#10729,#10730,#10731),
 .UNSPECIFIED.,.F.,.F.,(4,1,4),(0.,0.057826309167802,0.110581590721772),
 .UNSPECIFIED.);
#1298=B_SPLINE_CURVE_WITH_KNOTS('',3,(#10744,#10745,#10746,#10747,#10748),
 .UNSPECIFIED.,.F.,.F.,(4,1,4),(0.,0.0413048349477207,0.0876883554595969),
 .UNSPECIFIED.);
#1299=B_SPLINE_CURVE_WITH_KNOTS('',3,(#10761,#10762,#10763,#10764,#10765),
 .UNSPECIFIED.,.F.,.F.,(4,1,4),(0.,0.043046652902269,0.0833031887253784),
 .UNSPECIFIED.);
#1300=B_SPLINE_CURVE_WITH_KNOTS('',3,(#10781,#10782,#10783,#10784,#10785),
 .UNSPECIFIED.,.F.,.F.,(4,1,4),(0.,0.0251465698498555,0.0550736253697104),
 .UNSPECIFIED.);
#1301=B_SPLINE_CURVE_WITH_KNOTS('',3,(#10799,#10800,#10801,#10802,#10803),
 .UNSPECIFIED.,.F.,.F.,(4,1,4),(0.,0.0316497599369062,0.062497240995914),
 .UNSPECIFIED.);
#1302=B_SPLINE_CURVE_WITH_KNOTS('',3,(#10816,#10817,#10818,#10819,#10820),
 .UNSPECIFIED.,.F.,.F.,(4,1,4),(0.,0.0343354351531909,0.0689714218291539),
 .UNSPECIFIED.);
#1303=B_SPLINE_CURVE_WITH_KNOTS('',3,(#10833,#10834,#10835,#10836,#10837),
 .UNSPECIFIED.,.F.,.F.,(4,1,4),(0.,0.032601529304777,0.05854258712206),
 .UNSPECIFIED.);
#1304=B_SPLINE_CURVE_WITH_KNOTS('',3,(#10853,#10854,#10855,#10856,#10857),
 .UNSPECIFIED.,.F.,.F.,(4,1,4),(0.,0.0319546328390037,0.0668988291643964),
 .UNSPECIFIED.);
#1305=B_SPLINE_CURVE_WITH_KNOTS('',3,(#11083,#11084,#11085,#11086,#11087),
 .UNSPECIFIED.,.F.,.F.,(4,1,4),(0.,0.0281003815000531,0.0580475941934804),
 .UNSPECIFIED.);
#1306=B_SPLINE_CURVE_WITH_KNOTS('',3,(#11089,#11090,#11091,#11092,#11093),
 .UNSPECIFIED.,.F.,.F.,(4,1,4),(0.,0.0159465369155964,0.0329106998090396),
 .UNSPECIFIED.);
#1307=B_SPLINE_CURVE_WITH_KNOTS('',3,(#11095,#11096,#11097,#11098,#11099),
 .UNSPECIFIED.,.F.,.F.,(4,1,4),(0.,0.0154704610940698,0.030926678010697),
 .UNSPECIFIED.);
#1308=B_SPLINE_CURVE_WITH_KNOTS('',3,(#11101,#11102,#11103,#11104,#11105),
 .UNSPECIFIED.,.F.,.F.,(4,1,4),(0.,0.0196974851026167,0.0379010383133733),
 .UNSPECIFIED.);
#1309=B_SPLINE_CURVE_WITH_KNOTS('',3,(#11109,#11110,#11111,#11112,#11113),
 .UNSPECIFIED.,.F.,.F.,(4,1,4),(0.,0.0253448873990325,0.0534204370521864),
 .UNSPECIFIED.);
#1310=B_SPLINE_CURVE_WITH_KNOTS('',3,(#11115,#11116,#11117,#11118,#11119),
 .UNSPECIFIED.,.F.,.F.,(4,1,4),(0.,0.0167481454008164,0.0334035813126892),
 .UNSPECIFIED.);
#1311=B_SPLINE_CURVE_WITH_KNOTS('',3,(#11121,#11122,#11123,#11124,#11125),
 .UNSPECIFIED.,.F.,.F.,(4,1,4),(0.,0.03031498421676,0.0515620714301756),
 .UNSPECIFIED.);
#1312=B_SPLINE_CURVE_WITH_KNOTS('',3,(#11150,#11151,#11152,#11153,#11154),
 .UNSPECIFIED.,.F.,.F.,(4,1,4),(0.,0.0281003815000531,0.0580475941934804),
 .UNSPECIFIED.);
#1313=B_SPLINE_CURVE_WITH_KNOTS('',3,(#11167,#11168,#11169,#11170,#11171),
 .UNSPECIFIED.,.F.,.F.,(4,1,4),(0.,0.0159465369155964,0.0329106998090396),
 .UNSPECIFIED.);
#1314=B_SPLINE_CURVE_WITH_KNOTS('',3,(#11184,#11185,#11186,#11187,#11188),
 .UNSPECIFIED.,.F.,.F.,(4,1,4),(0.,0.0154704610940698,0.030926678010697),
 .UNSPECIFIED.);
#1315=B_SPLINE_CURVE_WITH_KNOTS('',3,(#11201,#11202,#11203,#11204,#11205),
 .UNSPECIFIED.,.F.,.F.,(4,1,4),(0.,0.0196974851026167,0.0379010383133733),
 .UNSPECIFIED.);
#1316=B_SPLINE_CURVE_WITH_KNOTS('',3,(#11222,#11223,#11224,#11225,#11226),
 .UNSPECIFIED.,.F.,.F.,(4,1,4),(0.,0.0253448873990325,0.0534204370521864),
 .UNSPECIFIED.);
#1317=B_SPLINE_CURVE_WITH_KNOTS('',3,(#11239,#11240,#11241,#11242,#11243),
 .UNSPECIFIED.,.F.,.F.,(4,1,4),(0.,0.0167481454008164,0.0334035813126892),
 .UNSPECIFIED.);
#1318=B_SPLINE_CURVE_WITH_KNOTS('',3,(#11256,#11257,#11258,#11259,#11260),
 .UNSPECIFIED.,.F.,.F.,(4,1,4),(0.,0.03031498421676,0.0515620714301756),
 .UNSPECIFIED.);
#1319=B_SPLINE_CURVE_WITH_KNOTS('',3,(#11279,#11280,#11281,#11282,#11283),
 .UNSPECIFIED.,.F.,.F.,(4,1,4),(0.,0.00760848248082759,0.0173012695379842),
 .UNSPECIFIED.);
#1320=B_SPLINE_CURVE_WITH_KNOTS('',3,(#11285,#11286,#11287,#11288,#11289),
 .UNSPECIFIED.,.F.,.F.,(4,1,4),(0.,0.00637742684863963,0.0129191076407237),
 .UNSPECIFIED.);
#1321=B_SPLINE_CURVE_WITH_KNOTS('',3,(#11291,#11292,#11293,#11294,#11295),
 .UNSPECIFIED.,.F.,.F.,(4,1,4),(0.,0.0172700015721698,0.0272162614467352),
 .UNSPECIFIED.);
#1322=B_SPLINE_CURVE_WITH_KNOTS('',3,(#11319,#11320,#11321,#11322,#11323),
 .UNSPECIFIED.,.F.,.F.,(4,1,4),(0.,0.0218534804173184,0.0584804147265022),
 .UNSPECIFIED.);
#1323=B_SPLINE_CURVE_WITH_KNOTS('',3,(#11325,#11326,#11327,#11328,#11329),
 .UNSPECIFIED.,.F.,.F.,(4,1,4),(0.,0.0159169062876492,0.0308157833939318),
 .UNSPECIFIED.);
#1324=B_SPLINE_CURVE_WITH_KNOTS('',3,(#11331,#11332,#11333,#11334,#11335),
 .UNSPECIFIED.,.F.,.F.,(4,1,4),(0.,0.0238320843668957,0.0426678290715233),
 .UNSPECIFIED.);
#1325=B_SPLINE_CURVE_WITH_KNOTS('',3,(#11337,#11338,#11339,#11340,#11341),
 .UNSPECIFIED.,.F.,.F.,(4,1,4),(0.,0.0199162541454021,0.0374128202515536),
 .UNSPECIFIED.);
#1326=B_SPLINE_CURVE_WITH_KNOTS('',3,(#11344,#11345,#11346,#11347,#11348),
 .UNSPECIFIED.,.F.,.F.,(4,1,4),(0.,0.00949362449762673,0.0216519418990923),
 .UNSPECIFIED.);
#1327=B_SPLINE_CURVE_WITH_KNOTS('',3,(#11362,#11363,#11364,#11365,#11366),
 .UNSPECIFIED.,.F.,.F.,(4,1,4),(0.,0.00760848248082759,0.0173012695379842),
 .UNSPECIFIED.);
#1328=B_SPLINE_CURVE_WITH_KNOTS('',3,(#11379,#11380,#11381,#11382,#11383),
 .UNSPECIFIED.,.F.,.F.,(4,1,4),(0.,0.00637742684863963,0.0129191076407237),
 .UNSPECIFIED.);
#1329=B_SPLINE_CURVE_WITH_KNOTS('',3,(#11396,#11397,#11398,#11399,#11400),
 .UNSPECIFIED.,.F.,.F.,(4,1,4),(0.,0.0172700015721698,0.0272162614467352),
 .UNSPECIFIED.);
#1330=B_SPLINE_CURVE_WITH_KNOTS('',3,(#11457,#11458,#11459,#11460,#11461),
 .UNSPECIFIED.,.F.,.F.,(4,1,4),(0.,0.0218534804173184,0.0584804147265022),
 .UNSPECIFIED.);
#1331=B_SPLINE_CURVE_WITH_KNOTS('',3,(#11474,#11475,#11476,#11477,#11478),
 .UNSPECIFIED.,.F.,.F.,(4,1,4),(0.,0.0159169062876492,0.0308157833939318),
 .UNSPECIFIED.);
#1332=B_SPLINE_CURVE_WITH_KNOTS('',3,(#11491,#11492,#11493,#11494,#11495),
 .UNSPECIFIED.,.F.,.F.,(4,1,4),(0.,0.0238320843668957,0.0426678290715233),
 .UNSPECIFIED.);
#1333=B_SPLINE_CURVE_WITH_KNOTS('',3,(#11508,#11509,#11510,#11511,#11512),
 .UNSPECIFIED.,.F.,.F.,(4,1,4),(0.,0.0199162541454021,0.0374128202515536),
 .UNSPECIFIED.);
#1334=B_SPLINE_CURVE_WITH_KNOTS('',3,(#11528,#11529,#11530,#11531,#11532),
 .UNSPECIFIED.,.F.,.F.,(4,1,4),(0.,0.00949362449762673,0.0216519418990923),
 .UNSPECIFIED.);
#1335=B_SPLINE_CURVE_WITH_KNOTS('',3,(#11536,#11537,#11538,#11539,#11540),
 .UNSPECIFIED.,.F.,.F.,(4,1,4),(0.,0.00760848248082759,0.0173012695379842),
 .UNSPECIFIED.);
#1336=B_SPLINE_CURVE_WITH_KNOTS('',3,(#11542,#11543,#11544,#11545,#11546),
 .UNSPECIFIED.,.F.,.F.,(4,1,4),(0.,0.00637739497237261,0.0129191217571291),
 .UNSPECIFIED.);
#1337=B_SPLINE_CURVE_WITH_KNOTS('',3,(#11548,#11549,#11550,#11551,#11552),
 .UNSPECIFIED.,.F.,.F.,(4,1,4),(0.,0.0172700015721698,0.0272162614467352),
 .UNSPECIFIED.);
#1338=B_SPLINE_CURVE_WITH_KNOTS('',3,(#11576,#11577,#11578,#11579,#11580),
 .UNSPECIFIED.,.F.,.F.,(4,1,4),(0.,0.0218534804173184,0.0584804171686516),
 .UNSPECIFIED.);
#1339=B_SPLINE_CURVE_WITH_KNOTS('',3,(#11582,#11583,#11584,#11585,#11586),
 .UNSPECIFIED.,.F.,.F.,(4,1,4),(0.,0.0159169062876492,0.0308157506467336),
 .UNSPECIFIED.);
#1340=B_SPLINE_CURVE_WITH_KNOTS('',3,(#11588,#11589,#11590,#11591,#11592),
 .UNSPECIFIED.,.F.,.F.,(4,1,4),(0.,0.0238320249973432,0.0426678258243393),
 .UNSPECIFIED.);
#1341=B_SPLINE_CURVE_WITH_KNOTS('',3,(#11594,#11595,#11596,#11597,#11598),
 .UNSPECIFIED.,.F.,.F.,(4,1,4),(0.,0.0199162541454021,0.0374128202515536),
 .UNSPECIFIED.);
#1342=B_SPLINE_CURVE_WITH_KNOTS('',3,(#11601,#11602,#11603,#11604,#11605),
 .UNSPECIFIED.,.F.,.F.,(4,1,4),(0.,0.0094935649684212,0.0216519415593938),
 .UNSPECIFIED.);
#1343=B_SPLINE_CURVE_WITH_KNOTS('',3,(#11619,#11620,#11621,#11622,#11623),
 .UNSPECIFIED.,.F.,.F.,(4,1,4),(0.,0.00760848248082759,0.0173012695379842),
 .UNSPECIFIED.);
#1344=B_SPLINE_CURVE_WITH_KNOTS('',3,(#11636,#11637,#11638,#11639,#11640),
 .UNSPECIFIED.,.F.,.F.,(4,1,4),(0.,0.00637739497237261,0.0129191217571291),
 .UNSPECIFIED.);
#1345=B_SPLINE_CURVE_WITH_KNOTS('',3,(#11653,#11654,#11655,#11656,#11657),
 .UNSPECIFIED.,.F.,.F.,(4,1,4),(0.,0.0172700015721698,0.0272162614467352),
 .UNSPECIFIED.);
#1346=B_SPLINE_CURVE_WITH_KNOTS('',3,(#11714,#11715,#11716,#11717,#11718),
 .UNSPECIFIED.,.F.,.F.,(4,1,4),(0.,0.0218534804173184,0.0584804171686516),
 .UNSPECIFIED.);
#1347=B_SPLINE_CURVE_WITH_KNOTS('',3,(#11731,#11732,#11733,#11734,#11735),
 .UNSPECIFIED.,.F.,.F.,(4,1,4),(0.,0.0159169062876492,0.0308157506467336),
 .UNSPECIFIED.);
#1348=B_SPLINE_CURVE_WITH_KNOTS('',3,(#11748,#11749,#11750,#11751,#11752),
 .UNSPECIFIED.,.F.,.F.,(4,1,4),(0.,0.0238320249973432,0.0426678258243393),
 .UNSPECIFIED.);
#1349=B_SPLINE_CURVE_WITH_KNOTS('',3,(#11765,#11766,#11767,#11768,#11769),
 .UNSPECIFIED.,.F.,.F.,(4,1,4),(0.,0.0199162541454021,0.0374128202515536),
 .UNSPECIFIED.);
#1350=B_SPLINE_CURVE_WITH_KNOTS('',3,(#11785,#11786,#11787,#11788,#11789),
 .UNSPECIFIED.,.F.,.F.,(4,1,4),(0.,0.0094935649684212,0.0216519415593938),
 .UNSPECIFIED.);
#1351=B_SPLINE_CURVE_WITH_KNOTS('',3,(#11793,#11794,#11795,#11796,#11797),
 .UNSPECIFIED.,.F.,.F.,(4,1,4),(0.,0.0297232968566331,0.0649948285158973),
 .UNSPECIFIED.);
#1352=B_SPLINE_CURVE_WITH_KNOTS('',3,(#11799,#11800,#11801,#11802,#11803),
 .UNSPECIFIED.,.F.,.F.,(4,1,4),(0.,0.0227901011195797,0.0482878784458627),
 .UNSPECIFIED.);
#1353=B_SPLINE_CURVE_WITH_KNOTS('',3,(#11805,#11806,#11807,#11808,#11809),
 .UNSPECIFIED.,.F.,.F.,(4,1,4),(0.,0.0251660470947067,0.0477398992519641),
 .UNSPECIFIED.);
#1354=B_SPLINE_CURVE_WITH_KNOTS('',3,(#11811,#11812,#11813,#11814,#11815),
 .UNSPECIFIED.,.F.,.F.,(4,1,4),(0.,0.0272764740015207,0.0539425716460362),
 .UNSPECIFIED.);
#1355=B_SPLINE_CURVE_WITH_KNOTS('',3,(#11817,#11818,#11819,#11820,#11821),
 .UNSPECIFIED.,.F.,.F.,(4,1,4),(0.,0.0315634492014097,0.0645319385300329),
 .UNSPECIFIED.);
#1356=B_SPLINE_CURVE_WITH_KNOTS('',3,(#11823,#11824,#11825,#11826,#11827),
 .UNSPECIFIED.,.F.,.F.,(4,1,4),(0.,0.0351736786611132,0.0674433026313272),
 .UNSPECIFIED.);
#1357=B_SPLINE_CURVE_WITH_KNOTS('',3,(#11829,#11830,#11831,#11832,#11833),
 .UNSPECIFIED.,.F.,.F.,(4,1,4),(0.,0.0269018205713325,0.0562647471156648),
 .UNSPECIFIED.);
#1358=B_SPLINE_CURVE_WITH_KNOTS('',3,(#11835,#11836,#11837,#11838,#11839),
 .UNSPECIFIED.,.F.,.F.,(4,1,4),(0.,0.0251395588625912,0.0507587080654077),
 .UNSPECIFIED.);
#1359=B_SPLINE_CURVE_WITH_KNOTS('',3,(#11841,#11842,#11843,#11844,#11845),
 .UNSPECIFIED.,.F.,.F.,(4,1,4),(0.,0.0283734459538774,0.0556352364937025),
 .UNSPECIFIED.);
#1360=B_SPLINE_CURVE_WITH_KNOTS('',3,(#11847,#11848,#11849,#11850,#11851),
 .UNSPECIFIED.,.F.,.F.,(4,1,4),(0.,0.0291101783496174,0.0579505803052718),
 .UNSPECIFIED.);
#1361=B_SPLINE_CURVE_WITH_KNOTS('',3,(#11853,#11854,#11855,#11856,#11857),
 .UNSPECIFIED.,.F.,.F.,(4,1,4),(0.,0.0414142524924576,0.0749066010372876),
 .UNSPECIFIED.);
#1362=B_SPLINE_CURVE_WITH_KNOTS('',3,(#11867,#11868,#11869,#11870,#11871),
 .UNSPECIFIED.,.F.,.F.,(4,1,4),(0.,0.025297163533192,0.0590697744185449),
 .UNSPECIFIED.);
#1363=B_SPLINE_CURVE_WITH_KNOTS('',3,(#11873,#11874,#11875,#11876,#11877),
 .UNSPECIFIED.,.F.,.F.,(4,1,4),(0.,0.0196088247250779,0.0398952826505595),
 .UNSPECIFIED.);
#1364=B_SPLINE_CURVE_WITH_KNOTS('',3,(#11879,#11880,#11881,#11882,#11883),
 .UNSPECIFIED.,.F.,.F.,(4,1,4),(0.,0.0211026014980741,0.0410259114386691),
 .UNSPECIFIED.);
#1365=B_SPLINE_CURVE_WITH_KNOTS('',3,(#11885,#11886,#11887,#11888,#11889),
 .UNSPECIFIED.,.F.,.F.,(4,1,4),(0.,0.0168057434516511,0.0348883488042962),
 .UNSPECIFIED.);
#1366=B_SPLINE_CURVE_WITH_KNOTS('',3,(#11891,#11892,#11893,#11894,#11895),
 .UNSPECIFIED.,.F.,.F.,(4,1,4),(0.,0.0145985390989042,0.0302958282207093),
 .UNSPECIFIED.);
#1367=B_SPLINE_CURVE_WITH_KNOTS('',3,(#11897,#11898,#11899,#11900,#11901),
 .UNSPECIFIED.,.F.,.F.,(4,1,4),(0.,0.0173389283704067,0.0325948393602666),
 .UNSPECIFIED.);
#1368=B_SPLINE_CURVE_WITH_KNOTS('',3,(#11903,#11904,#11905,#11906,#11907),
 .UNSPECIFIED.,.F.,.F.,(4,1,4),(0.,0.0218333220723506,0.0360937265048119),
 .UNSPECIFIED.);
#1369=B_SPLINE_CURVE_WITH_KNOTS('',3,(#11915,#11916,#11917,#11918,#11919),
 .UNSPECIFIED.,.F.,.F.,(4,1,4),(0.,0.0244418517184124,0.0612351425107669),
 .UNSPECIFIED.);
#1370=B_SPLINE_CURVE_WITH_KNOTS('',3,(#11921,#11922,#11923,#11924,#11925),
 .UNSPECIFIED.,.F.,.F.,(4,1,4),(0.,0.0172389549841528,0.0348411859337489),
 .UNSPECIFIED.);
#1371=B_SPLINE_CURVE_WITH_KNOTS('',3,(#11927,#11928,#11929,#11930,#11931),
 .UNSPECIFIED.,.F.,.F.,(4,1,4),(0.,0.0188760016093148,0.0367140463615046),
 .UNSPECIFIED.);
#1372=B_SPLINE_CURVE_WITH_KNOTS('',3,(#11933,#11934,#11935,#11936,#11937),
 .UNSPECIFIED.,.F.,.F.,(4,1,4),(0.,0.0174651759077689,0.0368705092467637),
 .UNSPECIFIED.);
#1373=B_SPLINE_CURVE_WITH_KNOTS('',3,(#11939,#11940,#11941,#11942,#11943),
 .UNSPECIFIED.,.F.,.F.,(4,1,4),(0.,0.0194172175162264,0.0368625471362066),
 .UNSPECIFIED.);
#1374=B_SPLINE_CURVE_WITH_KNOTS('',3,(#11945,#11946,#11947,#11948,#11949),
 .UNSPECIFIED.,.F.,.F.,(4,1,4),(0.,0.0302405297487721,0.0507962560855337),
 .UNSPECIFIED.);
#1375=B_SPLINE_CURVE_WITH_KNOTS('',3,(#11966,#11967,#11968,#11969,#11970),
 .UNSPECIFIED.,.F.,.F.,(4,1,4),(0.,0.0297232968566331,0.0649948285158973),
 .UNSPECIFIED.);
#1376=B_SPLINE_CURVE_WITH_KNOTS('',3,(#11983,#11984,#11985,#11986,#11987),
 .UNSPECIFIED.,.F.,.F.,(4,1,4),(0.,0.0227901011195797,0.0482878784458627),
 .UNSPECIFIED.);
#1377=B_SPLINE_CURVE_WITH_KNOTS('',3,(#12000,#12001,#12002,#12003,#12004),
 .UNSPECIFIED.,.F.,.F.,(4,1,4),(0.,0.0251660470947067,0.0477398992519641),
 .UNSPECIFIED.);
#1378=B_SPLINE_CURVE_WITH_KNOTS('',3,(#12017,#12018,#12019,#12020,#12021),
 .UNSPECIFIED.,.F.,.F.,(4,1,4),(0.,0.0272764740015207,0.0539425716460362),
 .UNSPECIFIED.);
#1379=B_SPLINE_CURVE_WITH_KNOTS('',3,(#12034,#12035,#12036,#12037,#12038),
 .UNSPECIFIED.,.F.,.F.,(4,1,4),(0.,0.0315634492014097,0.0645319385300329),
 .UNSPECIFIED.);
#1380=B_SPLINE_CURVE_WITH_KNOTS('',3,(#12051,#12052,#12053,#12054,#12055),
 .UNSPECIFIED.,.F.,.F.,(4,1,4),(0.,0.0351736786611132,0.0674433026313272),
 .UNSPECIFIED.);
#1381=B_SPLINE_CURVE_WITH_KNOTS('',3,(#12068,#12069,#12070,#12071,#12072),
 .UNSPECIFIED.,.F.,.F.,(4,1,4),(0.,0.0269018205713325,0.0562647471156648),
 .UNSPECIFIED.);
#1382=B_SPLINE_CURVE_WITH_KNOTS('',3,(#12085,#12086,#12087,#12088,#12089),
 .UNSPECIFIED.,.F.,.F.,(4,1,4),(0.,0.0251395588625912,0.0507587080654077),
 .UNSPECIFIED.);
#1383=B_SPLINE_CURVE_WITH_KNOTS('',3,(#12102,#12103,#12104,#12105,#12106),
 .UNSPECIFIED.,.F.,.F.,(4,1,4),(0.,0.0283734459538774,0.0556352364937025),
 .UNSPECIFIED.);
#1384=B_SPLINE_CURVE_WITH_KNOTS('',3,(#12119,#12120,#12121,#12122,#12123),
 .UNSPECIFIED.,.F.,.F.,(4,1,4),(0.,0.0291101783496174,0.0579505803052718),
 .UNSPECIFIED.);
#1385=B_SPLINE_CURVE_WITH_KNOTS('',3,(#12136,#12137,#12138,#12139,#12140),
 .UNSPECIFIED.,.F.,.F.,(4,1,4),(0.,0.0414142524924576,0.0749066010372876),
 .UNSPECIFIED.);
#1386=B_SPLINE_CURVE_WITH_KNOTS('',3,(#12169,#12170,#12171,#12172,#12173),
 .UNSPECIFIED.,.F.,.F.,(4,1,4),(0.,0.025297163533192,0.0590697744185449),
 .UNSPECIFIED.);
#1387=B_SPLINE_CURVE_WITH_KNOTS('',3,(#12186,#12187,#12188,#12189,#12190),
 .UNSPECIFIED.,.F.,.F.,(4,1,4),(0.,0.0196088247250779,0.0398952826505595),
 .UNSPECIFIED.);
#1388=B_SPLINE_CURVE_WITH_KNOTS('',3,(#12203,#12204,#12205,#12206,#12207),
 .UNSPECIFIED.,.F.,.F.,(4,1,4),(0.,0.0211026014980741,0.0410259114386691),
 .UNSPECIFIED.);
#1389=B_SPLINE_CURVE_WITH_KNOTS('',3,(#12220,#12221,#12222,#12223,#12224),
 .UNSPECIFIED.,.F.,.F.,(4,1,4),(0.,0.0168057434516511,0.0348883488042962),
 .UNSPECIFIED.);
#1390=B_SPLINE_CURVE_WITH_KNOTS('',3,(#12237,#12238,#12239,#12240,#12241),
 .UNSPECIFIED.,.F.,.F.,(4,1,4),(0.,0.0145985390989042,0.0302958282207093),
 .UNSPECIFIED.);
#1391=B_SPLINE_CURVE_WITH_KNOTS('',3,(#12254,#12255,#12256,#12257,#12258),
 .UNSPECIFIED.,.F.,.F.,(4,1,4),(0.,0.0173389283704067,0.0325948393602666),
 .UNSPECIFIED.);
#1392=B_SPLINE_CURVE_WITH_KNOTS('',3,(#12271,#12272,#12273,#12274,#12275),
 .UNSPECIFIED.,.F.,.F.,(4,1,4),(0.,0.0218333220723506,0.0360937265048119),
 .UNSPECIFIED.);
#1393=B_SPLINE_CURVE_WITH_KNOTS('',3,(#12300,#12301,#12302,#12303,#12304),
 .UNSPECIFIED.,.F.,.F.,(4,1,4),(0.,0.0244418517184124,0.0612351425107669),
 .UNSPECIFIED.);
#1394=B_SPLINE_CURVE_WITH_KNOTS('',3,(#12317,#12318,#12319,#12320,#12321),
 .UNSPECIFIED.,.F.,.F.,(4,1,4),(0.,0.0172389549841528,0.0348411859337489),
 .UNSPECIFIED.);
#1395=B_SPLINE_CURVE_WITH_KNOTS('',3,(#12334,#12335,#12336,#12337,#12338),
 .UNSPECIFIED.,.F.,.F.,(4,1,4),(0.,0.0188760016093148,0.0367140463615046),
 .UNSPECIFIED.);
#1396=B_SPLINE_CURVE_WITH_KNOTS('',3,(#12351,#12352,#12353,#12354,#12355),
 .UNSPECIFIED.,.F.,.F.,(4,1,4),(0.,0.0174651759077689,0.0368705092467637),
 .UNSPECIFIED.);
#1397=B_SPLINE_CURVE_WITH_KNOTS('',3,(#12368,#12369,#12370,#12371,#12372),
 .UNSPECIFIED.,.F.,.F.,(4,1,4),(0.,0.0194172175162264,0.0368625471362066),
 .UNSPECIFIED.);
#1398=B_SPLINE_CURVE_WITH_KNOTS('',3,(#12385,#12386,#12387,#12388,#12389),
 .UNSPECIFIED.,.F.,.F.,(4,1,4),(0.,0.0302405297487721,0.0507962560855337),
 .UNSPECIFIED.);
#1399=B_SPLINE_CURVE_WITH_KNOTS('',3,(#12400,#12401,#12402,#12403,#12404),
 .UNSPECIFIED.,.F.,.F.,(4,1,4),(0.,0.0429262846110085,0.106327739766),
 .UNSPECIFIED.);
#1400=B_SPLINE_CURVE_WITH_KNOTS('',3,(#12406,#12407,#12408,#12409,#12410),
 .UNSPECIFIED.,.F.,.F.,(4,1,4),(0.,0.050435853472276,0.0891342582233205),
 .UNSPECIFIED.);
#1401=B_SPLINE_CURVE_WITH_KNOTS('',3,(#12412,#12413,#12414,#12415,#12416),
 .UNSPECIFIED.,.F.,.F.,(4,1,4),(0.,0.0280793202287569,0.0597364604940591),
 .UNSPECIFIED.);
#1402=B_SPLINE_CURVE_WITH_KNOTS('',3,(#12418,#12419,#12420,#12421,#12422),
 .UNSPECIFIED.,.F.,.F.,(4,1,4),(0.,0.0255200880398839,0.0513538509689452),
 .UNSPECIFIED.);
#1403=B_SPLINE_CURVE_WITH_KNOTS('',3,(#12424,#12425,#12426,#12427,#12428),
 .UNSPECIFIED.,.F.,.F.,(4,1,4),(0.,0.0453239429555718,0.0776979711094574),
 .UNSPECIFIED.);
#1404=B_SPLINE_CURVE_WITH_KNOTS('',3,(#12436,#12437,#12438,#12439,#12440),
 .UNSPECIFIED.,.F.,.F.,(4,1,4),(0.,0.0449043602555942,0.101887917541291),
 .UNSPECIFIED.);
#1405=B_SPLINE_CURVE_WITH_KNOTS('',3,(#12442,#12443,#12444,#12445,#12446),
 .UNSPECIFIED.,.F.,.F.,(4,1,4),(0.,0.0387288126491595,0.0769859235066742),
 .UNSPECIFIED.);
#1406=B_SPLINE_CURVE_WITH_KNOTS('',3,(#12448,#12449,#12450,#12451,#12452),
 .UNSPECIFIED.,.F.,.F.,(4,1,4),(0.,0.0513204662188,0.0946863123399393),
 .UNSPECIFIED.);
#1407=B_SPLINE_CURVE_WITH_KNOTS('',3,(#12454,#12455,#12456,#12457,#12458),
 .UNSPECIFIED.,.F.,.F.,(4,1,4),(0.,0.0444165665817567,0.0969964833752525),
 .UNSPECIFIED.);
#1408=B_SPLINE_CURVE_WITH_KNOTS('',3,(#12460,#12461,#12462,#12463,#12464),
 .UNSPECIFIED.,.F.,.F.,(4,1,4),(0.,0.0374234418037372,0.0769146406897171),
 .UNSPECIFIED.);
#1409=B_SPLINE_CURVE_WITH_KNOTS('',3,(#12466,#12467,#12468,#12469,#12470),
 .UNSPECIFIED.,.F.,.F.,(4,1,4),(0.,0.0542001813366498,0.0971158095607871),
 .UNSPECIFIED.);
#1410=B_SPLINE_CURVE_WITH_KNOTS('',3,(#12489,#12490,#12491,#12492,#12493),
 .UNSPECIFIED.,.F.,.F.,(4,1,4),(0.,0.0429262846110085,0.106327739766),
 .UNSPECIFIED.);
#1411=B_SPLINE_CURVE_WITH_KNOTS('',3,(#12506,#12507,#12508,#12509,#12510),
 .UNSPECIFIED.,.F.,.F.,(4,1,4),(0.,0.050435853472276,0.0891342582233205),
 .UNSPECIFIED.);
#1412=B_SPLINE_CURVE_WITH_KNOTS('',3,(#12523,#12524,#12525,#12526,#12527),
 .UNSPECIFIED.,.F.,.F.,(4,1,4),(0.,0.0280793202287569,0.0597364604940591),
 .UNSPECIFIED.);
#1413=B_SPLINE_CURVE_WITH_KNOTS('',3,(#12540,#12541,#12542,#12543,#12544),
 .UNSPECIFIED.,.F.,.F.,(4,1,4),(0.,0.0255200880398839,0.0513538509689452),
 .UNSPECIFIED.);
#1414=B_SPLINE_CURVE_WITH_KNOTS('',3,(#12557,#12558,#12559,#12560,#12561),
 .UNSPECIFIED.,.F.,.F.,(4,1,4),(0.,0.0453239429555718,0.0776979711094574),
 .UNSPECIFIED.);
#1415=B_SPLINE_CURVE_WITH_KNOTS('',3,(#12586,#12587,#12588,#12589,#12590),
 .UNSPECIFIED.,.F.,.F.,(4,1,4),(0.,0.0449043602555942,0.101887917541291),
 .UNSPECIFIED.);
#1416=B_SPLINE_CURVE_WITH_KNOTS('',3,(#12603,#12604,#12605,#12606,#12607),
 .UNSPECIFIED.,.F.,.F.,(4,1,4),(0.,0.0387288126491595,0.0769859235066742),
 .UNSPECIFIED.);
#1417=B_SPLINE_CURVE_WITH_KNOTS('',3,(#12620,#12621,#12622,#12623,#12624),
 .UNSPECIFIED.,.F.,.F.,(4,1,4),(0.,0.0513204662188,0.0946863123399393),
 .UNSPECIFIED.);
#1418=B_SPLINE_CURVE_WITH_KNOTS('',3,(#12637,#12638,#12639,#12640,#12641),
 .UNSPECIFIED.,.F.,.F.,(4,1,4),(0.,0.0444165665817567,0.0969964833752525),
 .UNSPECIFIED.);
#1419=B_SPLINE_CURVE_WITH_KNOTS('',3,(#12654,#12655,#12656,#12657,#12658),
 .UNSPECIFIED.,.F.,.F.,(4,1,4),(0.,0.0374234418037372,0.0769146406897171),
 .UNSPECIFIED.);
#1420=B_SPLINE_CURVE_WITH_KNOTS('',3,(#12671,#12672,#12673,#12674,#12675),
 .UNSPECIFIED.,.F.,.F.,(4,1,4),(0.,0.0542001813366498,0.0971158095607871),
 .UNSPECIFIED.);
#1421=B_SPLINE_CURVE_WITH_KNOTS('',3,(#12690,#12691,#12692,#12693,#12694),
 .UNSPECIFIED.,.F.,.F.,(4,1,4),(0.,0.0415616145242632,0.0808375463217818),
 .UNSPECIFIED.);
#1422=B_SPLINE_CURVE_WITH_KNOTS('',3,(#12696,#12697,#12698,#12699,#12700),
 .UNSPECIFIED.,.F.,.F.,(4,1,4),(0.,0.0355944345343941,0.0711731717945602),
 .UNSPECIFIED.);
#1423=B_SPLINE_CURVE_WITH_KNOTS('',3,(#12702,#12703,#12704,#12705,#12706),
 .UNSPECIFIED.,.F.,.F.,(4,1,4),(0.,0.038297654563303,0.0743706959948708),
 .UNSPECIFIED.);
#1424=B_SPLINE_CURVE_WITH_KNOTS('',3,(#12708,#12709,#12710,#12711,#12712),
 .UNSPECIFIED.,.F.,.F.,(4,1,4),(0.,0.0479275106347513,0.0907096011929624),
 .UNSPECIFIED.);
#1425=B_SPLINE_CURVE_WITH_KNOTS('',3,(#12714,#12715,#12716,#12717,#12718),
 .UNSPECIFIED.,.F.,.F.,(4,1,4),(0.,0.0389777722766242,0.0780874649372483),
 .UNSPECIFIED.);
#1426=B_SPLINE_CURVE_WITH_KNOTS('',3,(#12720,#12721,#12722,#12723,#12724),
 .UNSPECIFIED.,.F.,.F.,(4,1,4),(0.,0.0369486506111258,0.07454885622348),
 .UNSPECIFIED.);
#1427=B_SPLINE_CURVE_WITH_KNOTS('',3,(#12726,#12727,#12728,#12729,#12730),
 .UNSPECIFIED.,.F.,.F.,(4,1,4),(0.,0.0426852000878712,0.0811900391069306),
 .UNSPECIFIED.);
#1428=B_SPLINE_CURVE_WITH_KNOTS('',3,(#12732,#12733,#12734,#12735,#12736),
 .UNSPECIFIED.,.F.,.F.,(4,1,4),(0.,0.0334038225247264,0.070438455470562),
 .UNSPECIFIED.);
#1429=B_SPLINE_CURVE_WITH_KNOTS('',3,(#12738,#12739,#12740,#12741,#12742),
 .UNSPECIFIED.,.F.,.F.,(4,1,4),(0.,0.0413973489733072,0.0762196454555083),
 .UNSPECIFIED.);
#1430=B_SPLINE_CURVE_WITH_KNOTS('',3,(#12746,#12747,#12748,#12749,#12750),
 .UNSPECIFIED.,.F.,.F.,(4,1,4),(0.,0.0505696672964897,0.104572952496419),
 .UNSPECIFIED.);
#1431=B_SPLINE_CURVE_WITH_KNOTS('',3,(#12752,#12753,#12754,#12755,#12756),
 .UNSPECIFIED.,.F.,.F.,(4,1,4),(0.,0.0557779992902066,0.106905680773109),
 .UNSPECIFIED.);
#1432=B_SPLINE_CURVE_WITH_KNOTS('',3,(#12758,#12759,#12760,#12761,#12762),
 .UNSPECIFIED.,.F.,.F.,(4,1,4),(0.,0.0496997256916764,0.100773911071568),
 .UNSPECIFIED.);
#1433=B_SPLINE_CURVE_WITH_KNOTS('',3,(#12764,#12765,#12766,#12767,#12768),
 .UNSPECIFIED.,.F.,.F.,(4,1,4),(0.,0.050115576010909,0.0991756735715807),
 .UNSPECIFIED.);
#1434=B_SPLINE_CURVE_WITH_KNOTS('',3,(#12770,#12771,#12772,#12773,#12774),
 .UNSPECIFIED.,.F.,.F.,(4,1,4),(0.,0.0587962364354876,0.112387671320637),
 .UNSPECIFIED.);
#1435=B_SPLINE_CURVE_WITH_KNOTS('',3,(#12776,#12777,#12778,#12779,#12780),
 .UNSPECIFIED.,.F.,.F.,(4,1,4),(0.,0.054148162846553,0.109856555476895),
 .UNSPECIFIED.);
#1436=B_SPLINE_CURVE_WITH_KNOTS('',3,(#12782,#12783,#12784,#12785,#12786),
 .UNSPECIFIED.,.F.,.F.,(4,1,4),(0.,0.0480785125247386,0.099207697722135),
 .UNSPECIFIED.);
#1437=B_SPLINE_CURVE_WITH_KNOTS('',3,(#12788,#12789,#12790,#12791,#12792),
 .UNSPECIFIED.,.F.,.F.,(4,1,4),(0.,0.0589974061146487,0.109567656022083),
 .UNSPECIFIED.);
#1438=B_SPLINE_CURVE_WITH_KNOTS('',3,(#12794,#12795,#12796,#12797,#12798),
 .UNSPECIFIED.,.F.,.F.,(4,1,4),(0.,0.0544879772266026,0.112793793475171),
 .UNSPECIFIED.);
#1439=B_SPLINE_CURVE_WITH_KNOTS('',3,(#12800,#12801,#12802,#12803,#12804),
 .UNSPECIFIED.,.F.,.F.,(4,1,4),(0.,0.0620109702784438,0.117706759837911),
 .UNSPECIFIED.);
#1440=B_SPLINE_CURVE_WITH_KNOTS('',3,(#12807,#12808,#12809,#12810,#12811),
 .UNSPECIFIED.,.F.,.F.,(4,1,4),(0.,0.0410259181876668,0.0880626470490588),
 .UNSPECIFIED.);
#1441=B_SPLINE_CURVE_WITH_KNOTS('',3,(#12825,#12826,#12827,#12828,#12829),
 .UNSPECIFIED.,.F.,.F.,(4,1,4),(0.,0.0415616145242632,0.0808375463217818),
 .UNSPECIFIED.);
#1442=B_SPLINE_CURVE_WITH_KNOTS('',3,(#12842,#12843,#12844,#12845,#12846),
 .UNSPECIFIED.,.F.,.F.,(4,1,4),(0.,0.0355944345343941,0.0711731717945602),
 .UNSPECIFIED.);
#1443=B_SPLINE_CURVE_WITH_KNOTS('',3,(#12859,#12860,#12861,#12862,#12863),
 .UNSPECIFIED.,.F.,.F.,(4,1,4),(0.,0.038297654563303,0.0743706959948708),
 .UNSPECIFIED.);
#1444=B_SPLINE_CURVE_WITH_KNOTS('',3,(#12876,#12877,#12878,#12879,#12880),
 .UNSPECIFIED.,.F.,.F.,(4,1,4),(0.,0.0479275106347513,0.0907096011929624),
 .UNSPECIFIED.);
#1445=B_SPLINE_CURVE_WITH_KNOTS('',3,(#12893,#12894,#12895,#12896,#12897),
 .UNSPECIFIED.,.F.,.F.,(4,1,4),(0.,0.0389777722766242,0.0780874649372483),
 .UNSPECIFIED.);
#1446=B_SPLINE_CURVE_WITH_KNOTS('',3,(#12910,#12911,#12912,#12913,#12914),
 .UNSPECIFIED.,.F.,.F.,(4,1,4),(0.,0.0369486506111258,0.07454885622348),
 .UNSPECIFIED.);
#1447=B_SPLINE_CURVE_WITH_KNOTS('',3,(#12927,#12928,#12929,#12930,#12931),
 .UNSPECIFIED.,.F.,.F.,(4,1,4),(0.,0.0426852000878712,0.0811900391069306),
 .UNSPECIFIED.);
#1448=B_SPLINE_CURVE_WITH_KNOTS('',3,(#12944,#12945,#12946,#12947,#12948),
 .UNSPECIFIED.,.F.,.F.,(4,1,4),(0.,0.0334038225247264,0.070438455470562),
 .UNSPECIFIED.);
#1449=B_SPLINE_CURVE_WITH_KNOTS('',3,(#12961,#12962,#12963,#12964,#12965),
 .UNSPECIFIED.,.F.,.F.,(4,1,4),(0.,0.0413973489733072,0.0762196454555083),
 .UNSPECIFIED.);
#1450=B_SPLINE_CURVE_WITH_KNOTS('',3,(#12982,#12983,#12984,#12985,#12986),
 .UNSPECIFIED.,.F.,.F.,(4,1,4),(0.,0.0505696672964897,0.104572952496419),
 .UNSPECIFIED.);
#1451=B_SPLINE_CURVE_WITH_KNOTS('',3,(#12999,#13000,#13001,#13002,#13003),
 .UNSPECIFIED.,.F.,.F.,(4,1,4),(0.,0.0557779992902066,0.106905680773109),
 .UNSPECIFIED.);
#1452=B_SPLINE_CURVE_WITH_KNOTS('',3,(#13016,#13017,#13018,#13019,#13020),
 .UNSPECIFIED.,.F.,.F.,(4,1,4),(0.,0.0496997256916764,0.100773911071568),
 .UNSPECIFIED.);
#1453=B_SPLINE_CURVE_WITH_KNOTS('',3,(#13033,#13034,#13035,#13036,#13037),
 .UNSPECIFIED.,.F.,.F.,(4,1,4),(0.,0.050115576010909,0.0991756735715807),
 .UNSPECIFIED.);
#1454=B_SPLINE_CURVE_WITH_KNOTS('',3,(#13050,#13051,#13052,#13053,#13054),
 .UNSPECIFIED.,.F.,.F.,(4,1,4),(0.,0.0587962364354876,0.112387671320637),
 .UNSPECIFIED.);
#1455=B_SPLINE_CURVE_WITH_KNOTS('',3,(#13067,#13068,#13069,#13070,#13071),
 .UNSPECIFIED.,.F.,.F.,(4,1,4),(0.,0.054148162846553,0.109856555476895),
 .UNSPECIFIED.);
#1456=B_SPLINE_CURVE_WITH_KNOTS('',3,(#13084,#13085,#13086,#13087,#13088),
 .UNSPECIFIED.,.F.,.F.,(4,1,4),(0.,0.0480785125247386,0.099207697722135),
 .UNSPECIFIED.);
#1457=B_SPLINE_CURVE_WITH_KNOTS('',3,(#13101,#13102,#13103,#13104,#13105),
 .UNSPECIFIED.,.F.,.F.,(4,1,4),(0.,0.0589974061146487,0.109567656022083),
 .UNSPECIFIED.);
#1458=B_SPLINE_CURVE_WITH_KNOTS('',3,(#13118,#13119,#13120,#13121,#13122),
 .UNSPECIFIED.,.F.,.F.,(4,1,4),(0.,0.0544879772266026,0.112793793475171),
 .UNSPECIFIED.);
#1459=B_SPLINE_CURVE_WITH_KNOTS('',3,(#13135,#13136,#13137,#13138,#13139),
 .UNSPECIFIED.,.F.,.F.,(4,1,4),(0.,0.0620109702784438,0.117706759837911),
 .UNSPECIFIED.);
#1460=B_SPLINE_CURVE_WITH_KNOTS('',3,(#13155,#13156,#13157,#13158,#13159),
 .UNSPECIFIED.,.F.,.F.,(4,1,4),(0.,0.0410259181876668,0.0880626470490588),
 .UNSPECIFIED.);
#1461=B_SPLINE_CURVE_WITH_KNOTS('',3,(#13163,#13164,#13165,#13166,#13167),
 .UNSPECIFIED.,.F.,.F.,(4,1,4),(0.,0.0488266426764865,0.094596644269005),
 .UNSPECIFIED.);
#1462=B_SPLINE_CURVE_WITH_KNOTS('',3,(#13169,#13170,#13171,#13172,#13173),
 .UNSPECIFIED.,.F.,.F.,(4,1,4),(0.,0.0511531350303861,0.105267199449976),
 .UNSPECIFIED.);
#1463=B_SPLINE_CURVE_WITH_KNOTS('',3,(#13175,#13176,#13177,#13178,#13179),
 .UNSPECIFIED.,.F.,.F.,(4,1,4),(0.,0.0493301888400517,0.0988706149957258),
 .UNSPECIFIED.);
#1464=B_SPLINE_CURVE_WITH_KNOTS('',3,(#13181,#13182,#13183,#13184,#13185),
 .UNSPECIFIED.,.F.,.F.,(4,1,4),(0.,0.0325501478124518,0.0683929984145993),
 .UNSPECIFIED.);
#1465=B_SPLINE_CURVE_WITH_KNOTS('',3,(#13187,#13188,#13189,#13190,#13191),
 .UNSPECIFIED.,.F.,.F.,(4,1,4),(0.,0.0339343427226427,0.0657831106552845),
 .UNSPECIFIED.);
#1466=B_SPLINE_CURVE_WITH_KNOTS('',3,(#13193,#13194,#13195,#13196,#13197),
 .UNSPECIFIED.,.F.,.F.,(4,1,4),(0.,0.0257415095533655,0.0538545526047741),
 .UNSPECIFIED.);
#1467=B_SPLINE_CURVE_WITH_KNOTS('',3,(#13199,#13200,#13201,#13202,#13203),
 .UNSPECIFIED.,.F.,.F.,(4,1,4),(0.,0.0250044518741217,0.04975450660056),
 .UNSPECIFIED.);
#1468=B_SPLINE_CURVE_WITH_KNOTS('',3,(#13205,#13206,#13207,#13208,#13209),
 .UNSPECIFIED.,.F.,.F.,(4,1,4),(0.,0.0273233638846005,0.0541079497624988),
 .UNSPECIFIED.);
#1469=B_SPLINE_CURVE_WITH_KNOTS('',3,(#13211,#13212,#13213,#13214,#13215),
 .UNSPECIFIED.,.F.,.F.,(4,1,4),(0.,0.0294490217969998,0.057559365537587),
 .UNSPECIFIED.);
#1470=B_SPLINE_CURVE_WITH_KNOTS('',3,(#13217,#13218,#13219,#13220,#13221),
 .UNSPECIFIED.,.F.,.F.,(4,1,4),(0.,0.0316418317838265,0.0623601473123798),
 .UNSPECIFIED.);
#1471=B_SPLINE_CURVE_WITH_KNOTS('',3,(#13223,#13224,#13225,#13226,#13227),
 .UNSPECIFIED.,.F.,.F.,(4,1,4),(0.,0.0411954693435507,0.0853087683749258),
 .UNSPECIFIED.);
#1472=B_SPLINE_CURVE_WITH_KNOTS('',3,(#13229,#13230,#13231,#13232,#13233),
 .UNSPECIFIED.,.F.,.F.,(4,1,4),(0.,0.04623714754708,0.0881409465061582),
 .UNSPECIFIED.);
#1473=B_SPLINE_CURVE_WITH_KNOTS('',3,(#13237,#13238,#13239,#13240,#13241),
 .UNSPECIFIED.,.F.,.F.,(4,1,4),(0.,0.0274381475748816,0.0601763360876623),
 .UNSPECIFIED.);
#1474=B_SPLINE_CURVE_WITH_KNOTS('',3,(#13243,#13244,#13245,#13246,#13247),
 .UNSPECIFIED.,.F.,.F.,(4,1,4),(0.,0.0266450233220007,0.0520242865008817),
 .UNSPECIFIED.);
#1475=B_SPLINE_CURVE_WITH_KNOTS('',3,(#13249,#13250,#13251,#13252,#13253),
 .UNSPECIFIED.,.F.,.F.,(4,1,4),(0.,0.0248086867840316,0.051442268650327),
 .UNSPECIFIED.);
#1476=B_SPLINE_CURVE_WITH_KNOTS('',3,(#13255,#13256,#13257,#13258,#13259),
 .UNSPECIFIED.,.F.,.F.,(4,1,4),(0.,0.0251124166764652,0.0494058405898317),
 .UNSPECIFIED.);
#1477=B_SPLINE_CURVE_WITH_KNOTS('',3,(#13261,#13262,#13263,#13264,#13265),
 .UNSPECIFIED.,.F.,.F.,(4,1,4),(0.,0.0280586970445301,0.0583876307333684),
 .UNSPECIFIED.);
#1478=B_SPLINE_CURVE_WITH_KNOTS('',3,(#13267,#13268,#13269,#13270,#13271),
 .UNSPECIFIED.,.F.,.F.,(4,1,4),(0.,0.0300886522591505,0.0594504443422938),
 .UNSPECIFIED.);
#1479=B_SPLINE_CURVE_WITH_KNOTS('',3,(#13273,#13274,#13275,#13276,#13277),
 .UNSPECIFIED.,.F.,.F.,(4,1,4),(0.,0.00445260368027797,0.00793416270644321),
 .UNSPECIFIED.);
#1480=B_SPLINE_CURVE_WITH_KNOTS('',3,(#13281,#13282,#13283,#13284,#13285),
 .UNSPECIFIED.,.F.,.F.,(4,1,4),(0.,0.0156801703052733,0.0351466805198862),
 .UNSPECIFIED.);
#1481=B_SPLINE_CURVE_WITH_KNOTS('',3,(#13287,#13288,#13289,#13290,#13291),
 .UNSPECIFIED.,.F.,.F.,(4,1,4),(0.,0.0300250173336722,0.061611030030021),
 .UNSPECIFIED.);
#1482=B_SPLINE_CURVE_WITH_KNOTS('',3,(#13293,#13294,#13295,#13296,#13297),
 .UNSPECIFIED.,.F.,.F.,(4,1,4),(0.,0.0313569481060709,0.0612959898970944),
 .UNSPECIFIED.);
#1483=B_SPLINE_CURVE_WITH_KNOTS('',3,(#13299,#13300,#13301,#13302,#13303),
 .UNSPECIFIED.,.F.,.F.,(4,1,4),(0.,0.0322944561994532,0.0654419663684203),
 .UNSPECIFIED.);
#1484=B_SPLINE_CURVE_WITH_KNOTS('',3,(#13305,#13306,#13307,#13308,#13309),
 .UNSPECIFIED.,.F.,.F.,(4,1,4),(0.,0.0325167313482494,0.0646133808871349),
 .UNSPECIFIED.);
#1485=B_SPLINE_CURVE_WITH_KNOTS('',3,(#13311,#13312,#13313,#13314,#13315),
 .UNSPECIFIED.,.F.,.F.,(4,1,4),(0.,0.0264393576907208,0.0538077098167006),
 .UNSPECIFIED.);
#1486=B_SPLINE_CURVE_WITH_KNOTS('',3,(#13317,#13318,#13319,#13320,#13321),
 .UNSPECIFIED.,.F.,.F.,(4,1,4),(0.,0.0376876966203189,0.0675109013615853),
 .UNSPECIFIED.);
#1487=B_SPLINE_CURVE_WITH_KNOTS('',3,(#13324,#13325,#13326,#13327,#13328),
 .UNSPECIFIED.,.F.,.F.,(4,1,4),(0.,0.0452053544286193,0.0921602519621719),
 .UNSPECIFIED.);
#1488=B_SPLINE_CURVE_WITH_KNOTS('',3,(#13342,#13343,#13344,#13345,#13346),
 .UNSPECIFIED.,.F.,.F.,(4,1,4),(0.,0.0488266426764865,0.094596644269005),
 .UNSPECIFIED.);
#1489=B_SPLINE_CURVE_WITH_KNOTS('',3,(#13359,#13360,#13361,#13362,#13363),
 .UNSPECIFIED.,.F.,.F.,(4,1,4),(0.,0.0511531350303861,0.105267199449976),
 .UNSPECIFIED.);
#1490=B_SPLINE_CURVE_WITH_KNOTS('',3,(#13376,#13377,#13378,#13379,#13380),
 .UNSPECIFIED.,.F.,.F.,(4,1,4),(0.,0.0493301888400517,0.0988706149957258),
 .UNSPECIFIED.);
#1491=B_SPLINE_CURVE_WITH_KNOTS('',3,(#13393,#13394,#13395,#13396,#13397),
 .UNSPECIFIED.,.F.,.F.,(4,1,4),(0.,0.0325501478124518,0.0683929984145993),
 .UNSPECIFIED.);
#1492=B_SPLINE_CURVE_WITH_KNOTS('',3,(#13410,#13411,#13412,#13413,#13414),
 .UNSPECIFIED.,.F.,.F.,(4,1,4),(0.,0.0339343427226427,0.0657831106552845),
 .UNSPECIFIED.);
#1493=B_SPLINE_CURVE_WITH_KNOTS('',3,(#13427,#13428,#13429,#13430,#13431),
 .UNSPECIFIED.,.F.,.F.,(4,1,4),(0.,0.0257415095533655,0.0538545526047741),
 .UNSPECIFIED.);
#1494=B_SPLINE_CURVE_WITH_KNOTS('',3,(#13444,#13445,#13446,#13447,#13448),
 .UNSPECIFIED.,.F.,.F.,(4,1,4),(0.,0.0250044518741217,0.04975450660056),
 .UNSPECIFIED.);
#1495=B_SPLINE_CURVE_WITH_KNOTS('',3,(#13461,#13462,#13463,#13464,#13465),
 .UNSPECIFIED.,.F.,.F.,(4,1,4),(0.,0.0273233638846005,0.0541079497624988),
 .UNSPECIFIED.);
#1496=B_SPLINE_CURVE_WITH_KNOTS('',3,(#13478,#13479,#13480,#13481,#13482),
 .UNSPECIFIED.,.F.,.F.,(4,1,4),(0.,0.0294490217969998,0.057559365537587),
 .UNSPECIFIED.);
#1497=B_SPLINE_CURVE_WITH_KNOTS('',3,(#13495,#13496,#13497,#13498,#13499),
 .UNSPECIFIED.,.F.,.F.,(4,1,4),(0.,0.0316418317838265,0.0623601473123798),
 .UNSPECIFIED.);
#1498=B_SPLINE_CURVE_WITH_KNOTS('',3,(#13512,#13513,#13514,#13515,#13516),
 .UNSPECIFIED.,.F.,.F.,(4,1,4),(0.,0.0411954693435507,0.0853087683749258),
 .UNSPECIFIED.);
#1499=B_SPLINE_CURVE_WITH_KNOTS('',3,(#13529,#13530,#13531,#13532,#13533),
 .UNSPECIFIED.,.F.,.F.,(4,1,4),(0.,0.04623714754708,0.0881409465061582),
 .UNSPECIFIED.);
#1500=B_SPLINE_CURVE_WITH_KNOTS('',3,(#13550,#13551,#13552,#13553,#13554),
 .UNSPECIFIED.,.F.,.F.,(4,1,4),(0.,0.0274381475748816,0.0601763360876623),
 .UNSPECIFIED.);
#1501=B_SPLINE_CURVE_WITH_KNOTS('',3,(#13567,#13568,#13569,#13570,#13571),
 .UNSPECIFIED.,.F.,.F.,(4,1,4),(0.,0.0266450233220007,0.0520242865008817),
 .UNSPECIFIED.);
#1502=B_SPLINE_CURVE_WITH_KNOTS('',3,(#13584,#13585,#13586,#13587,#13588),
 .UNSPECIFIED.,.F.,.F.,(4,1,4),(0.,0.0248086867840316,0.051442268650327),
 .UNSPECIFIED.);
#1503=B_SPLINE_CURVE_WITH_KNOTS('',3,(#13601,#13602,#13603,#13604,#13605),
 .UNSPECIFIED.,.F.,.F.,(4,1,4),(0.,0.0251124166764652,0.0494058405898317),
 .UNSPECIFIED.);
#1504=B_SPLINE_CURVE_WITH_KNOTS('',3,(#13618,#13619,#13620,#13621,#13622),
 .UNSPECIFIED.,.F.,.F.,(4,1,4),(0.,0.0280586970445301,0.0583876307333684),
 .UNSPECIFIED.);
#1505=B_SPLINE_CURVE_WITH_KNOTS('',3,(#13635,#13636,#13637,#13638,#13639),
 .UNSPECIFIED.,.F.,.F.,(4,1,4),(0.,0.0300886522591505,0.0594504443422938),
 .UNSPECIFIED.);
#1506=B_SPLINE_CURVE_WITH_KNOTS('',3,(#13652,#13653,#13654,#13655,#13656),
 .UNSPECIFIED.,.F.,.F.,(4,1,4),(0.,0.00445260368027797,0.00793416270644321),
 .UNSPECIFIED.);
#1507=B_SPLINE_CURVE_WITH_KNOTS('',3,(#13673,#13674,#13675,#13676,#13677),
 .UNSPECIFIED.,.F.,.F.,(4,1,4),(0.,0.0156801703052733,0.0351466805198862),
 .UNSPECIFIED.);
#1508=B_SPLINE_CURVE_WITH_KNOTS('',3,(#13690,#13691,#13692,#13693,#13694),
 .UNSPECIFIED.,.F.,.F.,(4,1,4),(0.,0.0300250173336722,0.061611030030021),
 .UNSPECIFIED.);
#1509=B_SPLINE_CURVE_WITH_KNOTS('',3,(#13707,#13708,#13709,#13710,#13711),
 .UNSPECIFIED.,.F.,.F.,(4,1,4),(0.,0.0313569481060709,0.0612959898970944),
 .UNSPECIFIED.);
#1510=B_SPLINE_CURVE_WITH_KNOTS('',3,(#13724,#13725,#13726,#13727,#13728),
 .UNSPECIFIED.,.F.,.F.,(4,1,4),(0.,0.0322944561994532,0.0654419663684203),
 .UNSPECIFIED.);
#1511=B_SPLINE_CURVE_WITH_KNOTS('',3,(#13741,#13742,#13743,#13744,#13745),
 .UNSPECIFIED.,.F.,.F.,(4,1,4),(0.,0.0325167313482494,0.0646133808871349),
 .UNSPECIFIED.);
#1512=B_SPLINE_CURVE_WITH_KNOTS('',3,(#13758,#13759,#13760,#13761,#13762),
 .UNSPECIFIED.,.F.,.F.,(4,1,4),(0.,0.0264393576907208,0.0538077098167006),
 .UNSPECIFIED.);
#1513=B_SPLINE_CURVE_WITH_KNOTS('',3,(#13775,#13776,#13777,#13778,#13779),
 .UNSPECIFIED.,.F.,.F.,(4,1,4),(0.,0.0376876966203189,0.0675109013615853),
 .UNSPECIFIED.);
#1514=B_SPLINE_CURVE_WITH_KNOTS('',3,(#13795,#13796,#13797,#13798,#13799),
 .UNSPECIFIED.,.F.,.F.,(4,1,4),(0.,0.0452053544286193,0.0921602519621719),
 .UNSPECIFIED.);
#1515=B_SPLINE_CURVE_WITH_KNOTS('',3,(#13803,#13804,#13805,#13806,#13807),
 .UNSPECIFIED.,.F.,.F.,(4,1,4),(0.,0.0382715967771648,0.0755430379101862),
 .UNSPECIFIED.);
#1516=B_SPLINE_CURVE_WITH_KNOTS('',3,(#13809,#13810,#13811,#13812,#13813),
 .UNSPECIFIED.,.F.,.F.,(4,1,4),(0.,0.0500542705191058,0.0928320599897338),
 .UNSPECIFIED.);
#1517=B_SPLINE_CURVE_WITH_KNOTS('',3,(#13815,#13816,#13817,#13818,#13819),
 .UNSPECIFIED.,.F.,.F.,(4,1,4),(0.,0.038246529317724,0.0791241255599128),
 .UNSPECIFIED.);
#1518=B_SPLINE_CURVE_WITH_KNOTS('',3,(#13821,#13822,#13823,#13824,#13825),
 .UNSPECIFIED.,.F.,.F.,(4,1,4),(0.,0.0335581088356978,0.0691902491611643),
 .UNSPECIFIED.);
#1519=B_SPLINE_CURVE_WITH_KNOTS('',3,(#13827,#13828,#13829,#13830,#13831),
 .UNSPECIFIED.,.F.,.F.,(4,1,4),(0.,0.0313377794640021,0.0635612201467444),
 .UNSPECIFIED.);
#1520=B_SPLINE_CURVE_WITH_KNOTS('',3,(#13833,#13834,#13835,#13836,#13837),
 .UNSPECIFIED.,.F.,.F.,(4,1,4),(0.,0.0293552585303943,0.0599600553992214),
 .UNSPECIFIED.);
#1521=B_SPLINE_CURVE_WITH_KNOTS('',3,(#13839,#13840,#13841,#13842,#13843),
 .UNSPECIFIED.,.F.,.F.,(4,1,4),(0.,0.0354169630389004,0.0663731541785166),
 .UNSPECIFIED.);
#1522=B_SPLINE_CURVE_WITH_KNOTS('',3,(#13845,#13846,#13847,#13848,#13849),
 .UNSPECIFIED.,.F.,.F.,(4,1,4),(0.,0.0560926187648786,0.0922262160032416),
 .UNSPECIFIED.);
#1523=B_SPLINE_CURVE_WITH_KNOTS('',3,(#13851,#13852,#13853,#13854,#13855),
 .UNSPECIFIED.,.F.,.F.,(4,1,4),(0.,0.0309796308351524,0.0851529459580402),
 .UNSPECIFIED.);
#1524=B_SPLINE_CURVE_WITH_KNOTS('',3,(#13857,#13858,#13859,#13860,#13861),
 .UNSPECIFIED.,.F.,.F.,(4,1,4),(0.,0.0200263702523856,0.0396859749898555),
 .UNSPECIFIED.);
#1525=B_SPLINE_CURVE_WITH_KNOTS('',3,(#13863,#13864,#13865,#13866,#13867),
 .UNSPECIFIED.,.F.,.F.,(4,1,4),(0.,0.0254555620455987,0.0491232199531804),
 .UNSPECIFIED.);
#1526=B_SPLINE_CURVE_WITH_KNOTS('',3,(#13869,#13870,#13871,#13872,#13873),
 .UNSPECIFIED.,.F.,.F.,(4,1,4),(0.,0.0417400137204988,0.0731289332824751),
 .UNSPECIFIED.);
#1527=B_SPLINE_CURVE_WITH_KNOTS('',3,(#13875,#13876,#13877,#13878,#13879),
 .UNSPECIFIED.,.F.,.F.,(4,1,4),(0.,0.0326412099987081,0.0734141797437672),
 .UNSPECIFIED.);
#1528=B_SPLINE_CURVE_WITH_KNOTS('',3,(#13881,#13882,#13883,#13884,#13885),
 .UNSPECIFIED.,.F.,.F.,(4,1,4),(0.,0.0344752441008812,0.0649240054729749),
 .UNSPECIFIED.);
#1529=B_SPLINE_CURVE_WITH_KNOTS('',3,(#13889,#13890,#13891,#13892,#13893),
 .UNSPECIFIED.,.F.,.F.,(4,1,4),(0.,0.0328316507749539,0.066653445188962),
 .UNSPECIFIED.);
#1530=B_SPLINE_CURVE_WITH_KNOTS('',3,(#13895,#13896,#13897,#13898,#13899),
 .UNSPECIFIED.,.F.,.F.,(4,1,4),(0.,0.0348740961452988,0.0679043493026991),
 .UNSPECIFIED.);
#1531=B_SPLINE_CURVE_WITH_KNOTS('',3,(#13901,#13902,#13903,#13904,#13905),
 .UNSPECIFIED.,.F.,.F.,(4,1,4),(0.,0.0420014896277366,0.0801420659842348),
 .UNSPECIFIED.);
#1532=B_SPLINE_CURVE_WITH_KNOTS('',3,(#13907,#13908,#13909,#13910,#13911),
 .UNSPECIFIED.,.F.,.F.,(4,1,4),(0.,0.0363274853818642,0.0750183481637605),
 .UNSPECIFIED.);
#1533=B_SPLINE_CURVE_WITH_KNOTS('',3,(#13913,#13914,#13915,#13916,#13917),
 .UNSPECIFIED.,.F.,.F.,(4,1,4),(0.,0.0313601128559582,0.0649329057828676),
 .UNSPECIFIED.);
#1534=B_SPLINE_CURVE_WITH_KNOTS('',3,(#13919,#13920,#13921,#13922,#13923),
 .UNSPECIFIED.,.F.,.F.,(4,1,4),(0.,0.0296109103382744,0.0598193391811115),
 .UNSPECIFIED.);
#1535=B_SPLINE_CURVE_WITH_KNOTS('',3,(#13925,#13926,#13927,#13928,#13929),
 .UNSPECIFIED.,.F.,.F.,(4,1,4),(0.,0.025816588902035,0.0522786366683106),
 .UNSPECIFIED.);
#1536=B_SPLINE_CURVE_WITH_KNOTS('',3,(#13931,#13932,#13933,#13934,#13935),
 .UNSPECIFIED.,.F.,.F.,(4,1,4),(0.,0.0301285032684136,0.0571601318398651),
 .UNSPECIFIED.);
#1537=B_SPLINE_CURVE_WITH_KNOTS('',3,(#13937,#13938,#13939,#13940,#13941),
 .UNSPECIFIED.,.F.,.F.,(4,1,4),(0.,0.0485941862074833,0.0812745885966638),
 .UNSPECIFIED.);
#1538=B_SPLINE_CURVE_WITH_KNOTS('',3,(#13943,#13944,#13945,#13946,#13947),
 .UNSPECIFIED.,.F.,.F.,(4,1,4),(0.,0.0270665536348188,0.0738615987729934),
 .UNSPECIFIED.);
#1539=B_SPLINE_CURVE_WITH_KNOTS('',3,(#13949,#13950,#13951,#13952,#13953),
 .UNSPECIFIED.,.F.,.F.,(4,1,4),(0.,0.0193962286181374,0.0434501975235274),
 .UNSPECIFIED.);
#1540=B_SPLINE_CURVE_WITH_KNOTS('',3,(#13955,#13956,#13957,#13958,#13959),
 .UNSPECIFIED.,.F.,.F.,(4,1,4),(0.,0.0178428769155,0.0351469085092352),
 .UNSPECIFIED.);
#1541=B_SPLINE_CURVE_WITH_KNOTS('',3,(#13961,#13962,#13963,#13964,#13965),
 .UNSPECIFIED.,.F.,.F.,(4,1,4),(0.,0.0184730199482567,0.0365338979820791),
 .UNSPECIFIED.);
#1542=B_SPLINE_CURVE_WITH_KNOTS('',3,(#13967,#13968,#13969,#13970,#13971),
 .UNSPECIFIED.,.F.,.F.,(4,1,4),(0.,0.0228695564188851,0.0428874994234314),
 .UNSPECIFIED.);
#1543=B_SPLINE_CURVE_WITH_KNOTS('',3,(#13973,#13974,#13975,#13976,#13977),
 .UNSPECIFIED.,.F.,.F.,(4,1,4),(0.,0.0286016709976407,0.0544647617585014),
 .UNSPECIFIED.);
#1544=B_SPLINE_CURVE_WITH_KNOTS('',3,(#13979,#13980,#13981,#13982,#13983),
 .UNSPECIFIED.,.F.,.F.,(4,1,4),(0.,0.0303263610434957,0.0628630296893274),
 .UNSPECIFIED.);
#1545=B_SPLINE_CURVE_WITH_KNOTS('',3,(#13985,#13986,#13987,#13988,#13989),
 .UNSPECIFIED.,.F.,.F.,(4,1,4),(0.,0.0240038811130083,0.0513875071298141),
 .UNSPECIFIED.);
#1546=B_SPLINE_CURVE_WITH_KNOTS('',3,(#13991,#13992,#13993,#13994,#13995),
 .UNSPECIFIED.,.F.,.F.,(4,1,4),(0.,0.0279491757991683,0.0523100480119601),
 .UNSPECIFIED.);
#1547=B_SPLINE_CURVE_WITH_KNOTS('',3,(#13998,#13999,#14000,#14001,#14002),
 .UNSPECIFIED.,.F.,.F.,(4,1,4),(0.,0.0374260860744147,0.0759308869650337),
 .UNSPECIFIED.);
#1548=B_SPLINE_CURVE_WITH_KNOTS('',3,(#14016,#14017,#14018,#14019,#14020),
 .UNSPECIFIED.,.F.,.F.,(4,1,4),(0.,0.0382715967771648,0.0755430379101862),
 .UNSPECIFIED.);
#1549=B_SPLINE_CURVE_WITH_KNOTS('',3,(#14033,#14034,#14035,#14036,#14037),
 .UNSPECIFIED.,.F.,.F.,(4,1,4),(0.,0.0500542705191058,0.0928320599897338),
 .UNSPECIFIED.);
#1550=B_SPLINE_CURVE_WITH_KNOTS('',3,(#14050,#14051,#14052,#14053,#14054),
 .UNSPECIFIED.,.F.,.F.,(4,1,4),(0.,0.038246529317724,0.0791241255599128),
 .UNSPECIFIED.);
#1551=B_SPLINE_CURVE_WITH_KNOTS('',3,(#14067,#14068,#14069,#14070,#14071),
 .UNSPECIFIED.,.F.,.F.,(4,1,4),(0.,0.0335581088356978,0.0691902491611643),
 .UNSPECIFIED.);
#1552=B_SPLINE_CURVE_WITH_KNOTS('',3,(#14084,#14085,#14086,#14087,#14088),
 .UNSPECIFIED.,.F.,.F.,(4,1,4),(0.,0.0313377794640021,0.0635612201467444),
 .UNSPECIFIED.);
#1553=B_SPLINE_CURVE_WITH_KNOTS('',3,(#14101,#14102,#14103,#14104,#14105),
 .UNSPECIFIED.,.F.,.F.,(4,1,4),(0.,0.0293552585303943,0.0599600553992214),
 .UNSPECIFIED.);
#1554=B_SPLINE_CURVE_WITH_KNOTS('',3,(#14118,#14119,#14120,#14121,#14122),
 .UNSPECIFIED.,.F.,.F.,(4,1,4),(0.,0.0354169630389004,0.0663731541785166),
 .UNSPECIFIED.);
#1555=B_SPLINE_CURVE_WITH_KNOTS('',3,(#14135,#14136,#14137,#14138,#14139),
 .UNSPECIFIED.,.F.,.F.,(4,1,4),(0.,0.0560926187648786,0.0922262160032416),
 .UNSPECIFIED.);
#1556=B_SPLINE_CURVE_WITH_KNOTS('',3,(#14152,#14153,#14154,#14155,#14156),
 .UNSPECIFIED.,.F.,.F.,(4,1,4),(0.,0.0309796308351524,0.0851529459580402),
 .UNSPECIFIED.);
#1557=B_SPLINE_CURVE_WITH_KNOTS('',3,(#14169,#14170,#14171,#14172,#14173),
 .UNSPECIFIED.,.F.,.F.,(4,1,4),(0.,0.0200263702523856,0.0396859749898555),
 .UNSPECIFIED.);
#1558=B_SPLINE_CURVE_WITH_KNOTS('',3,(#14186,#14187,#14188,#14189,#14190),
 .UNSPECIFIED.,.F.,.F.,(4,1,4),(0.,0.0254555620455987,0.0491232199531804),
 .UNSPECIFIED.);
#1559=B_SPLINE_CURVE_WITH_KNOTS('',3,(#14203,#14204,#14205,#14206,#14207),
 .UNSPECIFIED.,.F.,.F.,(4,1,4),(0.,0.0417400137204988,0.0731289332824751),
 .UNSPECIFIED.);
#1560=B_SPLINE_CURVE_WITH_KNOTS('',3,(#14220,#14221,#14222,#14223,#14224),
 .UNSPECIFIED.,.F.,.F.,(4,1,4),(0.,0.0326412099987081,0.0734141797437672),
 .UNSPECIFIED.);
#1561=B_SPLINE_CURVE_WITH_KNOTS('',3,(#14237,#14238,#14239,#14240,#14241),
 .UNSPECIFIED.,.F.,.F.,(4,1,4),(0.,0.0344752441008812,0.0649240054729749),
 .UNSPECIFIED.);
#1562=B_SPLINE_CURVE_WITH_KNOTS('',3,(#14258,#14259,#14260,#14261,#14262),
 .UNSPECIFIED.,.F.,.F.,(4,1,4),(0.,0.0328316507749539,0.066653445188962),
 .UNSPECIFIED.);
#1563=B_SPLINE_CURVE_WITH_KNOTS('',3,(#14275,#14276,#14277,#14278,#14279),
 .UNSPECIFIED.,.F.,.F.,(4,1,4),(0.,0.0348740961452988,0.0679043493026991),
 .UNSPECIFIED.);
#1564=B_SPLINE_CURVE_WITH_KNOTS('',3,(#14292,#14293,#14294,#14295,#14296),
 .UNSPECIFIED.,.F.,.F.,(4,1,4),(0.,0.0420014896277366,0.0801420659842348),
 .UNSPECIFIED.);
#1565=B_SPLINE_CURVE_WITH_KNOTS('',3,(#14309,#14310,#14311,#14312,#14313),
 .UNSPECIFIED.,.F.,.F.,(4,1,4),(0.,0.0363274853818642,0.0750183481637605),
 .UNSPECIFIED.);
#1566=B_SPLINE_CURVE_WITH_KNOTS('',3,(#14326,#14327,#14328,#14329,#14330),
 .UNSPECIFIED.,.F.,.F.,(4,1,4),(0.,0.0313601128559582,0.0649329057828676),
 .UNSPECIFIED.);
#1567=B_SPLINE_CURVE_WITH_KNOTS('',3,(#14343,#14344,#14345,#14346,#14347),
 .UNSPECIFIED.,.F.,.F.,(4,1,4),(0.,0.0296109103382744,0.0598193391811115),
 .UNSPECIFIED.);
#1568=B_SPLINE_CURVE_WITH_KNOTS('',3,(#14360,#14361,#14362,#14363,#14364),
 .UNSPECIFIED.,.F.,.F.,(4,1,4),(0.,0.025816588902035,0.0522786366683106),
 .UNSPECIFIED.);
#1569=B_SPLINE_CURVE_WITH_KNOTS('',3,(#14377,#14378,#14379,#14380,#14381),
 .UNSPECIFIED.,.F.,.F.,(4,1,4),(0.,0.0301285032684136,0.0571601318398651),
 .UNSPECIFIED.);
#1570=B_SPLINE_CURVE_WITH_KNOTS('',3,(#14394,#14395,#14396,#14397,#14398),
 .UNSPECIFIED.,.F.,.F.,(4,1,4),(0.,0.0485941862074833,0.0812745885966638),
 .UNSPECIFIED.);
#1571=B_SPLINE_CURVE_WITH_KNOTS('',3,(#14411,#14412,#14413,#14414,#14415),
 .UNSPECIFIED.,.F.,.F.,(4,1,4),(0.,0.0270665536348188,0.0738615987729934),
 .UNSPECIFIED.);
#1572=B_SPLINE_CURVE_WITH_KNOTS('',3,(#14428,#14429,#14430,#14431,#14432),
 .UNSPECIFIED.,.F.,.F.,(4,1,4),(0.,0.0193962286181374,0.0434501975235274),
 .UNSPECIFIED.);
#1573=B_SPLINE_CURVE_WITH_KNOTS('',3,(#14445,#14446,#14447,#14448,#14449),
 .UNSPECIFIED.,.F.,.F.,(4,1,4),(0.,0.0178428769155,0.0351469085092352),
 .UNSPECIFIED.);
#1574=B_SPLINE_CURVE_WITH_KNOTS('',3,(#14462,#14463,#14464,#14465,#14466),
 .UNSPECIFIED.,.F.,.F.,(4,1,4),(0.,0.0184730199482567,0.0365338979820791),
 .UNSPECIFIED.);
#1575=B_SPLINE_CURVE_WITH_KNOTS('',3,(#14479,#14480,#14481,#14482,#14483),
 .UNSPECIFIED.,.F.,.F.,(4,1,4),(0.,0.0228695564188851,0.0428874994234314),
 .UNSPECIFIED.);
#1576=B_SPLINE_CURVE_WITH_KNOTS('',3,(#14496,#14497,#14498,#14499,#14500),
 .UNSPECIFIED.,.F.,.F.,(4,1,4),(0.,0.0286016709976407,0.0544647617585014),
 .UNSPECIFIED.);
#1577=B_SPLINE_CURVE_WITH_KNOTS('',3,(#14513,#14514,#14515,#14516,#14517),
 .UNSPECIFIED.,.F.,.F.,(4,1,4),(0.,0.0303263610434957,0.0628630296893274),
 .UNSPECIFIED.);
#1578=B_SPLINE_CURVE_WITH_KNOTS('',3,(#14530,#14531,#14532,#14533,#14534),
 .UNSPECIFIED.,.F.,.F.,(4,1,4),(0.,0.0240038811130083,0.0513875071298141),
 .UNSPECIFIED.);
#1579=B_SPLINE_CURVE_WITH_KNOTS('',3,(#14547,#14548,#14549,#14550,#14551),
 .UNSPECIFIED.,.F.,.F.,(4,1,4),(0.,0.0279491757991683,0.0523100480119601),
 .UNSPECIFIED.);
#1580=B_SPLINE_CURVE_WITH_KNOTS('',3,(#14567,#14568,#14569,#14570,#14571),
 .UNSPECIFIED.,.F.,.F.,(4,1,4),(0.,0.0374260860744147,0.0759308869650337),
 .UNSPECIFIED.);
#1581=LINE('',#8894,#2238);
#1582=LINE('',#8896,#2239);
#1583=LINE('',#8934,#2240);
#1584=LINE('',#8936,#2241);
#1585=LINE('',#8937,#2242);
#1586=LINE('',#8940,#2243);
#1587=LINE('',#8972,#2244);
#1588=LINE('',#8973,#2245);
#1589=LINE('',#8976,#2246);
#1590=LINE('',#8978,#2247);
#1591=LINE('',#8979,#2248);
#1592=LINE('',#8982,#2249);
#1593=LINE('',#8983,#2250);
#1594=LINE('',#9000,#2251);
#1595=LINE('',#9017,#2252);
#1596=LINE('',#9034,#2253);
#1597=LINE('',#9051,#2254);
#1598=LINE('',#9068,#2255);
#1599=LINE('',#9085,#2256);
#1600=LINE('',#9088,#2257);
#1601=LINE('',#9089,#2258);
#1602=LINE('',#9092,#2259);
#1603=LINE('',#9093,#2260);
#1604=LINE('',#9095,#2261);
#1605=LINE('',#9098,#2262);
#1606=LINE('',#9100,#2263);
#1607=LINE('',#9101,#2264);
#1608=LINE('',#9118,#2265);
#1609=LINE('',#9135,#2266);
#1610=LINE('',#9152,#2267);
#1611=LINE('',#9169,#2268);
#1612=LINE('',#9186,#2269);
#1613=LINE('',#9189,#2270);
#1614=LINE('',#9190,#2271);
#1615=LINE('',#9192,#2272);
#1616=LINE('',#9196,#2273);
#1617=LINE('',#9198,#2274);
#1618=LINE('',#9200,#2275);
#1619=LINE('',#9201,#2276);
#1620=LINE('',#9204,#2277);
#1621=LINE('',#9206,#2278);
#1622=LINE('',#9207,#2279);
#1623=LINE('',#9210,#2280);
#1624=LINE('',#9211,#2281);
#1625=LINE('',#9214,#2282);
#1626=LINE('',#9215,#2283);
#1627=LINE('',#9217,#2284);
#1628=LINE('',#9221,#2285);
#1629=LINE('',#9223,#2286);
#1630=LINE('',#9225,#2287);
#1631=LINE('',#9226,#2288);
#1632=LINE('',#9229,#2289);
#1633=LINE('',#9231,#2290);
#1634=LINE('',#9232,#2291);
#1635=LINE('',#9235,#2292);
#1636=LINE('',#9236,#2293);
#1637=LINE('',#9239,#2294);
#1638=LINE('',#9240,#2295);
#1639=LINE('',#9242,#2296);
#1640=LINE('',#9246,#2297);
#1641=LINE('',#9248,#2298);
#1642=LINE('',#9250,#2299);
#1643=LINE('',#9252,#2300);
#1644=LINE('',#9254,#2301);
#1645=LINE('',#9256,#2302);
#1646=LINE('',#9258,#2303);
#1647=LINE('',#9260,#2304);
#1648=LINE('',#9262,#2305);
#1649=LINE('',#9276,#2306);
#1650=LINE('',#9278,#2307);
#1651=LINE('',#9280,#2308);
#1652=LINE('',#9281,#2309);
#1653=LINE('',#9284,#2310);
#1654=LINE('',#9286,#2311);
#1655=LINE('',#9287,#2312);
#1656=LINE('',#9290,#2313);
#1657=LINE('',#9291,#2314);
#1658=LINE('',#9294,#2315);
#1659=LINE('',#9295,#2316);
#1660=LINE('',#9298,#2317);
#1661=LINE('',#9299,#2318);
#1662=LINE('',#9302,#2319);
#1663=LINE('',#9303,#2320);
#1664=LINE('',#9306,#2321);
#1665=LINE('',#9307,#2322);
#1666=LINE('',#9310,#2323);
#1667=LINE('',#9311,#2324);
#1668=LINE('',#9314,#2325);
#1669=LINE('',#9315,#2326);
#1670=LINE('',#9318,#2327);
#1671=LINE('',#9319,#2328);
#1672=LINE('',#9336,#2329);
#1673=LINE('',#9353,#2330);
#1674=LINE('',#9356,#2331);
#1675=LINE('',#9357,#2332);
#1676=LINE('',#9360,#2333);
#1677=LINE('',#9361,#2334);
#1678=LINE('',#9364,#2335);
#1679=LINE('',#9365,#2336);
#1680=LINE('',#9367,#2337);
#1681=LINE('',#9371,#2338);
#1682=LINE('',#9385,#2339);
#1683=LINE('',#9429,#2340);
#1684=LINE('',#9574,#2341);
#1685=LINE('',#9577,#2342);
#1686=LINE('',#9579,#2343);
#1687=LINE('',#9580,#2344);
#1688=LINE('',#9597,#2345);
#1689=LINE('',#9614,#2346);
#1690=LINE('',#9617,#2347);
#1691=LINE('',#9618,#2348);
#1692=LINE('',#9635,#2349);
#1693=LINE('',#9652,#2350);
#1694=LINE('',#9669,#2351);
#1695=LINE('',#9686,#2352);
#1696=LINE('',#9703,#2353);
#1697=LINE('',#9720,#2354);
#1698=LINE('',#9737,#2355);
#1699=LINE('',#9740,#2356);
#1700=LINE('',#9741,#2357);
#1701=LINE('',#9758,#2358);
#1702=LINE('',#9775,#2359);
#1703=LINE('',#9792,#2360);
#1704=LINE('',#9809,#2361);
#1705=LINE('',#9826,#2362);
#1706=LINE('',#9843,#2363);
#1707=LINE('',#9860,#2364);
#1708=LINE('',#9877,#2365);
#1709=LINE('',#9894,#2366);
#1710=LINE('',#9911,#2367);
#1711=LINE('',#9928,#2368);
#1712=LINE('',#9945,#2369);
#1713=LINE('',#9962,#2370);
#1714=LINE('',#9979,#2371);
#1715=LINE('',#10006,#2372);
#1716=LINE('',#10013,#2373);
#1717=LINE('',#10030,#2374);
#1718=LINE('',#10047,#2375);
#1719=LINE('',#10064,#2376);
#1720=LINE('',#10081,#2377);
#1721=LINE('',#10098,#2378);
#1722=LINE('',#10115,#2379);
#1723=LINE('',#10132,#2380);
#1724=LINE('',#10149,#2381);
#1725=LINE('',#10151,#2382);
#1726=LINE('',#10173,#2383);
#1727=LINE('',#10175,#2384);
#1728=LINE('',#10177,#2385);
#1729=LINE('',#10191,#2386);
#1730=LINE('',#10193,#2387);
#1731=LINE('',#10195,#2388);
#1732=LINE('',#10227,#2389);
#1733=LINE('',#10244,#2390);
#1734=LINE('',#10251,#2391);
#1735=LINE('',#10268,#2392);
#1736=LINE('',#10285,#2393);
#1737=LINE('',#10288,#2394);
#1738=LINE('',#10289,#2395);
#1739=LINE('',#10292,#2396);
#1740=LINE('',#10293,#2397);
#1741=LINE('',#10296,#2398);
#1742=LINE('',#10297,#2399);
#1743=LINE('',#10314,#2400);
#1744=LINE('',#10331,#2401);
#1745=LINE('',#10334,#2402);
#1746=LINE('',#10335,#2403);
#1747=LINE('',#10338,#2404);
#1748=LINE('',#10339,#2405);
#1749=LINE('',#10342,#2406);
#1750=LINE('',#10343,#2407);
#1751=LINE('',#10360,#2408);
#1752=LINE('',#10377,#2409);
#1753=LINE('',#10394,#2410);
#1754=LINE('',#10411,#2411);
#1755=LINE('',#10428,#2412);
#1756=LINE('',#10431,#2413);
#1757=LINE('',#10432,#2414);
#1758=LINE('',#10469,#2415);
#1759=LINE('',#10525,#2416);
#1760=LINE('',#10551,#2417);
#1761=LINE('',#10568,#2418);
#1762=LINE('',#10575,#2419);
#1763=LINE('',#10592,#2420);
#1764=LINE('',#10609,#2421);
#1765=LINE('',#10612,#2422);
#1766=LINE('',#10613,#2423);
#1767=LINE('',#10630,#2424);
#1768=LINE('',#10647,#2425);
#1769=LINE('',#10664,#2426);
#1770=LINE('',#10681,#2427);
#1771=LINE('',#10698,#2428);
#1772=LINE('',#10715,#2429);
#1773=LINE('',#10732,#2430);
#1774=LINE('',#10749,#2431);
#1775=LINE('',#10766,#2432);
#1776=LINE('',#10769,#2433);
#1777=LINE('',#10770,#2434);
#1778=LINE('',#10797,#2435);
#1779=LINE('',#10804,#2436);
#1780=LINE('',#10821,#2437);
#1781=LINE('',#10838,#2438);
#1782=LINE('',#10841,#2439);
#1783=LINE('',#10842,#2440);
#1784=LINE('',#10861,#2441);
#1785=LINE('',#10863,#2442);
#1786=LINE('',#10865,#2443);
#1787=LINE('',#10866,#2444);
#1788=LINE('',#10869,#2445);
#1789=LINE('',#10871,#2446);
#1790=LINE('',#10873,#2447);
#1791=LINE('',#10874,#2448);
#1792=LINE('',#10877,#2449);
#1793=LINE('',#10879,#2450);
#1794=LINE('',#10880,#2451);
#1795=LINE('',#10883,#2452);
#1796=LINE('',#10884,#2453);
#1797=LINE('',#10887,#2454);
#1798=LINE('',#10888,#2455);
#1799=LINE('',#10890,#2456);
#1800=LINE('',#10893,#2457);
#1801=LINE('',#10895,#2458);
#1802=LINE('',#10896,#2459);
#1803=LINE('',#10899,#2460);
#1804=LINE('',#10900,#2461);
#1805=LINE('',#10903,#2462);
#1806=LINE('',#10904,#2463);
#1807=LINE('',#10906,#2464);
#1808=LINE('',#10910,#2465);
#1809=LINE('',#10912,#2466);
#1810=LINE('',#10914,#2467);
#1811=LINE('',#10915,#2468);
#1812=LINE('',#10918,#2469);
#1813=LINE('',#10920,#2470);
#1814=LINE('',#10922,#2471);
#1815=LINE('',#10923,#2472);
#1816=LINE('',#10926,#2473);
#1817=LINE('',#10928,#2474);
#1818=LINE('',#10929,#2475);
#1819=LINE('',#10932,#2476);
#1820=LINE('',#10933,#2477);
#1821=LINE('',#10936,#2478);
#1822=LINE('',#10937,#2479);
#1823=LINE('',#10939,#2480);
#1824=LINE('',#10942,#2481);
#1825=LINE('',#10944,#2482);
#1826=LINE('',#10945,#2483);
#1827=LINE('',#10948,#2484);
#1828=LINE('',#10949,#2485);
#1829=LINE('',#10952,#2486);
#1830=LINE('',#10953,#2487);
#1831=LINE('',#10955,#2488);
#1832=LINE('',#10959,#2489);
#1833=LINE('',#10961,#2490);
#1834=LINE('',#10963,#2491);
#1835=LINE('',#10965,#2492);
#1836=LINE('',#10967,#2493);
#1837=LINE('',#10969,#2494);
#1838=LINE('',#10971,#2495);
#1839=LINE('',#10973,#2496);
#1840=LINE('',#10975,#2497);
#1841=LINE('',#10977,#2498);
#1842=LINE('',#10979,#2499);
#1843=LINE('',#10980,#2500);
#1844=LINE('',#10983,#2501);
#1845=LINE('',#10985,#2502);
#1846=LINE('',#10986,#2503);
#1847=LINE('',#10989,#2504);
#1848=LINE('',#10990,#2505);
#1849=LINE('',#10993,#2506);
#1850=LINE('',#10994,#2507);
#1851=LINE('',#10997,#2508);
#1852=LINE('',#10998,#2509);
#1853=LINE('',#11001,#2510);
#1854=LINE('',#11002,#2511);
#1855=LINE('',#11005,#2512);
#1856=LINE('',#11006,#2513);
#1857=LINE('',#11009,#2514);
#1858=LINE('',#11010,#2515);
#1859=LINE('',#11013,#2516);
#1860=LINE('',#11014,#2517);
#1861=LINE('',#11017,#2518);
#1862=LINE('',#11018,#2519);
#1863=LINE('',#11021,#2520);
#1864=LINE('',#11022,#2521);
#1865=LINE('',#11025,#2522);
#1866=LINE('',#11026,#2523);
#1867=LINE('',#11028,#2524);
#1868=LINE('',#11032,#2525);
#1869=LINE('',#11034,#2526);
#1870=LINE('',#11036,#2527);
#1871=LINE('',#11037,#2528);
#1872=LINE('',#11040,#2529);
#1873=LINE('',#11042,#2530);
#1874=LINE('',#11044,#2531);
#1875=LINE('',#11045,#2532);
#1876=LINE('',#11048,#2533);
#1877=LINE('',#11050,#2534);
#1878=LINE('',#11051,#2535);
#1879=LINE('',#11054,#2536);
#1880=LINE('',#11055,#2537);
#1881=LINE('',#11058,#2538);
#1882=LINE('',#11059,#2539);
#1883=LINE('',#11061,#2540);
#1884=LINE('',#11064,#2541);
#1885=LINE('',#11066,#2542);
#1886=LINE('',#11067,#2543);
#1887=LINE('',#11070,#2544);
#1888=LINE('',#11071,#2545);
#1889=LINE('',#11074,#2546);
#1890=LINE('',#11075,#2547);
#1891=LINE('',#11077,#2548);
#1892=LINE('',#11081,#2549);
#1893=LINE('',#11107,#2550);
#1894=LINE('',#11127,#2551);
#1895=LINE('',#11129,#2552);
#1896=LINE('',#11131,#2553);
#1897=LINE('',#11132,#2554);
#1898=LINE('',#11135,#2555);
#1899=LINE('',#11137,#2556);
#1900=LINE('',#11138,#2557);
#1901=LINE('',#11155,#2558);
#1902=LINE('',#11172,#2559);
#1903=LINE('',#11189,#2560);
#1904=LINE('',#11206,#2561);
#1905=LINE('',#11209,#2562);
#1906=LINE('',#11210,#2563);
#1907=LINE('',#11227,#2564);
#1908=LINE('',#11244,#2565);
#1909=LINE('',#11261,#2566);
#1910=LINE('',#11264,#2567);
#1911=LINE('',#11265,#2568);
#1912=LINE('',#11268,#2569);
#1913=LINE('',#11269,#2570);
#1914=LINE('',#11272,#2571);
#1915=LINE('',#11273,#2572);
#1916=LINE('',#11275,#2573);
#1917=LINE('',#11297,#2574);
#1918=LINE('',#11299,#2575);
#1919=LINE('',#11301,#2576);
#1920=LINE('',#11303,#2577);
#1921=LINE('',#11305,#2578);
#1922=LINE('',#11307,#2579);
#1923=LINE('',#11309,#2580);
#1924=LINE('',#11311,#2581);
#1925=LINE('',#11313,#2582);
#1926=LINE('',#11315,#2583);
#1927=LINE('',#11317,#2584);
#1928=LINE('',#11343,#2585);
#1929=LINE('',#11360,#2586);
#1930=LINE('',#11367,#2587);
#1931=LINE('',#11384,#2588);
#1932=LINE('',#11401,#2589);
#1933=LINE('',#11404,#2590);
#1934=LINE('',#11405,#2591);
#1935=LINE('',#11408,#2592);
#1936=LINE('',#11409,#2593);
#1937=LINE('',#11412,#2594);
#1938=LINE('',#11413,#2595);
#1939=LINE('',#11416,#2596);
#1940=LINE('',#11417,#2597);
#1941=LINE('',#11420,#2598);
#1942=LINE('',#11421,#2599);
#1943=LINE('',#11424,#2600);
#1944=LINE('',#11425,#2601);
#1945=LINE('',#11428,#2602);
#1946=LINE('',#11429,#2603);
#1947=LINE('',#11432,#2604);
#1948=LINE('',#11433,#2605);
#1949=LINE('',#11436,#2606);
#1950=LINE('',#11437,#2607);
#1951=LINE('',#11440,#2608);
#1952=LINE('',#11441,#2609);
#1953=LINE('',#11444,#2610);
#1954=LINE('',#11445,#2611);
#1955=LINE('',#11462,#2612);
#1956=LINE('',#11479,#2613);
#1957=LINE('',#11496,#2614);
#1958=LINE('',#11513,#2615);
#1959=LINE('',#11516,#2616);
#1960=LINE('',#11517,#2617);
#1961=LINE('',#11554,#2618);
#1962=LINE('',#11556,#2619);
#1963=LINE('',#11558,#2620);
#1964=LINE('',#11560,#2621);
#1965=LINE('',#11562,#2622);
#1966=LINE('',#11564,#2623);
#1967=LINE('',#11566,#2624);
#1968=LINE('',#11568,#2625);
#1969=LINE('',#11570,#2626);
#1970=LINE('',#11572,#2627);
#1971=LINE('',#11574,#2628);
#1972=LINE('',#11600,#2629);
#1973=LINE('',#11617,#2630);
#1974=LINE('',#11624,#2631);
#1975=LINE('',#11641,#2632);
#1976=LINE('',#11658,#2633);
#1977=LINE('',#11661,#2634);
#1978=LINE('',#11662,#2635);
#1979=LINE('',#11665,#2636);
#1980=LINE('',#11666,#2637);
#1981=LINE('',#11669,#2638);
#1982=LINE('',#11670,#2639);
#1983=LINE('',#11673,#2640);
#1984=LINE('',#11674,#2641);
#1985=LINE('',#11677,#2642);
#1986=LINE('',#11678,#2643);
#1987=LINE('',#11681,#2644);
#1988=LINE('',#11682,#2645);
#1989=LINE('',#11685,#2646);
#1990=LINE('',#11686,#2647);
#1991=LINE('',#11689,#2648);
#1992=LINE('',#11690,#2649);
#1993=LINE('',#11693,#2650);
#1994=LINE('',#11694,#2651);
#1995=LINE('',#11697,#2652);
#1996=LINE('',#11698,#2653);
#1997=LINE('',#11701,#2654);
#1998=LINE('',#11702,#2655);
#1999=LINE('',#11719,#2656);
#2000=LINE('',#11736,#2657);
#2001=LINE('',#11753,#2658);
#2002=LINE('',#11770,#2659);
#2003=LINE('',#11773,#2660);
#2004=LINE('',#11774,#2661);
#2005=LINE('',#11859,#2662);
#2006=LINE('',#11861,#2663);
#2007=LINE('',#11862,#2664);
#2008=LINE('',#11865,#2665);
#2009=LINE('',#11909,#2666);
#2010=LINE('',#11910,#2667);
#2011=LINE('',#11913,#2668);
#2012=LINE('',#11951,#2669);
#2013=LINE('',#11952,#2670);
#2014=LINE('',#11964,#2671);
#2015=LINE('',#11971,#2672);
#2016=LINE('',#11988,#2673);
#2017=LINE('',#12005,#2674);
#2018=LINE('',#12022,#2675);
#2019=LINE('',#12039,#2676);
#2020=LINE('',#12056,#2677);
#2021=LINE('',#12073,#2678);
#2022=LINE('',#12090,#2679);
#2023=LINE('',#12107,#2680);
#2024=LINE('',#12124,#2681);
#2025=LINE('',#12141,#2682);
#2026=LINE('',#12144,#2683);
#2027=LINE('',#12145,#2684);
#2028=LINE('',#12148,#2685);
#2029=LINE('',#12149,#2686);
#2030=LINE('',#12151,#2687);
#2031=LINE('',#12154,#2688);
#2032=LINE('',#12156,#2689);
#2033=LINE('',#12157,#2690);
#2034=LINE('',#12174,#2691);
#2035=LINE('',#12191,#2692);
#2036=LINE('',#12208,#2693);
#2037=LINE('',#12225,#2694);
#2038=LINE('',#12242,#2695);
#2039=LINE('',#12259,#2696);
#2040=LINE('',#12276,#2697);
#2041=LINE('',#12279,#2698);
#2042=LINE('',#12280,#2699);
#2043=LINE('',#12282,#2700);
#2044=LINE('',#12285,#2701);
#2045=LINE('',#12287,#2702);
#2046=LINE('',#12288,#2703);
#2047=LINE('',#12305,#2704);
#2048=LINE('',#12322,#2705);
#2049=LINE('',#12339,#2706);
#2050=LINE('',#12356,#2707);
#2051=LINE('',#12373,#2708);
#2052=LINE('',#12390,#2709);
#2053=LINE('',#12393,#2710);
#2054=LINE('',#12394,#2711);
#2055=LINE('',#12396,#2712);
#2056=LINE('',#12430,#2713);
#2057=LINE('',#12432,#2714);
#2058=LINE('',#12434,#2715);
#2059=LINE('',#12472,#2716);
#2060=LINE('',#12474,#2717);
#2061=LINE('',#12475,#2718);
#2062=LINE('',#12487,#2719);
#2063=LINE('',#12494,#2720);
#2064=LINE('',#12511,#2721);
#2065=LINE('',#12528,#2722);
#2066=LINE('',#12545,#2723);
#2067=LINE('',#12562,#2724);
#2068=LINE('',#12565,#2725);
#2069=LINE('',#12566,#2726);
#2070=LINE('',#12569,#2727);
#2071=LINE('',#12570,#2728);
#2072=LINE('',#12573,#2729);
#2073=LINE('',#12574,#2730);
#2074=LINE('',#12591,#2731);
#2075=LINE('',#12608,#2732);
#2076=LINE('',#12625,#2733);
#2077=LINE('',#12642,#2734);
#2078=LINE('',#12659,#2735);
#2079=LINE('',#12676,#2736);
#2080=LINE('',#12679,#2737);
#2081=LINE('',#12680,#2738);
#2082=LINE('',#12683,#2739);
#2083=LINE('',#12684,#2740);
#2084=LINE('',#12686,#2741);
#2085=LINE('',#12744,#2742);
#2086=LINE('',#12806,#2743);
#2087=LINE('',#12823,#2744);
#2088=LINE('',#12830,#2745);
#2089=LINE('',#12847,#2746);
#2090=LINE('',#12864,#2747);
#2091=LINE('',#12881,#2748);
#2092=LINE('',#12898,#2749);
#2093=LINE('',#12915,#2750);
#2094=LINE('',#12932,#2751);
#2095=LINE('',#12949,#2752);
#2096=LINE('',#12966,#2753);
#2097=LINE('',#12969,#2754);
#2098=LINE('',#12970,#2755);
#2099=LINE('',#12987,#2756);
#2100=LINE('',#13004,#2757);
#2101=LINE('',#13021,#2758);
#2102=LINE('',#13038,#2759);
#2103=LINE('',#13055,#2760);
#2104=LINE('',#13072,#2761);
#2105=LINE('',#13089,#2762);
#2106=LINE('',#13106,#2763);
#2107=LINE('',#13123,#2764);
#2108=LINE('',#13140,#2765);
#2109=LINE('',#13143,#2766);
#2110=LINE('',#13144,#2767);
#2111=LINE('',#13235,#2768);
#2112=LINE('',#13279,#2769);
#2113=LINE('',#13323,#2770);
#2114=LINE('',#13340,#2771);
#2115=LINE('',#13347,#2772);
#2116=LINE('',#13364,#2773);
#2117=LINE('',#13381,#2774);
#2118=LINE('',#13398,#2775);
#2119=LINE('',#13415,#2776);
#2120=LINE('',#13432,#2777);
#2121=LINE('',#13449,#2778);
#2122=LINE('',#13466,#2779);
#2123=LINE('',#13483,#2780);
#2124=LINE('',#13500,#2781);
#2125=LINE('',#13517,#2782);
#2126=LINE('',#13534,#2783);
#2127=LINE('',#13537,#2784);
#2128=LINE('',#13538,#2785);
#2129=LINE('',#13555,#2786);
#2130=LINE('',#13572,#2787);
#2131=LINE('',#13589,#2788);
#2132=LINE('',#13606,#2789);
#2133=LINE('',#13623,#2790);
#2134=LINE('',#13640,#2791);
#2135=LINE('',#13657,#2792);
#2136=LINE('',#13660,#2793);
#2137=LINE('',#13661,#2794);
#2138=LINE('',#13678,#2795);
#2139=LINE('',#13695,#2796);
#2140=LINE('',#13712,#2797);
#2141=LINE('',#13729,#2798);
#2142=LINE('',#13746,#2799);
#2143=LINE('',#13763,#2800);
#2144=LINE('',#13780,#2801);
#2145=LINE('',#13783,#2802);
#2146=LINE('',#13784,#2803);
#2147=LINE('',#13887,#2804);
#2148=LINE('',#13997,#2805);
#2149=LINE('',#14014,#2806);
#2150=LINE('',#14021,#2807);
#2151=LINE('',#14038,#2808);
#2152=LINE('',#14055,#2809);
#2153=LINE('',#14072,#2810);
#2154=LINE('',#14089,#2811);
#2155=LINE('',#14106,#2812);
#2156=LINE('',#14123,#2813);
#2157=LINE('',#14140,#2814);
#2158=LINE('',#14157,#2815);
#2159=LINE('',#14174,#2816);
#2160=LINE('',#14191,#2817);
#2161=LINE('',#14208,#2818);
#2162=LINE('',#14225,#2819);
#2163=LINE('',#14242,#2820);
#2164=LINE('',#14245,#2821);
#2165=LINE('',#14246,#2822);
#2166=LINE('',#14263,#2823);
#2167=LINE('',#14280,#2824);
#2168=LINE('',#14297,#2825);
#2169=LINE('',#14314,#2826);
#2170=LINE('',#14331,#2827);
#2171=LINE('',#14348,#2828);
#2172=LINE('',#14365,#2829);
#2173=LINE('',#14382,#2830);
#2174=LINE('',#14399,#2831);
#2175=LINE('',#14416,#2832);
#2176=LINE('',#14433,#2833);
#2177=LINE('',#14450,#2834);
#2178=LINE('',#14467,#2835);
#2179=LINE('',#14484,#2836);
#2180=LINE('',#14501,#2837);
#2181=LINE('',#14518,#2838);
#2182=LINE('',#14535,#2839);
#2183=LINE('',#14552,#2840);
#2184=LINE('',#14555,#2841);
#2185=LINE('',#14556,#2842);
#2186=LINE('',#14585,#2843);
#2187=LINE('',#14588,#2844);
#2188=LINE('',#14593,#2845);
#2189=LINE('',#14596,#2846);
#2190=LINE('',#14603,#2847);
#2191=LINE('',#14606,#2848);
#2192=LINE('',#14612,#2849);
#2193=LINE('',#14615,#2850);
#2194=LINE('',#14622,#2851);
#2195=LINE('',#14625,#2852);
#2196=LINE('',#14628,#2853);
#2197=LINE('',#14629,#2854);
#2198=LINE('',#14632,#2855);
#2199=LINE('',#14636,#2856);
#2200=LINE('',#14637,#2857);
#2201=LINE('',#14643,#2858);
#2202=LINE('',#14646,#2859);
#2203=LINE('',#14657,#2860);
#2204=LINE('',#14659,#2861);
#2205=LINE('',#14661,#2862);
#2206=LINE('',#14663,#2863);
#2207=LINE('',#14665,#2864);
#2208=LINE('',#14667,#2865);
#2209=LINE('',#14669,#2866);
#2210=LINE('',#14670,#2867);
#2211=LINE('',#14672,#2868);
#2212=LINE('',#14674,#2869);
#2213=LINE('',#14676,#2870);
#2214=LINE('',#14680,#2871);
#2215=LINE('',#14684,#2872);
#2216=LINE('',#14689,#2873);
#2217=LINE('',#14693,#2874);
#2218=LINE('',#14698,#2875);
#2219=LINE('',#14702,#2876);
#2220=LINE('',#14707,#2877);
#2221=LINE('',#14711,#2878);
#2222=LINE('',#14717,#2879);
#2223=LINE('',#14718,#2880);
#2224=LINE('',#14719,#2881);
#2225=LINE('',#14722,#2882);
#2226=LINE('',#14723,#2883);
#2227=LINE('',#14726,#2884);
#2228=LINE('',#14727,#2885);
#2229=LINE('',#14730,#2886);
#2230=LINE('',#14731,#2887);
#2231=LINE('',#14734,#2888);
#2232=LINE('',#14735,#2889);
#2233=LINE('',#14738,#2890);
#2234=LINE('',#14739,#2891);
#2235=LINE('',#14742,#2892);
#2236=LINE('',#14743,#2893);
#2237=LINE('',#14745,#2894);
#2238=VECTOR('',#7785,10.);
#2239=VECTOR('',#7786,10.);
#2240=VECTOR('',#7787,10.);
#2241=VECTOR('',#7788,10.);
#2242=VECTOR('',#7789,10.);
#2243=VECTOR('',#7790,10.);
#2244=VECTOR('',#7791,10.);
#2245=VECTOR('',#7792,10.);
#2246=VECTOR('',#7795,10.);
#2247=VECTOR('',#7796,10.);
#2248=VECTOR('',#7797,10.);
#2249=VECTOR('',#7800,10.);
#2250=VECTOR('',#7801,10.);
#2251=VECTOR('',#7802,10.);
#2252=VECTOR('',#7803,10.);
#2253=VECTOR('',#7804,10.);
#2254=VECTOR('',#7805,10.);
#2255=VECTOR('',#7806,10.);
#2256=VECTOR('',#7807,10.);
#2257=VECTOR('',#7810,10.);
#2258=VECTOR('',#7811,10.);
#2259=VECTOR('',#7814,10.);
#2260=VECTOR('',#7815,10.);
#2261=VECTOR('',#7818,10.);
#2262=VECTOR('',#7821,10.);
#2263=VECTOR('',#7822,10.);
#2264=VECTOR('',#7823,10.);
#2265=VECTOR('',#7824,10.);
#2266=VECTOR('',#7825,10.);
#2267=VECTOR('',#7826,10.);
#2268=VECTOR('',#7827,10.);
#2269=VECTOR('',#7828,10.);
#2270=VECTOR('',#7831,10.);
#2271=VECTOR('',#7832,10.);
#2272=VECTOR('',#7835,10.);
#2273=VECTOR('',#7838,10.);
#2274=VECTOR('',#7839,10.);
#2275=VECTOR('',#7840,10.);
#2276=VECTOR('',#7841,10.);
#2277=VECTOR('',#7844,10.);
#2278=VECTOR('',#7845,10.);
#2279=VECTOR('',#7846,10.);
#2280=VECTOR('',#7849,10.);
#2281=VECTOR('',#7850,10.);
#2282=VECTOR('',#7853,10.);
#2283=VECTOR('',#7854,10.);
#2284=VECTOR('',#7857,10.);
#2285=VECTOR('',#7860,10.);
#2286=VECTOR('',#7861,10.);
#2287=VECTOR('',#7862,10.);
#2288=VECTOR('',#7863,10.);
#2289=VECTOR('',#7866,10.);
#2290=VECTOR('',#7867,10.);
#2291=VECTOR('',#7868,10.);
#2292=VECTOR('',#7871,10.);
#2293=VECTOR('',#7872,10.);
#2294=VECTOR('',#7875,10.);
#2295=VECTOR('',#7876,10.);
#2296=VECTOR('',#7879,10.);
#2297=VECTOR('',#7882,10.);
#2298=VECTOR('',#7883,10.);
#2299=VECTOR('',#7884,10.);
#2300=VECTOR('',#7885,10.);
#2301=VECTOR('',#7886,10.);
#2302=VECTOR('',#7887,10.);
#2303=VECTOR('',#7888,10.);
#2304=VECTOR('',#7889,10.);
#2305=VECTOR('',#7890,10.);
#2306=VECTOR('',#7891,10.);
#2307=VECTOR('',#7892,10.);
#2308=VECTOR('',#7893,10.);
#2309=VECTOR('',#7894,10.);
#2310=VECTOR('',#7897,10.);
#2311=VECTOR('',#7898,10.);
#2312=VECTOR('',#7899,10.);
#2313=VECTOR('',#7902,10.);
#2314=VECTOR('',#7903,10.);
#2315=VECTOR('',#7906,10.);
#2316=VECTOR('',#7907,10.);
#2317=VECTOR('',#7910,10.);
#2318=VECTOR('',#7911,10.);
#2319=VECTOR('',#7914,10.);
#2320=VECTOR('',#7915,10.);
#2321=VECTOR('',#7918,10.);
#2322=VECTOR('',#7919,10.);
#2323=VECTOR('',#7922,10.);
#2324=VECTOR('',#7923,10.);
#2325=VECTOR('',#7926,10.);
#2326=VECTOR('',#7927,10.);
#2327=VECTOR('',#7930,10.);
#2328=VECTOR('',#7931,10.);
#2329=VECTOR('',#7932,10.);
#2330=VECTOR('',#7933,10.);
#2331=VECTOR('',#7936,10.);
#2332=VECTOR('',#7937,10.);
#2333=VECTOR('',#7940,10.);
#2334=VECTOR('',#7941,10.);
#2335=VECTOR('',#7944,10.);
#2336=VECTOR('',#7945,10.);
#2337=VECTOR('',#7948,10.);
#2338=VECTOR('',#7951,10.);
#2339=VECTOR('',#7952,10.);
#2340=VECTOR('',#7953,10.);
#2341=VECTOR('',#7954,10.);
#2342=VECTOR('',#7957,10.);
#2343=VECTOR('',#7958,10.);
#2344=VECTOR('',#7959,10.);
#2345=VECTOR('',#7960,10.);
#2346=VECTOR('',#7961,10.);
#2347=VECTOR('',#7964,10.);
#2348=VECTOR('',#7965,10.);
#2349=VECTOR('',#7966,10.);
#2350=VECTOR('',#7967,10.);
#2351=VECTOR('',#7968,10.);
#2352=VECTOR('',#7969,10.);
#2353=VECTOR('',#7970,10.);
#2354=VECTOR('',#7971,10.);
#2355=VECTOR('',#7972,10.);
#2356=VECTOR('',#7975,10.);
#2357=VECTOR('',#7976,10.);
#2358=VECTOR('',#7977,10.);
#2359=VECTOR('',#7978,10.);
#2360=VECTOR('',#7979,10.);
#2361=VECTOR('',#7980,10.);
#2362=VECTOR('',#7981,10.);
#2363=VECTOR('',#7982,10.);
#2364=VECTOR('',#7983,10.);
#2365=VECTOR('',#7984,10.);
#2366=VECTOR('',#7985,10.);
#2367=VECTOR('',#7986,10.);
#2368=VECTOR('',#7987,10.);
#2369=VECTOR('',#7988,10.);
#2370=VECTOR('',#7989,10.);
#2371=VECTOR('',#7990,10.);
#2372=VECTOR('',#7991,10.);
#2373=VECTOR('',#7992,10.);
#2374=VECTOR('',#7993,10.);
#2375=VECTOR('',#7994,10.);
#2376=VECTOR('',#7995,10.);
#2377=VECTOR('',#7996,10.);
#2378=VECTOR('',#7997,10.);
#2379=VECTOR('',#7998,10.);
#2380=VECTOR('',#7999,10.);
#2381=VECTOR('',#8000,10.);
#2382=VECTOR('',#8003,10.);
#2383=VECTOR('',#8006,10.);
#2384=VECTOR('',#8007,10.);
#2385=VECTOR('',#8008,10.);
#2386=VECTOR('',#8009,10.);
#2387=VECTOR('',#8010,10.);
#2388=VECTOR('',#8011,10.);
#2389=VECTOR('',#8012,10.);
#2390=VECTOR('',#8013,10.);
#2391=VECTOR('',#8014,10.);
#2392=VECTOR('',#8015,10.);
#2393=VECTOR('',#8016,10.);
#2394=VECTOR('',#8019,10.);
#2395=VECTOR('',#8020,10.);
#2396=VECTOR('',#8023,10.);
#2397=VECTOR('',#8024,10.);
#2398=VECTOR('',#8027,10.);
#2399=VECTOR('',#8028,10.);
#2400=VECTOR('',#8029,10.);
#2401=VECTOR('',#8030,10.);
#2402=VECTOR('',#8033,10.);
#2403=VECTOR('',#8034,10.);
#2404=VECTOR('',#8037,10.);
#2405=VECTOR('',#8038,10.);
#2406=VECTOR('',#8041,10.);
#2407=VECTOR('',#8042,10.);
#2408=VECTOR('',#8043,10.);
#2409=VECTOR('',#8044,10.);
#2410=VECTOR('',#8045,10.);
#2411=VECTOR('',#8046,10.);
#2412=VECTOR('',#8047,10.);
#2413=VECTOR('',#8050,10.);
#2414=VECTOR('',#8051,10.);
#2415=VECTOR('',#8054,10.);
#2416=VECTOR('',#8055,10.);
#2417=VECTOR('',#8056,10.);
#2418=VECTOR('',#8057,10.);
#2419=VECTOR('',#8058,10.);
#2420=VECTOR('',#8059,10.);
#2421=VECTOR('',#8060,10.);
#2422=VECTOR('',#8063,10.);
#2423=VECTOR('',#8064,10.);
#2424=VECTOR('',#8065,10.);
#2425=VECTOR('',#8066,10.);
#2426=VECTOR('',#8067,10.);
#2427=VECTOR('',#8068,10.);
#2428=VECTOR('',#8069,10.);
#2429=VECTOR('',#8070,10.);
#2430=VECTOR('',#8071,10.);
#2431=VECTOR('',#8072,10.);
#2432=VECTOR('',#8073,10.);
#2433=VECTOR('',#8076,10.);
#2434=VECTOR('',#8077,10.);
#2435=VECTOR('',#8078,10.);
#2436=VECTOR('',#8079,10.);
#2437=VECTOR('',#8080,10.);
#2438=VECTOR('',#8081,10.);
#2439=VECTOR('',#8084,10.);
#2440=VECTOR('',#8085,10.);
#2441=VECTOR('',#8088,10.);
#2442=VECTOR('',#8089,10.);
#2443=VECTOR('',#8090,10.);
#2444=VECTOR('',#8091,10.);
#2445=VECTOR('',#8092,10.);
#2446=VECTOR('',#8093,10.);
#2447=VECTOR('',#8094,10.);
#2448=VECTOR('',#8095,10.);
#2449=VECTOR('',#8098,10.);
#2450=VECTOR('',#8099,10.);
#2451=VECTOR('',#8100,10.);
#2452=VECTOR('',#8103,10.);
#2453=VECTOR('',#8104,10.);
#2454=VECTOR('',#8107,10.);
#2455=VECTOR('',#8108,10.);
#2456=VECTOR('',#8111,10.);
#2457=VECTOR('',#8114,10.);
#2458=VECTOR('',#8115,10.);
#2459=VECTOR('',#8116,10.);
#2460=VECTOR('',#8119,10.);
#2461=VECTOR('',#8120,10.);
#2462=VECTOR('',#8123,10.);
#2463=VECTOR('',#8124,10.);
#2464=VECTOR('',#8127,10.);
#2465=VECTOR('',#8130,10.);
#2466=VECTOR('',#8131,10.);
#2467=VECTOR('',#8132,10.);
#2468=VECTOR('',#8133,10.);
#2469=VECTOR('',#8134,10.);
#2470=VECTOR('',#8135,10.);
#2471=VECTOR('',#8136,10.);
#2472=VECTOR('',#8137,10.);
#2473=VECTOR('',#8140,10.);
#2474=VECTOR('',#8141,10.);
#2475=VECTOR('',#8142,10.);
#2476=VECTOR('',#8145,10.);
#2477=VECTOR('',#8146,10.);
#2478=VECTOR('',#8149,10.);
#2479=VECTOR('',#8150,10.);
#2480=VECTOR('',#8153,10.);
#2481=VECTOR('',#8156,10.);
#2482=VECTOR('',#8157,10.);
#2483=VECTOR('',#8158,10.);
#2484=VECTOR('',#8161,10.);
#2485=VECTOR('',#8162,10.);
#2486=VECTOR('',#8165,10.);
#2487=VECTOR('',#8166,10.);
#2488=VECTOR('',#8169,10.);
#2489=VECTOR('',#8172,10.);
#2490=VECTOR('',#8173,10.);
#2491=VECTOR('',#8174,10.);
#2492=VECTOR('',#8175,10.);
#2493=VECTOR('',#8176,10.);
#2494=VECTOR('',#8177,10.);
#2495=VECTOR('',#8178,10.);
#2496=VECTOR('',#8179,10.);
#2497=VECTOR('',#8180,10.);
#2498=VECTOR('',#8181,10.);
#2499=VECTOR('',#8182,10.);
#2500=VECTOR('',#8183,10.);
#2501=VECTOR('',#8186,10.);
#2502=VECTOR('',#8187,10.);
#2503=VECTOR('',#8188,10.);
#2504=VECTOR('',#8191,10.);
#2505=VECTOR('',#8192,10.);
#2506=VECTOR('',#8195,10.);
#2507=VECTOR('',#8196,10.);
#2508=VECTOR('',#8199,10.);
#2509=VECTOR('',#8200,10.);
#2510=VECTOR('',#8203,10.);
#2511=VECTOR('',#8204,10.);
#2512=VECTOR('',#8207,10.);
#2513=VECTOR('',#8208,10.);
#2514=VECTOR('',#8211,10.);
#2515=VECTOR('',#8212,10.);
#2516=VECTOR('',#8215,10.);
#2517=VECTOR('',#8216,10.);
#2518=VECTOR('',#8219,10.);
#2519=VECTOR('',#8220,10.);
#2520=VECTOR('',#8223,10.);
#2521=VECTOR('',#8224,10.);
#2522=VECTOR('',#8227,10.);
#2523=VECTOR('',#8228,10.);
#2524=VECTOR('',#8231,10.);
#2525=VECTOR('',#8234,10.);
#2526=VECTOR('',#8235,10.);
#2527=VECTOR('',#8236,10.);
#2528=VECTOR('',#8237,10.);
#2529=VECTOR('',#8238,10.);
#2530=VECTOR('',#8239,10.);
#2531=VECTOR('',#8240,10.);
#2532=VECTOR('',#8241,10.);
#2533=VECTOR('',#8244,10.);
#2534=VECTOR('',#8245,10.);
#2535=VECTOR('',#8246,10.);
#2536=VECTOR('',#8249,10.);
#2537=VECTOR('',#8250,10.);
#2538=VECTOR('',#8253,10.);
#2539=VECTOR('',#8254,10.);
#2540=VECTOR('',#8257,10.);
#2541=VECTOR('',#8260,10.);
#2542=VECTOR('',#8261,10.);
#2543=VECTOR('',#8262,10.);
#2544=VECTOR('',#8265,10.);
#2545=VECTOR('',#8266,10.);
#2546=VECTOR('',#8269,10.);
#2547=VECTOR('',#8270,10.);
#2548=VECTOR('',#8273,10.);
#2549=VECTOR('',#8276,10.);
#2550=VECTOR('',#8277,10.);
#2551=VECTOR('',#8278,10.);
#2552=VECTOR('',#8279,10.);
#2553=VECTOR('',#8280,10.);
#2554=VECTOR('',#8281,10.);
#2555=VECTOR('',#8284,10.);
#2556=VECTOR('',#8285,10.);
#2557=VECTOR('',#8286,10.);
#2558=VECTOR('',#8287,10.);
#2559=VECTOR('',#8288,10.);
#2560=VECTOR('',#8289,10.);
#2561=VECTOR('',#8290,10.);
#2562=VECTOR('',#8293,10.);
#2563=VECTOR('',#8294,10.);
#2564=VECTOR('',#8295,10.);
#2565=VECTOR('',#8296,10.);
#2566=VECTOR('',#8297,10.);
#2567=VECTOR('',#8300,10.);
#2568=VECTOR('',#8301,10.);
#2569=VECTOR('',#8304,10.);
#2570=VECTOR('',#8305,10.);
#2571=VECTOR('',#8308,10.);
#2572=VECTOR('',#8309,10.);
#2573=VECTOR('',#8312,10.);
#2574=VECTOR('',#8315,10.);
#2575=VECTOR('',#8316,10.);
#2576=VECTOR('',#8317,10.);
#2577=VECTOR('',#8318,10.);
#2578=VECTOR('',#8319,10.);
#2579=VECTOR('',#8320,10.);
#2580=VECTOR('',#8321,10.);
#2581=VECTOR('',#8322,10.);
#2582=VECTOR('',#8323,10.);
#2583=VECTOR('',#8324,10.);
#2584=VECTOR('',#8325,10.);
#2585=VECTOR('',#8326,10.);
#2586=VECTOR('',#8327,10.);
#2587=VECTOR('',#8328,10.);
#2588=VECTOR('',#8329,10.);
#2589=VECTOR('',#8330,10.);
#2590=VECTOR('',#8333,10.);
#2591=VECTOR('',#8334,10.);
#2592=VECTOR('',#8337,10.);
#2593=VECTOR('',#8338,10.);
#2594=VECTOR('',#8341,10.);
#2595=VECTOR('',#8342,10.);
#2596=VECTOR('',#8345,10.);
#2597=VECTOR('',#8346,10.);
#2598=VECTOR('',#8349,10.);
#2599=VECTOR('',#8350,10.);
#2600=VECTOR('',#8353,10.);
#2601=VECTOR('',#8354,10.);
#2602=VECTOR('',#8357,10.);
#2603=VECTOR('',#8358,10.);
#2604=VECTOR('',#8361,10.);
#2605=VECTOR('',#8362,10.);
#2606=VECTOR('',#8365,10.);
#2607=VECTOR('',#8366,10.);
#2608=VECTOR('',#8369,10.);
#2609=VECTOR('',#8370,10.);
#2610=VECTOR('',#8373,10.);
#2611=VECTOR('',#8374,10.);
#2612=VECTOR('',#8375,10.);
#2613=VECTOR('',#8376,10.);
#2614=VECTOR('',#8377,10.);
#2615=VECTOR('',#8378,10.);
#2616=VECTOR('',#8381,10.);
#2617=VECTOR('',#8382,10.);
#2618=VECTOR('',#8385,10.);
#2619=VECTOR('',#8386,10.);
#2620=VECTOR('',#8387,10.);
#2621=VECTOR('',#8388,10.);
#2622=VECTOR('',#8389,10.);
#2623=VECTOR('',#8390,10.);
#2624=VECTOR('',#8391,10.);
#2625=VECTOR('',#8392,10.);
#2626=VECTOR('',#8393,10.);
#2627=VECTOR('',#8394,10.);
#2628=VECTOR('',#8395,10.);
#2629=VECTOR('',#8396,10.);
#2630=VECTOR('',#8397,10.);
#2631=VECTOR('',#8398,10.);
#2632=VECTOR('',#8399,10.);
#2633=VECTOR('',#8400,10.);
#2634=VECTOR('',#8403,10.);
#2635=VECTOR('',#8404,10.);
#2636=VECTOR('',#8407,10.);
#2637=VECTOR('',#8408,10.);
#2638=VECTOR('',#8411,10.);
#2639=VECTOR('',#8412,10.);
#2640=VECTOR('',#8415,10.);
#2641=VECTOR('',#8416,10.);
#2642=VECTOR('',#8419,10.);
#2643=VECTOR('',#8420,10.);
#2644=VECTOR('',#8423,10.);
#2645=VECTOR('',#8424,10.);
#2646=VECTOR('',#8427,10.);
#2647=VECTOR('',#8428,10.);
#2648=VECTOR('',#8431,10.);
#2649=VECTOR('',#8432,10.);
#2650=VECTOR('',#8435,10.);
#2651=VECTOR('',#8436,10.);
#2652=VECTOR('',#8439,10.);
#2653=VECTOR('',#8440,10.);
#2654=VECTOR('',#8443,10.);
#2655=VECTOR('',#8444,10.);
#2656=VECTOR('',#8445,10.);
#2657=VECTOR('',#8446,10.);
#2658=VECTOR('',#8447,10.);
#2659=VECTOR('',#8448,10.);
#2660=VECTOR('',#8451,10.);
#2661=VECTOR('',#8452,10.);
#2662=VECTOR('',#8455,10.);
#2663=VECTOR('',#8456,10.);
#2664=VECTOR('',#8457,10.);
#2665=VECTOR('',#8458,10.);
#2666=VECTOR('',#8459,10.);
#2667=VECTOR('',#8460,10.);
#2668=VECTOR('',#8461,10.);
#2669=VECTOR('',#8462,10.);
#2670=VECTOR('',#8463,10.);
#2671=VECTOR('',#8464,10.);
#2672=VECTOR('',#8465,10.);
#2673=VECTOR('',#8466,10.);
#2674=VECTOR('',#8467,10.);
#2675=VECTOR('',#8468,10.);
#2676=VECTOR('',#8469,10.);
#2677=VECTOR('',#8470,10.);
#2678=VECTOR('',#8471,10.);
#2679=VECTOR('',#8472,10.);
#2680=VECTOR('',#8473,10.);
#2681=VECTOR('',#8474,10.);
#2682=VECTOR('',#8475,10.);
#2683=VECTOR('',#8478,10.);
#2684=VECTOR('',#8479,10.);
#2685=VECTOR('',#8482,10.);
#2686=VECTOR('',#8483,10.);
#2687=VECTOR('',#8486,10.);
#2688=VECTOR('',#8489,10.);
#2689=VECTOR('',#8490,10.);
#2690=VECTOR('',#8491,10.);
#2691=VECTOR('',#8492,10.);
#2692=VECTOR('',#8493,10.);
#2693=VECTOR('',#8494,10.);
#2694=VECTOR('',#8495,10.);
#2695=VECTOR('',#8496,10.);
#2696=VECTOR('',#8497,10.);
#2697=VECTOR('',#8498,10.);
#2698=VECTOR('',#8501,10.);
#2699=VECTOR('',#8502,10.);
#2700=VECTOR('',#8505,10.);
#2701=VECTOR('',#8508,10.);
#2702=VECTOR('',#8509,10.);
#2703=VECTOR('',#8510,10.);
#2704=VECTOR('',#8511,10.);
#2705=VECTOR('',#8512,10.);
#2706=VECTOR('',#8513,10.);
#2707=VECTOR('',#8514,10.);
#2708=VECTOR('',#8515,10.);
#2709=VECTOR('',#8516,10.);
#2710=VECTOR('',#8519,10.);
#2711=VECTOR('',#8520,10.);
#2712=VECTOR('',#8523,10.);
#2713=VECTOR('',#8526,10.);
#2714=VECTOR('',#8527,10.);
#2715=VECTOR('',#8528,10.);
#2716=VECTOR('',#8529,10.);
#2717=VECTOR('',#8530,10.);
#2718=VECTOR('',#8531,10.);
#2719=VECTOR('',#8532,10.);
#2720=VECTOR('',#8533,10.);
#2721=VECTOR('',#8534,10.);
#2722=VECTOR('',#8535,10.);
#2723=VECTOR('',#8536,10.);
#2724=VECTOR('',#8537,10.);
#2725=VECTOR('',#8540,10.);
#2726=VECTOR('',#8541,10.);
#2727=VECTOR('',#8544,10.);
#2728=VECTOR('',#8545,10.);
#2729=VECTOR('',#8548,10.);
#2730=VECTOR('',#8549,10.);
#2731=VECTOR('',#8550,10.);
#2732=VECTOR('',#8551,10.);
#2733=VECTOR('',#8552,10.);
#2734=VECTOR('',#8553,10.);
#2735=VECTOR('',#8554,10.);
#2736=VECTOR('',#8555,10.);
#2737=VECTOR('',#8558,10.);
#2738=VECTOR('',#8559,10.);
#2739=VECTOR('',#8562,10.);
#2740=VECTOR('',#8563,10.);
#2741=VECTOR('',#8566,10.);
#2742=VECTOR('',#8569,10.);
#2743=VECTOR('',#8570,10.);
#2744=VECTOR('',#8571,10.);
#2745=VECTOR('',#8572,10.);
#2746=VECTOR('',#8573,10.);
#2747=VECTOR('',#8574,10.);
#2748=VECTOR('',#8575,10.);
#2749=VECTOR('',#8576,10.);
#2750=VECTOR('',#8577,10.);
#2751=VECTOR('',#8578,10.);
#2752=VECTOR('',#8579,10.);
#2753=VECTOR('',#8580,10.);
#2754=VECTOR('',#8583,10.);
#2755=VECTOR('',#8584,10.);
#2756=VECTOR('',#8585,10.);
#2757=VECTOR('',#8586,10.);
#2758=VECTOR('',#8587,10.);
#2759=VECTOR('',#8588,10.);
#2760=VECTOR('',#8589,10.);
#2761=VECTOR('',#8590,10.);
#2762=VECTOR('',#8591,10.);
#2763=VECTOR('',#8592,10.);
#2764=VECTOR('',#8593,10.);
#2765=VECTOR('',#8594,10.);
#2766=VECTOR('',#8597,10.);
#2767=VECTOR('',#8598,10.);
#2768=VECTOR('',#8601,10.);
#2769=VECTOR('',#8602,10.);
#2770=VECTOR('',#8603,10.);
#2771=VECTOR('',#8604,10.);
#2772=VECTOR('',#8605,10.);
#2773=VECTOR('',#8606,10.);
#2774=VECTOR('',#8607,10.);
#2775=VECTOR('',#8608,10.);
#2776=VECTOR('',#8609,10.);
#2777=VECTOR('',#8610,10.);
#2778=VECTOR('',#8611,10.);
#2779=VECTOR('',#8612,10.);
#2780=VECTOR('',#8613,10.);
#2781=VECTOR('',#8614,10.);
#2782=VECTOR('',#8615,10.);
#2783=VECTOR('',#8616,10.);
#2784=VECTOR('',#8619,10.);
#2785=VECTOR('',#8620,10.);
#2786=VECTOR('',#8621,10.);
#2787=VECTOR('',#8622,10.);
#2788=VECTOR('',#8623,10.);
#2789=VECTOR('',#8624,10.);
#2790=VECTOR('',#8625,10.);
#2791=VECTOR('',#8626,10.);
#2792=VECTOR('',#8627,10.);
#2793=VECTOR('',#8630,10.);
#2794=VECTOR('',#8631,10.);
#2795=VECTOR('',#8632,10.);
#2796=VECTOR('',#8633,10.);
#2797=VECTOR('',#8634,10.);
#2798=VECTOR('',#8635,10.);
#2799=VECTOR('',#8636,10.);
#2800=VECTOR('',#8637,10.);
#2801=VECTOR('',#8638,10.);
#2802=VECTOR('',#8641,10.);
#2803=VECTOR('',#8642,10.);
#2804=VECTOR('',#8645,10.);
#2805=VECTOR('',#8646,10.);
#2806=VECTOR('',#8647,10.);
#2807=VECTOR('',#8648,10.);
#2808=VECTOR('',#8649,10.);
#2809=VECTOR('',#8650,10.);
#2810=VECTOR('',#8651,10.);
#2811=VECTOR('',#8652,10.);
#2812=VECTOR('',#8653,10.);
#2813=VECTOR('',#8654,10.);
#2814=VECTOR('',#8655,10.);
#2815=VECTOR('',#8656,10.);
#2816=VECTOR('',#8657,10.);
#2817=VECTOR('',#8658,10.);
#2818=VECTOR('',#8659,10.);
#2819=VECTOR('',#8660,10.);
#2820=VECTOR('',#8661,10.);
#2821=VECTOR('',#8664,10.);
#2822=VECTOR('',#8665,10.);
#2823=VECTOR('',#8666,10.);
#2824=VECTOR('',#8667,10.);
#2825=VECTOR('',#8668,10.);
#2826=VECTOR('',#8669,10.);
#2827=VECTOR('',#8670,10.);
#2828=VECTOR('',#8671,10.);
#2829=VECTOR('',#8672,10.);
#2830=VECTOR('',#8673,10.);
#2831=VECTOR('',#8674,10.);
#2832=VECTOR('',#8675,10.);
#2833=VECTOR('',#8676,10.);
#2834=VECTOR('',#8677,10.);
#2835=VECTOR('',#8678,10.);
#2836=VECTOR('',#8679,10.);
#2837=VECTOR('',#8680,10.);
#2838=VECTOR('',#8681,10.);
#2839=VECTOR('',#8682,10.);
#2840=VECTOR('',#8683,10.);
#2841=VECTOR('',#8686,10.);
#2842=VECTOR('',#8687,10.);
#2843=VECTOR('',#8708,10.);
#2844=VECTOR('',#8711,10.);
#2845=VECTOR('',#8716,10.);
#2846=VECTOR('',#8719,10.);
#2847=VECTOR('',#8728,10.);
#2848=VECTOR('',#8731,10.);
#2849=VECTOR('',#8740,10.);
#2850=VECTOR('',#8743,10.);
#2851=VECTOR('',#8754,10.);
#2852=VECTOR('',#8757,10.);
#2853=VECTOR('',#8760,10.);
#2854=VECTOR('',#8761,10.);
#2855=VECTOR('',#8764,10.);
#2856=VECTOR('',#8769,10.);
#2857=VECTOR('',#8770,10.);
#2858=VECTOR('',#8777,10.);
#2859=VECTOR('',#8780,10.);
#2860=VECTOR('',#8789,10.);
#2861=VECTOR('',#8790,10.);
#2862=VECTOR('',#8791,10.);
#2863=VECTOR('',#8792,10.);
#2864=VECTOR('',#8793,10.);
#2865=VECTOR('',#8794,10.);
#2866=VECTOR('',#8795,10.);
#2867=VECTOR('',#8796,10.);
#2868=VECTOR('',#8799,10.);
#2869=VECTOR('',#8802,10.);
#2870=VECTOR('',#8805,10.);
#2871=VECTOR('',#8810,1.65);
#2872=VECTOR('',#8815,1.55);
#2873=VECTOR('',#8822,1.65);
#2874=VECTOR('',#8827,1.55);
#2875=VECTOR('',#8834,1.65);
#2876=VECTOR('',#8839,1.55);
#2877=VECTOR('',#8846,1.65);
#2878=VECTOR('',#8851,1.55);
#2879=VECTOR('',#8858,10.);
#2880=VECTOR('',#8859,10.);
#2881=VECTOR('',#8860,10.);
#2882=VECTOR('',#8863,10.);
#2883=VECTOR('',#8864,10.);
#2884=VECTOR('',#8867,10.);
#2885=VECTOR('',#8868,10.);
#2886=VECTOR('',#8871,10.);
#2887=VECTOR('',#8872,10.);
#2888=VECTOR('',#8875,10.);
#2889=VECTOR('',#8876,10.);
#2890=VECTOR('',#8879,10.);
#2891=VECTOR('',#8880,10.);
#2892=VECTOR('',#8883,10.);
#2893=VECTOR('',#8884,10.);
#2894=VECTOR('',#8887,10.);
#2895=VERTEX_POINT('',#8892);
#2896=VERTEX_POINT('',#8893);
#2897=VERTEX_POINT('',#8895);
#2898=VERTEX_POINT('',#8897);
#2899=VERTEX_POINT('',#8903);
#2900=VERTEX_POINT('',#8909);
#2901=VERTEX_POINT('',#8915);
#2902=VERTEX_POINT('',#8921);
#2903=VERTEX_POINT('',#8927);
#2904=VERTEX_POINT('',#8933);
#2905=VERTEX_POINT('',#8935);
#2906=VERTEX_POINT('',#8938);
#2907=VERTEX_POINT('',#8939);
#2908=VERTEX_POINT('',#8941);
#2909=VERTEX_POINT('',#8947);
#2910=VERTEX_POINT('',#8953);
#2911=VERTEX_POINT('',#8959);
#2912=VERTEX_POINT('',#8965);
#2913=VERTEX_POINT('',#8971);
#2914=VERTEX_POINT('',#8975);
#2915=VERTEX_POINT('',#8977);
#2916=VERTEX_POINT('',#8981);
#2917=VERTEX_POINT('',#8994);
#2918=VERTEX_POINT('',#9011);
#2919=VERTEX_POINT('',#9028);
#2920=VERTEX_POINT('',#9045);
#2921=VERTEX_POINT('',#9062);
#2922=VERTEX_POINT('',#9079);
#2923=VERTEX_POINT('',#9087);
#2924=VERTEX_POINT('',#9091);
#2925=VERTEX_POINT('',#9097);
#2926=VERTEX_POINT('',#9099);
#2927=VERTEX_POINT('',#9112);
#2928=VERTEX_POINT('',#9129);
#2929=VERTEX_POINT('',#9146);
#2930=VERTEX_POINT('',#9163);
#2931=VERTEX_POINT('',#9180);
#2932=VERTEX_POINT('',#9188);
#2933=VERTEX_POINT('',#9194);
#2934=VERTEX_POINT('',#9195);
#2935=VERTEX_POINT('',#9197);
#2936=VERTEX_POINT('',#9199);
#2937=VERTEX_POINT('',#9203);
#2938=VERTEX_POINT('',#9205);
#2939=VERTEX_POINT('',#9209);
#2940=VERTEX_POINT('',#9213);
#2941=VERTEX_POINT('',#9219);
#2942=VERTEX_POINT('',#9220);
#2943=VERTEX_POINT('',#9222);
#2944=VERTEX_POINT('',#9224);
#2945=VERTEX_POINT('',#9228);
#2946=VERTEX_POINT('',#9230);
#2947=VERTEX_POINT('',#9234);
#2948=VERTEX_POINT('',#9238);
#2949=VERTEX_POINT('',#9244);
#2950=VERTEX_POINT('',#9245);
#2951=VERTEX_POINT('',#9247);
#2952=VERTEX_POINT('',#9249);
#2953=VERTEX_POINT('',#9251);
#2954=VERTEX_POINT('',#9253);
#2955=VERTEX_POINT('',#9255);
#2956=VERTEX_POINT('',#9257);
#2957=VERTEX_POINT('',#9259);
#2958=VERTEX_POINT('',#9261);
#2959=VERTEX_POINT('',#9263);
#2960=VERTEX_POINT('',#9269);
#2961=VERTEX_POINT('',#9275);
#2962=VERTEX_POINT('',#9277);
#2963=VERTEX_POINT('',#9279);
#2964=VERTEX_POINT('',#9283);
#2965=VERTEX_POINT('',#9285);
#2966=VERTEX_POINT('',#9289);
#2967=VERTEX_POINT('',#9293);
#2968=VERTEX_POINT('',#9297);
#2969=VERTEX_POINT('',#9301);
#2970=VERTEX_POINT('',#9305);
#2971=VERTEX_POINT('',#9309);
#2972=VERTEX_POINT('',#9313);
#2973=VERTEX_POINT('',#9317);
#2974=VERTEX_POINT('',#9330);
#2975=VERTEX_POINT('',#9347);
#2976=VERTEX_POINT('',#9355);
#2977=VERTEX_POINT('',#9359);
#2978=VERTEX_POINT('',#9363);
#2979=VERTEX_POINT('',#9369);
#2980=VERTEX_POINT('',#9370);
#2981=VERTEX_POINT('',#9372);
#2982=VERTEX_POINT('',#9378);
#2983=VERTEX_POINT('',#9384);
#2984=VERTEX_POINT('',#9386);
#2985=VERTEX_POINT('',#9392);
#2986=VERTEX_POINT('',#9398);
#2987=VERTEX_POINT('',#9404);
#2988=VERTEX_POINT('',#9410);
#2989=VERTEX_POINT('',#9416);
#2990=VERTEX_POINT('',#9422);
#2991=VERTEX_POINT('',#9428);
#2992=VERTEX_POINT('',#9430);
#2993=VERTEX_POINT('',#9436);
#2994=VERTEX_POINT('',#9442);
#2995=VERTEX_POINT('',#9448);
#2996=VERTEX_POINT('',#9454);
#2997=VERTEX_POINT('',#9460);
#2998=VERTEX_POINT('',#9466);
#2999=VERTEX_POINT('',#9472);
#3000=VERTEX_POINT('',#9478);
#3001=VERTEX_POINT('',#9484);
#3002=VERTEX_POINT('',#9490);
#3003=VERTEX_POINT('',#9496);
#3004=VERTEX_POINT('',#9502);
#3005=VERTEX_POINT('',#9508);
#3006=VERTEX_POINT('',#9519);
#3007=VERTEX_POINT('',#9520);
#3008=VERTEX_POINT('',#9526);
#3009=VERTEX_POINT('',#9532);
#3010=VERTEX_POINT('',#9538);
#3011=VERTEX_POINT('',#9544);
#3012=VERTEX_POINT('',#9550);
#3013=VERTEX_POINT('',#9556);
#3014=VERTEX_POINT('',#9562);
#3015=VERTEX_POINT('',#9568);
#3016=VERTEX_POINT('',#9576);
#3017=VERTEX_POINT('',#9578);
#3018=VERTEX_POINT('',#9591);
#3019=VERTEX_POINT('',#9608);
#3020=VERTEX_POINT('',#9616);
#3021=VERTEX_POINT('',#9629);
#3022=VERTEX_POINT('',#9646);
#3023=VERTEX_POINT('',#9663);
#3024=VERTEX_POINT('',#9680);
#3025=VERTEX_POINT('',#9697);
#3026=VERTEX_POINT('',#9714);
#3027=VERTEX_POINT('',#9731);
#3028=VERTEX_POINT('',#9739);
#3029=VERTEX_POINT('',#9752);
#3030=VERTEX_POINT('',#9769);
#3031=VERTEX_POINT('',#9786);
#3032=VERTEX_POINT('',#9803);
#3033=VERTEX_POINT('',#9820);
#3034=VERTEX_POINT('',#9837);
#3035=VERTEX_POINT('',#9854);
#3036=VERTEX_POINT('',#9871);
#3037=VERTEX_POINT('',#9888);
#3038=VERTEX_POINT('',#9905);
#3039=VERTEX_POINT('',#9922);
#3040=VERTEX_POINT('',#9939);
#3041=VERTEX_POINT('',#9956);
#3042=VERTEX_POINT('',#9973);
#3043=VERTEX_POINT('',#10005);
#3044=VERTEX_POINT('',#10007);
#3045=VERTEX_POINT('',#10024);
#3046=VERTEX_POINT('',#10041);
#3047=VERTEX_POINT('',#10058);
#3048=VERTEX_POINT('',#10075);
#3049=VERTEX_POINT('',#10092);
#3050=VERTEX_POINT('',#10109);
#3051=VERTEX_POINT('',#10126);
#3052=VERTEX_POINT('',#10143);
#3053=VERTEX_POINT('',#10153);
#3054=VERTEX_POINT('',#10154);
#3055=VERTEX_POINT('',#10160);
#3056=VERTEX_POINT('',#10166);
#3057=VERTEX_POINT('',#10172);
#3058=VERTEX_POINT('',#10174);
#3059=VERTEX_POINT('',#10176);
#3060=VERTEX_POINT('',#10178);
#3061=VERTEX_POINT('',#10184);
#3062=VERTEX_POINT('',#10190);
#3063=VERTEX_POINT('',#10192);
#3064=VERTEX_POINT('',#10194);
#3065=VERTEX_POINT('',#10196);
#3066=VERTEX_POINT('',#10202);
#3067=VERTEX_POINT('',#10208);
#3068=VERTEX_POINT('',#10214);
#3069=VERTEX_POINT('',#10220);
#3070=VERTEX_POINT('',#10226);
#3071=VERTEX_POINT('',#10243);
#3072=VERTEX_POINT('',#10245);
#3073=VERTEX_POINT('',#10262);
#3074=VERTEX_POINT('',#10279);
#3075=VERTEX_POINT('',#10287);
#3076=VERTEX_POINT('',#10291);
#3077=VERTEX_POINT('',#10295);
#3078=VERTEX_POINT('',#10308);
#3079=VERTEX_POINT('',#10325);
#3080=VERTEX_POINT('',#10333);
#3081=VERTEX_POINT('',#10337);
#3082=VERTEX_POINT('',#10341);
#3083=VERTEX_POINT('',#10354);
#3084=VERTEX_POINT('',#10371);
#3085=VERTEX_POINT('',#10388);
#3086=VERTEX_POINT('',#10405);
#3087=VERTEX_POINT('',#10422);
#3088=VERTEX_POINT('',#10430);
#3089=VERTEX_POINT('',#10449);
#3090=VERTEX_POINT('',#10450);
#3091=VERTEX_POINT('',#10456);
#3092=VERTEX_POINT('',#10462);
#3093=VERTEX_POINT('',#10468);
#3094=VERTEX_POINT('',#10470);
#3095=VERTEX_POINT('',#10476);
#3096=VERTEX_POINT('',#10482);
#3097=VERTEX_POINT('',#10488);
#3098=VERTEX_POINT('',#10494);
#3099=VERTEX_POINT('',#10500);
#3100=VERTEX_POINT('',#10506);
#3101=VERTEX_POINT('',#10512);
#3102=VERTEX_POINT('',#10518);
#3103=VERTEX_POINT('',#10524);
#3104=VERTEX_POINT('',#10531);
#3105=VERTEX_POINT('',#10532);
#3106=VERTEX_POINT('',#10538);
#3107=VERTEX_POINT('',#10544);
#3108=VERTEX_POINT('',#10550);
#3109=VERTEX_POINT('',#10567);
#3110=VERTEX_POINT('',#10569);
#3111=VERTEX_POINT('',#10586);
#3112=VERTEX_POINT('',#10603);
#3113=VERTEX_POINT('',#10611);
#3114=VERTEX_POINT('',#10624);
#3115=VERTEX_POINT('',#10641);
#3116=VERTEX_POINT('',#10658);
#3117=VERTEX_POINT('',#10675);
#3118=VERTEX_POINT('',#10692);
#3119=VERTEX_POINT('',#10709);
#3120=VERTEX_POINT('',#10726);
#3121=VERTEX_POINT('',#10743);
#3122=VERTEX_POINT('',#10760);
#3123=VERTEX_POINT('',#10768);
#3124=VERTEX_POINT('',#10796);
#3125=VERTEX_POINT('',#10798);
#3126=VERTEX_POINT('',#10815);
#3127=VERTEX_POINT('',#10832);
#3128=VERTEX_POINT('',#10840);
#3129=VERTEX_POINT('',#10859);
#3130=VERTEX_POINT('',#10860);
#3131=VERTEX_POINT('',#10862);
#3132=VERTEX_POINT('',#10864);
#3133=VERTEX_POINT('',#10867);
#3134=VERTEX_POINT('',#10868);
#3135=VERTEX_POINT('',#10870);
#3136=VERTEX_POINT('',#10872);
#3137=VERTEX_POINT('',#10876);
#3138=VERTEX_POINT('',#10878);
#3139=VERTEX_POINT('',#10882);
#3140=VERTEX_POINT('',#10886);
#3141=VERTEX_POINT('',#10892);
#3142=VERTEX_POINT('',#10894);
#3143=VERTEX_POINT('',#10898);
#3144=VERTEX_POINT('',#10902);
#3145=VERTEX_POINT('',#10908);
#3146=VERTEX_POINT('',#10909);
#3147=VERTEX_POINT('',#10911);
#3148=VERTEX_POINT('',#10913);
#3149=VERTEX_POINT('',#10916);
#3150=VERTEX_POINT('',#10917);
#3151=VERTEX_POINT('',#10919);
#3152=VERTEX_POINT('',#10921);
#3153=VERTEX_POINT('',#10925);
#3154=VERTEX_POINT('',#10927);
#3155=VERTEX_POINT('',#10931);
#3156=VERTEX_POINT('',#10935);
#3157=VERTEX_POINT('',#10941);
#3158=VERTEX_POINT('',#10943);
#3159=VERTEX_POINT('',#10947);
#3160=VERTEX_POINT('',#10951);
#3161=VERTEX_POINT('',#10957);
#3162=VERTEX_POINT('',#10958);
#3163=VERTEX_POINT('',#10960);
#3164=VERTEX_POINT('',#10962);
#3165=VERTEX_POINT('',#10964);
#3166=VERTEX_POINT('',#10966);
#3167=VERTEX_POINT('',#10968);
#3168=VERTEX_POINT('',#10970);
#3169=VERTEX_POINT('',#10972);
#3170=VERTEX_POINT('',#10974);
#3171=VERTEX_POINT('',#10976);
#3172=VERTEX_POINT('',#10978);
#3173=VERTEX_POINT('',#10982);
#3174=VERTEX_POINT('',#10984);
#3175=VERTEX_POINT('',#10988);
#3176=VERTEX_POINT('',#10992);
#3177=VERTEX_POINT('',#10996);
#3178=VERTEX_POINT('',#11000);
#3179=VERTEX_POINT('',#11004);
#3180=VERTEX_POINT('',#11008);
#3181=VERTEX_POINT('',#11012);
#3182=VERTEX_POINT('',#11016);
#3183=VERTEX_POINT('',#11020);
#3184=VERTEX_POINT('',#11024);
#3185=VERTEX_POINT('',#11030);
#3186=VERTEX_POINT('',#11031);
#3187=VERTEX_POINT('',#11033);
#3188=VERTEX_POINT('',#11035);
#3189=VERTEX_POINT('',#11038);
#3190=VERTEX_POINT('',#11039);
#3191=VERTEX_POINT('',#11041);
#3192=VERTEX_POINT('',#11043);
#3193=VERTEX_POINT('',#11047);
#3194=VERTEX_POINT('',#11049);
#3195=VERTEX_POINT('',#11053);
#3196=VERTEX_POINT('',#11057);
#3197=VERTEX_POINT('',#11063);
#3198=VERTEX_POINT('',#11065);
#3199=VERTEX_POINT('',#11069);
#3200=VERTEX_POINT('',#11073);
#3201=VERTEX_POINT('',#11079);
#3202=VERTEX_POINT('',#11080);
#3203=VERTEX_POINT('',#11082);
#3204=VERTEX_POINT('',#11088);
#3205=VERTEX_POINT('',#11094);
#3206=VERTEX_POINT('',#11100);
#3207=VERTEX_POINT('',#11106);
#3208=VERTEX_POINT('',#11108);
#3209=VERTEX_POINT('',#11114);
#3210=VERTEX_POINT('',#11120);
#3211=VERTEX_POINT('',#11126);
#3212=VERTEX_POINT('',#11128);
#3213=VERTEX_POINT('',#11130);
#3214=VERTEX_POINT('',#11134);
#3215=VERTEX_POINT('',#11136);
#3216=VERTEX_POINT('',#11149);
#3217=VERTEX_POINT('',#11166);
#3218=VERTEX_POINT('',#11183);
#3219=VERTEX_POINT('',#11200);
#3220=VERTEX_POINT('',#11208);
#3221=VERTEX_POINT('',#11221);
#3222=VERTEX_POINT('',#11238);
#3223=VERTEX_POINT('',#11255);
#3224=VERTEX_POINT('',#11263);
#3225=VERTEX_POINT('',#11267);
#3226=VERTEX_POINT('',#11271);
#3227=VERTEX_POINT('',#11277);
#3228=VERTEX_POINT('',#11278);
#3229=VERTEX_POINT('',#11284);
#3230=VERTEX_POINT('',#11290);
#3231=VERTEX_POINT('',#11296);
#3232=VERTEX_POINT('',#11298);
#3233=VERTEX_POINT('',#11300);
#3234=VERTEX_POINT('',#11302);
#3235=VERTEX_POINT('',#11304);
#3236=VERTEX_POINT('',#11306);
#3237=VERTEX_POINT('',#11308);
#3238=VERTEX_POINT('',#11310);
#3239=VERTEX_POINT('',#11312);
#3240=VERTEX_POINT('',#11314);
#3241=VERTEX_POINT('',#11316);
#3242=VERTEX_POINT('',#11318);
#3243=VERTEX_POINT('',#11324);
#3244=VERTEX_POINT('',#11330);
#3245=VERTEX_POINT('',#11336);
#3246=VERTEX_POINT('',#11342);
#3247=VERTEX_POINT('',#11359);
#3248=VERTEX_POINT('',#11361);
#3249=VERTEX_POINT('',#11378);
#3250=VERTEX_POINT('',#11395);
#3251=VERTEX_POINT('',#11403);
#3252=VERTEX_POINT('',#11407);
#3253=VERTEX_POINT('',#11411);
#3254=VERTEX_POINT('',#11415);
#3255=VERTEX_POINT('',#11419);
#3256=VERTEX_POINT('',#11423);
#3257=VERTEX_POINT('',#11427);
#3258=VERTEX_POINT('',#11431);
#3259=VERTEX_POINT('',#11435);
#3260=VERTEX_POINT('',#11439);
#3261=VERTEX_POINT('',#11443);
#3262=VERTEX_POINT('',#11456);
#3263=VERTEX_POINT('',#11473);
#3264=VERTEX_POINT('',#11490);
#3265=VERTEX_POINT('',#11507);
#3266=VERTEX_POINT('',#11515);
#3267=VERTEX_POINT('',#11534);
#3268=VERTEX_POINT('',#11535);
#3269=VERTEX_POINT('',#11541);
#3270=VERTEX_POINT('',#11547);
#3271=VERTEX_POINT('',#11553);
#3272=VERTEX_POINT('',#11555);
#3273=VERTEX_POINT('',#11557);
#3274=VERTEX_POINT('',#11559);
#3275=VERTEX_POINT('',#11561);
#3276=VERTEX_POINT('',#11563);
#3277=VERTEX_POINT('',#11565);
#3278=VERTEX_POINT('',#11567);
#3279=VERTEX_POINT('',#11569);
#3280=VERTEX_POINT('',#11571);
#3281=VERTEX_POINT('',#11573);
#3282=VERTEX_POINT('',#11575);
#3283=VERTEX_POINT('',#11581);
#3284=VERTEX_POINT('',#11587);
#3285=VERTEX_POINT('',#11593);
#3286=VERTEX_POINT('',#11599);
#3287=VERTEX_POINT('',#11616);
#3288=VERTEX_POINT('',#11618);
#3289=VERTEX_POINT('',#11635);
#3290=VERTEX_POINT('',#11652);
#3291=VERTEX_POINT('',#11660);
#3292=VERTEX_POINT('',#11664);
#3293=VERTEX_POINT('',#11668);
#3294=VERTEX_POINT('',#11672);
#3295=VERTEX_POINT('',#11676);
#3296=VERTEX_POINT('',#11680);
#3297=VERTEX_POINT('',#11684);
#3298=VERTEX_POINT('',#11688);
#3299=VERTEX_POINT('',#11692);
#3300=VERTEX_POINT('',#11696);
#3301=VERTEX_POINT('',#11700);
#3302=VERTEX_POINT('',#11713);
#3303=VERTEX_POINT('',#11730);
#3304=VERTEX_POINT('',#11747);
#3305=VERTEX_POINT('',#11764);
#3306=VERTEX_POINT('',#11772);
#3307=VERTEX_POINT('',#11791);
#3308=VERTEX_POINT('',#11792);
#3309=VERTEX_POINT('',#11798);
#3310=VERTEX_POINT('',#11804);
#3311=VERTEX_POINT('',#11810);
#3312=VERTEX_POINT('',#11816);
#3313=VERTEX_POINT('',#11822);
#3314=VERTEX_POINT('',#11828);
#3315=VERTEX_POINT('',#11834);
#3316=VERTEX_POINT('',#11840);
#3317=VERTEX_POINT('',#11846);
#3318=VERTEX_POINT('',#11852);
#3319=VERTEX_POINT('',#11858);
#3320=VERTEX_POINT('',#11860);
#3321=VERTEX_POINT('',#11863);
#3322=VERTEX_POINT('',#11864);
#3323=VERTEX_POINT('',#11866);
#3324=VERTEX_POINT('',#11872);
#3325=VERTEX_POINT('',#11878);
#3326=VERTEX_POINT('',#11884);
#3327=VERTEX_POINT('',#11890);
#3328=VERTEX_POINT('',#11896);
#3329=VERTEX_POINT('',#11902);
#3330=VERTEX_POINT('',#11908);
#3331=VERTEX_POINT('',#11911);
#3332=VERTEX_POINT('',#11912);
#3333=VERTEX_POINT('',#11914);
#3334=VERTEX_POINT('',#11920);
#3335=VERTEX_POINT('',#11926);
#3336=VERTEX_POINT('',#11932);
#3337=VERTEX_POINT('',#11938);
#3338=VERTEX_POINT('',#11944);
#3339=VERTEX_POINT('',#11950);
#3340=VERTEX_POINT('',#11963);
#3341=VERTEX_POINT('',#11965);
#3342=VERTEX_POINT('',#11982);
#3343=VERTEX_POINT('',#11999);
#3344=VERTEX_POINT('',#12016);
#3345=VERTEX_POINT('',#12033);
#3346=VERTEX_POINT('',#12050);
#3347=VERTEX_POINT('',#12067);
#3348=VERTEX_POINT('',#12084);
#3349=VERTEX_POINT('',#12101);
#3350=VERTEX_POINT('',#12118);
#3351=VERTEX_POINT('',#12135);
#3352=VERTEX_POINT('',#12143);
#3353=VERTEX_POINT('',#12147);
#3354=VERTEX_POINT('',#12153);
#3355=VERTEX_POINT('',#12155);
#3356=VERTEX_POINT('',#12168);
#3357=VERTEX_POINT('',#12185);
#3358=VERTEX_POINT('',#12202);
#3359=VERTEX_POINT('',#12219);
#3360=VERTEX_POINT('',#12236);
#3361=VERTEX_POINT('',#12253);
#3362=VERTEX_POINT('',#12270);
#3363=VERTEX_POINT('',#12278);
#3364=VERTEX_POINT('',#12284);
#3365=VERTEX_POINT('',#12286);
#3366=VERTEX_POINT('',#12299);
#3367=VERTEX_POINT('',#12316);
#3368=VERTEX_POINT('',#12333);
#3369=VERTEX_POINT('',#12350);
#3370=VERTEX_POINT('',#12367);
#3371=VERTEX_POINT('',#12384);
#3372=VERTEX_POINT('',#12392);
#3373=VERTEX_POINT('',#12398);
#3374=VERTEX_POINT('',#12399);
#3375=VERTEX_POINT('',#12405);
#3376=VERTEX_POINT('',#12411);
#3377=VERTEX_POINT('',#12417);
#3378=VERTEX_POINT('',#12423);
#3379=VERTEX_POINT('',#12429);
#3380=VERTEX_POINT('',#12431);
#3381=VERTEX_POINT('',#12433);
#3382=VERTEX_POINT('',#12435);
#3383=VERTEX_POINT('',#12441);
#3384=VERTEX_POINT('',#12447);
#3385=VERTEX_POINT('',#12453);
#3386=VERTEX_POINT('',#12459);
#3387=VERTEX_POINT('',#12465);
#3388=VERTEX_POINT('',#12471);
#3389=VERTEX_POINT('',#12473);
#3390=VERTEX_POINT('',#12486);
#3391=VERTEX_POINT('',#12488);
#3392=VERTEX_POINT('',#12505);
#3393=VERTEX_POINT('',#12522);
#3394=VERTEX_POINT('',#12539);
#3395=VERTEX_POINT('',#12556);
#3396=VERTEX_POINT('',#12564);
#3397=VERTEX_POINT('',#12568);
#3398=VERTEX_POINT('',#12572);
#3399=VERTEX_POINT('',#12585);
#3400=VERTEX_POINT('',#12602);
#3401=VERTEX_POINT('',#12619);
#3402=VERTEX_POINT('',#12636);
#3403=VERTEX_POINT('',#12653);
#3404=VERTEX_POINT('',#12670);
#3405=VERTEX_POINT('',#12678);
#3406=VERTEX_POINT('',#12682);
#3407=VERTEX_POINT('',#12688);
#3408=VERTEX_POINT('',#12689);
#3409=VERTEX_POINT('',#12695);
#3410=VERTEX_POINT('',#12701);
#3411=VERTEX_POINT('',#12707);
#3412=VERTEX_POINT('',#12713);
#3413=VERTEX_POINT('',#12719);
#3414=VERTEX_POINT('',#12725);
#3415=VERTEX_POINT('',#12731);
#3416=VERTEX_POINT('',#12737);
#3417=VERTEX_POINT('',#12743);
#3418=VERTEX_POINT('',#12745);
#3419=VERTEX_POINT('',#12751);
#3420=VERTEX_POINT('',#12757);
#3421=VERTEX_POINT('',#12763);
#3422=VERTEX_POINT('',#12769);
#3423=VERTEX_POINT('',#12775);
#3424=VERTEX_POINT('',#12781);
#3425=VERTEX_POINT('',#12787);
#3426=VERTEX_POINT('',#12793);
#3427=VERTEX_POINT('',#12799);
#3428=VERTEX_POINT('',#12805);
#3429=VERTEX_POINT('',#12822);
#3430=VERTEX_POINT('',#12824);
#3431=VERTEX_POINT('',#12841);
#3432=VERTEX_POINT('',#12858);
#3433=VERTEX_POINT('',#12875);
#3434=VERTEX_POINT('',#12892);
#3435=VERTEX_POINT('',#12909);
#3436=VERTEX_POINT('',#12926);
#3437=VERTEX_POINT('',#12943);
#3438=VERTEX_POINT('',#12960);
#3439=VERTEX_POINT('',#12968);
#3440=VERTEX_POINT('',#12981);
#3441=VERTEX_POINT('',#12998);
#3442=VERTEX_POINT('',#13015);
#3443=VERTEX_POINT('',#13032);
#3444=VERTEX_POINT('',#13049);
#3445=VERTEX_POINT('',#13066);
#3446=VERTEX_POINT('',#13083);
#3447=VERTEX_POINT('',#13100);
#3448=VERTEX_POINT('',#13117);
#3449=VERTEX_POINT('',#13134);
#3450=VERTEX_POINT('',#13142);
#3451=VERTEX_POINT('',#13161);
#3452=VERTEX_POINT('',#13162);
#3453=VERTEX_POINT('',#13168);
#3454=VERTEX_POINT('',#13174);
#3455=VERTEX_POINT('',#13180);
#3456=VERTEX_POINT('',#13186);
#3457=VERTEX_POINT('',#13192);
#3458=VERTEX_POINT('',#13198);
#3459=VERTEX_POINT('',#13204);
#3460=VERTEX_POINT('',#13210);
#3461=VERTEX_POINT('',#13216);
#3462=VERTEX_POINT('',#13222);
#3463=VERTEX_POINT('',#13228);
#3464=VERTEX_POINT('',#13234);
#3465=VERTEX_POINT('',#13236);
#3466=VERTEX_POINT('',#13242);
#3467=VERTEX_POINT('',#13248);
#3468=VERTEX_POINT('',#13254);
#3469=VERTEX_POINT('',#13260);
#3470=VERTEX_POINT('',#13266);
#3471=VERTEX_POINT('',#13272);
#3472=VERTEX_POINT('',#13278);
#3473=VERTEX_POINT('',#13280);
#3474=VERTEX_POINT('',#13286);
#3475=VERTEX_POINT('',#13292);
#3476=VERTEX_POINT('',#13298);
#3477=VERTEX_POINT('',#13304);
#3478=VERTEX_POINT('',#13310);
#3479=VERTEX_POINT('',#13316);
#3480=VERTEX_POINT('',#13322);
#3481=VERTEX_POINT('',#13339);
#3482=VERTEX_POINT('',#13341);
#3483=VERTEX_POINT('',#13358);
#3484=VERTEX_POINT('',#13375);
#3485=VERTEX_POINT('',#13392);
#3486=VERTEX_POINT('',#13409);
#3487=VERTEX_POINT('',#13426);
#3488=VERTEX_POINT('',#13443);
#3489=VERTEX_POINT('',#13460);
#3490=VERTEX_POINT('',#13477);
#3491=VERTEX_POINT('',#13494);
#3492=VERTEX_POINT('',#13511);
#3493=VERTEX_POINT('',#13528);
#3494=VERTEX_POINT('',#13536);
#3495=VERTEX_POINT('',#13549);
#3496=VERTEX_POINT('',#13566);
#3497=VERTEX_POINT('',#13583);
#3498=VERTEX_POINT('',#13600);
#3499=VERTEX_POINT('',#13617);
#3500=VERTEX_POINT('',#13634);
#3501=VERTEX_POINT('',#13651);
#3502=VERTEX_POINT('',#13659);
#3503=VERTEX_POINT('',#13672);
#3504=VERTEX_POINT('',#13689);
#3505=VERTEX_POINT('',#13706);
#3506=VERTEX_POINT('',#13723);
#3507=VERTEX_POINT('',#13740);
#3508=VERTEX_POINT('',#13757);
#3509=VERTEX_POINT('',#13774);
#3510=VERTEX_POINT('',#13782);
#3511=VERTEX_POINT('',#13801);
#3512=VERTEX_POINT('',#13802);
#3513=VERTEX_POINT('',#13808);
#3514=VERTEX_POINT('',#13814);
#3515=VERTEX_POINT('',#13820);
#3516=VERTEX_POINT('',#13826);
#3517=VERTEX_POINT('',#13832);
#3518=VERTEX_POINT('',#13838);
#3519=VERTEX_POINT('',#13844);
#3520=VERTEX_POINT('',#13850);
#3521=VERTEX_POINT('',#13856);
#3522=VERTEX_POINT('',#13862);
#3523=VERTEX_POINT('',#13868);
#3524=VERTEX_POINT('',#13874);
#3525=VERTEX_POINT('',#13880);
#3526=VERTEX_POINT('',#13886);
#3527=VERTEX_POINT('',#13888);
#3528=VERTEX_POINT('',#13894);
#3529=VERTEX_POINT('',#13900);
#3530=VERTEX_POINT('',#13906);
#3531=VERTEX_POINT('',#13912);
#3532=VERTEX_POINT('',#13918);
#3533=VERTEX_POINT('',#13924);
#3534=VERTEX_POINT('',#13930);
#3535=VERTEX_POINT('',#13936);
#3536=VERTEX_POINT('',#13942);
#3537=VERTEX_POINT('',#13948);
#3538=VERTEX_POINT('',#13954);
#3539=VERTEX_POINT('',#13960);
#3540=VERTEX_POINT('',#13966);
#3541=VERTEX_POINT('',#13972);
#3542=VERTEX_POINT('',#13978);
#3543=VERTEX_POINT('',#13984);
#3544=VERTEX_POINT('',#13990);
#3545=VERTEX_POINT('',#13996);
#3546=VERTEX_POINT('',#14013);
#3547=VERTEX_POINT('',#14015);
#3548=VERTEX_POINT('',#14032);
#3549=VERTEX_POINT('',#14049);
#3550=VERTEX_POINT('',#14066);
#3551=VERTEX_POINT('',#14083);
#3552=VERTEX_POINT('',#14100);
#3553=VERTEX_POINT('',#14117);
#3554=VERTEX_POINT('',#14134);
#3555=VERTEX_POINT('',#14151);
#3556=VERTEX_POINT('',#14168);
#3557=VERTEX_POINT('',#14185);
#3558=VERTEX_POINT('',#14202);
#3559=VERTEX_POINT('',#14219);
#3560=VERTEX_POINT('',#14236);
#3561=VERTEX_POINT('',#14244);
#3562=VERTEX_POINT('',#14257);
#3563=VERTEX_POINT('',#14274);
#3564=VERTEX_POINT('',#14291);
#3565=VERTEX_POINT('',#14308);
#3566=VERTEX_POINT('',#14325);
#3567=VERTEX_POINT('',#14342);
#3568=VERTEX_POINT('',#14359);
#3569=VERTEX_POINT('',#14376);
#3570=VERTEX_POINT('',#14393);
#3571=VERTEX_POINT('',#14410);
#3572=VERTEX_POINT('',#14427);
#3573=VERTEX_POINT('',#14444);
#3574=VERTEX_POINT('',#14461);
#3575=VERTEX_POINT('',#14478);
#3576=VERTEX_POINT('',#14495);
#3577=VERTEX_POINT('',#14512);
#3578=VERTEX_POINT('',#14529);
#3579=VERTEX_POINT('',#14546);
#3580=VERTEX_POINT('',#14554);
#3581=VERTEX_POINT('',#14581);
#3582=VERTEX_POINT('',#14582);
#3583=VERTEX_POINT('',#14584);
#3584=VERTEX_POINT('',#14586);
#3585=VERTEX_POINT('',#14590);
#3586=VERTEX_POINT('',#14592);
#3587=VERTEX_POINT('',#14594);
#3588=VERTEX_POINT('',#14600);
#3589=VERTEX_POINT('',#14602);
#3590=VERTEX_POINT('',#14604);
#3591=VERTEX_POINT('',#14610);
#3592=VERTEX_POINT('',#14613);
#3593=VERTEX_POINT('',#14621);
#3594=VERTEX_POINT('',#14623);
#3595=VERTEX_POINT('',#14627);
#3596=VERTEX_POINT('',#14631);
#3597=VERTEX_POINT('',#14635);
#3598=VERTEX_POINT('',#14640);
#3599=VERTEX_POINT('',#14642);
#3600=VERTEX_POINT('',#14644);
#3601=VERTEX_POINT('',#14647);
#3602=VERTEX_POINT('',#14649);
#3603=VERTEX_POINT('',#14651);
#3604=VERTEX_POINT('',#14653);
#3605=VERTEX_POINT('',#14655);
#3606=VERTEX_POINT('',#14656);
#3607=VERTEX_POINT('',#14658);
#3608=VERTEX_POINT('',#14660);
#3609=VERTEX_POINT('',#14662);
#3610=VERTEX_POINT('',#14664);
#3611=VERTEX_POINT('',#14666);
#3612=VERTEX_POINT('',#14668);
#3613=VERTEX_POINT('',#14679);
#3614=VERTEX_POINT('',#14683);
#3615=VERTEX_POINT('',#14688);
#3616=VERTEX_POINT('',#14692);
#3617=VERTEX_POINT('',#14697);
#3618=VERTEX_POINT('',#14701);
#3619=VERTEX_POINT('',#14706);
#3620=VERTEX_POINT('',#14710);
#3621=VERTEX_POINT('',#14715);
#3622=VERTEX_POINT('',#14716);
#3623=VERTEX_POINT('',#14721);
#3624=VERTEX_POINT('',#14725);
#3625=VERTEX_POINT('',#14729);
#3626=VERTEX_POINT('',#14733);
#3627=VERTEX_POINT('',#14737);
#3628=VERTEX_POINT('',#14741);
#3629=EDGE_CURVE('',#2895,#2896,#1581,.T.);
#3630=EDGE_CURVE('',#2897,#2895,#1582,.T.);
#3631=EDGE_CURVE('',#2898,#2897,#1157,.T.);
#3632=EDGE_CURVE('',#2899,#2898,#1158,.T.);
#3633=EDGE_CURVE('',#2900,#2899,#1159,.T.);
#3634=EDGE_CURVE('',#2901,#2900,#1160,.T.);
#3635=EDGE_CURVE('',#2902,#2901,#1161,.T.);
#3636=EDGE_CURVE('',#2903,#2902,#1162,.T.);
#3637=EDGE_CURVE('',#2904,#2903,#1583,.T.);
#3638=EDGE_CURVE('',#2905,#2904,#1584,.T.);
#3639=EDGE_CURVE('',#2896,#2905,#1585,.T.);
#3640=EDGE_CURVE('',#2906,#2907,#1586,.T.);
#3641=EDGE_CURVE('',#2908,#2906,#1163,.T.);
#3642=EDGE_CURVE('',#2909,#2908,#1164,.T.);
#3643=EDGE_CURVE('',#2910,#2909,#1165,.T.);
#3644=EDGE_CURVE('',#2911,#2910,#1166,.T.);
#3645=EDGE_CURVE('',#2912,#2911,#1167,.T.);
#3646=EDGE_CURVE('',#2913,#2912,#1587,.T.);
#3647=EDGE_CURVE('',#2907,#2913,#1588,.T.);
#3648=EDGE_CURVE('',#2896,#2914,#1589,.T.);
#3649=EDGE_CURVE('',#2915,#2914,#1590,.T.);
#3650=EDGE_CURVE('',#2895,#2915,#1591,.T.);
#3651=EDGE_CURVE('',#2916,#2915,#1592,.T.);
#3652=EDGE_CURVE('',#2897,#2916,#1593,.T.);
#3653=EDGE_CURVE('',#2917,#2916,#1168,.T.);
#3654=EDGE_CURVE('',#2898,#2917,#1594,.T.);
#3655=EDGE_CURVE('',#2918,#2917,#1169,.T.);
#3656=EDGE_CURVE('',#2899,#2918,#1595,.T.);
#3657=EDGE_CURVE('',#2919,#2918,#1170,.T.);
#3658=EDGE_CURVE('',#2900,#2919,#1596,.T.);
#3659=EDGE_CURVE('',#2920,#2919,#1171,.T.);
#3660=EDGE_CURVE('',#2901,#2920,#1597,.T.);
#3661=EDGE_CURVE('',#2921,#2920,#1172,.T.);
#3662=EDGE_CURVE('',#2902,#2921,#1598,.T.);
#3663=EDGE_CURVE('',#2922,#2921,#1173,.T.);
#3664=EDGE_CURVE('',#2903,#2922,#1599,.T.);
#3665=EDGE_CURVE('',#2923,#2922,#1600,.T.);
#3666=EDGE_CURVE('',#2904,#2923,#1601,.T.);
#3667=EDGE_CURVE('',#2924,#2923,#1602,.T.);
#3668=EDGE_CURVE('',#2905,#2924,#1603,.T.);
#3669=EDGE_CURVE('',#2914,#2924,#1604,.T.);
#3670=EDGE_CURVE('',#2907,#2925,#1605,.T.);
#3671=EDGE_CURVE('',#2926,#2925,#1606,.T.);
#3672=EDGE_CURVE('',#2906,#2926,#1607,.T.);
#3673=EDGE_CURVE('',#2927,#2926,#1174,.T.);
#3674=EDGE_CURVE('',#2908,#2927,#1608,.T.);
#3675=EDGE_CURVE('',#2928,#2927,#1175,.T.);
#3676=EDGE_CURVE('',#2909,#2928,#1609,.T.);
#3677=EDGE_CURVE('',#2929,#2928,#1176,.T.);
#3678=EDGE_CURVE('',#2910,#2929,#1610,.T.);
#3679=EDGE_CURVE('',#2930,#2929,#1177,.T.);
#3680=EDGE_CURVE('',#2911,#2930,#1611,.T.);
#3681=EDGE_CURVE('',#2931,#2930,#1178,.T.);
#3682=EDGE_CURVE('',#2912,#2931,#1612,.T.);
#3683=EDGE_CURVE('',#2932,#2931,#1613,.T.);
#3684=EDGE_CURVE('',#2913,#2932,#1614,.T.);
#3685=EDGE_CURVE('',#2925,#2932,#1615,.T.);
#3686=EDGE_CURVE('',#2933,#2934,#1616,.T.);
#3687=EDGE_CURVE('',#2935,#2933,#1617,.T.);
#3688=EDGE_CURVE('',#2936,#2935,#1618,.T.);
#3689=EDGE_CURVE('',#2934,#2936,#1619,.T.);
#3690=EDGE_CURVE('',#2934,#2937,#1620,.T.);
#3691=EDGE_CURVE('',#2938,#2937,#1621,.T.);
#3692=EDGE_CURVE('',#2933,#2938,#1622,.T.);
#3693=EDGE_CURVE('',#2939,#2938,#1623,.T.);
#3694=EDGE_CURVE('',#2935,#2939,#1624,.T.);
#3695=EDGE_CURVE('',#2940,#2939,#1625,.T.);
#3696=EDGE_CURVE('',#2936,#2940,#1626,.T.);
#3697=EDGE_CURVE('',#2937,#2940,#1627,.T.);
#3698=EDGE_CURVE('',#2941,#2942,#1628,.T.);
#3699=EDGE_CURVE('',#2943,#2941,#1629,.T.);
#3700=EDGE_CURVE('',#2944,#2943,#1630,.T.);
#3701=EDGE_CURVE('',#2942,#2944,#1631,.T.);
#3702=EDGE_CURVE('',#2942,#2945,#1632,.T.);
#3703=EDGE_CURVE('',#2946,#2945,#1633,.T.);
#3704=EDGE_CURVE('',#2941,#2946,#1634,.T.);
#3705=EDGE_CURVE('',#2947,#2946,#1635,.T.);
#3706=EDGE_CURVE('',#2943,#2947,#1636,.T.);
#3707=EDGE_CURVE('',#2948,#2947,#1637,.T.);
#3708=EDGE_CURVE('',#2944,#2948,#1638,.T.);
#3709=EDGE_CURVE('',#2945,#2948,#1639,.T.);
#3710=EDGE_CURVE('',#2949,#2950,#1640,.T.);
#3711=EDGE_CURVE('',#2951,#2949,#1641,.T.);
#3712=EDGE_CURVE('',#2952,#2951,#1642,.T.);
#3713=EDGE_CURVE('',#2953,#2952,#1643,.T.);
#3714=EDGE_CURVE('',#2954,#2953,#1644,.T.);
#3715=EDGE_CURVE('',#2955,#2954,#1645,.T.);
#3716=EDGE_CURVE('',#2956,#2955,#1646,.T.);
#3717=EDGE_CURVE('',#2957,#2956,#1647,.T.);
#3718=EDGE_CURVE('',#2958,#2957,#1648,.T.);
#3719=EDGE_CURVE('',#2959,#2958,#1179,.T.);
#3720=EDGE_CURVE('',#2960,#2959,#1180,.T.);
#3721=EDGE_CURVE('',#2961,#2960,#1649,.T.);
#3722=EDGE_CURVE('',#2962,#2961,#1650,.T.);
#3723=EDGE_CURVE('',#2963,#2962,#1651,.T.);
#3724=EDGE_CURVE('',#2950,#2963,#1652,.T.);
#3725=EDGE_CURVE('',#2950,#2964,#1653,.T.);
#3726=EDGE_CURVE('',#2965,#2964,#1654,.T.);
#3727=EDGE_CURVE('',#2949,#2965,#1655,.T.);
#3728=EDGE_CURVE('',#2966,#2965,#1656,.T.);
#3729=EDGE_CURVE('',#2951,#2966,#1657,.T.);
#3730=EDGE_CURVE('',#2967,#2966,#1658,.T.);
#3731=EDGE_CURVE('',#2952,#2967,#1659,.T.);
#3732=EDGE_CURVE('',#2968,#2967,#1660,.T.);
#3733=EDGE_CURVE('',#2953,#2968,#1661,.T.);
#3734=EDGE_CURVE('',#2969,#2968,#1662,.T.);
#3735=EDGE_CURVE('',#2954,#2969,#1663,.T.);
#3736=EDGE_CURVE('',#2970,#2969,#1664,.T.);
#3737=EDGE_CURVE('',#2955,#2970,#1665,.T.);
#3738=EDGE_CURVE('',#2971,#2970,#1666,.T.);
#3739=EDGE_CURVE('',#2956,#2971,#1667,.T.);
#3740=EDGE_CURVE('',#2972,#2971,#1668,.T.);
#3741=EDGE_CURVE('',#2957,#2972,#1669,.T.);
#3742=EDGE_CURVE('',#2973,#2972,#1670,.T.);
#3743=EDGE_CURVE('',#2958,#2973,#1671,.T.);
#3744=EDGE_CURVE('',#2974,#2973,#1181,.T.);
#3745=EDGE_CURVE('',#2959,#2974,#1672,.T.);
#3746=EDGE_CURVE('',#2975,#2974,#1182,.T.);
#3747=EDGE_CURVE('',#2960,#2975,#1673,.T.);
#3748=EDGE_CURVE('',#2976,#2975,#1674,.T.);
#3749=EDGE_CURVE('',#2961,#2976,#1675,.T.);
#3750=EDGE_CURVE('',#2977,#2976,#1676,.T.);
#3751=EDGE_CURVE('',#2962,#2977,#1677,.T.);
#3752=EDGE_CURVE('',#2978,#2977,#1678,.T.);
#3753=EDGE_CURVE('',#2963,#2978,#1679,.T.);
#3754=EDGE_CURVE('',#2964,#2978,#1680,.T.);
#3755=EDGE_CURVE('',#2979,#2980,#1681,.T.);
#3756=EDGE_CURVE('',#2981,#2979,#1183,.T.);
#3757=EDGE_CURVE('',#2982,#2981,#1184,.T.);
#3758=EDGE_CURVE('',#2983,#2982,#1682,.T.);
#3759=EDGE_CURVE('',#2984,#2983,#1185,.T.);
#3760=EDGE_CURVE('',#2985,#2984,#1186,.T.);
#3761=EDGE_CURVE('',#2986,#2985,#1187,.T.);
#3762=EDGE_CURVE('',#2987,#2986,#1188,.T.);
#3763=EDGE_CURVE('',#2988,#2987,#1189,.T.);
#3764=EDGE_CURVE('',#2989,#2988,#1190,.T.);
#3765=EDGE_CURVE('',#2990,#2989,#1191,.T.);
#3766=EDGE_CURVE('',#2991,#2990,#1683,.T.);
#3767=EDGE_CURVE('',#2992,#2991,#1192,.T.);
#3768=EDGE_CURVE('',#2993,#2992,#1193,.T.);
#3769=EDGE_CURVE('',#2994,#2993,#1194,.T.);
#3770=EDGE_CURVE('',#2995,#2994,#1195,.T.);
#3771=EDGE_CURVE('',#2996,#2995,#1196,.T.);
#3772=EDGE_CURVE('',#2997,#2996,#1197,.T.);
#3773=EDGE_CURVE('',#2998,#2997,#1198,.T.);
#3774=EDGE_CURVE('',#2999,#2998,#1199,.T.);
#3775=EDGE_CURVE('',#3000,#2999,#1200,.T.);
#3776=EDGE_CURVE('',#3001,#3000,#1201,.T.);
#3777=EDGE_CURVE('',#3002,#3001,#1202,.T.);
#3778=EDGE_CURVE('',#3003,#3002,#1203,.T.);
#3779=EDGE_CURVE('',#3004,#3003,#1204,.T.);
#3780=EDGE_CURVE('',#3005,#3004,#1205,.T.);
#3781=EDGE_CURVE('',#2980,#3005,#1206,.T.);
#3782=EDGE_CURVE('',#3006,#3007,#1207,.T.);
#3783=EDGE_CURVE('',#3008,#3006,#1208,.T.);
#3784=EDGE_CURVE('',#3009,#3008,#1209,.T.);
#3785=EDGE_CURVE('',#3010,#3009,#1210,.T.);
#3786=EDGE_CURVE('',#3011,#3010,#1211,.T.);
#3787=EDGE_CURVE('',#3012,#3011,#1212,.T.);
#3788=EDGE_CURVE('',#3013,#3012,#1213,.T.);
#3789=EDGE_CURVE('',#3014,#3013,#1214,.T.);
#3790=EDGE_CURVE('',#3015,#3014,#1215,.T.);
#3791=EDGE_CURVE('',#3007,#3015,#1684,.T.);
#3792=EDGE_CURVE('',#2980,#3016,#1685,.T.);
#3793=EDGE_CURVE('',#3017,#3016,#1686,.T.);
#3794=EDGE_CURVE('',#2979,#3017,#1687,.T.);
#3795=EDGE_CURVE('',#3018,#3017,#1216,.T.);
#3796=EDGE_CURVE('',#2981,#3018,#1688,.T.);
#3797=EDGE_CURVE('',#3019,#3018,#1217,.T.);
#3798=EDGE_CURVE('',#2982,#3019,#1689,.T.);
#3799=EDGE_CURVE('',#3020,#3019,#1690,.T.);
#3800=EDGE_CURVE('',#2983,#3020,#1691,.T.);
#3801=EDGE_CURVE('',#3021,#3020,#1218,.T.);
#3802=EDGE_CURVE('',#2984,#3021,#1692,.T.);
#3803=EDGE_CURVE('',#3022,#3021,#1219,.T.);
#3804=EDGE_CURVE('',#2985,#3022,#1693,.T.);
#3805=EDGE_CURVE('',#3023,#3022,#1220,.T.);
#3806=EDGE_CURVE('',#2986,#3023,#1694,.T.);
#3807=EDGE_CURVE('',#3024,#3023,#1221,.T.);
#3808=EDGE_CURVE('',#2987,#3024,#1695,.T.);
#3809=EDGE_CURVE('',#3025,#3024,#1222,.T.);
#3810=EDGE_CURVE('',#2988,#3025,#1696,.T.);
#3811=EDGE_CURVE('',#3026,#3025,#1223,.T.);
#3812=EDGE_CURVE('',#2989,#3026,#1697,.T.);
#3813=EDGE_CURVE('',#3027,#3026,#1224,.T.);
#3814=EDGE_CURVE('',#2990,#3027,#1698,.T.);
#3815=EDGE_CURVE('',#3028,#3027,#1699,.T.);
#3816=EDGE_CURVE('',#2991,#3028,#1700,.T.);
#3817=EDGE_CURVE('',#3029,#3028,#1225,.T.);
#3818=EDGE_CURVE('',#2992,#3029,#1701,.T.);
#3819=EDGE_CURVE('',#3030,#3029,#1226,.T.);
#3820=EDGE_CURVE('',#2993,#3030,#1702,.T.);
#3821=EDGE_CURVE('',#3031,#3030,#1227,.T.);
#3822=EDGE_CURVE('',#2994,#3031,#1703,.T.);
#3823=EDGE_CURVE('',#3032,#3031,#1228,.T.);
#3824=EDGE_CURVE('',#2995,#3032,#1704,.T.);
#3825=EDGE_CURVE('',#3033,#3032,#1229,.T.);
#3826=EDGE_CURVE('',#2996,#3033,#1705,.T.);
#3827=EDGE_CURVE('',#3034,#3033,#1230,.T.);
#3828=EDGE_CURVE('',#2997,#3034,#1706,.T.);
#3829=EDGE_CURVE('',#3035,#3034,#1231,.T.);
#3830=EDGE_CURVE('',#2998,#3035,#1707,.T.);
#3831=EDGE_CURVE('',#3036,#3035,#1232,.T.);
#3832=EDGE_CURVE('',#2999,#3036,#1708,.T.);
#3833=EDGE_CURVE('',#3037,#3036,#1233,.T.);
#3834=EDGE_CURVE('',#3000,#3037,#1709,.T.);
#3835=EDGE_CURVE('',#3038,#3037,#1234,.T.);
#3836=EDGE_CURVE('',#3001,#3038,#1710,.T.);
#3837=EDGE_CURVE('',#3039,#3038,#1235,.T.);
#3838=EDGE_CURVE('',#3002,#3039,#1711,.T.);
#3839=EDGE_CURVE('',#3040,#3039,#1236,.T.);
#3840=EDGE_CURVE('',#3003,#3040,#1712,.T.);
#3841=EDGE_CURVE('',#3041,#3040,#1237,.T.);
#3842=EDGE_CURVE('',#3004,#3041,#1713,.T.);
#3843=EDGE_CURVE('',#3042,#3041,#1238,.T.);
#3844=EDGE_CURVE('',#3005,#3042,#1714,.T.);
#3845=EDGE_CURVE('',#3016,#3042,#1239,.T.);
#3846=EDGE_CURVE('',#3007,#3043,#1715,.T.);
#3847=EDGE_CURVE('',#3044,#3043,#1240,.T.);
#3848=EDGE_CURVE('',#3006,#3044,#1716,.T.);
#3849=EDGE_CURVE('',#3045,#3044,#1241,.T.);
#3850=EDGE_CURVE('',#3008,#3045,#1717,.T.);
#3851=EDGE_CURVE('',#3046,#3045,#1242,.T.);
#3852=EDGE_CURVE('',#3009,#3046,#1718,.T.);
#3853=EDGE_CURVE('',#3047,#3046,#1243,.T.);
#3854=EDGE_CURVE('',#3010,#3047,#1719,.T.);
#3855=EDGE_CURVE('',#3048,#3047,#1244,.T.);
#3856=EDGE_CURVE('',#3011,#3048,#1720,.T.);
#3857=EDGE_CURVE('',#3049,#3048,#1245,.T.);
#3858=EDGE_CURVE('',#3012,#3049,#1721,.T.);
#3859=EDGE_CURVE('',#3050,#3049,#1246,.T.);
#3860=EDGE_CURVE('',#3013,#3050,#1722,.T.);
#3861=EDGE_CURVE('',#3051,#3050,#1247,.T.);
#3862=EDGE_CURVE('',#3014,#3051,#1723,.T.);
#3863=EDGE_CURVE('',#3052,#3051,#1248,.T.);
#3864=EDGE_CURVE('',#3015,#3052,#1724,.T.);
#3865=EDGE_CURVE('',#3043,#3052,#1725,.T.);
#3866=EDGE_CURVE('',#3053,#3054,#1249,.T.);
#3867=EDGE_CURVE('',#3055,#3053,#1250,.T.);
#3868=EDGE_CURVE('',#3056,#3055,#1251,.T.);
#3869=EDGE_CURVE('',#3057,#3056,#1726,.T.);
#3870=EDGE_CURVE('',#3058,#3057,#1727,.T.);
#3871=EDGE_CURVE('',#3059,#3058,#1728,.T.);
#3872=EDGE_CURVE('',#3060,#3059,#1252,.T.);
#3873=EDGE_CURVE('',#3061,#3060,#1253,.T.);
#3874=EDGE_CURVE('',#3062,#3061,#1729,.T.);
#3875=EDGE_CURVE('',#3063,#3062,#1730,.T.);
#3876=EDGE_CURVE('',#3064,#3063,#1731,.T.);
#3877=EDGE_CURVE('',#3065,#3064,#1254,.T.);
#3878=EDGE_CURVE('',#3066,#3065,#1255,.T.);
#3879=EDGE_CURVE('',#3067,#3066,#1256,.T.);
#3880=EDGE_CURVE('',#3068,#3067,#1257,.T.);
#3881=EDGE_CURVE('',#3069,#3068,#1258,.T.);
#3882=EDGE_CURVE('',#3070,#3069,#1732,.T.);
#3883=EDGE_CURVE('',#3054,#3070,#1259,.T.);
#3884=EDGE_CURVE('',#3054,#3071,#1733,.T.);
#3885=EDGE_CURVE('',#3072,#3071,#1260,.T.);
#3886=EDGE_CURVE('',#3053,#3072,#1734,.T.);
#3887=EDGE_CURVE('',#3073,#3072,#1261,.T.);
#3888=EDGE_CURVE('',#3055,#3073,#1735,.T.);
#3889=EDGE_CURVE('',#3074,#3073,#1262,.T.);
#3890=EDGE_CURVE('',#3056,#3074,#1736,.T.);
#3891=EDGE_CURVE('',#3075,#3074,#1737,.T.);
#3892=EDGE_CURVE('',#3057,#3075,#1738,.T.);
#3893=EDGE_CURVE('',#3076,#3075,#1739,.T.);
#3894=EDGE_CURVE('',#3058,#3076,#1740,.T.);
#3895=EDGE_CURVE('',#3077,#3076,#1741,.T.);
#3896=EDGE_CURVE('',#3059,#3077,#1742,.T.);
#3897=EDGE_CURVE('',#3078,#3077,#1263,.T.);
#3898=EDGE_CURVE('',#3060,#3078,#1743,.T.);
#3899=EDGE_CURVE('',#3079,#3078,#1264,.T.);
#3900=EDGE_CURVE('',#3061,#3079,#1744,.T.);
#3901=EDGE_CURVE('',#3080,#3079,#1745,.T.);
#3902=EDGE_CURVE('',#3062,#3080,#1746,.T.);
#3903=EDGE_CURVE('',#3081,#3080,#1747,.T.);
#3904=EDGE_CURVE('',#3063,#3081,#1748,.T.);
#3905=EDGE_CURVE('',#3082,#3081,#1749,.T.);
#3906=EDGE_CURVE('',#3064,#3082,#1750,.T.);
#3907=EDGE_CURVE('',#3083,#3082,#1265,.T.);
#3908=EDGE_CURVE('',#3065,#3083,#1751,.T.);
#3909=EDGE_CURVE('',#3084,#3083,#1266,.T.);
#3910=EDGE_CURVE('',#3066,#3084,#1752,.T.);
#3911=EDGE_CURVE('',#3085,#3084,#1267,.T.);
#3912=EDGE_CURVE('',#3067,#3085,#1753,.T.);
#3913=EDGE_CURVE('',#3086,#3085,#1268,.T.);
#3914=EDGE_CURVE('',#3068,#3086,#1754,.T.);
#3915=EDGE_CURVE('',#3087,#3086,#1269,.T.);
#3916=EDGE_CURVE('',#3069,#3087,#1755,.T.);
#3917=EDGE_CURVE('',#3088,#3087,#1756,.T.);
#3918=EDGE_CURVE('',#3070,#3088,#1757,.T.);
#3919=EDGE_CURVE('',#3071,#3088,#1270,.T.);
#3920=EDGE_CURVE('',#3089,#3090,#1271,.T.);
#3921=EDGE_CURVE('',#3091,#3089,#1272,.T.);
#3922=EDGE_CURVE('',#3092,#3091,#1273,.T.);
#3923=EDGE_CURVE('',#3093,#3092,#1758,.T.);
#3924=EDGE_CURVE('',#3094,#3093,#1274,.T.);
#3925=EDGE_CURVE('',#3095,#3094,#1275,.T.);
#3926=EDGE_CURVE('',#3096,#3095,#1276,.T.);
#3927=EDGE_CURVE('',#3097,#3096,#1277,.T.);
#3928=EDGE_CURVE('',#3098,#3097,#1278,.T.);
#3929=EDGE_CURVE('',#3099,#3098,#1279,.T.);
#3930=EDGE_CURVE('',#3100,#3099,#1280,.T.);
#3931=EDGE_CURVE('',#3101,#3100,#1281,.T.);
#3932=EDGE_CURVE('',#3102,#3101,#1282,.T.);
#3933=EDGE_CURVE('',#3103,#3102,#1759,.T.);
#3934=EDGE_CURVE('',#3090,#3103,#1283,.T.);
#3935=EDGE_CURVE('',#3104,#3105,#1284,.T.);
#3936=EDGE_CURVE('',#3106,#3104,#1285,.T.);
#3937=EDGE_CURVE('',#3107,#3106,#1286,.T.);
#3938=EDGE_CURVE('',#3108,#3107,#1760,.T.);
#3939=EDGE_CURVE('',#3105,#3108,#1287,.T.);
#3940=EDGE_CURVE('',#3090,#3109,#1761,.T.);
#3941=EDGE_CURVE('',#3110,#3109,#1288,.T.);
#3942=EDGE_CURVE('',#3089,#3110,#1762,.T.);
#3943=EDGE_CURVE('',#3111,#3110,#1289,.T.);
#3944=EDGE_CURVE('',#3091,#3111,#1763,.T.);
#3945=EDGE_CURVE('',#3112,#3111,#1290,.T.);
#3946=EDGE_CURVE('',#3092,#3112,#1764,.T.);
#3947=EDGE_CURVE('',#3113,#3112,#1765,.T.);
#3948=EDGE_CURVE('',#3093,#3113,#1766,.T.);
#3949=EDGE_CURVE('',#3114,#3113,#1291,.T.);
#3950=EDGE_CURVE('',#3094,#3114,#1767,.T.);
#3951=EDGE_CURVE('',#3115,#3114,#1292,.T.);
#3952=EDGE_CURVE('',#3095,#3115,#1768,.T.);
#3953=EDGE_CURVE('',#3116,#3115,#1293,.T.);
#3954=EDGE_CURVE('',#3096,#3116,#1769,.T.);
#3955=EDGE_CURVE('',#3117,#3116,#1294,.T.);
#3956=EDGE_CURVE('',#3097,#3117,#1770,.T.);
#3957=EDGE_CURVE('',#3118,#3117,#1295,.T.);
#3958=EDGE_CURVE('',#3098,#3118,#1771,.T.);
#3959=EDGE_CURVE('',#3119,#3118,#1296,.T.);
#3960=EDGE_CURVE('',#3099,#3119,#1772,.T.);
#3961=EDGE_CURVE('',#3120,#3119,#1297,.T.);
#3962=EDGE_CURVE('',#3100,#3120,#1773,.T.);
#3963=EDGE_CURVE('',#3121,#3120,#1298,.T.);
#3964=EDGE_CURVE('',#3101,#3121,#1774,.T.);
#3965=EDGE_CURVE('',#3122,#3121,#1299,.T.);
#3966=EDGE_CURVE('',#3102,#3122,#1775,.T.);
#3967=EDGE_CURVE('',#3123,#3122,#1776,.T.);
#3968=EDGE_CURVE('',#3103,#3123,#1777,.T.);
#3969=EDGE_CURVE('',#3109,#3123,#1300,.T.);
#3970=EDGE_CURVE('',#3105,#3124,#1778,.T.);
#3971=EDGE_CURVE('',#3125,#3124,#1301,.T.);
#3972=EDGE_CURVE('',#3104,#3125,#1779,.T.);
#3973=EDGE_CURVE('',#3126,#3125,#1302,.T.);
#3974=EDGE_CURVE('',#3106,#3126,#1780,.T.);
#3975=EDGE_CURVE('',#3127,#3126,#1303,.T.);
#3976=EDGE_CURVE('',#3107,#3127,#1781,.T.);
#3977=EDGE_CURVE('',#3128,#3127,#1782,.T.);
#3978=EDGE_CURVE('',#3108,#3128,#1783,.T.);
#3979=EDGE_CURVE('',#3124,#3128,#1304,.T.);
#3980=EDGE_CURVE('',#3129,#3130,#1784,.T.);
#3981=EDGE_CURVE('',#3131,#3129,#1785,.T.);
#3982=EDGE_CURVE('',#3132,#3131,#1786,.T.);
#3983=EDGE_CURVE('',#3130,#3132,#1787,.T.);
#3984=EDGE_CURVE('',#3133,#3134,#1788,.T.);
#3985=EDGE_CURVE('',#3134,#3135,#1789,.T.);
#3986=EDGE_CURVE('',#3135,#3136,#1790,.T.);
#3987=EDGE_CURVE('',#3136,#3133,#1791,.T.);
#3988=EDGE_CURVE('',#3130,#3137,#1792,.T.);
#3989=EDGE_CURVE('',#3138,#3137,#1793,.T.);
#3990=EDGE_CURVE('',#3129,#3138,#1794,.T.);
#3991=EDGE_CURVE('',#3139,#3138,#1795,.T.);
#3992=EDGE_CURVE('',#3131,#3139,#1796,.T.);
#3993=EDGE_CURVE('',#3140,#3139,#1797,.T.);
#3994=EDGE_CURVE('',#3132,#3140,#1798,.T.);
#3995=EDGE_CURVE('',#3137,#3140,#1799,.T.);
#3996=EDGE_CURVE('',#3133,#3141,#1800,.T.);
#3997=EDGE_CURVE('',#3142,#3141,#1801,.T.);
#3998=EDGE_CURVE('',#3134,#3142,#1802,.T.);
#3999=EDGE_CURVE('',#3143,#3142,#1803,.T.);
#4000=EDGE_CURVE('',#3135,#3143,#1804,.T.);
#4001=EDGE_CURVE('',#3144,#3143,#1805,.T.);
#4002=EDGE_CURVE('',#3136,#3144,#1806,.T.);
#4003=EDGE_CURVE('',#3141,#3144,#1807,.T.);
#4004=EDGE_CURVE('',#3145,#3146,#1808,.T.);
#4005=EDGE_CURVE('',#3146,#3147,#1809,.T.);
#4006=EDGE_CURVE('',#3147,#3148,#1810,.T.);
#4007=EDGE_CURVE('',#3148,#3145,#1811,.T.);
#4008=EDGE_CURVE('',#3149,#3150,#1812,.T.);
#4009=EDGE_CURVE('',#3150,#3151,#1813,.T.);
#4010=EDGE_CURVE('',#3151,#3152,#1814,.T.);
#4011=EDGE_CURVE('',#3152,#3149,#1815,.T.);
#4012=EDGE_CURVE('',#3145,#3153,#1816,.T.);
#4013=EDGE_CURVE('',#3154,#3153,#1817,.T.);
#4014=EDGE_CURVE('',#3146,#3154,#1818,.T.);
#4015=EDGE_CURVE('',#3155,#3154,#1819,.T.);
#4016=EDGE_CURVE('',#3147,#3155,#1820,.T.);
#4017=EDGE_CURVE('',#3156,#3155,#1821,.T.);
#4018=EDGE_CURVE('',#3148,#3156,#1822,.T.);
#4019=EDGE_CURVE('',#3153,#3156,#1823,.T.);
#4020=EDGE_CURVE('',#3149,#3157,#1824,.T.);
#4021=EDGE_CURVE('',#3158,#3157,#1825,.T.);
#4022=EDGE_CURVE('',#3150,#3158,#1826,.T.);
#4023=EDGE_CURVE('',#3159,#3158,#1827,.T.);
#4024=EDGE_CURVE('',#3151,#3159,#1828,.T.);
#4025=EDGE_CURVE('',#3160,#3159,#1829,.T.);
#4026=EDGE_CURVE('',#3152,#3160,#1830,.T.);
#4027=EDGE_CURVE('',#3157,#3160,#1831,.T.);
#4028=EDGE_CURVE('',#3161,#3162,#1832,.T.);
#4029=EDGE_CURVE('',#3163,#3161,#1833,.T.);
#4030=EDGE_CURVE('',#3164,#3163,#1834,.T.);
#4031=EDGE_CURVE('',#3165,#3164,#1835,.T.);
#4032=EDGE_CURVE('',#3166,#3165,#1836,.T.);
#4033=EDGE_CURVE('',#3167,#3166,#1837,.T.);
#4034=EDGE_CURVE('',#3168,#3167,#1838,.T.);
#4035=EDGE_CURVE('',#3169,#3168,#1839,.T.);
#4036=EDGE_CURVE('',#3170,#3169,#1840,.T.);
#4037=EDGE_CURVE('',#3171,#3170,#1841,.T.);
#4038=EDGE_CURVE('',#3172,#3171,#1842,.T.);
#4039=EDGE_CURVE('',#3162,#3172,#1843,.T.);
#4040=EDGE_CURVE('',#3162,#3173,#1844,.T.);
#4041=EDGE_CURVE('',#3174,#3173,#1845,.T.);
#4042=EDGE_CURVE('',#3161,#3174,#1846,.T.);
#4043=EDGE_CURVE('',#3175,#3174,#1847,.T.);
#4044=EDGE_CURVE('',#3163,#3175,#1848,.T.);
#4045=EDGE_CURVE('',#3176,#3175,#1849,.T.);
#4046=EDGE_CURVE('',#3164,#3176,#1850,.T.);
#4047=EDGE_CURVE('',#3177,#3176,#1851,.T.);
#4048=EDGE_CURVE('',#3165,#3177,#1852,.T.);
#4049=EDGE_CURVE('',#3178,#3177,#1853,.T.);
#4050=EDGE_CURVE('',#3166,#3178,#1854,.T.);
#4051=EDGE_CURVE('',#3179,#3178,#1855,.T.);
#4052=EDGE_CURVE('',#3167,#3179,#1856,.T.);
#4053=EDGE_CURVE('',#3180,#3179,#1857,.T.);
#4054=EDGE_CURVE('',#3168,#3180,#1858,.T.);
#4055=EDGE_CURVE('',#3181,#3180,#1859,.T.);
#4056=EDGE_CURVE('',#3169,#3181,#1860,.T.);
#4057=EDGE_CURVE('',#3182,#3181,#1861,.T.);
#4058=EDGE_CURVE('',#3170,#3182,#1862,.T.);
#4059=EDGE_CURVE('',#3183,#3182,#1863,.T.);
#4060=EDGE_CURVE('',#3171,#3183,#1864,.T.);
#4061=EDGE_CURVE('',#3184,#3183,#1865,.T.);
#4062=EDGE_CURVE('',#3172,#3184,#1866,.T.);
#4063=EDGE_CURVE('',#3173,#3184,#1867,.T.);
#4064=EDGE_CURVE('',#3185,#3186,#1868,.T.);
#4065=EDGE_CURVE('',#3186,#3187,#1869,.T.);
#4066=EDGE_CURVE('',#3187,#3188,#1870,.T.);
#4067=EDGE_CURVE('',#3188,#3185,#1871,.T.);
#4068=EDGE_CURVE('',#3189,#3190,#1872,.T.);
#4069=EDGE_CURVE('',#3190,#3191,#1873,.T.);
#4070=EDGE_CURVE('',#3191,#3192,#1874,.T.);
#4071=EDGE_CURVE('',#3192,#3189,#1875,.T.);
#4072=EDGE_CURVE('',#3185,#3193,#1876,.T.);
#4073=EDGE_CURVE('',#3194,#3193,#1877,.T.);
#4074=EDGE_CURVE('',#3186,#3194,#1878,.T.);
#4075=EDGE_CURVE('',#3195,#3194,#1879,.T.);
#4076=EDGE_CURVE('',#3187,#3195,#1880,.T.);
#4077=EDGE_CURVE('',#3196,#3195,#1881,.T.);
#4078=EDGE_CURVE('',#3188,#3196,#1882,.T.);
#4079=EDGE_CURVE('',#3193,#3196,#1883,.T.);
#4080=EDGE_CURVE('',#3189,#3197,#1884,.T.);
#4081=EDGE_CURVE('',#3198,#3197,#1885,.T.);
#4082=EDGE_CURVE('',#3190,#3198,#1886,.T.);
#4083=EDGE_CURVE('',#3199,#3198,#1887,.T.);
#4084=EDGE_CURVE('',#3191,#3199,#1888,.T.);
#4085=EDGE_CURVE('',#3200,#3199,#1889,.T.);
#4086=EDGE_CURVE('',#3192,#3200,#1890,.T.);
#4087=EDGE_CURVE('',#3197,#3200,#1891,.T.);
#4088=EDGE_CURVE('',#3201,#3202,#1892,.T.);
#4089=EDGE_CURVE('',#3203,#3201,#1305,.T.);
#4090=EDGE_CURVE('',#3204,#3203,#1306,.T.);
#4091=EDGE_CURVE('',#3205,#3204,#1307,.T.);
#4092=EDGE_CURVE('',#3206,#3205,#1308,.T.);
#4093=EDGE_CURVE('',#3207,#3206,#1893,.T.);
#4094=EDGE_CURVE('',#3208,#3207,#1309,.T.);
#4095=EDGE_CURVE('',#3209,#3208,#1310,.T.);
#4096=EDGE_CURVE('',#3210,#3209,#1311,.T.);
#4097=EDGE_CURVE('',#3211,#3210,#1894,.T.);
#4098=EDGE_CURVE('',#3212,#3211,#1895,.T.);
#4099=EDGE_CURVE('',#3213,#3212,#1896,.T.);
#4100=EDGE_CURVE('',#3202,#3213,#1897,.T.);
#4101=EDGE_CURVE('',#3202,#3214,#1898,.T.);
#4102=EDGE_CURVE('',#3215,#3214,#1899,.T.);
#4103=EDGE_CURVE('',#3201,#3215,#1900,.T.);
#4104=EDGE_CURVE('',#3216,#3215,#1312,.T.);
#4105=EDGE_CURVE('',#3203,#3216,#1901,.T.);
#4106=EDGE_CURVE('',#3217,#3216,#1313,.T.);
#4107=EDGE_CURVE('',#3204,#3217,#1902,.T.);
#4108=EDGE_CURVE('',#3218,#3217,#1314,.T.);
#4109=EDGE_CURVE('',#3205,#3218,#1903,.T.);
#4110=EDGE_CURVE('',#3219,#3218,#1315,.T.);
#4111=EDGE_CURVE('',#3206,#3219,#1904,.T.);
#4112=EDGE_CURVE('',#3220,#3219,#1905,.T.);
#4113=EDGE_CURVE('',#3207,#3220,#1906,.T.);
#4114=EDGE_CURVE('',#3221,#3220,#1316,.T.);
#4115=EDGE_CURVE('',#3208,#3221,#1907,.T.);
#4116=EDGE_CURVE('',#3222,#3221,#1317,.T.);
#4117=EDGE_CURVE('',#3209,#3222,#1908,.T.);
#4118=EDGE_CURVE('',#3223,#3222,#1318,.T.);
#4119=EDGE_CURVE('',#3210,#3223,#1909,.T.);
#4120=EDGE_CURVE('',#3224,#3223,#1910,.T.);
#4121=EDGE_CURVE('',#3211,#3224,#1911,.T.);
#4122=EDGE_CURVE('',#3225,#3224,#1912,.T.);
#4123=EDGE_CURVE('',#3212,#3225,#1913,.T.);
#4124=EDGE_CURVE('',#3226,#3225,#1914,.T.);
#4125=EDGE_CURVE('',#3213,#3226,#1915,.T.);
#4126=EDGE_CURVE('',#3214,#3226,#1916,.T.);
#4127=EDGE_CURVE('',#3227,#3228,#1319,.T.);
#4128=EDGE_CURVE('',#3229,#3227,#1320,.T.);
#4129=EDGE_CURVE('',#3230,#3229,#1321,.T.);
#4130=EDGE_CURVE('',#3231,#3230,#1917,.T.);
#4131=EDGE_CURVE('',#3232,#3231,#1918,.T.);
#4132=EDGE_CURVE('',#3233,#3232,#1919,.T.);
#4133=EDGE_CURVE('',#3234,#3233,#1920,.T.);
#4134=EDGE_CURVE('',#3235,#3234,#1921,.T.);
#4135=EDGE_CURVE('',#3236,#3235,#1922,.T.);
#4136=EDGE_CURVE('',#3237,#3236,#1923,.T.);
#4137=EDGE_CURVE('',#3238,#3237,#1924,.T.);
#4138=EDGE_CURVE('',#3239,#3238,#1925,.T.);
#4139=EDGE_CURVE('',#3240,#3239,#1926,.T.);
#4140=EDGE_CURVE('',#3241,#3240,#1927,.T.);
#4141=EDGE_CURVE('',#3242,#3241,#1322,.T.);
#4142=EDGE_CURVE('',#3243,#3242,#1323,.T.);
#4143=EDGE_CURVE('',#3244,#3243,#1324,.T.);
#4144=EDGE_CURVE('',#3245,#3244,#1325,.T.);
#4145=EDGE_CURVE('',#3246,#3245,#1928,.T.);
#4146=EDGE_CURVE('',#3228,#3246,#1326,.T.);
#4147=EDGE_CURVE('',#3228,#3247,#1929,.T.);
#4148=EDGE_CURVE('',#3248,#3247,#1327,.T.);
#4149=EDGE_CURVE('',#3227,#3248,#1930,.T.);
#4150=EDGE_CURVE('',#3249,#3248,#1328,.T.);
#4151=EDGE_CURVE('',#3229,#3249,#1931,.T.);
#4152=EDGE_CURVE('',#3250,#3249,#1329,.T.);
#4153=EDGE_CURVE('',#3230,#3250,#1932,.T.);
#4154=EDGE_CURVE('',#3251,#3250,#1933,.T.);
#4155=EDGE_CURVE('',#3231,#3251,#1934,.T.);
#4156=EDGE_CURVE('',#3252,#3251,#1935,.T.);
#4157=EDGE_CURVE('',#3232,#3252,#1936,.T.);
#4158=EDGE_CURVE('',#3253,#3252,#1937,.T.);
#4159=EDGE_CURVE('',#3233,#3253,#1938,.T.);
#4160=EDGE_CURVE('',#3254,#3253,#1939,.T.);
#4161=EDGE_CURVE('',#3234,#3254,#1940,.T.);
#4162=EDGE_CURVE('',#3255,#3254,#1941,.T.);
#4163=EDGE_CURVE('',#3235,#3255,#1942,.T.);
#4164=EDGE_CURVE('',#3256,#3255,#1943,.T.);
#4165=EDGE_CURVE('',#3236,#3256,#1944,.T.);
#4166=EDGE_CURVE('',#3257,#3256,#1945,.T.);
#4167=EDGE_CURVE('',#3237,#3257,#1946,.T.);
#4168=EDGE_CURVE('',#3258,#3257,#1947,.T.);
#4169=EDGE_CURVE('',#3238,#3258,#1948,.T.);
#4170=EDGE_CURVE('',#3259,#3258,#1949,.T.);
#4171=EDGE_CURVE('',#3239,#3259,#1950,.T.);
#4172=EDGE_CURVE('',#3260,#3259,#1951,.T.);
#4173=EDGE_CURVE('',#3240,#3260,#1952,.T.);
#4174=EDGE_CURVE('',#3261,#3260,#1953,.T.);
#4175=EDGE_CURVE('',#3241,#3261,#1954,.T.);
#4176=EDGE_CURVE('',#3262,#3261,#1330,.T.);
#4177=EDGE_CURVE('',#3242,#3262,#1955,.T.);
#4178=EDGE_CURVE('',#3263,#3262,#1331,.T.);
#4179=EDGE_CURVE('',#3243,#3263,#1956,.T.);
#4180=EDGE_CURVE('',#3264,#3263,#1332,.T.);
#4181=EDGE_CURVE('',#3244,#3264,#1957,.T.);
#4182=EDGE_CURVE('',#3265,#3264,#1333,.T.);
#4183=EDGE_CURVE('',#3245,#3265,#1958,.T.);
#4184=EDGE_CURVE('',#3266,#3265,#1959,.T.);
#4185=EDGE_CURVE('',#3246,#3266,#1960,.T.);
#4186=EDGE_CURVE('',#3247,#3266,#1334,.T.);
#4187=EDGE_CURVE('',#3267,#3268,#1335,.T.);
#4188=EDGE_CURVE('',#3269,#3267,#1336,.T.);
#4189=EDGE_CURVE('',#3270,#3269,#1337,.T.);
#4190=EDGE_CURVE('',#3271,#3270,#1961,.T.);
#4191=EDGE_CURVE('',#3272,#3271,#1962,.T.);
#4192=EDGE_CURVE('',#3273,#3272,#1963,.T.);
#4193=EDGE_CURVE('',#3274,#3273,#1964,.T.);
#4194=EDGE_CURVE('',#3275,#3274,#1965,.T.);
#4195=EDGE_CURVE('',#3276,#3275,#1966,.T.);
#4196=EDGE_CURVE('',#3277,#3276,#1967,.T.);
#4197=EDGE_CURVE('',#3278,#3277,#1968,.T.);
#4198=EDGE_CURVE('',#3279,#3278,#1969,.T.);
#4199=EDGE_CURVE('',#3280,#3279,#1970,.T.);
#4200=EDGE_CURVE('',#3281,#3280,#1971,.T.);
#4201=EDGE_CURVE('',#3282,#3281,#1338,.T.);
#4202=EDGE_CURVE('',#3283,#3282,#1339,.T.);
#4203=EDGE_CURVE('',#3284,#3283,#1340,.T.);
#4204=EDGE_CURVE('',#3285,#3284,#1341,.T.);
#4205=EDGE_CURVE('',#3286,#3285,#1972,.T.);
#4206=EDGE_CURVE('',#3268,#3286,#1342,.T.);
#4207=EDGE_CURVE('',#3268,#3287,#1973,.T.);
#4208=EDGE_CURVE('',#3288,#3287,#1343,.T.);
#4209=EDGE_CURVE('',#3267,#3288,#1974,.T.);
#4210=EDGE_CURVE('',#3289,#3288,#1344,.T.);
#4211=EDGE_CURVE('',#3269,#3289,#1975,.T.);
#4212=EDGE_CURVE('',#3290,#3289,#1345,.T.);
#4213=EDGE_CURVE('',#3270,#3290,#1976,.T.);
#4214=EDGE_CURVE('',#3291,#3290,#1977,.T.);
#4215=EDGE_CURVE('',#3271,#3291,#1978,.T.);
#4216=EDGE_CURVE('',#3292,#3291,#1979,.T.);
#4217=EDGE_CURVE('',#3272,#3292,#1980,.T.);
#4218=EDGE_CURVE('',#3293,#3292,#1981,.T.);
#4219=EDGE_CURVE('',#3273,#3293,#1982,.T.);
#4220=EDGE_CURVE('',#3294,#3293,#1983,.T.);
#4221=EDGE_CURVE('',#3274,#3294,#1984,.T.);
#4222=EDGE_CURVE('',#3295,#3294,#1985,.T.);
#4223=EDGE_CURVE('',#3275,#3295,#1986,.T.);
#4224=EDGE_CURVE('',#3296,#3295,#1987,.T.);
#4225=EDGE_CURVE('',#3276,#3296,#1988,.T.);
#4226=EDGE_CURVE('',#3297,#3296,#1989,.T.);
#4227=EDGE_CURVE('',#3277,#3297,#1990,.T.);
#4228=EDGE_CURVE('',#3298,#3297,#1991,.T.);
#4229=EDGE_CURVE('',#3278,#3298,#1992,.T.);
#4230=EDGE_CURVE('',#3299,#3298,#1993,.T.);
#4231=EDGE_CURVE('',#3279,#3299,#1994,.T.);
#4232=EDGE_CURVE('',#3300,#3299,#1995,.T.);
#4233=EDGE_CURVE('',#3280,#3300,#1996,.T.);
#4234=EDGE_CURVE('',#3301,#3300,#1997,.T.);
#4235=EDGE_CURVE('',#3281,#3301,#1998,.T.);
#4236=EDGE_CURVE('',#3302,#3301,#1346,.T.);
#4237=EDGE_CURVE('',#3282,#3302,#1999,.T.);
#4238=EDGE_CURVE('',#3303,#3302,#1347,.T.);
#4239=EDGE_CURVE('',#3283,#3303,#2000,.T.);
#4240=EDGE_CURVE('',#3304,#3303,#1348,.T.);
#4241=EDGE_CURVE('',#3284,#3304,#2001,.T.);
#4242=EDGE_CURVE('',#3305,#3304,#1349,.T.);
#4243=EDGE_CURVE('',#3285,#3305,#2002,.T.);
#4244=EDGE_CURVE('',#3306,#3305,#2003,.T.);
#4245=EDGE_CURVE('',#3286,#3306,#2004,.T.);
#4246=EDGE_CURVE('',#3287,#3306,#1350,.T.);
#4247=EDGE_CURVE('',#3307,#3308,#1351,.T.);
#4248=EDGE_CURVE('',#3309,#3307,#1352,.T.);
#4249=EDGE_CURVE('',#3310,#3309,#1353,.T.);
#4250=EDGE_CURVE('',#3311,#3310,#1354,.T.);
#4251=EDGE_CURVE('',#3312,#3311,#1355,.T.);
#4252=EDGE_CURVE('',#3313,#3312,#1356,.T.);
#4253=EDGE_CURVE('',#3314,#3313,#1357,.T.);
#4254=EDGE_CURVE('',#3315,#3314,#1358,.T.);
#4255=EDGE_CURVE('',#3316,#3315,#1359,.T.);
#4256=EDGE_CURVE('',#3317,#3316,#1360,.T.);
#4257=EDGE_CURVE('',#3318,#3317,#1361,.T.);
#4258=EDGE_CURVE('',#3319,#3318,#2005,.T.);
#4259=EDGE_CURVE('',#3320,#3319,#2006,.T.);
#4260=EDGE_CURVE('',#3308,#3320,#2007,.T.);
#4261=EDGE_CURVE('',#3321,#3322,#2008,.T.);
#4262=EDGE_CURVE('',#3323,#3321,#1362,.T.);
#4263=EDGE_CURVE('',#3324,#3323,#1363,.T.);
#4264=EDGE_CURVE('',#3325,#3324,#1364,.T.);
#4265=EDGE_CURVE('',#3326,#3325,#1365,.T.);
#4266=EDGE_CURVE('',#3327,#3326,#1366,.T.);
#4267=EDGE_CURVE('',#3328,#3327,#1367,.T.);
#4268=EDGE_CURVE('',#3329,#3328,#1368,.T.);
#4269=EDGE_CURVE('',#3330,#3329,#2009,.T.);
#4270=EDGE_CURVE('',#3322,#3330,#2010,.T.);
#4271=EDGE_CURVE('',#3331,#3332,#2011,.T.);
#4272=EDGE_CURVE('',#3333,#3331,#1369,.T.);
#4273=EDGE_CURVE('',#3334,#3333,#1370,.T.);
#4274=EDGE_CURVE('',#3335,#3334,#1371,.T.);
#4275=EDGE_CURVE('',#3336,#3335,#1372,.T.);
#4276=EDGE_CURVE('',#3337,#3336,#1373,.T.);
#4277=EDGE_CURVE('',#3338,#3337,#1374,.T.);
#4278=EDGE_CURVE('',#3339,#3338,#2012,.T.);
#4279=EDGE_CURVE('',#3332,#3339,#2013,.T.);
#4280=EDGE_CURVE('',#3308,#3340,#2014,.T.);
#4281=EDGE_CURVE('',#3341,#3340,#1375,.T.);
#4282=EDGE_CURVE('',#3307,#3341,#2015,.T.);
#4283=EDGE_CURVE('',#3342,#3341,#1376,.T.);
#4284=EDGE_CURVE('',#3309,#3342,#2016,.T.);
#4285=EDGE_CURVE('',#3343,#3342,#1377,.T.);
#4286=EDGE_CURVE('',#3310,#3343,#2017,.T.);
#4287=EDGE_CURVE('',#3344,#3343,#1378,.T.);
#4288=EDGE_CURVE('',#3311,#3344,#2018,.T.);
#4289=EDGE_CURVE('',#3345,#3344,#1379,.T.);
#4290=EDGE_CURVE('',#3312,#3345,#2019,.T.);
#4291=EDGE_CURVE('',#3346,#3345,#1380,.T.);
#4292=EDGE_CURVE('',#3313,#3346,#2020,.T.);
#4293=EDGE_CURVE('',#3347,#3346,#1381,.T.);
#4294=EDGE_CURVE('',#3314,#3347,#2021,.T.);
#4295=EDGE_CURVE('',#3348,#3347,#1382,.T.);
#4296=EDGE_CURVE('',#3315,#3348,#2022,.T.);
#4297=EDGE_CURVE('',#3349,#3348,#1383,.T.);
#4298=EDGE_CURVE('',#3316,#3349,#2023,.T.);
#4299=EDGE_CURVE('',#3350,#3349,#1384,.T.);
#4300=EDGE_CURVE('',#3317,#3350,#2024,.T.);
#4301=EDGE_CURVE('',#3351,#3350,#1385,.T.);
#4302=EDGE_CURVE('',#3318,#3351,#2025,.T.);
#4303=EDGE_CURVE('',#3352,#3351,#2026,.T.);
#4304=EDGE_CURVE('',#3319,#3352,#2027,.T.);
#4305=EDGE_CURVE('',#3353,#3352,#2028,.T.);
#4306=EDGE_CURVE('',#3320,#3353,#2029,.T.);
#4307=EDGE_CURVE('',#3340,#3353,#2030,.T.);
#4308=EDGE_CURVE('',#3322,#3354,#2031,.T.);
#4309=EDGE_CURVE('',#3355,#3354,#2032,.T.);
#4310=EDGE_CURVE('',#3321,#3355,#2033,.T.);
#4311=EDGE_CURVE('',#3356,#3355,#1386,.T.);
#4312=EDGE_CURVE('',#3323,#3356,#2034,.T.);
#4313=EDGE_CURVE('',#3357,#3356,#1387,.T.);
#4314=EDGE_CURVE('',#3324,#3357,#2035,.T.);
#4315=EDGE_CURVE('',#3358,#3357,#1388,.T.);
#4316=EDGE_CURVE('',#3325,#3358,#2036,.T.);
#4317=EDGE_CURVE('',#3359,#3358,#1389,.T.);
#4318=EDGE_CURVE('',#3326,#3359,#2037,.T.);
#4319=EDGE_CURVE('',#3360,#3359,#1390,.T.);
#4320=EDGE_CURVE('',#3327,#3360,#2038,.T.);
#4321=EDGE_CURVE('',#3361,#3360,#1391,.T.);
#4322=EDGE_CURVE('',#3328,#3361,#2039,.T.);
#4323=EDGE_CURVE('',#3362,#3361,#1392,.T.);
#4324=EDGE_CURVE('',#3329,#3362,#2040,.T.);
#4325=EDGE_CURVE('',#3363,#3362,#2041,.T.);
#4326=EDGE_CURVE('',#3330,#3363,#2042,.T.);
#4327=EDGE_CURVE('',#3354,#3363,#2043,.T.);
#4328=EDGE_CURVE('',#3332,#3364,#2044,.T.);
#4329=EDGE_CURVE('',#3365,#3364,#2045,.T.);
#4330=EDGE_CURVE('',#3331,#3365,#2046,.T.);
#4331=EDGE_CURVE('',#3366,#3365,#1393,.T.);
#4332=EDGE_CURVE('',#3333,#3366,#2047,.T.);
#4333=EDGE_CURVE('',#3367,#3366,#1394,.T.);
#4334=EDGE_CURVE('',#3334,#3367,#2048,.T.);
#4335=EDGE_CURVE('',#3368,#3367,#1395,.T.);
#4336=EDGE_CURVE('',#3335,#3368,#2049,.T.);
#4337=EDGE_CURVE('',#3369,#3368,#1396,.T.);
#4338=EDGE_CURVE('',#3336,#3369,#2050,.T.);
#4339=EDGE_CURVE('',#3370,#3369,#1397,.T.);
#4340=EDGE_CURVE('',#3337,#3370,#2051,.T.);
#4341=EDGE_CURVE('',#3371,#3370,#1398,.T.);
#4342=EDGE_CURVE('',#3338,#3371,#2052,.T.);
#4343=EDGE_CURVE('',#3372,#3371,#2053,.T.);
#4344=EDGE_CURVE('',#3339,#3372,#2054,.T.);
#4345=EDGE_CURVE('',#3364,#3372,#2055,.T.);
#4346=EDGE_CURVE('',#3373,#3374,#1399,.T.);
#4347=EDGE_CURVE('',#3375,#3373,#1400,.T.);
#4348=EDGE_CURVE('',#3376,#3375,#1401,.T.);
#4349=EDGE_CURVE('',#3377,#3376,#1402,.T.);
#4350=EDGE_CURVE('',#3378,#3377,#1403,.T.);
#4351=EDGE_CURVE('',#3379,#3378,#2056,.T.);
#4352=EDGE_CURVE('',#3380,#3379,#2057,.T.);
#4353=EDGE_CURVE('',#3381,#3380,#2058,.T.);
#4354=EDGE_CURVE('',#3382,#3381,#1404,.T.);
#4355=EDGE_CURVE('',#3383,#3382,#1405,.T.);
#4356=EDGE_CURVE('',#3384,#3383,#1406,.T.);
#4357=EDGE_CURVE('',#3385,#3384,#1407,.T.);
#4358=EDGE_CURVE('',#3386,#3385,#1408,.T.);
#4359=EDGE_CURVE('',#3387,#3386,#1409,.T.);
#4360=EDGE_CURVE('',#3388,#3387,#2059,.T.);
#4361=EDGE_CURVE('',#3389,#3388,#2060,.T.);
#4362=EDGE_CURVE('',#3374,#3389,#2061,.T.);
#4363=EDGE_CURVE('',#3374,#3390,#2062,.T.);
#4364=EDGE_CURVE('',#3391,#3390,#1410,.T.);
#4365=EDGE_CURVE('',#3373,#3391,#2063,.T.);
#4366=EDGE_CURVE('',#3392,#3391,#1411,.T.);
#4367=EDGE_CURVE('',#3375,#3392,#2064,.T.);
#4368=EDGE_CURVE('',#3393,#3392,#1412,.T.);
#4369=EDGE_CURVE('',#3376,#3393,#2065,.T.);
#4370=EDGE_CURVE('',#3394,#3393,#1413,.T.);
#4371=EDGE_CURVE('',#3377,#3394,#2066,.T.);
#4372=EDGE_CURVE('',#3395,#3394,#1414,.T.);
#4373=EDGE_CURVE('',#3378,#3395,#2067,.T.);
#4374=EDGE_CURVE('',#3396,#3395,#2068,.T.);
#4375=EDGE_CURVE('',#3379,#3396,#2069,.T.);
#4376=EDGE_CURVE('',#3397,#3396,#2070,.T.);
#4377=EDGE_CURVE('',#3380,#3397,#2071,.T.);
#4378=EDGE_CURVE('',#3398,#3397,#2072,.T.);
#4379=EDGE_CURVE('',#3381,#3398,#2073,.T.);
#4380=EDGE_CURVE('',#3399,#3398,#1415,.T.);
#4381=EDGE_CURVE('',#3382,#3399,#2074,.T.);
#4382=EDGE_CURVE('',#3400,#3399,#1416,.T.);
#4383=EDGE_CURVE('',#3383,#3400,#2075,.T.);
#4384=EDGE_CURVE('',#3401,#3400,#1417,.T.);
#4385=EDGE_CURVE('',#3384,#3401,#2076,.T.);
#4386=EDGE_CURVE('',#3402,#3401,#1418,.T.);
#4387=EDGE_CURVE('',#3385,#3402,#2077,.T.);
#4388=EDGE_CURVE('',#3403,#3402,#1419,.T.);
#4389=EDGE_CURVE('',#3386,#3403,#2078,.T.);
#4390=EDGE_CURVE('',#3404,#3403,#1420,.T.);
#4391=EDGE_CURVE('',#3387,#3404,#2079,.T.);
#4392=EDGE_CURVE('',#3405,#3404,#2080,.T.);
#4393=EDGE_CURVE('',#3388,#3405,#2081,.T.);
#4394=EDGE_CURVE('',#3406,#3405,#2082,.T.);
#4395=EDGE_CURVE('',#3389,#3406,#2083,.T.);
#4396=EDGE_CURVE('',#3390,#3406,#2084,.T.);
#4397=EDGE_CURVE('',#3407,#3408,#1421,.T.);
#4398=EDGE_CURVE('',#3409,#3407,#1422,.T.);
#4399=EDGE_CURVE('',#3410,#3409,#1423,.T.);
#4400=EDGE_CURVE('',#3411,#3410,#1424,.T.);
#4401=EDGE_CURVE('',#3412,#3411,#1425,.T.);
#4402=EDGE_CURVE('',#3413,#3412,#1426,.T.);
#4403=EDGE_CURVE('',#3414,#3413,#1427,.T.);
#4404=EDGE_CURVE('',#3415,#3414,#1428,.T.);
#4405=EDGE_CURVE('',#3416,#3415,#1429,.T.);
#4406=EDGE_CURVE('',#3417,#3416,#2085,.T.);
#4407=EDGE_CURVE('',#3418,#3417,#1430,.T.);
#4408=EDGE_CURVE('',#3419,#3418,#1431,.T.);
#4409=EDGE_CURVE('',#3420,#3419,#1432,.T.);
#4410=EDGE_CURVE('',#3421,#3420,#1433,.T.);
#4411=EDGE_CURVE('',#3422,#3421,#1434,.T.);
#4412=EDGE_CURVE('',#3423,#3422,#1435,.T.);
#4413=EDGE_CURVE('',#3424,#3423,#1436,.T.);
#4414=EDGE_CURVE('',#3425,#3424,#1437,.T.);
#4415=EDGE_CURVE('',#3426,#3425,#1438,.T.);
#4416=EDGE_CURVE('',#3427,#3426,#1439,.T.);
#4417=EDGE_CURVE('',#3428,#3427,#2086,.T.);
#4418=EDGE_CURVE('',#3408,#3428,#1440,.T.);
#4419=EDGE_CURVE('',#3408,#3429,#2087,.T.);
#4420=EDGE_CURVE('',#3430,#3429,#1441,.T.);
#4421=EDGE_CURVE('',#3407,#3430,#2088,.T.);
#4422=EDGE_CURVE('',#3431,#3430,#1442,.T.);
#4423=EDGE_CURVE('',#3409,#3431,#2089,.T.);
#4424=EDGE_CURVE('',#3432,#3431,#1443,.T.);
#4425=EDGE_CURVE('',#3410,#3432,#2090,.T.);
#4426=EDGE_CURVE('',#3433,#3432,#1444,.T.);
#4427=EDGE_CURVE('',#3411,#3433,#2091,.T.);
#4428=EDGE_CURVE('',#3434,#3433,#1445,.T.);
#4429=EDGE_CURVE('',#3412,#3434,#2092,.T.);
#4430=EDGE_CURVE('',#3435,#3434,#1446,.T.);
#4431=EDGE_CURVE('',#3413,#3435,#2093,.T.);
#4432=EDGE_CURVE('',#3436,#3435,#1447,.T.);
#4433=EDGE_CURVE('',#3414,#3436,#2094,.T.);
#4434=EDGE_CURVE('',#3437,#3436,#1448,.T.);
#4435=EDGE_CURVE('',#3415,#3437,#2095,.T.);
#4436=EDGE_CURVE('',#3438,#3437,#1449,.T.);
#4437=EDGE_CURVE('',#3416,#3438,#2096,.T.);
#4438=EDGE_CURVE('',#3439,#3438,#2097,.T.);
#4439=EDGE_CURVE('',#3417,#3439,#2098,.T.);
#4440=EDGE_CURVE('',#3440,#3439,#1450,.T.);
#4441=EDGE_CURVE('',#3418,#3440,#2099,.T.);
#4442=EDGE_CURVE('',#3441,#3440,#1451,.T.);
#4443=EDGE_CURVE('',#3419,#3441,#2100,.T.);
#4444=EDGE_CURVE('',#3442,#3441,#1452,.T.);
#4445=EDGE_CURVE('',#3420,#3442,#2101,.T.);
#4446=EDGE_CURVE('',#3443,#3442,#1453,.T.);
#4447=EDGE_CURVE('',#3421,#3443,#2102,.T.);
#4448=EDGE_CURVE('',#3444,#3443,#1454,.T.);
#4449=EDGE_CURVE('',#3422,#3444,#2103,.T.);
#4450=EDGE_CURVE('',#3445,#3444,#1455,.T.);
#4451=EDGE_CURVE('',#3423,#3445,#2104,.T.);
#4452=EDGE_CURVE('',#3446,#3445,#1456,.T.);
#4453=EDGE_CURVE('',#3424,#3446,#2105,.T.);
#4454=EDGE_CURVE('',#3447,#3446,#1457,.T.);
#4455=EDGE_CURVE('',#3425,#3447,#2106,.T.);
#4456=EDGE_CURVE('',#3448,#3447,#1458,.T.);
#4457=EDGE_CURVE('',#3426,#3448,#2107,.T.);
#4458=EDGE_CURVE('',#3449,#3448,#1459,.T.);
#4459=EDGE_CURVE('',#3427,#3449,#2108,.T.);
#4460=EDGE_CURVE('',#3450,#3449,#2109,.T.);
#4461=EDGE_CURVE('',#3428,#3450,#2110,.T.);
#4462=EDGE_CURVE('',#3429,#3450,#1460,.T.);
#4463=EDGE_CURVE('',#3451,#3452,#1461,.T.);
#4464=EDGE_CURVE('',#3453,#3451,#1462,.T.);
#4465=EDGE_CURVE('',#3454,#3453,#1463,.T.);
#4466=EDGE_CURVE('',#3455,#3454,#1464,.T.);
#4467=EDGE_CURVE('',#3456,#3455,#1465,.T.);
#4468=EDGE_CURVE('',#3457,#3456,#1466,.T.);
#4469=EDGE_CURVE('',#3458,#3457,#1467,.T.);
#4470=EDGE_CURVE('',#3459,#3458,#1468,.T.);
#4471=EDGE_CURVE('',#3460,#3459,#1469,.T.);
#4472=EDGE_CURVE('',#3461,#3460,#1470,.T.);
#4473=EDGE_CURVE('',#3462,#3461,#1471,.T.);
#4474=EDGE_CURVE('',#3463,#3462,#1472,.T.);
#4475=EDGE_CURVE('',#3464,#3463,#2111,.T.);
#4476=EDGE_CURVE('',#3465,#3464,#1473,.T.);
#4477=EDGE_CURVE('',#3466,#3465,#1474,.T.);
#4478=EDGE_CURVE('',#3467,#3466,#1475,.T.);
#4479=EDGE_CURVE('',#3468,#3467,#1476,.T.);
#4480=EDGE_CURVE('',#3469,#3468,#1477,.T.);
#4481=EDGE_CURVE('',#3470,#3469,#1478,.T.);
#4482=EDGE_CURVE('',#3471,#3470,#1479,.T.);
#4483=EDGE_CURVE('',#3472,#3471,#2112,.T.);
#4484=EDGE_CURVE('',#3473,#3472,#1480,.T.);
#4485=EDGE_CURVE('',#3474,#3473,#1481,.T.);
#4486=EDGE_CURVE('',#3475,#3474,#1482,.T.);
#4487=EDGE_CURVE('',#3476,#3475,#1483,.T.);
#4488=EDGE_CURVE('',#3477,#3476,#1484,.T.);
#4489=EDGE_CURVE('',#3478,#3477,#1485,.T.);
#4490=EDGE_CURVE('',#3479,#3478,#1486,.T.);
#4491=EDGE_CURVE('',#3480,#3479,#2113,.T.);
#4492=EDGE_CURVE('',#3452,#3480,#1487,.T.);
#4493=EDGE_CURVE('',#3452,#3481,#2114,.T.);
#4494=EDGE_CURVE('',#3482,#3481,#1488,.T.);
#4495=EDGE_CURVE('',#3451,#3482,#2115,.T.);
#4496=EDGE_CURVE('',#3483,#3482,#1489,.T.);
#4497=EDGE_CURVE('',#3453,#3483,#2116,.T.);
#4498=EDGE_CURVE('',#3484,#3483,#1490,.T.);
#4499=EDGE_CURVE('',#3454,#3484,#2117,.T.);
#4500=EDGE_CURVE('',#3485,#3484,#1491,.T.);
#4501=EDGE_CURVE('',#3455,#3485,#2118,.T.);
#4502=EDGE_CURVE('',#3486,#3485,#1492,.T.);
#4503=EDGE_CURVE('',#3456,#3486,#2119,.T.);
#4504=EDGE_CURVE('',#3487,#3486,#1493,.T.);
#4505=EDGE_CURVE('',#3457,#3487,#2120,.T.);
#4506=EDGE_CURVE('',#3488,#3487,#1494,.T.);
#4507=EDGE_CURVE('',#3458,#3488,#2121,.T.);
#4508=EDGE_CURVE('',#3489,#3488,#1495,.T.);
#4509=EDGE_CURVE('',#3459,#3489,#2122,.T.);
#4510=EDGE_CURVE('',#3490,#3489,#1496,.T.);
#4511=EDGE_CURVE('',#3460,#3490,#2123,.T.);
#4512=EDGE_CURVE('',#3491,#3490,#1497,.T.);
#4513=EDGE_CURVE('',#3461,#3491,#2124,.T.);
#4514=EDGE_CURVE('',#3492,#3491,#1498,.T.);
#4515=EDGE_CURVE('',#3462,#3492,#2125,.T.);
#4516=EDGE_CURVE('',#3493,#3492,#1499,.T.);
#4517=EDGE_CURVE('',#3463,#3493,#2126,.T.);
#4518=EDGE_CURVE('',#3494,#3493,#2127,.T.);
#4519=EDGE_CURVE('',#3464,#3494,#2128,.T.);
#4520=EDGE_CURVE('',#3495,#3494,#1500,.T.);
#4521=EDGE_CURVE('',#3465,#3495,#2129,.T.);
#4522=EDGE_CURVE('',#3496,#3495,#1501,.T.);
#4523=EDGE_CURVE('',#3466,#3496,#2130,.T.);
#4524=EDGE_CURVE('',#3497,#3496,#1502,.T.);
#4525=EDGE_CURVE('',#3467,#3497,#2131,.T.);
#4526=EDGE_CURVE('',#3498,#3497,#1503,.T.);
#4527=EDGE_CURVE('',#3468,#3498,#2132,.T.);
#4528=EDGE_CURVE('',#3499,#3498,#1504,.T.);
#4529=EDGE_CURVE('',#3469,#3499,#2133,.T.);
#4530=EDGE_CURVE('',#3500,#3499,#1505,.T.);
#4531=EDGE_CURVE('',#3470,#3500,#2134,.T.);
#4532=EDGE_CURVE('',#3501,#3500,#1506,.T.);
#4533=EDGE_CURVE('',#3471,#3501,#2135,.T.);
#4534=EDGE_CURVE('',#3502,#3501,#2136,.T.);
#4535=EDGE_CURVE('',#3472,#3502,#2137,.T.);
#4536=EDGE_CURVE('',#3503,#3502,#1507,.T.);
#4537=EDGE_CURVE('',#3473,#3503,#2138,.T.);
#4538=EDGE_CURVE('',#3504,#3503,#1508,.T.);
#4539=EDGE_CURVE('',#3474,#3504,#2139,.T.);
#4540=EDGE_CURVE('',#3505,#3504,#1509,.T.);
#4541=EDGE_CURVE('',#3475,#3505,#2140,.T.);
#4542=EDGE_CURVE('',#3506,#3505,#1510,.T.);
#4543=EDGE_CURVE('',#3476,#3506,#2141,.T.);
#4544=EDGE_CURVE('',#3507,#3506,#1511,.T.);
#4545=EDGE_CURVE('',#3477,#3507,#2142,.T.);
#4546=EDGE_CURVE('',#3508,#3507,#1512,.T.);
#4547=EDGE_CURVE('',#3478,#3508,#2143,.T.);
#4548=EDGE_CURVE('',#3509,#3508,#1513,.T.);
#4549=EDGE_CURVE('',#3479,#3509,#2144,.T.);
#4550=EDGE_CURVE('',#3510,#3509,#2145,.T.);
#4551=EDGE_CURVE('',#3480,#3510,#2146,.T.);
#4552=EDGE_CURVE('',#3481,#3510,#1514,.T.);
#4553=EDGE_CURVE('',#3511,#3512,#1515,.T.);
#4554=EDGE_CURVE('',#3513,#3511,#1516,.T.);
#4555=EDGE_CURVE('',#3514,#3513,#1517,.T.);
#4556=EDGE_CURVE('',#3515,#3514,#1518,.T.);
#4557=EDGE_CURVE('',#3516,#3515,#1519,.T.);
#4558=EDGE_CURVE('',#3517,#3516,#1520,.T.);
#4559=EDGE_CURVE('',#3518,#3517,#1521,.T.);
#4560=EDGE_CURVE('',#3519,#3518,#1522,.T.);
#4561=EDGE_CURVE('',#3520,#3519,#1523,.T.);
#4562=EDGE_CURVE('',#3521,#3520,#1524,.T.);
#4563=EDGE_CURVE('',#3522,#3521,#1525,.T.);
#4564=EDGE_CURVE('',#3523,#3522,#1526,.T.);
#4565=EDGE_CURVE('',#3524,#3523,#1527,.T.);
#4566=EDGE_CURVE('',#3525,#3524,#1528,.T.);
#4567=EDGE_CURVE('',#3526,#3525,#2147,.T.);
#4568=EDGE_CURVE('',#3527,#3526,#1529,.T.);
#4569=EDGE_CURVE('',#3528,#3527,#1530,.T.);
#4570=EDGE_CURVE('',#3529,#3528,#1531,.T.);
#4571=EDGE_CURVE('',#3530,#3529,#1532,.T.);
#4572=EDGE_CURVE('',#3531,#3530,#1533,.T.);
#4573=EDGE_CURVE('',#3532,#3531,#1534,.T.);
#4574=EDGE_CURVE('',#3533,#3532,#1535,.T.);
#4575=EDGE_CURVE('',#3534,#3533,#1536,.T.);
#4576=EDGE_CURVE('',#3535,#3534,#1537,.T.);
#4577=EDGE_CURVE('',#3536,#3535,#1538,.T.);
#4578=EDGE_CURVE('',#3537,#3536,#1539,.T.);
#4579=EDGE_CURVE('',#3538,#3537,#1540,.T.);
#4580=EDGE_CURVE('',#3539,#3538,#1541,.T.);
#4581=EDGE_CURVE('',#3540,#3539,#1542,.T.);
#4582=EDGE_CURVE('',#3541,#3540,#1543,.T.);
#4583=EDGE_CURVE('',#3542,#3541,#1544,.T.);
#4584=EDGE_CURVE('',#3543,#3542,#1545,.T.);
#4585=EDGE_CURVE('',#3544,#3543,#1546,.T.);
#4586=EDGE_CURVE('',#3545,#3544,#2148,.T.);
#4587=EDGE_CURVE('',#3512,#3545,#1547,.T.);
#4588=EDGE_CURVE('',#3512,#3546,#2149,.T.);
#4589=EDGE_CURVE('',#3547,#3546,#1548,.T.);
#4590=EDGE_CURVE('',#3511,#3547,#2150,.T.);
#4591=EDGE_CURVE('',#3548,#3547,#1549,.T.);
#4592=EDGE_CURVE('',#3513,#3548,#2151,.T.);
#4593=EDGE_CURVE('',#3549,#3548,#1550,.T.);
#4594=EDGE_CURVE('',#3514,#3549,#2152,.T.);
#4595=EDGE_CURVE('',#3550,#3549,#1551,.T.);
#4596=EDGE_CURVE('',#3515,#3550,#2153,.T.);
#4597=EDGE_CURVE('',#3551,#3550,#1552,.T.);
#4598=EDGE_CURVE('',#3516,#3551,#2154,.T.);
#4599=EDGE_CURVE('',#3552,#3551,#1553,.T.);
#4600=EDGE_CURVE('',#3517,#3552,#2155,.T.);
#4601=EDGE_CURVE('',#3553,#3552,#1554,.T.);
#4602=EDGE_CURVE('',#3518,#3553,#2156,.T.);
#4603=EDGE_CURVE('',#3554,#3553,#1555,.T.);
#4604=EDGE_CURVE('',#3519,#3554,#2157,.T.);
#4605=EDGE_CURVE('',#3555,#3554,#1556,.T.);
#4606=EDGE_CURVE('',#3520,#3555,#2158,.T.);
#4607=EDGE_CURVE('',#3556,#3555,#1557,.T.);
#4608=EDGE_CURVE('',#3521,#3556,#2159,.T.);
#4609=EDGE_CURVE('',#3557,#3556,#1558,.T.);
#4610=EDGE_CURVE('',#3522,#3557,#2160,.T.);
#4611=EDGE_CURVE('',#3558,#3557,#1559,.T.);
#4612=EDGE_CURVE('',#3523,#3558,#2161,.T.);
#4613=EDGE_CURVE('',#3559,#3558,#1560,.T.);
#4614=EDGE_CURVE('',#3524,#3559,#2162,.T.);
#4615=EDGE_CURVE('',#3560,#3559,#1561,.T.);
#4616=EDGE_CURVE('',#3525,#3560,#2163,.T.);
#4617=EDGE_CURVE('',#3561,#3560,#2164,.T.);
#4618=EDGE_CURVE('',#3526,#3561,#2165,.T.);
#4619=EDGE_CURVE('',#3562,#3561,#1562,.T.);
#4620=EDGE_CURVE('',#3527,#3562,#2166,.T.);
#4621=EDGE_CURVE('',#3563,#3562,#1563,.T.);
#4622=EDGE_CURVE('',#3528,#3563,#2167,.T.);
#4623=EDGE_CURVE('',#3564,#3563,#1564,.T.);
#4624=EDGE_CURVE('',#3529,#3564,#2168,.T.);
#4625=EDGE_CURVE('',#3565,#3564,#1565,.T.);
#4626=EDGE_CURVE('',#3530,#3565,#2169,.T.);
#4627=EDGE_CURVE('',#3566,#3565,#1566,.T.);
#4628=EDGE_CURVE('',#3531,#3566,#2170,.T.);
#4629=EDGE_CURVE('',#3567,#3566,#1567,.T.);
#4630=EDGE_CURVE('',#3532,#3567,#2171,.T.);
#4631=EDGE_CURVE('',#3568,#3567,#1568,.T.);
#4632=EDGE_CURVE('',#3533,#3568,#2172,.T.);
#4633=EDGE_CURVE('',#3569,#3568,#1569,.T.);
#4634=EDGE_CURVE('',#3534,#3569,#2173,.T.);
#4635=EDGE_CURVE('',#3570,#3569,#1570,.T.);
#4636=EDGE_CURVE('',#3535,#3570,#2174,.T.);
#4637=EDGE_CURVE('',#3571,#3570,#1571,.T.);
#4638=EDGE_CURVE('',#3536,#3571,#2175,.T.);
#4639=EDGE_CURVE('',#3572,#3571,#1572,.T.);
#4640=EDGE_CURVE('',#3537,#3572,#2176,.T.);
#4641=EDGE_CURVE('',#3573,#3572,#1573,.T.);
#4642=EDGE_CURVE('',#3538,#3573,#2177,.T.);
#4643=EDGE_CURVE('',#3574,#3573,#1574,.T.);
#4644=EDGE_CURVE('',#3539,#3574,#2178,.T.);
#4645=EDGE_CURVE('',#3575,#3574,#1575,.T.);
#4646=EDGE_CURVE('',#3540,#3575,#2179,.T.);
#4647=EDGE_CURVE('',#3576,#3575,#1576,.T.);
#4648=EDGE_CURVE('',#3541,#3576,#2180,.T.);
#4649=EDGE_CURVE('',#3577,#3576,#1577,.T.);
#4650=EDGE_CURVE('',#3542,#3577,#2181,.T.);
#4651=EDGE_CURVE('',#3578,#3577,#1578,.T.);
#4652=EDGE_CURVE('',#3543,#3578,#2182,.T.);
#4653=EDGE_CURVE('',#3579,#3578,#1579,.T.);
#4654=EDGE_CURVE('',#3544,#3579,#2183,.T.);
#4655=EDGE_CURVE('',#3580,#3579,#2184,.T.);
#4656=EDGE_CURVE('',#3545,#3580,#2185,.T.);
#4657=EDGE_CURVE('',#3546,#3580,#1580,.T.);
#4658=EDGE_CURVE('',#3581,#3582,#23,.T.);
#4659=EDGE_CURVE('',#3582,#3583,#2186,.T.);
#4660=EDGE_CURVE('',#3583,#3584,#24,.T.);
#4661=EDGE_CURVE('',#3584,#3581,#2187,.T.);
#4662=EDGE_CURVE('',#3585,#3583,#25,.T.);
#4663=EDGE_CURVE('',#3583,#3586,#2188,.T.);
#4664=EDGE_CURVE('',#3586,#3587,#26,.T.);
#4665=EDGE_CURVE('',#3587,#3585,#2189,.T.);
#4666=EDGE_CURVE('',#3585,#3584,#27,.T.);
#4667=EDGE_CURVE('',#3588,#3586,#28,.T.);
#4668=EDGE_CURVE('',#3586,#3589,#2190,.T.);
#4669=EDGE_CURVE('',#3589,#3590,#29,.T.);
#4670=EDGE_CURVE('',#3590,#3588,#2191,.T.);
#4671=EDGE_CURVE('',#3588,#3587,#30,.T.);
#4672=EDGE_CURVE('',#3591,#3589,#31,.T.);
#4673=EDGE_CURVE('',#3589,#3582,#2192,.T.);
#4674=EDGE_CURVE('',#3582,#3592,#32,.T.);
#4675=EDGE_CURVE('',#3592,#3591,#2193,.T.);
#4676=EDGE_CURVE('',#3591,#3590,#33,.T.);
#4677=EDGE_CURVE('',#3581,#3592,#34,.T.);
#4678=EDGE_CURVE('',#3588,#3593,#2194,.T.);
#4679=EDGE_CURVE('',#3593,#3594,#35,.T.);
#4680=EDGE_CURVE('',#3594,#3587,#2195,.T.);
#4681=EDGE_CURVE('',#3595,#3590,#2196,.T.);
#4682=EDGE_CURVE('',#3593,#3595,#2197,.T.);
#4683=EDGE_CURVE('',#3591,#3596,#2198,.T.);
#4684=EDGE_CURVE('',#3596,#3595,#36,.T.);
#4685=EDGE_CURVE('',#3597,#3592,#2199,.T.);
#4686=EDGE_CURVE('',#3596,#3597,#2200,.T.);
#4687=EDGE_CURVE('',#3598,#3597,#37,.T.);
#4688=EDGE_CURVE('',#3598,#3599,#2201,.T.);
#4689=EDGE_CURVE('',#3600,#3599,#38,.T.);
#4690=EDGE_CURVE('',#3600,#3594,#2202,.T.);
#4691=EDGE_CURVE('',#3601,#3601,#39,.T.);
#4692=EDGE_CURVE('',#3602,#3602,#40,.T.);
#4693=EDGE_CURVE('',#3603,#3603,#41,.T.);
#4694=EDGE_CURVE('',#3604,#3604,#42,.T.);
#4695=EDGE_CURVE('',#3605,#3606,#2203,.T.);
#4696=EDGE_CURVE('',#3606,#3607,#2204,.T.);
#4697=EDGE_CURVE('',#3607,#3608,#2205,.T.);
#4698=EDGE_CURVE('',#3608,#3609,#2206,.T.);
#4699=EDGE_CURVE('',#3609,#3610,#2207,.T.);
#4700=EDGE_CURVE('',#3610,#3611,#2208,.T.);
#4701=EDGE_CURVE('',#3611,#3612,#2209,.T.);
#4702=EDGE_CURVE('',#3612,#3605,#2210,.T.);
#4703=EDGE_CURVE('',#3585,#3600,#2211,.T.);
#4704=EDGE_CURVE('',#3599,#3584,#2212,.T.);
#4705=EDGE_CURVE('',#3581,#3598,#2213,.T.);
#4706=EDGE_CURVE('',#3601,#3613,#2214,.T.);
#4707=EDGE_CURVE('',#3613,#3613,#43,.T.);
#4708=EDGE_CURVE('',#3613,#3614,#2215,.T.);
#4709=EDGE_CURVE('',#3614,#3614,#44,.T.);
#4710=EDGE_CURVE('',#3602,#3615,#2216,.T.);
#4711=EDGE_CURVE('',#3615,#3615,#45,.T.);
#4712=EDGE_CURVE('',#3615,#3616,#2217,.T.);
#4713=EDGE_CURVE('',#3616,#3616,#46,.T.);
#4714=EDGE_CURVE('',#3603,#3617,#2218,.T.);
#4715=EDGE_CURVE('',#3617,#3617,#47,.T.);
#4716=EDGE_CURVE('',#3617,#3618,#2219,.T.);
#4717=EDGE_CURVE('',#3618,#3618,#48,.T.);
#4718=EDGE_CURVE('',#3604,#3619,#2220,.T.);
#4719=EDGE_CURVE('',#3619,#3619,#49,.T.);
#4720=EDGE_CURVE('',#3619,#3620,#2221,.T.);
#4721=EDGE_CURVE('',#3620,#3620,#50,.T.);
#4722=EDGE_CURVE('',#3621,#3622,#2222,.T.);
#4723=EDGE_CURVE('',#3621,#3605,#2223,.T.);
#4724=EDGE_CURVE('',#3622,#3612,#2224,.T.);
#4725=EDGE_CURVE('',#3622,#3623,#2225,.T.);
#4726=EDGE_CURVE('',#3623,#3611,#2226,.T.);
#4727=EDGE_CURVE('',#3623,#3624,#2227,.T.);
#4728=EDGE_CURVE('',#3624,#3610,#2228,.T.);
#4729=EDGE_CURVE('',#3624,#3625,#2229,.T.);
#4730=EDGE_CURVE('',#3625,#3609,#2230,.T.);
#4731=EDGE_CURVE('',#3625,#3626,#2231,.T.);
#4732=EDGE_CURVE('',#3626,#3608,#2232,.T.);
#4733=EDGE_CURVE('',#3626,#3627,#2233,.T.);
#4734=EDGE_CURVE('',#3627,#3607,#2234,.T.);
#4735=EDGE_CURVE('',#3627,#3628,#2235,.T.);
#4736=EDGE_CURVE('',#3628,#3606,#2236,.T.);
#4737=EDGE_CURVE('',#3628,#3621,#2237,.T.);
#4738=ORIENTED_EDGE('',*,*,#3629,.F.);
#4739=ORIENTED_EDGE('',*,*,#3630,.F.);
#4740=ORIENTED_EDGE('',*,*,#3631,.F.);
#4741=ORIENTED_EDGE('',*,*,#3632,.F.);
#4742=ORIENTED_EDGE('',*,*,#3633,.F.);
#4743=ORIENTED_EDGE('',*,*,#3634,.F.);
#4744=ORIENTED_EDGE('',*,*,#3635,.F.);
#4745=ORIENTED_EDGE('',*,*,#3636,.F.);
#4746=ORIENTED_EDGE('',*,*,#3637,.F.);
#4747=ORIENTED_EDGE('',*,*,#3638,.F.);
#4748=ORIENTED_EDGE('',*,*,#3639,.F.);
#4749=ORIENTED_EDGE('',*,*,#3640,.F.);
#4750=ORIENTED_EDGE('',*,*,#3641,.F.);
#4751=ORIENTED_EDGE('',*,*,#3642,.F.);
#4752=ORIENTED_EDGE('',*,*,#3643,.F.);
#4753=ORIENTED_EDGE('',*,*,#3644,.F.);
#4754=ORIENTED_EDGE('',*,*,#3645,.F.);
#4755=ORIENTED_EDGE('',*,*,#3646,.F.);
#4756=ORIENTED_EDGE('',*,*,#3647,.F.);
#4757=ORIENTED_EDGE('',*,*,#3629,.T.);
#4758=ORIENTED_EDGE('',*,*,#3648,.T.);
#4759=ORIENTED_EDGE('',*,*,#3649,.F.);
#4760=ORIENTED_EDGE('',*,*,#3650,.F.);
#4761=ORIENTED_EDGE('',*,*,#3630,.T.);
#4762=ORIENTED_EDGE('',*,*,#3650,.T.);
#4763=ORIENTED_EDGE('',*,*,#3651,.F.);
#4764=ORIENTED_EDGE('',*,*,#3652,.F.);
#4765=ORIENTED_EDGE('',*,*,#3631,.T.);
#4766=ORIENTED_EDGE('',*,*,#3652,.T.);
#4767=ORIENTED_EDGE('',*,*,#3653,.F.);
#4768=ORIENTED_EDGE('',*,*,#3654,.F.);
#4769=ORIENTED_EDGE('',*,*,#3632,.T.);
#4770=ORIENTED_EDGE('',*,*,#3654,.T.);
#4771=ORIENTED_EDGE('',*,*,#3655,.F.);
#4772=ORIENTED_EDGE('',*,*,#3656,.F.);
#4773=ORIENTED_EDGE('',*,*,#3633,.T.);
#4774=ORIENTED_EDGE('',*,*,#3656,.T.);
#4775=ORIENTED_EDGE('',*,*,#3657,.F.);
#4776=ORIENTED_EDGE('',*,*,#3658,.F.);
#4777=ORIENTED_EDGE('',*,*,#3634,.T.);
#4778=ORIENTED_EDGE('',*,*,#3658,.T.);
#4779=ORIENTED_EDGE('',*,*,#3659,.F.);
#4780=ORIENTED_EDGE('',*,*,#3660,.F.);
#4781=ORIENTED_EDGE('',*,*,#3635,.T.);
#4782=ORIENTED_EDGE('',*,*,#3660,.T.);
#4783=ORIENTED_EDGE('',*,*,#3661,.F.);
#4784=ORIENTED_EDGE('',*,*,#3662,.F.);
#4785=ORIENTED_EDGE('',*,*,#3636,.T.);
#4786=ORIENTED_EDGE('',*,*,#3662,.T.);
#4787=ORIENTED_EDGE('',*,*,#3663,.F.);
#4788=ORIENTED_EDGE('',*,*,#3664,.F.);
#4789=ORIENTED_EDGE('',*,*,#3637,.T.);
#4790=ORIENTED_EDGE('',*,*,#3664,.T.);
#4791=ORIENTED_EDGE('',*,*,#3665,.F.);
#4792=ORIENTED_EDGE('',*,*,#3666,.F.);
#4793=ORIENTED_EDGE('',*,*,#3638,.T.);
#4794=ORIENTED_EDGE('',*,*,#3666,.T.);
#4795=ORIENTED_EDGE('',*,*,#3667,.F.);
#4796=ORIENTED_EDGE('',*,*,#3668,.F.);
#4797=ORIENTED_EDGE('',*,*,#3639,.T.);
#4798=ORIENTED_EDGE('',*,*,#3668,.T.);
#4799=ORIENTED_EDGE('',*,*,#3669,.F.);
#4800=ORIENTED_EDGE('',*,*,#3648,.F.);
#4801=ORIENTED_EDGE('',*,*,#3640,.T.);
#4802=ORIENTED_EDGE('',*,*,#3670,.T.);
#4803=ORIENTED_EDGE('',*,*,#3671,.F.);
#4804=ORIENTED_EDGE('',*,*,#3672,.F.);
#4805=ORIENTED_EDGE('',*,*,#3641,.T.);
#4806=ORIENTED_EDGE('',*,*,#3672,.T.);
#4807=ORIENTED_EDGE('',*,*,#3673,.F.);
#4808=ORIENTED_EDGE('',*,*,#3674,.F.);
#4809=ORIENTED_EDGE('',*,*,#3642,.T.);
#4810=ORIENTED_EDGE('',*,*,#3674,.T.);
#4811=ORIENTED_EDGE('',*,*,#3675,.F.);
#4812=ORIENTED_EDGE('',*,*,#3676,.F.);
#4813=ORIENTED_EDGE('',*,*,#3643,.T.);
#4814=ORIENTED_EDGE('',*,*,#3676,.T.);
#4815=ORIENTED_EDGE('',*,*,#3677,.F.);
#4816=ORIENTED_EDGE('',*,*,#3678,.F.);
#4817=ORIENTED_EDGE('',*,*,#3644,.T.);
#4818=ORIENTED_EDGE('',*,*,#3678,.T.);
#4819=ORIENTED_EDGE('',*,*,#3679,.F.);
#4820=ORIENTED_EDGE('',*,*,#3680,.F.);
#4821=ORIENTED_EDGE('',*,*,#3645,.T.);
#4822=ORIENTED_EDGE('',*,*,#3680,.T.);
#4823=ORIENTED_EDGE('',*,*,#3681,.F.);
#4824=ORIENTED_EDGE('',*,*,#3682,.F.);
#4825=ORIENTED_EDGE('',*,*,#3646,.T.);
#4826=ORIENTED_EDGE('',*,*,#3682,.T.);
#4827=ORIENTED_EDGE('',*,*,#3683,.F.);
#4828=ORIENTED_EDGE('',*,*,#3684,.F.);
#4829=ORIENTED_EDGE('',*,*,#3647,.T.);
#4830=ORIENTED_EDGE('',*,*,#3684,.T.);
#4831=ORIENTED_EDGE('',*,*,#3685,.F.);
#4832=ORIENTED_EDGE('',*,*,#3670,.F.);
#4833=ORIENTED_EDGE('',*,*,#3686,.F.);
#4834=ORIENTED_EDGE('',*,*,#3687,.F.);
#4835=ORIENTED_EDGE('',*,*,#3688,.F.);
#4836=ORIENTED_EDGE('',*,*,#3689,.F.);
#4837=ORIENTED_EDGE('',*,*,#3686,.T.);
#4838=ORIENTED_EDGE('',*,*,#3690,.T.);
#4839=ORIENTED_EDGE('',*,*,#3691,.F.);
#4840=ORIENTED_EDGE('',*,*,#3692,.F.);
#4841=ORIENTED_EDGE('',*,*,#3687,.T.);
#4842=ORIENTED_EDGE('',*,*,#3692,.T.);
#4843=ORIENTED_EDGE('',*,*,#3693,.F.);
#4844=ORIENTED_EDGE('',*,*,#3694,.F.);
#4845=ORIENTED_EDGE('',*,*,#3688,.T.);
#4846=ORIENTED_EDGE('',*,*,#3694,.T.);
#4847=ORIENTED_EDGE('',*,*,#3695,.F.);
#4848=ORIENTED_EDGE('',*,*,#3696,.F.);
#4849=ORIENTED_EDGE('',*,*,#3689,.T.);
#4850=ORIENTED_EDGE('',*,*,#3696,.T.);
#4851=ORIENTED_EDGE('',*,*,#3697,.F.);
#4852=ORIENTED_EDGE('',*,*,#3690,.F.);
#4853=ORIENTED_EDGE('',*,*,#3698,.F.);
#4854=ORIENTED_EDGE('',*,*,#3699,.F.);
#4855=ORIENTED_EDGE('',*,*,#3700,.F.);
#4856=ORIENTED_EDGE('',*,*,#3701,.F.);
#4857=ORIENTED_EDGE('',*,*,#3698,.T.);
#4858=ORIENTED_EDGE('',*,*,#3702,.T.);
#4859=ORIENTED_EDGE('',*,*,#3703,.F.);
#4860=ORIENTED_EDGE('',*,*,#3704,.F.);
#4861=ORIENTED_EDGE('',*,*,#3699,.T.);
#4862=ORIENTED_EDGE('',*,*,#3704,.T.);
#4863=ORIENTED_EDGE('',*,*,#3705,.F.);
#4864=ORIENTED_EDGE('',*,*,#3706,.F.);
#4865=ORIENTED_EDGE('',*,*,#3700,.T.);
#4866=ORIENTED_EDGE('',*,*,#3706,.T.);
#4867=ORIENTED_EDGE('',*,*,#3707,.F.);
#4868=ORIENTED_EDGE('',*,*,#3708,.F.);
#4869=ORIENTED_EDGE('',*,*,#3701,.T.);
#4870=ORIENTED_EDGE('',*,*,#3708,.T.);
#4871=ORIENTED_EDGE('',*,*,#3709,.F.);
#4872=ORIENTED_EDGE('',*,*,#3702,.F.);
#4873=ORIENTED_EDGE('',*,*,#3710,.F.);
#4874=ORIENTED_EDGE('',*,*,#3711,.F.);
#4875=ORIENTED_EDGE('',*,*,#3712,.F.);
#4876=ORIENTED_EDGE('',*,*,#3713,.F.);
#4877=ORIENTED_EDGE('',*,*,#3714,.F.);
#4878=ORIENTED_EDGE('',*,*,#3715,.F.);
#4879=ORIENTED_EDGE('',*,*,#3716,.F.);
#4880=ORIENTED_EDGE('',*,*,#3717,.F.);
#4881=ORIENTED_EDGE('',*,*,#3718,.F.);
#4882=ORIENTED_EDGE('',*,*,#3719,.F.);
#4883=ORIENTED_EDGE('',*,*,#3720,.F.);
#4884=ORIENTED_EDGE('',*,*,#3721,.F.);
#4885=ORIENTED_EDGE('',*,*,#3722,.F.);
#4886=ORIENTED_EDGE('',*,*,#3723,.F.);
#4887=ORIENTED_EDGE('',*,*,#3724,.F.);
#4888=ORIENTED_EDGE('',*,*,#3710,.T.);
#4889=ORIENTED_EDGE('',*,*,#3725,.T.);
#4890=ORIENTED_EDGE('',*,*,#3726,.F.);
#4891=ORIENTED_EDGE('',*,*,#3727,.F.);
#4892=ORIENTED_EDGE('',*,*,#3711,.T.);
#4893=ORIENTED_EDGE('',*,*,#3727,.T.);
#4894=ORIENTED_EDGE('',*,*,#3728,.F.);
#4895=ORIENTED_EDGE('',*,*,#3729,.F.);
#4896=ORIENTED_EDGE('',*,*,#3712,.T.);
#4897=ORIENTED_EDGE('',*,*,#3729,.T.);
#4898=ORIENTED_EDGE('',*,*,#3730,.F.);
#4899=ORIENTED_EDGE('',*,*,#3731,.F.);
#4900=ORIENTED_EDGE('',*,*,#3713,.T.);
#4901=ORIENTED_EDGE('',*,*,#3731,.T.);
#4902=ORIENTED_EDGE('',*,*,#3732,.F.);
#4903=ORIENTED_EDGE('',*,*,#3733,.F.);
#4904=ORIENTED_EDGE('',*,*,#3714,.T.);
#4905=ORIENTED_EDGE('',*,*,#3733,.T.);
#4906=ORIENTED_EDGE('',*,*,#3734,.F.);
#4907=ORIENTED_EDGE('',*,*,#3735,.F.);
#4908=ORIENTED_EDGE('',*,*,#3715,.T.);
#4909=ORIENTED_EDGE('',*,*,#3735,.T.);
#4910=ORIENTED_EDGE('',*,*,#3736,.F.);
#4911=ORIENTED_EDGE('',*,*,#3737,.F.);
#4912=ORIENTED_EDGE('',*,*,#3716,.T.);
#4913=ORIENTED_EDGE('',*,*,#3737,.T.);
#4914=ORIENTED_EDGE('',*,*,#3738,.F.);
#4915=ORIENTED_EDGE('',*,*,#3739,.F.);
#4916=ORIENTED_EDGE('',*,*,#3717,.T.);
#4917=ORIENTED_EDGE('',*,*,#3739,.T.);
#4918=ORIENTED_EDGE('',*,*,#3740,.F.);
#4919=ORIENTED_EDGE('',*,*,#3741,.F.);
#4920=ORIENTED_EDGE('',*,*,#3718,.T.);
#4921=ORIENTED_EDGE('',*,*,#3741,.T.);
#4922=ORIENTED_EDGE('',*,*,#3742,.F.);
#4923=ORIENTED_EDGE('',*,*,#3743,.F.);
#4924=ORIENTED_EDGE('',*,*,#3719,.T.);
#4925=ORIENTED_EDGE('',*,*,#3743,.T.);
#4926=ORIENTED_EDGE('',*,*,#3744,.F.);
#4927=ORIENTED_EDGE('',*,*,#3745,.F.);
#4928=ORIENTED_EDGE('',*,*,#3720,.T.);
#4929=ORIENTED_EDGE('',*,*,#3745,.T.);
#4930=ORIENTED_EDGE('',*,*,#3746,.F.);
#4931=ORIENTED_EDGE('',*,*,#3747,.F.);
#4932=ORIENTED_EDGE('',*,*,#3721,.T.);
#4933=ORIENTED_EDGE('',*,*,#3747,.T.);
#4934=ORIENTED_EDGE('',*,*,#3748,.F.);
#4935=ORIENTED_EDGE('',*,*,#3749,.F.);
#4936=ORIENTED_EDGE('',*,*,#3722,.T.);
#4937=ORIENTED_EDGE('',*,*,#3749,.T.);
#4938=ORIENTED_EDGE('',*,*,#3750,.F.);
#4939=ORIENTED_EDGE('',*,*,#3751,.F.);
#4940=ORIENTED_EDGE('',*,*,#3723,.T.);
#4941=ORIENTED_EDGE('',*,*,#3751,.T.);
#4942=ORIENTED_EDGE('',*,*,#3752,.F.);
#4943=ORIENTED_EDGE('',*,*,#3753,.F.);
#4944=ORIENTED_EDGE('',*,*,#3724,.T.);
#4945=ORIENTED_EDGE('',*,*,#3753,.T.);
#4946=ORIENTED_EDGE('',*,*,#3754,.F.);
#4947=ORIENTED_EDGE('',*,*,#3725,.F.);
#4948=ORIENTED_EDGE('',*,*,#3755,.F.);
#4949=ORIENTED_EDGE('',*,*,#3756,.F.);
#4950=ORIENTED_EDGE('',*,*,#3757,.F.);
#4951=ORIENTED_EDGE('',*,*,#3758,.F.);
#4952=ORIENTED_EDGE('',*,*,#3759,.F.);
#4953=ORIENTED_EDGE('',*,*,#3760,.F.);
#4954=ORIENTED_EDGE('',*,*,#3761,.F.);
#4955=ORIENTED_EDGE('',*,*,#3762,.F.);
#4956=ORIENTED_EDGE('',*,*,#3763,.F.);
#4957=ORIENTED_EDGE('',*,*,#3764,.F.);
#4958=ORIENTED_EDGE('',*,*,#3765,.F.);
#4959=ORIENTED_EDGE('',*,*,#3766,.F.);
#4960=ORIENTED_EDGE('',*,*,#3767,.F.);
#4961=ORIENTED_EDGE('',*,*,#3768,.F.);
#4962=ORIENTED_EDGE('',*,*,#3769,.F.);
#4963=ORIENTED_EDGE('',*,*,#3770,.F.);
#4964=ORIENTED_EDGE('',*,*,#3771,.F.);
#4965=ORIENTED_EDGE('',*,*,#3772,.F.);
#4966=ORIENTED_EDGE('',*,*,#3773,.F.);
#4967=ORIENTED_EDGE('',*,*,#3774,.F.);
#4968=ORIENTED_EDGE('',*,*,#3775,.F.);
#4969=ORIENTED_EDGE('',*,*,#3776,.F.);
#4970=ORIENTED_EDGE('',*,*,#3777,.F.);
#4971=ORIENTED_EDGE('',*,*,#3778,.F.);
#4972=ORIENTED_EDGE('',*,*,#3779,.F.);
#4973=ORIENTED_EDGE('',*,*,#3780,.F.);
#4974=ORIENTED_EDGE('',*,*,#3781,.F.);
#4975=ORIENTED_EDGE('',*,*,#3782,.F.);
#4976=ORIENTED_EDGE('',*,*,#3783,.F.);
#4977=ORIENTED_EDGE('',*,*,#3784,.F.);
#4978=ORIENTED_EDGE('',*,*,#3785,.F.);
#4979=ORIENTED_EDGE('',*,*,#3786,.F.);
#4980=ORIENTED_EDGE('',*,*,#3787,.F.);
#4981=ORIENTED_EDGE('',*,*,#3788,.F.);
#4982=ORIENTED_EDGE('',*,*,#3789,.F.);
#4983=ORIENTED_EDGE('',*,*,#3790,.F.);
#4984=ORIENTED_EDGE('',*,*,#3791,.F.);
#4985=ORIENTED_EDGE('',*,*,#3755,.T.);
#4986=ORIENTED_EDGE('',*,*,#3792,.T.);
#4987=ORIENTED_EDGE('',*,*,#3793,.F.);
#4988=ORIENTED_EDGE('',*,*,#3794,.F.);
#4989=ORIENTED_EDGE('',*,*,#3756,.T.);
#4990=ORIENTED_EDGE('',*,*,#3794,.T.);
#4991=ORIENTED_EDGE('',*,*,#3795,.F.);
#4992=ORIENTED_EDGE('',*,*,#3796,.F.);
#4993=ORIENTED_EDGE('',*,*,#3757,.T.);
#4994=ORIENTED_EDGE('',*,*,#3796,.T.);
#4995=ORIENTED_EDGE('',*,*,#3797,.F.);
#4996=ORIENTED_EDGE('',*,*,#3798,.F.);
#4997=ORIENTED_EDGE('',*,*,#3758,.T.);
#4998=ORIENTED_EDGE('',*,*,#3798,.T.);
#4999=ORIENTED_EDGE('',*,*,#3799,.F.);
#5000=ORIENTED_EDGE('',*,*,#3800,.F.);
#5001=ORIENTED_EDGE('',*,*,#3759,.T.);
#5002=ORIENTED_EDGE('',*,*,#3800,.T.);
#5003=ORIENTED_EDGE('',*,*,#3801,.F.);
#5004=ORIENTED_EDGE('',*,*,#3802,.F.);
#5005=ORIENTED_EDGE('',*,*,#3760,.T.);
#5006=ORIENTED_EDGE('',*,*,#3802,.T.);
#5007=ORIENTED_EDGE('',*,*,#3803,.F.);
#5008=ORIENTED_EDGE('',*,*,#3804,.F.);
#5009=ORIENTED_EDGE('',*,*,#3761,.T.);
#5010=ORIENTED_EDGE('',*,*,#3804,.T.);
#5011=ORIENTED_EDGE('',*,*,#3805,.F.);
#5012=ORIENTED_EDGE('',*,*,#3806,.F.);
#5013=ORIENTED_EDGE('',*,*,#3762,.T.);
#5014=ORIENTED_EDGE('',*,*,#3806,.T.);
#5015=ORIENTED_EDGE('',*,*,#3807,.F.);
#5016=ORIENTED_EDGE('',*,*,#3808,.F.);
#5017=ORIENTED_EDGE('',*,*,#3763,.T.);
#5018=ORIENTED_EDGE('',*,*,#3808,.T.);
#5019=ORIENTED_EDGE('',*,*,#3809,.F.);
#5020=ORIENTED_EDGE('',*,*,#3810,.F.);
#5021=ORIENTED_EDGE('',*,*,#3764,.T.);
#5022=ORIENTED_EDGE('',*,*,#3810,.T.);
#5023=ORIENTED_EDGE('',*,*,#3811,.F.);
#5024=ORIENTED_EDGE('',*,*,#3812,.F.);
#5025=ORIENTED_EDGE('',*,*,#3765,.T.);
#5026=ORIENTED_EDGE('',*,*,#3812,.T.);
#5027=ORIENTED_EDGE('',*,*,#3813,.F.);
#5028=ORIENTED_EDGE('',*,*,#3814,.F.);
#5029=ORIENTED_EDGE('',*,*,#3766,.T.);
#5030=ORIENTED_EDGE('',*,*,#3814,.T.);
#5031=ORIENTED_EDGE('',*,*,#3815,.F.);
#5032=ORIENTED_EDGE('',*,*,#3816,.F.);
#5033=ORIENTED_EDGE('',*,*,#3767,.T.);
#5034=ORIENTED_EDGE('',*,*,#3816,.T.);
#5035=ORIENTED_EDGE('',*,*,#3817,.F.);
#5036=ORIENTED_EDGE('',*,*,#3818,.F.);
#5037=ORIENTED_EDGE('',*,*,#3768,.T.);
#5038=ORIENTED_EDGE('',*,*,#3818,.T.);
#5039=ORIENTED_EDGE('',*,*,#3819,.F.);
#5040=ORIENTED_EDGE('',*,*,#3820,.F.);
#5041=ORIENTED_EDGE('',*,*,#3769,.T.);
#5042=ORIENTED_EDGE('',*,*,#3820,.T.);
#5043=ORIENTED_EDGE('',*,*,#3821,.F.);
#5044=ORIENTED_EDGE('',*,*,#3822,.F.);
#5045=ORIENTED_EDGE('',*,*,#3770,.T.);
#5046=ORIENTED_EDGE('',*,*,#3822,.T.);
#5047=ORIENTED_EDGE('',*,*,#3823,.F.);
#5048=ORIENTED_EDGE('',*,*,#3824,.F.);
#5049=ORIENTED_EDGE('',*,*,#3771,.T.);
#5050=ORIENTED_EDGE('',*,*,#3824,.T.);
#5051=ORIENTED_EDGE('',*,*,#3825,.F.);
#5052=ORIENTED_EDGE('',*,*,#3826,.F.);
#5053=ORIENTED_EDGE('',*,*,#3772,.T.);
#5054=ORIENTED_EDGE('',*,*,#3826,.T.);
#5055=ORIENTED_EDGE('',*,*,#3827,.F.);
#5056=ORIENTED_EDGE('',*,*,#3828,.F.);
#5057=ORIENTED_EDGE('',*,*,#3773,.T.);
#5058=ORIENTED_EDGE('',*,*,#3828,.T.);
#5059=ORIENTED_EDGE('',*,*,#3829,.F.);
#5060=ORIENTED_EDGE('',*,*,#3830,.F.);
#5061=ORIENTED_EDGE('',*,*,#3774,.T.);
#5062=ORIENTED_EDGE('',*,*,#3830,.T.);
#5063=ORIENTED_EDGE('',*,*,#3831,.F.);
#5064=ORIENTED_EDGE('',*,*,#3832,.F.);
#5065=ORIENTED_EDGE('',*,*,#3775,.T.);
#5066=ORIENTED_EDGE('',*,*,#3832,.T.);
#5067=ORIENTED_EDGE('',*,*,#3833,.F.);
#5068=ORIENTED_EDGE('',*,*,#3834,.F.);
#5069=ORIENTED_EDGE('',*,*,#3776,.T.);
#5070=ORIENTED_EDGE('',*,*,#3834,.T.);
#5071=ORIENTED_EDGE('',*,*,#3835,.F.);
#5072=ORIENTED_EDGE('',*,*,#3836,.F.);
#5073=ORIENTED_EDGE('',*,*,#3777,.T.);
#5074=ORIENTED_EDGE('',*,*,#3836,.T.);
#5075=ORIENTED_EDGE('',*,*,#3837,.F.);
#5076=ORIENTED_EDGE('',*,*,#3838,.F.);
#5077=ORIENTED_EDGE('',*,*,#3778,.T.);
#5078=ORIENTED_EDGE('',*,*,#3838,.T.);
#5079=ORIENTED_EDGE('',*,*,#3839,.F.);
#5080=ORIENTED_EDGE('',*,*,#3840,.F.);
#5081=ORIENTED_EDGE('',*,*,#3779,.T.);
#5082=ORIENTED_EDGE('',*,*,#3840,.T.);
#5083=ORIENTED_EDGE('',*,*,#3841,.F.);
#5084=ORIENTED_EDGE('',*,*,#3842,.F.);
#5085=ORIENTED_EDGE('',*,*,#3780,.T.);
#5086=ORIENTED_EDGE('',*,*,#3842,.T.);
#5087=ORIENTED_EDGE('',*,*,#3843,.F.);
#5088=ORIENTED_EDGE('',*,*,#3844,.F.);
#5089=ORIENTED_EDGE('',*,*,#3781,.T.);
#5090=ORIENTED_EDGE('',*,*,#3844,.T.);
#5091=ORIENTED_EDGE('',*,*,#3845,.F.);
#5092=ORIENTED_EDGE('',*,*,#3792,.F.);
#5093=ORIENTED_EDGE('',*,*,#3782,.T.);
#5094=ORIENTED_EDGE('',*,*,#3846,.T.);
#5095=ORIENTED_EDGE('',*,*,#3847,.F.);
#5096=ORIENTED_EDGE('',*,*,#3848,.F.);
#5097=ORIENTED_EDGE('',*,*,#3783,.T.);
#5098=ORIENTED_EDGE('',*,*,#3848,.T.);
#5099=ORIENTED_EDGE('',*,*,#3849,.F.);
#5100=ORIENTED_EDGE('',*,*,#3850,.F.);
#5101=ORIENTED_EDGE('',*,*,#3784,.T.);
#5102=ORIENTED_EDGE('',*,*,#3850,.T.);
#5103=ORIENTED_EDGE('',*,*,#3851,.F.);
#5104=ORIENTED_EDGE('',*,*,#3852,.F.);
#5105=ORIENTED_EDGE('',*,*,#3785,.T.);
#5106=ORIENTED_EDGE('',*,*,#3852,.T.);
#5107=ORIENTED_EDGE('',*,*,#3853,.F.);
#5108=ORIENTED_EDGE('',*,*,#3854,.F.);
#5109=ORIENTED_EDGE('',*,*,#3786,.T.);
#5110=ORIENTED_EDGE('',*,*,#3854,.T.);
#5111=ORIENTED_EDGE('',*,*,#3855,.F.);
#5112=ORIENTED_EDGE('',*,*,#3856,.F.);
#5113=ORIENTED_EDGE('',*,*,#3787,.T.);
#5114=ORIENTED_EDGE('',*,*,#3856,.T.);
#5115=ORIENTED_EDGE('',*,*,#3857,.F.);
#5116=ORIENTED_EDGE('',*,*,#3858,.F.);
#5117=ORIENTED_EDGE('',*,*,#3788,.T.);
#5118=ORIENTED_EDGE('',*,*,#3858,.T.);
#5119=ORIENTED_EDGE('',*,*,#3859,.F.);
#5120=ORIENTED_EDGE('',*,*,#3860,.F.);
#5121=ORIENTED_EDGE('',*,*,#3789,.T.);
#5122=ORIENTED_EDGE('',*,*,#3860,.T.);
#5123=ORIENTED_EDGE('',*,*,#3861,.F.);
#5124=ORIENTED_EDGE('',*,*,#3862,.F.);
#5125=ORIENTED_EDGE('',*,*,#3790,.T.);
#5126=ORIENTED_EDGE('',*,*,#3862,.T.);
#5127=ORIENTED_EDGE('',*,*,#3863,.F.);
#5128=ORIENTED_EDGE('',*,*,#3864,.F.);
#5129=ORIENTED_EDGE('',*,*,#3791,.T.);
#5130=ORIENTED_EDGE('',*,*,#3864,.T.);
#5131=ORIENTED_EDGE('',*,*,#3865,.F.);
#5132=ORIENTED_EDGE('',*,*,#3846,.F.);
#5133=ORIENTED_EDGE('',*,*,#3866,.F.);
#5134=ORIENTED_EDGE('',*,*,#3867,.F.);
#5135=ORIENTED_EDGE('',*,*,#3868,.F.);
#5136=ORIENTED_EDGE('',*,*,#3869,.F.);
#5137=ORIENTED_EDGE('',*,*,#3870,.F.);
#5138=ORIENTED_EDGE('',*,*,#3871,.F.);
#5139=ORIENTED_EDGE('',*,*,#3872,.F.);
#5140=ORIENTED_EDGE('',*,*,#3873,.F.);
#5141=ORIENTED_EDGE('',*,*,#3874,.F.);
#5142=ORIENTED_EDGE('',*,*,#3875,.F.);
#5143=ORIENTED_EDGE('',*,*,#3876,.F.);
#5144=ORIENTED_EDGE('',*,*,#3877,.F.);
#5145=ORIENTED_EDGE('',*,*,#3878,.F.);
#5146=ORIENTED_EDGE('',*,*,#3879,.F.);
#5147=ORIENTED_EDGE('',*,*,#3880,.F.);
#5148=ORIENTED_EDGE('',*,*,#3881,.F.);
#5149=ORIENTED_EDGE('',*,*,#3882,.F.);
#5150=ORIENTED_EDGE('',*,*,#3883,.F.);
#5151=ORIENTED_EDGE('',*,*,#3866,.T.);
#5152=ORIENTED_EDGE('',*,*,#3884,.T.);
#5153=ORIENTED_EDGE('',*,*,#3885,.F.);
#5154=ORIENTED_EDGE('',*,*,#3886,.F.);
#5155=ORIENTED_EDGE('',*,*,#3867,.T.);
#5156=ORIENTED_EDGE('',*,*,#3886,.T.);
#5157=ORIENTED_EDGE('',*,*,#3887,.F.);
#5158=ORIENTED_EDGE('',*,*,#3888,.F.);
#5159=ORIENTED_EDGE('',*,*,#3868,.T.);
#5160=ORIENTED_EDGE('',*,*,#3888,.T.);
#5161=ORIENTED_EDGE('',*,*,#3889,.F.);
#5162=ORIENTED_EDGE('',*,*,#3890,.F.);
#5163=ORIENTED_EDGE('',*,*,#3869,.T.);
#5164=ORIENTED_EDGE('',*,*,#3890,.T.);
#5165=ORIENTED_EDGE('',*,*,#3891,.F.);
#5166=ORIENTED_EDGE('',*,*,#3892,.F.);
#5167=ORIENTED_EDGE('',*,*,#3870,.T.);
#5168=ORIENTED_EDGE('',*,*,#3892,.T.);
#5169=ORIENTED_EDGE('',*,*,#3893,.F.);
#5170=ORIENTED_EDGE('',*,*,#3894,.F.);
#5171=ORIENTED_EDGE('',*,*,#3871,.T.);
#5172=ORIENTED_EDGE('',*,*,#3894,.T.);
#5173=ORIENTED_EDGE('',*,*,#3895,.F.);
#5174=ORIENTED_EDGE('',*,*,#3896,.F.);
#5175=ORIENTED_EDGE('',*,*,#3872,.T.);
#5176=ORIENTED_EDGE('',*,*,#3896,.T.);
#5177=ORIENTED_EDGE('',*,*,#3897,.F.);
#5178=ORIENTED_EDGE('',*,*,#3898,.F.);
#5179=ORIENTED_EDGE('',*,*,#3873,.T.);
#5180=ORIENTED_EDGE('',*,*,#3898,.T.);
#5181=ORIENTED_EDGE('',*,*,#3899,.F.);
#5182=ORIENTED_EDGE('',*,*,#3900,.F.);
#5183=ORIENTED_EDGE('',*,*,#3874,.T.);
#5184=ORIENTED_EDGE('',*,*,#3900,.T.);
#5185=ORIENTED_EDGE('',*,*,#3901,.F.);
#5186=ORIENTED_EDGE('',*,*,#3902,.F.);
#5187=ORIENTED_EDGE('',*,*,#3875,.T.);
#5188=ORIENTED_EDGE('',*,*,#3902,.T.);
#5189=ORIENTED_EDGE('',*,*,#3903,.F.);
#5190=ORIENTED_EDGE('',*,*,#3904,.F.);
#5191=ORIENTED_EDGE('',*,*,#3876,.T.);
#5192=ORIENTED_EDGE('',*,*,#3904,.T.);
#5193=ORIENTED_EDGE('',*,*,#3905,.F.);
#5194=ORIENTED_EDGE('',*,*,#3906,.F.);
#5195=ORIENTED_EDGE('',*,*,#3877,.T.);
#5196=ORIENTED_EDGE('',*,*,#3906,.T.);
#5197=ORIENTED_EDGE('',*,*,#3907,.F.);
#5198=ORIENTED_EDGE('',*,*,#3908,.F.);
#5199=ORIENTED_EDGE('',*,*,#3878,.T.);
#5200=ORIENTED_EDGE('',*,*,#3908,.T.);
#5201=ORIENTED_EDGE('',*,*,#3909,.F.);
#5202=ORIENTED_EDGE('',*,*,#3910,.F.);
#5203=ORIENTED_EDGE('',*,*,#3879,.T.);
#5204=ORIENTED_EDGE('',*,*,#3910,.T.);
#5205=ORIENTED_EDGE('',*,*,#3911,.F.);
#5206=ORIENTED_EDGE('',*,*,#3912,.F.);
#5207=ORIENTED_EDGE('',*,*,#3880,.T.);
#5208=ORIENTED_EDGE('',*,*,#3912,.T.);
#5209=ORIENTED_EDGE('',*,*,#3913,.F.);
#5210=ORIENTED_EDGE('',*,*,#3914,.F.);
#5211=ORIENTED_EDGE('',*,*,#3881,.T.);
#5212=ORIENTED_EDGE('',*,*,#3914,.T.);
#5213=ORIENTED_EDGE('',*,*,#3915,.F.);
#5214=ORIENTED_EDGE('',*,*,#3916,.F.);
#5215=ORIENTED_EDGE('',*,*,#3882,.T.);
#5216=ORIENTED_EDGE('',*,*,#3916,.T.);
#5217=ORIENTED_EDGE('',*,*,#3917,.F.);
#5218=ORIENTED_EDGE('',*,*,#3918,.F.);
#5219=ORIENTED_EDGE('',*,*,#3883,.T.);
#5220=ORIENTED_EDGE('',*,*,#3918,.T.);
#5221=ORIENTED_EDGE('',*,*,#3919,.F.);
#5222=ORIENTED_EDGE('',*,*,#3884,.F.);
#5223=ORIENTED_EDGE('',*,*,#3920,.F.);
#5224=ORIENTED_EDGE('',*,*,#3921,.F.);
#5225=ORIENTED_EDGE('',*,*,#3922,.F.);
#5226=ORIENTED_EDGE('',*,*,#3923,.F.);
#5227=ORIENTED_EDGE('',*,*,#3924,.F.);
#5228=ORIENTED_EDGE('',*,*,#3925,.F.);
#5229=ORIENTED_EDGE('',*,*,#3926,.F.);
#5230=ORIENTED_EDGE('',*,*,#3927,.F.);
#5231=ORIENTED_EDGE('',*,*,#3928,.F.);
#5232=ORIENTED_EDGE('',*,*,#3929,.F.);
#5233=ORIENTED_EDGE('',*,*,#3930,.F.);
#5234=ORIENTED_EDGE('',*,*,#3931,.F.);
#5235=ORIENTED_EDGE('',*,*,#3932,.F.);
#5236=ORIENTED_EDGE('',*,*,#3933,.F.);
#5237=ORIENTED_EDGE('',*,*,#3934,.F.);
#5238=ORIENTED_EDGE('',*,*,#3935,.F.);
#5239=ORIENTED_EDGE('',*,*,#3936,.F.);
#5240=ORIENTED_EDGE('',*,*,#3937,.F.);
#5241=ORIENTED_EDGE('',*,*,#3938,.F.);
#5242=ORIENTED_EDGE('',*,*,#3939,.F.);
#5243=ORIENTED_EDGE('',*,*,#3920,.T.);
#5244=ORIENTED_EDGE('',*,*,#3940,.T.);
#5245=ORIENTED_EDGE('',*,*,#3941,.F.);
#5246=ORIENTED_EDGE('',*,*,#3942,.F.);
#5247=ORIENTED_EDGE('',*,*,#3921,.T.);
#5248=ORIENTED_EDGE('',*,*,#3942,.T.);
#5249=ORIENTED_EDGE('',*,*,#3943,.F.);
#5250=ORIENTED_EDGE('',*,*,#3944,.F.);
#5251=ORIENTED_EDGE('',*,*,#3922,.T.);
#5252=ORIENTED_EDGE('',*,*,#3944,.T.);
#5253=ORIENTED_EDGE('',*,*,#3945,.F.);
#5254=ORIENTED_EDGE('',*,*,#3946,.F.);
#5255=ORIENTED_EDGE('',*,*,#3923,.T.);
#5256=ORIENTED_EDGE('',*,*,#3946,.T.);
#5257=ORIENTED_EDGE('',*,*,#3947,.F.);
#5258=ORIENTED_EDGE('',*,*,#3948,.F.);
#5259=ORIENTED_EDGE('',*,*,#3924,.T.);
#5260=ORIENTED_EDGE('',*,*,#3948,.T.);
#5261=ORIENTED_EDGE('',*,*,#3949,.F.);
#5262=ORIENTED_EDGE('',*,*,#3950,.F.);
#5263=ORIENTED_EDGE('',*,*,#3925,.T.);
#5264=ORIENTED_EDGE('',*,*,#3950,.T.);
#5265=ORIENTED_EDGE('',*,*,#3951,.F.);
#5266=ORIENTED_EDGE('',*,*,#3952,.F.);
#5267=ORIENTED_EDGE('',*,*,#3926,.T.);
#5268=ORIENTED_EDGE('',*,*,#3952,.T.);
#5269=ORIENTED_EDGE('',*,*,#3953,.F.);
#5270=ORIENTED_EDGE('',*,*,#3954,.F.);
#5271=ORIENTED_EDGE('',*,*,#3927,.T.);
#5272=ORIENTED_EDGE('',*,*,#3954,.T.);
#5273=ORIENTED_EDGE('',*,*,#3955,.F.);
#5274=ORIENTED_EDGE('',*,*,#3956,.F.);
#5275=ORIENTED_EDGE('',*,*,#3928,.T.);
#5276=ORIENTED_EDGE('',*,*,#3956,.T.);
#5277=ORIENTED_EDGE('',*,*,#3957,.F.);
#5278=ORIENTED_EDGE('',*,*,#3958,.F.);
#5279=ORIENTED_EDGE('',*,*,#3929,.T.);
#5280=ORIENTED_EDGE('',*,*,#3958,.T.);
#5281=ORIENTED_EDGE('',*,*,#3959,.F.);
#5282=ORIENTED_EDGE('',*,*,#3960,.F.);
#5283=ORIENTED_EDGE('',*,*,#3930,.T.);
#5284=ORIENTED_EDGE('',*,*,#3960,.T.);
#5285=ORIENTED_EDGE('',*,*,#3961,.F.);
#5286=ORIENTED_EDGE('',*,*,#3962,.F.);
#5287=ORIENTED_EDGE('',*,*,#3931,.T.);
#5288=ORIENTED_EDGE('',*,*,#3962,.T.);
#5289=ORIENTED_EDGE('',*,*,#3963,.F.);
#5290=ORIENTED_EDGE('',*,*,#3964,.F.);
#5291=ORIENTED_EDGE('',*,*,#3932,.T.);
#5292=ORIENTED_EDGE('',*,*,#3964,.T.);
#5293=ORIENTED_EDGE('',*,*,#3965,.F.);
#5294=ORIENTED_EDGE('',*,*,#3966,.F.);
#5295=ORIENTED_EDGE('',*,*,#3933,.T.);
#5296=ORIENTED_EDGE('',*,*,#3966,.T.);
#5297=ORIENTED_EDGE('',*,*,#3967,.F.);
#5298=ORIENTED_EDGE('',*,*,#3968,.F.);
#5299=ORIENTED_EDGE('',*,*,#3934,.T.);
#5300=ORIENTED_EDGE('',*,*,#3968,.T.);
#5301=ORIENTED_EDGE('',*,*,#3969,.F.);
#5302=ORIENTED_EDGE('',*,*,#3940,.F.);
#5303=ORIENTED_EDGE('',*,*,#3935,.T.);
#5304=ORIENTED_EDGE('',*,*,#3970,.T.);
#5305=ORIENTED_EDGE('',*,*,#3971,.F.);
#5306=ORIENTED_EDGE('',*,*,#3972,.F.);
#5307=ORIENTED_EDGE('',*,*,#3936,.T.);
#5308=ORIENTED_EDGE('',*,*,#3972,.T.);
#5309=ORIENTED_EDGE('',*,*,#3973,.F.);
#5310=ORIENTED_EDGE('',*,*,#3974,.F.);
#5311=ORIENTED_EDGE('',*,*,#3937,.T.);
#5312=ORIENTED_EDGE('',*,*,#3974,.T.);
#5313=ORIENTED_EDGE('',*,*,#3975,.F.);
#5314=ORIENTED_EDGE('',*,*,#3976,.F.);
#5315=ORIENTED_EDGE('',*,*,#3938,.T.);
#5316=ORIENTED_EDGE('',*,*,#3976,.T.);
#5317=ORIENTED_EDGE('',*,*,#3977,.F.);
#5318=ORIENTED_EDGE('',*,*,#3978,.F.);
#5319=ORIENTED_EDGE('',*,*,#3939,.T.);
#5320=ORIENTED_EDGE('',*,*,#3978,.T.);
#5321=ORIENTED_EDGE('',*,*,#3979,.F.);
#5322=ORIENTED_EDGE('',*,*,#3970,.F.);
#5323=ORIENTED_EDGE('',*,*,#3980,.F.);
#5324=ORIENTED_EDGE('',*,*,#3981,.F.);
#5325=ORIENTED_EDGE('',*,*,#3982,.F.);
#5326=ORIENTED_EDGE('',*,*,#3983,.F.);
#5327=ORIENTED_EDGE('',*,*,#3984,.T.);
#5328=ORIENTED_EDGE('',*,*,#3985,.T.);
#5329=ORIENTED_EDGE('',*,*,#3986,.T.);
#5330=ORIENTED_EDGE('',*,*,#3987,.T.);
#5331=ORIENTED_EDGE('',*,*,#3980,.T.);
#5332=ORIENTED_EDGE('',*,*,#3988,.T.);
#5333=ORIENTED_EDGE('',*,*,#3989,.F.);
#5334=ORIENTED_EDGE('',*,*,#3990,.F.);
#5335=ORIENTED_EDGE('',*,*,#3981,.T.);
#5336=ORIENTED_EDGE('',*,*,#3990,.T.);
#5337=ORIENTED_EDGE('',*,*,#3991,.F.);
#5338=ORIENTED_EDGE('',*,*,#3992,.F.);
#5339=ORIENTED_EDGE('',*,*,#3982,.T.);
#5340=ORIENTED_EDGE('',*,*,#3992,.T.);
#5341=ORIENTED_EDGE('',*,*,#3993,.F.);
#5342=ORIENTED_EDGE('',*,*,#3994,.F.);
#5343=ORIENTED_EDGE('',*,*,#3983,.T.);
#5344=ORIENTED_EDGE('',*,*,#3994,.T.);
#5345=ORIENTED_EDGE('',*,*,#3995,.F.);
#5346=ORIENTED_EDGE('',*,*,#3988,.F.);
#5347=ORIENTED_EDGE('',*,*,#3984,.F.);
#5348=ORIENTED_EDGE('',*,*,#3996,.T.);
#5349=ORIENTED_EDGE('',*,*,#3997,.F.);
#5350=ORIENTED_EDGE('',*,*,#3998,.F.);
#5351=ORIENTED_EDGE('',*,*,#3985,.F.);
#5352=ORIENTED_EDGE('',*,*,#3998,.T.);
#5353=ORIENTED_EDGE('',*,*,#3999,.F.);
#5354=ORIENTED_EDGE('',*,*,#4000,.F.);
#5355=ORIENTED_EDGE('',*,*,#3986,.F.);
#5356=ORIENTED_EDGE('',*,*,#4000,.T.);
#5357=ORIENTED_EDGE('',*,*,#4001,.F.);
#5358=ORIENTED_EDGE('',*,*,#4002,.F.);
#5359=ORIENTED_EDGE('',*,*,#3987,.F.);
#5360=ORIENTED_EDGE('',*,*,#4002,.T.);
#5361=ORIENTED_EDGE('',*,*,#4003,.F.);
#5362=ORIENTED_EDGE('',*,*,#3996,.F.);
#5363=ORIENTED_EDGE('',*,*,#4004,.T.);
#5364=ORIENTED_EDGE('',*,*,#4005,.T.);
#5365=ORIENTED_EDGE('',*,*,#4006,.T.);
#5366=ORIENTED_EDGE('',*,*,#4007,.T.);
#5367=ORIENTED_EDGE('',*,*,#4008,.T.);
#5368=ORIENTED_EDGE('',*,*,#4009,.T.);
#5369=ORIENTED_EDGE('',*,*,#4010,.T.);
#5370=ORIENTED_EDGE('',*,*,#4011,.T.);
#5371=ORIENTED_EDGE('',*,*,#4004,.F.);
#5372=ORIENTED_EDGE('',*,*,#4012,.T.);
#5373=ORIENTED_EDGE('',*,*,#4013,.F.);
#5374=ORIENTED_EDGE('',*,*,#4014,.F.);
#5375=ORIENTED_EDGE('',*,*,#4005,.F.);
#5376=ORIENTED_EDGE('',*,*,#4014,.T.);
#5377=ORIENTED_EDGE('',*,*,#4015,.F.);
#5378=ORIENTED_EDGE('',*,*,#4016,.F.);
#5379=ORIENTED_EDGE('',*,*,#4006,.F.);
#5380=ORIENTED_EDGE('',*,*,#4016,.T.);
#5381=ORIENTED_EDGE('',*,*,#4017,.F.);
#5382=ORIENTED_EDGE('',*,*,#4018,.F.);
#5383=ORIENTED_EDGE('',*,*,#4007,.F.);
#5384=ORIENTED_EDGE('',*,*,#4018,.T.);
#5385=ORIENTED_EDGE('',*,*,#4019,.F.);
#5386=ORIENTED_EDGE('',*,*,#4012,.F.);
#5387=ORIENTED_EDGE('',*,*,#4008,.F.);
#5388=ORIENTED_EDGE('',*,*,#4020,.T.);
#5389=ORIENTED_EDGE('',*,*,#4021,.F.);
#5390=ORIENTED_EDGE('',*,*,#4022,.F.);
#5391=ORIENTED_EDGE('',*,*,#4009,.F.);
#5392=ORIENTED_EDGE('',*,*,#4022,.T.);
#5393=ORIENTED_EDGE('',*,*,#4023,.F.);
#5394=ORIENTED_EDGE('',*,*,#4024,.F.);
#5395=ORIENTED_EDGE('',*,*,#4010,.F.);
#5396=ORIENTED_EDGE('',*,*,#4024,.T.);
#5397=ORIENTED_EDGE('',*,*,#4025,.F.);
#5398=ORIENTED_EDGE('',*,*,#4026,.F.);
#5399=ORIENTED_EDGE('',*,*,#4011,.F.);
#5400=ORIENTED_EDGE('',*,*,#4026,.T.);
#5401=ORIENTED_EDGE('',*,*,#4027,.F.);
#5402=ORIENTED_EDGE('',*,*,#4020,.F.);
#5403=ORIENTED_EDGE('',*,*,#4028,.F.);
#5404=ORIENTED_EDGE('',*,*,#4029,.F.);
#5405=ORIENTED_EDGE('',*,*,#4030,.F.);
#5406=ORIENTED_EDGE('',*,*,#4031,.F.);
#5407=ORIENTED_EDGE('',*,*,#4032,.F.);
#5408=ORIENTED_EDGE('',*,*,#4033,.F.);
#5409=ORIENTED_EDGE('',*,*,#4034,.F.);
#5410=ORIENTED_EDGE('',*,*,#4035,.F.);
#5411=ORIENTED_EDGE('',*,*,#4036,.F.);
#5412=ORIENTED_EDGE('',*,*,#4037,.F.);
#5413=ORIENTED_EDGE('',*,*,#4038,.F.);
#5414=ORIENTED_EDGE('',*,*,#4039,.F.);
#5415=ORIENTED_EDGE('',*,*,#4028,.T.);
#5416=ORIENTED_EDGE('',*,*,#4040,.T.);
#5417=ORIENTED_EDGE('',*,*,#4041,.F.);
#5418=ORIENTED_EDGE('',*,*,#4042,.F.);
#5419=ORIENTED_EDGE('',*,*,#4029,.T.);
#5420=ORIENTED_EDGE('',*,*,#4042,.T.);
#5421=ORIENTED_EDGE('',*,*,#4043,.F.);
#5422=ORIENTED_EDGE('',*,*,#4044,.F.);
#5423=ORIENTED_EDGE('',*,*,#4030,.T.);
#5424=ORIENTED_EDGE('',*,*,#4044,.T.);
#5425=ORIENTED_EDGE('',*,*,#4045,.F.);
#5426=ORIENTED_EDGE('',*,*,#4046,.F.);
#5427=ORIENTED_EDGE('',*,*,#4031,.T.);
#5428=ORIENTED_EDGE('',*,*,#4046,.T.);
#5429=ORIENTED_EDGE('',*,*,#4047,.F.);
#5430=ORIENTED_EDGE('',*,*,#4048,.F.);
#5431=ORIENTED_EDGE('',*,*,#4032,.T.);
#5432=ORIENTED_EDGE('',*,*,#4048,.T.);
#5433=ORIENTED_EDGE('',*,*,#4049,.F.);
#5434=ORIENTED_EDGE('',*,*,#4050,.F.);
#5435=ORIENTED_EDGE('',*,*,#4033,.T.);
#5436=ORIENTED_EDGE('',*,*,#4050,.T.);
#5437=ORIENTED_EDGE('',*,*,#4051,.F.);
#5438=ORIENTED_EDGE('',*,*,#4052,.F.);
#5439=ORIENTED_EDGE('',*,*,#4034,.T.);
#5440=ORIENTED_EDGE('',*,*,#4052,.T.);
#5441=ORIENTED_EDGE('',*,*,#4053,.F.);
#5442=ORIENTED_EDGE('',*,*,#4054,.F.);
#5443=ORIENTED_EDGE('',*,*,#4035,.T.);
#5444=ORIENTED_EDGE('',*,*,#4054,.T.);
#5445=ORIENTED_EDGE('',*,*,#4055,.F.);
#5446=ORIENTED_EDGE('',*,*,#4056,.F.);
#5447=ORIENTED_EDGE('',*,*,#4036,.T.);
#5448=ORIENTED_EDGE('',*,*,#4056,.T.);
#5449=ORIENTED_EDGE('',*,*,#4057,.F.);
#5450=ORIENTED_EDGE('',*,*,#4058,.F.);
#5451=ORIENTED_EDGE('',*,*,#4037,.T.);
#5452=ORIENTED_EDGE('',*,*,#4058,.T.);
#5453=ORIENTED_EDGE('',*,*,#4059,.F.);
#5454=ORIENTED_EDGE('',*,*,#4060,.F.);
#5455=ORIENTED_EDGE('',*,*,#4038,.T.);
#5456=ORIENTED_EDGE('',*,*,#4060,.T.);
#5457=ORIENTED_EDGE('',*,*,#4061,.F.);
#5458=ORIENTED_EDGE('',*,*,#4062,.F.);
#5459=ORIENTED_EDGE('',*,*,#4039,.T.);
#5460=ORIENTED_EDGE('',*,*,#4062,.T.);
#5461=ORIENTED_EDGE('',*,*,#4063,.F.);
#5462=ORIENTED_EDGE('',*,*,#4040,.F.);
#5463=ORIENTED_EDGE('',*,*,#4064,.T.);
#5464=ORIENTED_EDGE('',*,*,#4065,.T.);
#5465=ORIENTED_EDGE('',*,*,#4066,.T.);
#5466=ORIENTED_EDGE('',*,*,#4067,.T.);
#5467=ORIENTED_EDGE('',*,*,#4068,.T.);
#5468=ORIENTED_EDGE('',*,*,#4069,.T.);
#5469=ORIENTED_EDGE('',*,*,#4070,.T.);
#5470=ORIENTED_EDGE('',*,*,#4071,.T.);
#5471=ORIENTED_EDGE('',*,*,#4064,.F.);
#5472=ORIENTED_EDGE('',*,*,#4072,.T.);
#5473=ORIENTED_EDGE('',*,*,#4073,.F.);
#5474=ORIENTED_EDGE('',*,*,#4074,.F.);
#5475=ORIENTED_EDGE('',*,*,#4065,.F.);
#5476=ORIENTED_EDGE('',*,*,#4074,.T.);
#5477=ORIENTED_EDGE('',*,*,#4075,.F.);
#5478=ORIENTED_EDGE('',*,*,#4076,.F.);
#5479=ORIENTED_EDGE('',*,*,#4066,.F.);
#5480=ORIENTED_EDGE('',*,*,#4076,.T.);
#5481=ORIENTED_EDGE('',*,*,#4077,.F.);
#5482=ORIENTED_EDGE('',*,*,#4078,.F.);
#5483=ORIENTED_EDGE('',*,*,#4067,.F.);
#5484=ORIENTED_EDGE('',*,*,#4078,.T.);
#5485=ORIENTED_EDGE('',*,*,#4079,.F.);
#5486=ORIENTED_EDGE('',*,*,#4072,.F.);
#5487=ORIENTED_EDGE('',*,*,#4068,.F.);
#5488=ORIENTED_EDGE('',*,*,#4080,.T.);
#5489=ORIENTED_EDGE('',*,*,#4081,.F.);
#5490=ORIENTED_EDGE('',*,*,#4082,.F.);
#5491=ORIENTED_EDGE('',*,*,#4069,.F.);
#5492=ORIENTED_EDGE('',*,*,#4082,.T.);
#5493=ORIENTED_EDGE('',*,*,#4083,.F.);
#5494=ORIENTED_EDGE('',*,*,#4084,.F.);
#5495=ORIENTED_EDGE('',*,*,#4070,.F.);
#5496=ORIENTED_EDGE('',*,*,#4084,.T.);
#5497=ORIENTED_EDGE('',*,*,#4085,.F.);
#5498=ORIENTED_EDGE('',*,*,#4086,.F.);
#5499=ORIENTED_EDGE('',*,*,#4071,.F.);
#5500=ORIENTED_EDGE('',*,*,#4086,.T.);
#5501=ORIENTED_EDGE('',*,*,#4087,.F.);
#5502=ORIENTED_EDGE('',*,*,#4080,.F.);
#5503=ORIENTED_EDGE('',*,*,#4088,.F.);
#5504=ORIENTED_EDGE('',*,*,#4089,.F.);
#5505=ORIENTED_EDGE('',*,*,#4090,.F.);
#5506=ORIENTED_EDGE('',*,*,#4091,.F.);
#5507=ORIENTED_EDGE('',*,*,#4092,.F.);
#5508=ORIENTED_EDGE('',*,*,#4093,.F.);
#5509=ORIENTED_EDGE('',*,*,#4094,.F.);
#5510=ORIENTED_EDGE('',*,*,#4095,.F.);
#5511=ORIENTED_EDGE('',*,*,#4096,.F.);
#5512=ORIENTED_EDGE('',*,*,#4097,.F.);
#5513=ORIENTED_EDGE('',*,*,#4098,.F.);
#5514=ORIENTED_EDGE('',*,*,#4099,.F.);
#5515=ORIENTED_EDGE('',*,*,#4100,.F.);
#5516=ORIENTED_EDGE('',*,*,#4088,.T.);
#5517=ORIENTED_EDGE('',*,*,#4101,.T.);
#5518=ORIENTED_EDGE('',*,*,#4102,.F.);
#5519=ORIENTED_EDGE('',*,*,#4103,.F.);
#5520=ORIENTED_EDGE('',*,*,#4089,.T.);
#5521=ORIENTED_EDGE('',*,*,#4103,.T.);
#5522=ORIENTED_EDGE('',*,*,#4104,.F.);
#5523=ORIENTED_EDGE('',*,*,#4105,.F.);
#5524=ORIENTED_EDGE('',*,*,#4090,.T.);
#5525=ORIENTED_EDGE('',*,*,#4105,.T.);
#5526=ORIENTED_EDGE('',*,*,#4106,.F.);
#5527=ORIENTED_EDGE('',*,*,#4107,.F.);
#5528=ORIENTED_EDGE('',*,*,#4091,.T.);
#5529=ORIENTED_EDGE('',*,*,#4107,.T.);
#5530=ORIENTED_EDGE('',*,*,#4108,.F.);
#5531=ORIENTED_EDGE('',*,*,#4109,.F.);
#5532=ORIENTED_EDGE('',*,*,#4092,.T.);
#5533=ORIENTED_EDGE('',*,*,#4109,.T.);
#5534=ORIENTED_EDGE('',*,*,#4110,.F.);
#5535=ORIENTED_EDGE('',*,*,#4111,.F.);
#5536=ORIENTED_EDGE('',*,*,#4093,.T.);
#5537=ORIENTED_EDGE('',*,*,#4111,.T.);
#5538=ORIENTED_EDGE('',*,*,#4112,.F.);
#5539=ORIENTED_EDGE('',*,*,#4113,.F.);
#5540=ORIENTED_EDGE('',*,*,#4094,.T.);
#5541=ORIENTED_EDGE('',*,*,#4113,.T.);
#5542=ORIENTED_EDGE('',*,*,#4114,.F.);
#5543=ORIENTED_EDGE('',*,*,#4115,.F.);
#5544=ORIENTED_EDGE('',*,*,#4095,.T.);
#5545=ORIENTED_EDGE('',*,*,#4115,.T.);
#5546=ORIENTED_EDGE('',*,*,#4116,.F.);
#5547=ORIENTED_EDGE('',*,*,#4117,.F.);
#5548=ORIENTED_EDGE('',*,*,#4096,.T.);
#5549=ORIENTED_EDGE('',*,*,#4117,.T.);
#5550=ORIENTED_EDGE('',*,*,#4118,.F.);
#5551=ORIENTED_EDGE('',*,*,#4119,.F.);
#5552=ORIENTED_EDGE('',*,*,#4097,.T.);
#5553=ORIENTED_EDGE('',*,*,#4119,.T.);
#5554=ORIENTED_EDGE('',*,*,#4120,.F.);
#5555=ORIENTED_EDGE('',*,*,#4121,.F.);
#5556=ORIENTED_EDGE('',*,*,#4098,.T.);
#5557=ORIENTED_EDGE('',*,*,#4121,.T.);
#5558=ORIENTED_EDGE('',*,*,#4122,.F.);
#5559=ORIENTED_EDGE('',*,*,#4123,.F.);
#5560=ORIENTED_EDGE('',*,*,#4099,.T.);
#5561=ORIENTED_EDGE('',*,*,#4123,.T.);
#5562=ORIENTED_EDGE('',*,*,#4124,.F.);
#5563=ORIENTED_EDGE('',*,*,#4125,.F.);
#5564=ORIENTED_EDGE('',*,*,#4100,.T.);
#5565=ORIENTED_EDGE('',*,*,#4125,.T.);
#5566=ORIENTED_EDGE('',*,*,#4126,.F.);
#5567=ORIENTED_EDGE('',*,*,#4101,.F.);
#5568=ORIENTED_EDGE('',*,*,#4127,.F.);
#5569=ORIENTED_EDGE('',*,*,#4128,.F.);
#5570=ORIENTED_EDGE('',*,*,#4129,.F.);
#5571=ORIENTED_EDGE('',*,*,#4130,.F.);
#5572=ORIENTED_EDGE('',*,*,#4131,.F.);
#5573=ORIENTED_EDGE('',*,*,#4132,.F.);
#5574=ORIENTED_EDGE('',*,*,#4133,.F.);
#5575=ORIENTED_EDGE('',*,*,#4134,.F.);
#5576=ORIENTED_EDGE('',*,*,#4135,.F.);
#5577=ORIENTED_EDGE('',*,*,#4136,.F.);
#5578=ORIENTED_EDGE('',*,*,#4137,.F.);
#5579=ORIENTED_EDGE('',*,*,#4138,.F.);
#5580=ORIENTED_EDGE('',*,*,#4139,.F.);
#5581=ORIENTED_EDGE('',*,*,#4140,.F.);
#5582=ORIENTED_EDGE('',*,*,#4141,.F.);
#5583=ORIENTED_EDGE('',*,*,#4142,.F.);
#5584=ORIENTED_EDGE('',*,*,#4143,.F.);
#5585=ORIENTED_EDGE('',*,*,#4144,.F.);
#5586=ORIENTED_EDGE('',*,*,#4145,.F.);
#5587=ORIENTED_EDGE('',*,*,#4146,.F.);
#5588=ORIENTED_EDGE('',*,*,#4127,.T.);
#5589=ORIENTED_EDGE('',*,*,#4147,.T.);
#5590=ORIENTED_EDGE('',*,*,#4148,.F.);
#5591=ORIENTED_EDGE('',*,*,#4149,.F.);
#5592=ORIENTED_EDGE('',*,*,#4128,.T.);
#5593=ORIENTED_EDGE('',*,*,#4149,.T.);
#5594=ORIENTED_EDGE('',*,*,#4150,.F.);
#5595=ORIENTED_EDGE('',*,*,#4151,.F.);
#5596=ORIENTED_EDGE('',*,*,#4129,.T.);
#5597=ORIENTED_EDGE('',*,*,#4151,.T.);
#5598=ORIENTED_EDGE('',*,*,#4152,.F.);
#5599=ORIENTED_EDGE('',*,*,#4153,.F.);
#5600=ORIENTED_EDGE('',*,*,#4130,.T.);
#5601=ORIENTED_EDGE('',*,*,#4153,.T.);
#5602=ORIENTED_EDGE('',*,*,#4154,.F.);
#5603=ORIENTED_EDGE('',*,*,#4155,.F.);
#5604=ORIENTED_EDGE('',*,*,#4131,.T.);
#5605=ORIENTED_EDGE('',*,*,#4155,.T.);
#5606=ORIENTED_EDGE('',*,*,#4156,.F.);
#5607=ORIENTED_EDGE('',*,*,#4157,.F.);
#5608=ORIENTED_EDGE('',*,*,#4132,.T.);
#5609=ORIENTED_EDGE('',*,*,#4157,.T.);
#5610=ORIENTED_EDGE('',*,*,#4158,.F.);
#5611=ORIENTED_EDGE('',*,*,#4159,.F.);
#5612=ORIENTED_EDGE('',*,*,#4133,.T.);
#5613=ORIENTED_EDGE('',*,*,#4159,.T.);
#5614=ORIENTED_EDGE('',*,*,#4160,.F.);
#5615=ORIENTED_EDGE('',*,*,#4161,.F.);
#5616=ORIENTED_EDGE('',*,*,#4134,.T.);
#5617=ORIENTED_EDGE('',*,*,#4161,.T.);
#5618=ORIENTED_EDGE('',*,*,#4162,.F.);
#5619=ORIENTED_EDGE('',*,*,#4163,.F.);
#5620=ORIENTED_EDGE('',*,*,#4135,.T.);
#5621=ORIENTED_EDGE('',*,*,#4163,.T.);
#5622=ORIENTED_EDGE('',*,*,#4164,.F.);
#5623=ORIENTED_EDGE('',*,*,#4165,.F.);
#5624=ORIENTED_EDGE('',*,*,#4136,.T.);
#5625=ORIENTED_EDGE('',*,*,#4165,.T.);
#5626=ORIENTED_EDGE('',*,*,#4166,.F.);
#5627=ORIENTED_EDGE('',*,*,#4167,.F.);
#5628=ORIENTED_EDGE('',*,*,#4137,.T.);
#5629=ORIENTED_EDGE('',*,*,#4167,.T.);
#5630=ORIENTED_EDGE('',*,*,#4168,.F.);
#5631=ORIENTED_EDGE('',*,*,#4169,.F.);
#5632=ORIENTED_EDGE('',*,*,#4138,.T.);
#5633=ORIENTED_EDGE('',*,*,#4169,.T.);
#5634=ORIENTED_EDGE('',*,*,#4170,.F.);
#5635=ORIENTED_EDGE('',*,*,#4171,.F.);
#5636=ORIENTED_EDGE('',*,*,#4139,.T.);
#5637=ORIENTED_EDGE('',*,*,#4171,.T.);
#5638=ORIENTED_EDGE('',*,*,#4172,.F.);
#5639=ORIENTED_EDGE('',*,*,#4173,.F.);
#5640=ORIENTED_EDGE('',*,*,#4140,.T.);
#5641=ORIENTED_EDGE('',*,*,#4173,.T.);
#5642=ORIENTED_EDGE('',*,*,#4174,.F.);
#5643=ORIENTED_EDGE('',*,*,#4175,.F.);
#5644=ORIENTED_EDGE('',*,*,#4141,.T.);
#5645=ORIENTED_EDGE('',*,*,#4175,.T.);
#5646=ORIENTED_EDGE('',*,*,#4176,.F.);
#5647=ORIENTED_EDGE('',*,*,#4177,.F.);
#5648=ORIENTED_EDGE('',*,*,#4142,.T.);
#5649=ORIENTED_EDGE('',*,*,#4177,.T.);
#5650=ORIENTED_EDGE('',*,*,#4178,.F.);
#5651=ORIENTED_EDGE('',*,*,#4179,.F.);
#5652=ORIENTED_EDGE('',*,*,#4143,.T.);
#5653=ORIENTED_EDGE('',*,*,#4179,.T.);
#5654=ORIENTED_EDGE('',*,*,#4180,.F.);
#5655=ORIENTED_EDGE('',*,*,#4181,.F.);
#5656=ORIENTED_EDGE('',*,*,#4144,.T.);
#5657=ORIENTED_EDGE('',*,*,#4181,.T.);
#5658=ORIENTED_EDGE('',*,*,#4182,.F.);
#5659=ORIENTED_EDGE('',*,*,#4183,.F.);
#5660=ORIENTED_EDGE('',*,*,#4145,.T.);
#5661=ORIENTED_EDGE('',*,*,#4183,.T.);
#5662=ORIENTED_EDGE('',*,*,#4184,.F.);
#5663=ORIENTED_EDGE('',*,*,#4185,.F.);
#5664=ORIENTED_EDGE('',*,*,#4146,.T.);
#5665=ORIENTED_EDGE('',*,*,#4185,.T.);
#5666=ORIENTED_EDGE('',*,*,#4186,.F.);
#5667=ORIENTED_EDGE('',*,*,#4147,.F.);
#5668=ORIENTED_EDGE('',*,*,#4187,.F.);
#5669=ORIENTED_EDGE('',*,*,#4188,.F.);
#5670=ORIENTED_EDGE('',*,*,#4189,.F.);
#5671=ORIENTED_EDGE('',*,*,#4190,.F.);
#5672=ORIENTED_EDGE('',*,*,#4191,.F.);
#5673=ORIENTED_EDGE('',*,*,#4192,.F.);
#5674=ORIENTED_EDGE('',*,*,#4193,.F.);
#5675=ORIENTED_EDGE('',*,*,#4194,.F.);
#5676=ORIENTED_EDGE('',*,*,#4195,.F.);
#5677=ORIENTED_EDGE('',*,*,#4196,.F.);
#5678=ORIENTED_EDGE('',*,*,#4197,.F.);
#5679=ORIENTED_EDGE('',*,*,#4198,.F.);
#5680=ORIENTED_EDGE('',*,*,#4199,.F.);
#5681=ORIENTED_EDGE('',*,*,#4200,.F.);
#5682=ORIENTED_EDGE('',*,*,#4201,.F.);
#5683=ORIENTED_EDGE('',*,*,#4202,.F.);
#5684=ORIENTED_EDGE('',*,*,#4203,.F.);
#5685=ORIENTED_EDGE('',*,*,#4204,.F.);
#5686=ORIENTED_EDGE('',*,*,#4205,.F.);
#5687=ORIENTED_EDGE('',*,*,#4206,.F.);
#5688=ORIENTED_EDGE('',*,*,#4187,.T.);
#5689=ORIENTED_EDGE('',*,*,#4207,.T.);
#5690=ORIENTED_EDGE('',*,*,#4208,.F.);
#5691=ORIENTED_EDGE('',*,*,#4209,.F.);
#5692=ORIENTED_EDGE('',*,*,#4188,.T.);
#5693=ORIENTED_EDGE('',*,*,#4209,.T.);
#5694=ORIENTED_EDGE('',*,*,#4210,.F.);
#5695=ORIENTED_EDGE('',*,*,#4211,.F.);
#5696=ORIENTED_EDGE('',*,*,#4189,.T.);
#5697=ORIENTED_EDGE('',*,*,#4211,.T.);
#5698=ORIENTED_EDGE('',*,*,#4212,.F.);
#5699=ORIENTED_EDGE('',*,*,#4213,.F.);
#5700=ORIENTED_EDGE('',*,*,#4190,.T.);
#5701=ORIENTED_EDGE('',*,*,#4213,.T.);
#5702=ORIENTED_EDGE('',*,*,#4214,.F.);
#5703=ORIENTED_EDGE('',*,*,#4215,.F.);
#5704=ORIENTED_EDGE('',*,*,#4191,.T.);
#5705=ORIENTED_EDGE('',*,*,#4215,.T.);
#5706=ORIENTED_EDGE('',*,*,#4216,.F.);
#5707=ORIENTED_EDGE('',*,*,#4217,.F.);
#5708=ORIENTED_EDGE('',*,*,#4192,.T.);
#5709=ORIENTED_EDGE('',*,*,#4217,.T.);
#5710=ORIENTED_EDGE('',*,*,#4218,.F.);
#5711=ORIENTED_EDGE('',*,*,#4219,.F.);
#5712=ORIENTED_EDGE('',*,*,#4193,.T.);
#5713=ORIENTED_EDGE('',*,*,#4219,.T.);
#5714=ORIENTED_EDGE('',*,*,#4220,.F.);
#5715=ORIENTED_EDGE('',*,*,#4221,.F.);
#5716=ORIENTED_EDGE('',*,*,#4194,.T.);
#5717=ORIENTED_EDGE('',*,*,#4221,.T.);
#5718=ORIENTED_EDGE('',*,*,#4222,.F.);
#5719=ORIENTED_EDGE('',*,*,#4223,.F.);
#5720=ORIENTED_EDGE('',*,*,#4195,.T.);
#5721=ORIENTED_EDGE('',*,*,#4223,.T.);
#5722=ORIENTED_EDGE('',*,*,#4224,.F.);
#5723=ORIENTED_EDGE('',*,*,#4225,.F.);
#5724=ORIENTED_EDGE('',*,*,#4196,.T.);
#5725=ORIENTED_EDGE('',*,*,#4225,.T.);
#5726=ORIENTED_EDGE('',*,*,#4226,.F.);
#5727=ORIENTED_EDGE('',*,*,#4227,.F.);
#5728=ORIENTED_EDGE('',*,*,#4197,.T.);
#5729=ORIENTED_EDGE('',*,*,#4227,.T.);
#5730=ORIENTED_EDGE('',*,*,#4228,.F.);
#5731=ORIENTED_EDGE('',*,*,#4229,.F.);
#5732=ORIENTED_EDGE('',*,*,#4198,.T.);
#5733=ORIENTED_EDGE('',*,*,#4229,.T.);
#5734=ORIENTED_EDGE('',*,*,#4230,.F.);
#5735=ORIENTED_EDGE('',*,*,#4231,.F.);
#5736=ORIENTED_EDGE('',*,*,#4199,.T.);
#5737=ORIENTED_EDGE('',*,*,#4231,.T.);
#5738=ORIENTED_EDGE('',*,*,#4232,.F.);
#5739=ORIENTED_EDGE('',*,*,#4233,.F.);
#5740=ORIENTED_EDGE('',*,*,#4200,.T.);
#5741=ORIENTED_EDGE('',*,*,#4233,.T.);
#5742=ORIENTED_EDGE('',*,*,#4234,.F.);
#5743=ORIENTED_EDGE('',*,*,#4235,.F.);
#5744=ORIENTED_EDGE('',*,*,#4201,.T.);
#5745=ORIENTED_EDGE('',*,*,#4235,.T.);
#5746=ORIENTED_EDGE('',*,*,#4236,.F.);
#5747=ORIENTED_EDGE('',*,*,#4237,.F.);
#5748=ORIENTED_EDGE('',*,*,#4202,.T.);
#5749=ORIENTED_EDGE('',*,*,#4237,.T.);
#5750=ORIENTED_EDGE('',*,*,#4238,.F.);
#5751=ORIENTED_EDGE('',*,*,#4239,.F.);
#5752=ORIENTED_EDGE('',*,*,#4203,.T.);
#5753=ORIENTED_EDGE('',*,*,#4239,.T.);
#5754=ORIENTED_EDGE('',*,*,#4240,.F.);
#5755=ORIENTED_EDGE('',*,*,#4241,.F.);
#5756=ORIENTED_EDGE('',*,*,#4204,.T.);
#5757=ORIENTED_EDGE('',*,*,#4241,.T.);
#5758=ORIENTED_EDGE('',*,*,#4242,.F.);
#5759=ORIENTED_EDGE('',*,*,#4243,.F.);
#5760=ORIENTED_EDGE('',*,*,#4205,.T.);
#5761=ORIENTED_EDGE('',*,*,#4243,.T.);
#5762=ORIENTED_EDGE('',*,*,#4244,.F.);
#5763=ORIENTED_EDGE('',*,*,#4245,.F.);
#5764=ORIENTED_EDGE('',*,*,#4206,.T.);
#5765=ORIENTED_EDGE('',*,*,#4245,.T.);
#5766=ORIENTED_EDGE('',*,*,#4246,.F.);
#5767=ORIENTED_EDGE('',*,*,#4207,.F.);
#5768=ORIENTED_EDGE('',*,*,#4247,.F.);
#5769=ORIENTED_EDGE('',*,*,#4248,.F.);
#5770=ORIENTED_EDGE('',*,*,#4249,.F.);
#5771=ORIENTED_EDGE('',*,*,#4250,.F.);
#5772=ORIENTED_EDGE('',*,*,#4251,.F.);
#5773=ORIENTED_EDGE('',*,*,#4252,.F.);
#5774=ORIENTED_EDGE('',*,*,#4253,.F.);
#5775=ORIENTED_EDGE('',*,*,#4254,.F.);
#5776=ORIENTED_EDGE('',*,*,#4255,.F.);
#5777=ORIENTED_EDGE('',*,*,#4256,.F.);
#5778=ORIENTED_EDGE('',*,*,#4257,.F.);
#5779=ORIENTED_EDGE('',*,*,#4258,.F.);
#5780=ORIENTED_EDGE('',*,*,#4259,.F.);
#5781=ORIENTED_EDGE('',*,*,#4260,.F.);
#5782=ORIENTED_EDGE('',*,*,#4261,.F.);
#5783=ORIENTED_EDGE('',*,*,#4262,.F.);
#5784=ORIENTED_EDGE('',*,*,#4263,.F.);
#5785=ORIENTED_EDGE('',*,*,#4264,.F.);
#5786=ORIENTED_EDGE('',*,*,#4265,.F.);
#5787=ORIENTED_EDGE('',*,*,#4266,.F.);
#5788=ORIENTED_EDGE('',*,*,#4267,.F.);
#5789=ORIENTED_EDGE('',*,*,#4268,.F.);
#5790=ORIENTED_EDGE('',*,*,#4269,.F.);
#5791=ORIENTED_EDGE('',*,*,#4270,.F.);
#5792=ORIENTED_EDGE('',*,*,#4271,.F.);
#5793=ORIENTED_EDGE('',*,*,#4272,.F.);
#5794=ORIENTED_EDGE('',*,*,#4273,.F.);
#5795=ORIENTED_EDGE('',*,*,#4274,.F.);
#5796=ORIENTED_EDGE('',*,*,#4275,.F.);
#5797=ORIENTED_EDGE('',*,*,#4276,.F.);
#5798=ORIENTED_EDGE('',*,*,#4277,.F.);
#5799=ORIENTED_EDGE('',*,*,#4278,.F.);
#5800=ORIENTED_EDGE('',*,*,#4279,.F.);
#5801=ORIENTED_EDGE('',*,*,#4247,.T.);
#5802=ORIENTED_EDGE('',*,*,#4280,.T.);
#5803=ORIENTED_EDGE('',*,*,#4281,.F.);
#5804=ORIENTED_EDGE('',*,*,#4282,.F.);
#5805=ORIENTED_EDGE('',*,*,#4248,.T.);
#5806=ORIENTED_EDGE('',*,*,#4282,.T.);
#5807=ORIENTED_EDGE('',*,*,#4283,.F.);
#5808=ORIENTED_EDGE('',*,*,#4284,.F.);
#5809=ORIENTED_EDGE('',*,*,#4249,.T.);
#5810=ORIENTED_EDGE('',*,*,#4284,.T.);
#5811=ORIENTED_EDGE('',*,*,#4285,.F.);
#5812=ORIENTED_EDGE('',*,*,#4286,.F.);
#5813=ORIENTED_EDGE('',*,*,#4250,.T.);
#5814=ORIENTED_EDGE('',*,*,#4286,.T.);
#5815=ORIENTED_EDGE('',*,*,#4287,.F.);
#5816=ORIENTED_EDGE('',*,*,#4288,.F.);
#5817=ORIENTED_EDGE('',*,*,#4251,.T.);
#5818=ORIENTED_EDGE('',*,*,#4288,.T.);
#5819=ORIENTED_EDGE('',*,*,#4289,.F.);
#5820=ORIENTED_EDGE('',*,*,#4290,.F.);
#5821=ORIENTED_EDGE('',*,*,#4252,.T.);
#5822=ORIENTED_EDGE('',*,*,#4290,.T.);
#5823=ORIENTED_EDGE('',*,*,#4291,.F.);
#5824=ORIENTED_EDGE('',*,*,#4292,.F.);
#5825=ORIENTED_EDGE('',*,*,#4253,.T.);
#5826=ORIENTED_EDGE('',*,*,#4292,.T.);
#5827=ORIENTED_EDGE('',*,*,#4293,.F.);
#5828=ORIENTED_EDGE('',*,*,#4294,.F.);
#5829=ORIENTED_EDGE('',*,*,#4254,.T.);
#5830=ORIENTED_EDGE('',*,*,#4294,.T.);
#5831=ORIENTED_EDGE('',*,*,#4295,.F.);
#5832=ORIENTED_EDGE('',*,*,#4296,.F.);
#5833=ORIENTED_EDGE('',*,*,#4255,.T.);
#5834=ORIENTED_EDGE('',*,*,#4296,.T.);
#5835=ORIENTED_EDGE('',*,*,#4297,.F.);
#5836=ORIENTED_EDGE('',*,*,#4298,.F.);
#5837=ORIENTED_EDGE('',*,*,#4256,.T.);
#5838=ORIENTED_EDGE('',*,*,#4298,.T.);
#5839=ORIENTED_EDGE('',*,*,#4299,.F.);
#5840=ORIENTED_EDGE('',*,*,#4300,.F.);
#5841=ORIENTED_EDGE('',*,*,#4257,.T.);
#5842=ORIENTED_EDGE('',*,*,#4300,.T.);
#5843=ORIENTED_EDGE('',*,*,#4301,.F.);
#5844=ORIENTED_EDGE('',*,*,#4302,.F.);
#5845=ORIENTED_EDGE('',*,*,#4258,.T.);
#5846=ORIENTED_EDGE('',*,*,#4302,.T.);
#5847=ORIENTED_EDGE('',*,*,#4303,.F.);
#5848=ORIENTED_EDGE('',*,*,#4304,.F.);
#5849=ORIENTED_EDGE('',*,*,#4259,.T.);
#5850=ORIENTED_EDGE('',*,*,#4304,.T.);
#5851=ORIENTED_EDGE('',*,*,#4305,.F.);
#5852=ORIENTED_EDGE('',*,*,#4306,.F.);
#5853=ORIENTED_EDGE('',*,*,#4260,.T.);
#5854=ORIENTED_EDGE('',*,*,#4306,.T.);
#5855=ORIENTED_EDGE('',*,*,#4307,.F.);
#5856=ORIENTED_EDGE('',*,*,#4280,.F.);
#5857=ORIENTED_EDGE('',*,*,#4261,.T.);
#5858=ORIENTED_EDGE('',*,*,#4308,.T.);
#5859=ORIENTED_EDGE('',*,*,#4309,.F.);
#5860=ORIENTED_EDGE('',*,*,#4310,.F.);
#5861=ORIENTED_EDGE('',*,*,#4262,.T.);
#5862=ORIENTED_EDGE('',*,*,#4310,.T.);
#5863=ORIENTED_EDGE('',*,*,#4311,.F.);
#5864=ORIENTED_EDGE('',*,*,#4312,.F.);
#5865=ORIENTED_EDGE('',*,*,#4263,.T.);
#5866=ORIENTED_EDGE('',*,*,#4312,.T.);
#5867=ORIENTED_EDGE('',*,*,#4313,.F.);
#5868=ORIENTED_EDGE('',*,*,#4314,.F.);
#5869=ORIENTED_EDGE('',*,*,#4264,.T.);
#5870=ORIENTED_EDGE('',*,*,#4314,.T.);
#5871=ORIENTED_EDGE('',*,*,#4315,.F.);
#5872=ORIENTED_EDGE('',*,*,#4316,.F.);
#5873=ORIENTED_EDGE('',*,*,#4265,.T.);
#5874=ORIENTED_EDGE('',*,*,#4316,.T.);
#5875=ORIENTED_EDGE('',*,*,#4317,.F.);
#5876=ORIENTED_EDGE('',*,*,#4318,.F.);
#5877=ORIENTED_EDGE('',*,*,#4266,.T.);
#5878=ORIENTED_EDGE('',*,*,#4318,.T.);
#5879=ORIENTED_EDGE('',*,*,#4319,.F.);
#5880=ORIENTED_EDGE('',*,*,#4320,.F.);
#5881=ORIENTED_EDGE('',*,*,#4267,.T.);
#5882=ORIENTED_EDGE('',*,*,#4320,.T.);
#5883=ORIENTED_EDGE('',*,*,#4321,.F.);
#5884=ORIENTED_EDGE('',*,*,#4322,.F.);
#5885=ORIENTED_EDGE('',*,*,#4268,.T.);
#5886=ORIENTED_EDGE('',*,*,#4322,.T.);
#5887=ORIENTED_EDGE('',*,*,#4323,.F.);
#5888=ORIENTED_EDGE('',*,*,#4324,.F.);
#5889=ORIENTED_EDGE('',*,*,#4269,.T.);
#5890=ORIENTED_EDGE('',*,*,#4324,.T.);
#5891=ORIENTED_EDGE('',*,*,#4325,.F.);
#5892=ORIENTED_EDGE('',*,*,#4326,.F.);
#5893=ORIENTED_EDGE('',*,*,#4270,.T.);
#5894=ORIENTED_EDGE('',*,*,#4326,.T.);
#5895=ORIENTED_EDGE('',*,*,#4327,.F.);
#5896=ORIENTED_EDGE('',*,*,#4308,.F.);
#5897=ORIENTED_EDGE('',*,*,#4271,.T.);
#5898=ORIENTED_EDGE('',*,*,#4328,.T.);
#5899=ORIENTED_EDGE('',*,*,#4329,.F.);
#5900=ORIENTED_EDGE('',*,*,#4330,.F.);
#5901=ORIENTED_EDGE('',*,*,#4272,.T.);
#5902=ORIENTED_EDGE('',*,*,#4330,.T.);
#5903=ORIENTED_EDGE('',*,*,#4331,.F.);
#5904=ORIENTED_EDGE('',*,*,#4332,.F.);
#5905=ORIENTED_EDGE('',*,*,#4273,.T.);
#5906=ORIENTED_EDGE('',*,*,#4332,.T.);
#5907=ORIENTED_EDGE('',*,*,#4333,.F.);
#5908=ORIENTED_EDGE('',*,*,#4334,.F.);
#5909=ORIENTED_EDGE('',*,*,#4274,.T.);
#5910=ORIENTED_EDGE('',*,*,#4334,.T.);
#5911=ORIENTED_EDGE('',*,*,#4335,.F.);
#5912=ORIENTED_EDGE('',*,*,#4336,.F.);
#5913=ORIENTED_EDGE('',*,*,#4275,.T.);
#5914=ORIENTED_EDGE('',*,*,#4336,.T.);
#5915=ORIENTED_EDGE('',*,*,#4337,.F.);
#5916=ORIENTED_EDGE('',*,*,#4338,.F.);
#5917=ORIENTED_EDGE('',*,*,#4276,.T.);
#5918=ORIENTED_EDGE('',*,*,#4338,.T.);
#5919=ORIENTED_EDGE('',*,*,#4339,.F.);
#5920=ORIENTED_EDGE('',*,*,#4340,.F.);
#5921=ORIENTED_EDGE('',*,*,#4277,.T.);
#5922=ORIENTED_EDGE('',*,*,#4340,.T.);
#5923=ORIENTED_EDGE('',*,*,#4341,.F.);
#5924=ORIENTED_EDGE('',*,*,#4342,.F.);
#5925=ORIENTED_EDGE('',*,*,#4278,.T.);
#5926=ORIENTED_EDGE('',*,*,#4342,.T.);
#5927=ORIENTED_EDGE('',*,*,#4343,.F.);
#5928=ORIENTED_EDGE('',*,*,#4344,.F.);
#5929=ORIENTED_EDGE('',*,*,#4279,.T.);
#5930=ORIENTED_EDGE('',*,*,#4344,.T.);
#5931=ORIENTED_EDGE('',*,*,#4345,.F.);
#5932=ORIENTED_EDGE('',*,*,#4328,.F.);
#5933=ORIENTED_EDGE('',*,*,#4346,.F.);
#5934=ORIENTED_EDGE('',*,*,#4347,.F.);
#5935=ORIENTED_EDGE('',*,*,#4348,.F.);
#5936=ORIENTED_EDGE('',*,*,#4349,.F.);
#5937=ORIENTED_EDGE('',*,*,#4350,.F.);
#5938=ORIENTED_EDGE('',*,*,#4351,.F.);
#5939=ORIENTED_EDGE('',*,*,#4352,.F.);
#5940=ORIENTED_EDGE('',*,*,#4353,.F.);
#5941=ORIENTED_EDGE('',*,*,#4354,.F.);
#5942=ORIENTED_EDGE('',*,*,#4355,.F.);
#5943=ORIENTED_EDGE('',*,*,#4356,.F.);
#5944=ORIENTED_EDGE('',*,*,#4357,.F.);
#5945=ORIENTED_EDGE('',*,*,#4358,.F.);
#5946=ORIENTED_EDGE('',*,*,#4359,.F.);
#5947=ORIENTED_EDGE('',*,*,#4360,.F.);
#5948=ORIENTED_EDGE('',*,*,#4361,.F.);
#5949=ORIENTED_EDGE('',*,*,#4362,.F.);
#5950=ORIENTED_EDGE('',*,*,#4346,.T.);
#5951=ORIENTED_EDGE('',*,*,#4363,.T.);
#5952=ORIENTED_EDGE('',*,*,#4364,.F.);
#5953=ORIENTED_EDGE('',*,*,#4365,.F.);
#5954=ORIENTED_EDGE('',*,*,#4347,.T.);
#5955=ORIENTED_EDGE('',*,*,#4365,.T.);
#5956=ORIENTED_EDGE('',*,*,#4366,.F.);
#5957=ORIENTED_EDGE('',*,*,#4367,.F.);
#5958=ORIENTED_EDGE('',*,*,#4348,.T.);
#5959=ORIENTED_EDGE('',*,*,#4367,.T.);
#5960=ORIENTED_EDGE('',*,*,#4368,.F.);
#5961=ORIENTED_EDGE('',*,*,#4369,.F.);
#5962=ORIENTED_EDGE('',*,*,#4349,.T.);
#5963=ORIENTED_EDGE('',*,*,#4369,.T.);
#5964=ORIENTED_EDGE('',*,*,#4370,.F.);
#5965=ORIENTED_EDGE('',*,*,#4371,.F.);
#5966=ORIENTED_EDGE('',*,*,#4350,.T.);
#5967=ORIENTED_EDGE('',*,*,#4371,.T.);
#5968=ORIENTED_EDGE('',*,*,#4372,.F.);
#5969=ORIENTED_EDGE('',*,*,#4373,.F.);
#5970=ORIENTED_EDGE('',*,*,#4351,.T.);
#5971=ORIENTED_EDGE('',*,*,#4373,.T.);
#5972=ORIENTED_EDGE('',*,*,#4374,.F.);
#5973=ORIENTED_EDGE('',*,*,#4375,.F.);
#5974=ORIENTED_EDGE('',*,*,#4352,.T.);
#5975=ORIENTED_EDGE('',*,*,#4375,.T.);
#5976=ORIENTED_EDGE('',*,*,#4376,.F.);
#5977=ORIENTED_EDGE('',*,*,#4377,.F.);
#5978=ORIENTED_EDGE('',*,*,#4353,.T.);
#5979=ORIENTED_EDGE('',*,*,#4377,.T.);
#5980=ORIENTED_EDGE('',*,*,#4378,.F.);
#5981=ORIENTED_EDGE('',*,*,#4379,.F.);
#5982=ORIENTED_EDGE('',*,*,#4354,.T.);
#5983=ORIENTED_EDGE('',*,*,#4379,.T.);
#5984=ORIENTED_EDGE('',*,*,#4380,.F.);
#5985=ORIENTED_EDGE('',*,*,#4381,.F.);
#5986=ORIENTED_EDGE('',*,*,#4355,.T.);
#5987=ORIENTED_EDGE('',*,*,#4381,.T.);
#5988=ORIENTED_EDGE('',*,*,#4382,.F.);
#5989=ORIENTED_EDGE('',*,*,#4383,.F.);
#5990=ORIENTED_EDGE('',*,*,#4356,.T.);
#5991=ORIENTED_EDGE('',*,*,#4383,.T.);
#5992=ORIENTED_EDGE('',*,*,#4384,.F.);
#5993=ORIENTED_EDGE('',*,*,#4385,.F.);
#5994=ORIENTED_EDGE('',*,*,#4357,.T.);
#5995=ORIENTED_EDGE('',*,*,#4385,.T.);
#5996=ORIENTED_EDGE('',*,*,#4386,.F.);
#5997=ORIENTED_EDGE('',*,*,#4387,.F.);
#5998=ORIENTED_EDGE('',*,*,#4358,.T.);
#5999=ORIENTED_EDGE('',*,*,#4387,.T.);
#6000=ORIENTED_EDGE('',*,*,#4388,.F.);
#6001=ORIENTED_EDGE('',*,*,#4389,.F.);
#6002=ORIENTED_EDGE('',*,*,#4359,.T.);
#6003=ORIENTED_EDGE('',*,*,#4389,.T.);
#6004=ORIENTED_EDGE('',*,*,#4390,.F.);
#6005=ORIENTED_EDGE('',*,*,#4391,.F.);
#6006=ORIENTED_EDGE('',*,*,#4360,.T.);
#6007=ORIENTED_EDGE('',*,*,#4391,.T.);
#6008=ORIENTED_EDGE('',*,*,#4392,.F.);
#6009=ORIENTED_EDGE('',*,*,#4393,.F.);
#6010=ORIENTED_EDGE('',*,*,#4361,.T.);
#6011=ORIENTED_EDGE('',*,*,#4393,.T.);
#6012=ORIENTED_EDGE('',*,*,#4394,.F.);
#6013=ORIENTED_EDGE('',*,*,#4395,.F.);
#6014=ORIENTED_EDGE('',*,*,#4362,.T.);
#6015=ORIENTED_EDGE('',*,*,#4395,.T.);
#6016=ORIENTED_EDGE('',*,*,#4396,.F.);
#6017=ORIENTED_EDGE('',*,*,#4363,.F.);
#6018=ORIENTED_EDGE('',*,*,#4397,.F.);
#6019=ORIENTED_EDGE('',*,*,#4398,.F.);
#6020=ORIENTED_EDGE('',*,*,#4399,.F.);
#6021=ORIENTED_EDGE('',*,*,#4400,.F.);
#6022=ORIENTED_EDGE('',*,*,#4401,.F.);
#6023=ORIENTED_EDGE('',*,*,#4402,.F.);
#6024=ORIENTED_EDGE('',*,*,#4403,.F.);
#6025=ORIENTED_EDGE('',*,*,#4404,.F.);
#6026=ORIENTED_EDGE('',*,*,#4405,.F.);
#6027=ORIENTED_EDGE('',*,*,#4406,.F.);
#6028=ORIENTED_EDGE('',*,*,#4407,.F.);
#6029=ORIENTED_EDGE('',*,*,#4408,.F.);
#6030=ORIENTED_EDGE('',*,*,#4409,.F.);
#6031=ORIENTED_EDGE('',*,*,#4410,.F.);
#6032=ORIENTED_EDGE('',*,*,#4411,.F.);
#6033=ORIENTED_EDGE('',*,*,#4412,.F.);
#6034=ORIENTED_EDGE('',*,*,#4413,.F.);
#6035=ORIENTED_EDGE('',*,*,#4414,.F.);
#6036=ORIENTED_EDGE('',*,*,#4415,.F.);
#6037=ORIENTED_EDGE('',*,*,#4416,.F.);
#6038=ORIENTED_EDGE('',*,*,#4417,.F.);
#6039=ORIENTED_EDGE('',*,*,#4418,.F.);
#6040=ORIENTED_EDGE('',*,*,#4397,.T.);
#6041=ORIENTED_EDGE('',*,*,#4419,.T.);
#6042=ORIENTED_EDGE('',*,*,#4420,.F.);
#6043=ORIENTED_EDGE('',*,*,#4421,.F.);
#6044=ORIENTED_EDGE('',*,*,#4398,.T.);
#6045=ORIENTED_EDGE('',*,*,#4421,.T.);
#6046=ORIENTED_EDGE('',*,*,#4422,.F.);
#6047=ORIENTED_EDGE('',*,*,#4423,.F.);
#6048=ORIENTED_EDGE('',*,*,#4399,.T.);
#6049=ORIENTED_EDGE('',*,*,#4423,.T.);
#6050=ORIENTED_EDGE('',*,*,#4424,.F.);
#6051=ORIENTED_EDGE('',*,*,#4425,.F.);
#6052=ORIENTED_EDGE('',*,*,#4400,.T.);
#6053=ORIENTED_EDGE('',*,*,#4425,.T.);
#6054=ORIENTED_EDGE('',*,*,#4426,.F.);
#6055=ORIENTED_EDGE('',*,*,#4427,.F.);
#6056=ORIENTED_EDGE('',*,*,#4401,.T.);
#6057=ORIENTED_EDGE('',*,*,#4427,.T.);
#6058=ORIENTED_EDGE('',*,*,#4428,.F.);
#6059=ORIENTED_EDGE('',*,*,#4429,.F.);
#6060=ORIENTED_EDGE('',*,*,#4402,.T.);
#6061=ORIENTED_EDGE('',*,*,#4429,.T.);
#6062=ORIENTED_EDGE('',*,*,#4430,.F.);
#6063=ORIENTED_EDGE('',*,*,#4431,.F.);
#6064=ORIENTED_EDGE('',*,*,#4403,.T.);
#6065=ORIENTED_EDGE('',*,*,#4431,.T.);
#6066=ORIENTED_EDGE('',*,*,#4432,.F.);
#6067=ORIENTED_EDGE('',*,*,#4433,.F.);
#6068=ORIENTED_EDGE('',*,*,#4404,.T.);
#6069=ORIENTED_EDGE('',*,*,#4433,.T.);
#6070=ORIENTED_EDGE('',*,*,#4434,.F.);
#6071=ORIENTED_EDGE('',*,*,#4435,.F.);
#6072=ORIENTED_EDGE('',*,*,#4405,.T.);
#6073=ORIENTED_EDGE('',*,*,#4435,.T.);
#6074=ORIENTED_EDGE('',*,*,#4436,.F.);
#6075=ORIENTED_EDGE('',*,*,#4437,.F.);
#6076=ORIENTED_EDGE('',*,*,#4406,.T.);
#6077=ORIENTED_EDGE('',*,*,#4437,.T.);
#6078=ORIENTED_EDGE('',*,*,#4438,.F.);
#6079=ORIENTED_EDGE('',*,*,#4439,.F.);
#6080=ORIENTED_EDGE('',*,*,#4407,.T.);
#6081=ORIENTED_EDGE('',*,*,#4439,.T.);
#6082=ORIENTED_EDGE('',*,*,#4440,.F.);
#6083=ORIENTED_EDGE('',*,*,#4441,.F.);
#6084=ORIENTED_EDGE('',*,*,#4408,.T.);
#6085=ORIENTED_EDGE('',*,*,#4441,.T.);
#6086=ORIENTED_EDGE('',*,*,#4442,.F.);
#6087=ORIENTED_EDGE('',*,*,#4443,.F.);
#6088=ORIENTED_EDGE('',*,*,#4409,.T.);
#6089=ORIENTED_EDGE('',*,*,#4443,.T.);
#6090=ORIENTED_EDGE('',*,*,#4444,.F.);
#6091=ORIENTED_EDGE('',*,*,#4445,.F.);
#6092=ORIENTED_EDGE('',*,*,#4410,.T.);
#6093=ORIENTED_EDGE('',*,*,#4445,.T.);
#6094=ORIENTED_EDGE('',*,*,#4446,.F.);
#6095=ORIENTED_EDGE('',*,*,#4447,.F.);
#6096=ORIENTED_EDGE('',*,*,#4411,.T.);
#6097=ORIENTED_EDGE('',*,*,#4447,.T.);
#6098=ORIENTED_EDGE('',*,*,#4448,.F.);
#6099=ORIENTED_EDGE('',*,*,#4449,.F.);
#6100=ORIENTED_EDGE('',*,*,#4412,.T.);
#6101=ORIENTED_EDGE('',*,*,#4449,.T.);
#6102=ORIENTED_EDGE('',*,*,#4450,.F.);
#6103=ORIENTED_EDGE('',*,*,#4451,.F.);
#6104=ORIENTED_EDGE('',*,*,#4413,.T.);
#6105=ORIENTED_EDGE('',*,*,#4451,.T.);
#6106=ORIENTED_EDGE('',*,*,#4452,.F.);
#6107=ORIENTED_EDGE('',*,*,#4453,.F.);
#6108=ORIENTED_EDGE('',*,*,#4414,.T.);
#6109=ORIENTED_EDGE('',*,*,#4453,.T.);
#6110=ORIENTED_EDGE('',*,*,#4454,.F.);
#6111=ORIENTED_EDGE('',*,*,#4455,.F.);
#6112=ORIENTED_EDGE('',*,*,#4415,.T.);
#6113=ORIENTED_EDGE('',*,*,#4455,.T.);
#6114=ORIENTED_EDGE('',*,*,#4456,.F.);
#6115=ORIENTED_EDGE('',*,*,#4457,.F.);
#6116=ORIENTED_EDGE('',*,*,#4416,.T.);
#6117=ORIENTED_EDGE('',*,*,#4457,.T.);
#6118=ORIENTED_EDGE('',*,*,#4458,.F.);
#6119=ORIENTED_EDGE('',*,*,#4459,.F.);
#6120=ORIENTED_EDGE('',*,*,#4417,.T.);
#6121=ORIENTED_EDGE('',*,*,#4459,.T.);
#6122=ORIENTED_EDGE('',*,*,#4460,.F.);
#6123=ORIENTED_EDGE('',*,*,#4461,.F.);
#6124=ORIENTED_EDGE('',*,*,#4418,.T.);
#6125=ORIENTED_EDGE('',*,*,#4461,.T.);
#6126=ORIENTED_EDGE('',*,*,#4462,.F.);
#6127=ORIENTED_EDGE('',*,*,#4419,.F.);
#6128=ORIENTED_EDGE('',*,*,#4463,.F.);
#6129=ORIENTED_EDGE('',*,*,#4464,.F.);
#6130=ORIENTED_EDGE('',*,*,#4465,.F.);
#6131=ORIENTED_EDGE('',*,*,#4466,.F.);
#6132=ORIENTED_EDGE('',*,*,#4467,.F.);
#6133=ORIENTED_EDGE('',*,*,#4468,.F.);
#6134=ORIENTED_EDGE('',*,*,#4469,.F.);
#6135=ORIENTED_EDGE('',*,*,#4470,.F.);
#6136=ORIENTED_EDGE('',*,*,#4471,.F.);
#6137=ORIENTED_EDGE('',*,*,#4472,.F.);
#6138=ORIENTED_EDGE('',*,*,#4473,.F.);
#6139=ORIENTED_EDGE('',*,*,#4474,.F.);
#6140=ORIENTED_EDGE('',*,*,#4475,.F.);
#6141=ORIENTED_EDGE('',*,*,#4476,.F.);
#6142=ORIENTED_EDGE('',*,*,#4477,.F.);
#6143=ORIENTED_EDGE('',*,*,#4478,.F.);
#6144=ORIENTED_EDGE('',*,*,#4479,.F.);
#6145=ORIENTED_EDGE('',*,*,#4480,.F.);
#6146=ORIENTED_EDGE('',*,*,#4481,.F.);
#6147=ORIENTED_EDGE('',*,*,#4482,.F.);
#6148=ORIENTED_EDGE('',*,*,#4483,.F.);
#6149=ORIENTED_EDGE('',*,*,#4484,.F.);
#6150=ORIENTED_EDGE('',*,*,#4485,.F.);
#6151=ORIENTED_EDGE('',*,*,#4486,.F.);
#6152=ORIENTED_EDGE('',*,*,#4487,.F.);
#6153=ORIENTED_EDGE('',*,*,#4488,.F.);
#6154=ORIENTED_EDGE('',*,*,#4489,.F.);
#6155=ORIENTED_EDGE('',*,*,#4490,.F.);
#6156=ORIENTED_EDGE('',*,*,#4491,.F.);
#6157=ORIENTED_EDGE('',*,*,#4492,.F.);
#6158=ORIENTED_EDGE('',*,*,#4463,.T.);
#6159=ORIENTED_EDGE('',*,*,#4493,.T.);
#6160=ORIENTED_EDGE('',*,*,#4494,.F.);
#6161=ORIENTED_EDGE('',*,*,#4495,.F.);
#6162=ORIENTED_EDGE('',*,*,#4464,.T.);
#6163=ORIENTED_EDGE('',*,*,#4495,.T.);
#6164=ORIENTED_EDGE('',*,*,#4496,.F.);
#6165=ORIENTED_EDGE('',*,*,#4497,.F.);
#6166=ORIENTED_EDGE('',*,*,#4465,.T.);
#6167=ORIENTED_EDGE('',*,*,#4497,.T.);
#6168=ORIENTED_EDGE('',*,*,#4498,.F.);
#6169=ORIENTED_EDGE('',*,*,#4499,.F.);
#6170=ORIENTED_EDGE('',*,*,#4466,.T.);
#6171=ORIENTED_EDGE('',*,*,#4499,.T.);
#6172=ORIENTED_EDGE('',*,*,#4500,.F.);
#6173=ORIENTED_EDGE('',*,*,#4501,.F.);
#6174=ORIENTED_EDGE('',*,*,#4467,.T.);
#6175=ORIENTED_EDGE('',*,*,#4501,.T.);
#6176=ORIENTED_EDGE('',*,*,#4502,.F.);
#6177=ORIENTED_EDGE('',*,*,#4503,.F.);
#6178=ORIENTED_EDGE('',*,*,#4468,.T.);
#6179=ORIENTED_EDGE('',*,*,#4503,.T.);
#6180=ORIENTED_EDGE('',*,*,#4504,.F.);
#6181=ORIENTED_EDGE('',*,*,#4505,.F.);
#6182=ORIENTED_EDGE('',*,*,#4469,.T.);
#6183=ORIENTED_EDGE('',*,*,#4505,.T.);
#6184=ORIENTED_EDGE('',*,*,#4506,.F.);
#6185=ORIENTED_EDGE('',*,*,#4507,.F.);
#6186=ORIENTED_EDGE('',*,*,#4470,.T.);
#6187=ORIENTED_EDGE('',*,*,#4507,.T.);
#6188=ORIENTED_EDGE('',*,*,#4508,.F.);
#6189=ORIENTED_EDGE('',*,*,#4509,.F.);
#6190=ORIENTED_EDGE('',*,*,#4471,.T.);
#6191=ORIENTED_EDGE('',*,*,#4509,.T.);
#6192=ORIENTED_EDGE('',*,*,#4510,.F.);
#6193=ORIENTED_EDGE('',*,*,#4511,.F.);
#6194=ORIENTED_EDGE('',*,*,#4472,.T.);
#6195=ORIENTED_EDGE('',*,*,#4511,.T.);
#6196=ORIENTED_EDGE('',*,*,#4512,.F.);
#6197=ORIENTED_EDGE('',*,*,#4513,.F.);
#6198=ORIENTED_EDGE('',*,*,#4473,.T.);
#6199=ORIENTED_EDGE('',*,*,#4513,.T.);
#6200=ORIENTED_EDGE('',*,*,#4514,.F.);
#6201=ORIENTED_EDGE('',*,*,#4515,.F.);
#6202=ORIENTED_EDGE('',*,*,#4474,.T.);
#6203=ORIENTED_EDGE('',*,*,#4515,.T.);
#6204=ORIENTED_EDGE('',*,*,#4516,.F.);
#6205=ORIENTED_EDGE('',*,*,#4517,.F.);
#6206=ORIENTED_EDGE('',*,*,#4475,.T.);
#6207=ORIENTED_EDGE('',*,*,#4517,.T.);
#6208=ORIENTED_EDGE('',*,*,#4518,.F.);
#6209=ORIENTED_EDGE('',*,*,#4519,.F.);
#6210=ORIENTED_EDGE('',*,*,#4476,.T.);
#6211=ORIENTED_EDGE('',*,*,#4519,.T.);
#6212=ORIENTED_EDGE('',*,*,#4520,.F.);
#6213=ORIENTED_EDGE('',*,*,#4521,.F.);
#6214=ORIENTED_EDGE('',*,*,#4477,.T.);
#6215=ORIENTED_EDGE('',*,*,#4521,.T.);
#6216=ORIENTED_EDGE('',*,*,#4522,.F.);
#6217=ORIENTED_EDGE('',*,*,#4523,.F.);
#6218=ORIENTED_EDGE('',*,*,#4478,.T.);
#6219=ORIENTED_EDGE('',*,*,#4523,.T.);
#6220=ORIENTED_EDGE('',*,*,#4524,.F.);
#6221=ORIENTED_EDGE('',*,*,#4525,.F.);
#6222=ORIENTED_EDGE('',*,*,#4479,.T.);
#6223=ORIENTED_EDGE('',*,*,#4525,.T.);
#6224=ORIENTED_EDGE('',*,*,#4526,.F.);
#6225=ORIENTED_EDGE('',*,*,#4527,.F.);
#6226=ORIENTED_EDGE('',*,*,#4480,.T.);
#6227=ORIENTED_EDGE('',*,*,#4527,.T.);
#6228=ORIENTED_EDGE('',*,*,#4528,.F.);
#6229=ORIENTED_EDGE('',*,*,#4529,.F.);
#6230=ORIENTED_EDGE('',*,*,#4481,.T.);
#6231=ORIENTED_EDGE('',*,*,#4529,.T.);
#6232=ORIENTED_EDGE('',*,*,#4530,.F.);
#6233=ORIENTED_EDGE('',*,*,#4531,.F.);
#6234=ORIENTED_EDGE('',*,*,#4482,.T.);
#6235=ORIENTED_EDGE('',*,*,#4531,.T.);
#6236=ORIENTED_EDGE('',*,*,#4532,.F.);
#6237=ORIENTED_EDGE('',*,*,#4533,.F.);
#6238=ORIENTED_EDGE('',*,*,#4483,.T.);
#6239=ORIENTED_EDGE('',*,*,#4533,.T.);
#6240=ORIENTED_EDGE('',*,*,#4534,.F.);
#6241=ORIENTED_EDGE('',*,*,#4535,.F.);
#6242=ORIENTED_EDGE('',*,*,#4484,.T.);
#6243=ORIENTED_EDGE('',*,*,#4535,.T.);
#6244=ORIENTED_EDGE('',*,*,#4536,.F.);
#6245=ORIENTED_EDGE('',*,*,#4537,.F.);
#6246=ORIENTED_EDGE('',*,*,#4485,.T.);
#6247=ORIENTED_EDGE('',*,*,#4537,.T.);
#6248=ORIENTED_EDGE('',*,*,#4538,.F.);
#6249=ORIENTED_EDGE('',*,*,#4539,.F.);
#6250=ORIENTED_EDGE('',*,*,#4486,.T.);
#6251=ORIENTED_EDGE('',*,*,#4539,.T.);
#6252=ORIENTED_EDGE('',*,*,#4540,.F.);
#6253=ORIENTED_EDGE('',*,*,#4541,.F.);
#6254=ORIENTED_EDGE('',*,*,#4487,.T.);
#6255=ORIENTED_EDGE('',*,*,#4541,.T.);
#6256=ORIENTED_EDGE('',*,*,#4542,.F.);
#6257=ORIENTED_EDGE('',*,*,#4543,.F.);
#6258=ORIENTED_EDGE('',*,*,#4488,.T.);
#6259=ORIENTED_EDGE('',*,*,#4543,.T.);
#6260=ORIENTED_EDGE('',*,*,#4544,.F.);
#6261=ORIENTED_EDGE('',*,*,#4545,.F.);
#6262=ORIENTED_EDGE('',*,*,#4489,.T.);
#6263=ORIENTED_EDGE('',*,*,#4545,.T.);
#6264=ORIENTED_EDGE('',*,*,#4546,.F.);
#6265=ORIENTED_EDGE('',*,*,#4547,.F.);
#6266=ORIENTED_EDGE('',*,*,#4490,.T.);
#6267=ORIENTED_EDGE('',*,*,#4547,.T.);
#6268=ORIENTED_EDGE('',*,*,#4548,.F.);
#6269=ORIENTED_EDGE('',*,*,#4549,.F.);
#6270=ORIENTED_EDGE('',*,*,#4491,.T.);
#6271=ORIENTED_EDGE('',*,*,#4549,.T.);
#6272=ORIENTED_EDGE('',*,*,#4550,.F.);
#6273=ORIENTED_EDGE('',*,*,#4551,.F.);
#6274=ORIENTED_EDGE('',*,*,#4492,.T.);
#6275=ORIENTED_EDGE('',*,*,#4551,.T.);
#6276=ORIENTED_EDGE('',*,*,#4552,.F.);
#6277=ORIENTED_EDGE('',*,*,#4493,.F.);
#6278=ORIENTED_EDGE('',*,*,#4553,.F.);
#6279=ORIENTED_EDGE('',*,*,#4554,.F.);
#6280=ORIENTED_EDGE('',*,*,#4555,.F.);
#6281=ORIENTED_EDGE('',*,*,#4556,.F.);
#6282=ORIENTED_EDGE('',*,*,#4557,.F.);
#6283=ORIENTED_EDGE('',*,*,#4558,.F.);
#6284=ORIENTED_EDGE('',*,*,#4559,.F.);
#6285=ORIENTED_EDGE('',*,*,#4560,.F.);
#6286=ORIENTED_EDGE('',*,*,#4561,.F.);
#6287=ORIENTED_EDGE('',*,*,#4562,.F.);
#6288=ORIENTED_EDGE('',*,*,#4563,.F.);
#6289=ORIENTED_EDGE('',*,*,#4564,.F.);
#6290=ORIENTED_EDGE('',*,*,#4565,.F.);
#6291=ORIENTED_EDGE('',*,*,#4566,.F.);
#6292=ORIENTED_EDGE('',*,*,#4567,.F.);
#6293=ORIENTED_EDGE('',*,*,#4568,.F.);
#6294=ORIENTED_EDGE('',*,*,#4569,.F.);
#6295=ORIENTED_EDGE('',*,*,#4570,.F.);
#6296=ORIENTED_EDGE('',*,*,#4571,.F.);
#6297=ORIENTED_EDGE('',*,*,#4572,.F.);
#6298=ORIENTED_EDGE('',*,*,#4573,.F.);
#6299=ORIENTED_EDGE('',*,*,#4574,.F.);
#6300=ORIENTED_EDGE('',*,*,#4575,.F.);
#6301=ORIENTED_EDGE('',*,*,#4576,.F.);
#6302=ORIENTED_EDGE('',*,*,#4577,.F.);
#6303=ORIENTED_EDGE('',*,*,#4578,.F.);
#6304=ORIENTED_EDGE('',*,*,#4579,.F.);
#6305=ORIENTED_EDGE('',*,*,#4580,.F.);
#6306=ORIENTED_EDGE('',*,*,#4581,.F.);
#6307=ORIENTED_EDGE('',*,*,#4582,.F.);
#6308=ORIENTED_EDGE('',*,*,#4583,.F.);
#6309=ORIENTED_EDGE('',*,*,#4584,.F.);
#6310=ORIENTED_EDGE('',*,*,#4585,.F.);
#6311=ORIENTED_EDGE('',*,*,#4586,.F.);
#6312=ORIENTED_EDGE('',*,*,#4587,.F.);
#6313=ORIENTED_EDGE('',*,*,#4553,.T.);
#6314=ORIENTED_EDGE('',*,*,#4588,.T.);
#6315=ORIENTED_EDGE('',*,*,#4589,.F.);
#6316=ORIENTED_EDGE('',*,*,#4590,.F.);
#6317=ORIENTED_EDGE('',*,*,#4554,.T.);
#6318=ORIENTED_EDGE('',*,*,#4590,.T.);
#6319=ORIENTED_EDGE('',*,*,#4591,.F.);
#6320=ORIENTED_EDGE('',*,*,#4592,.F.);
#6321=ORIENTED_EDGE('',*,*,#4555,.T.);
#6322=ORIENTED_EDGE('',*,*,#4592,.T.);
#6323=ORIENTED_EDGE('',*,*,#4593,.F.);
#6324=ORIENTED_EDGE('',*,*,#4594,.F.);
#6325=ORIENTED_EDGE('',*,*,#4556,.T.);
#6326=ORIENTED_EDGE('',*,*,#4594,.T.);
#6327=ORIENTED_EDGE('',*,*,#4595,.F.);
#6328=ORIENTED_EDGE('',*,*,#4596,.F.);
#6329=ORIENTED_EDGE('',*,*,#4557,.T.);
#6330=ORIENTED_EDGE('',*,*,#4596,.T.);
#6331=ORIENTED_EDGE('',*,*,#4597,.F.);
#6332=ORIENTED_EDGE('',*,*,#4598,.F.);
#6333=ORIENTED_EDGE('',*,*,#4558,.T.);
#6334=ORIENTED_EDGE('',*,*,#4598,.T.);
#6335=ORIENTED_EDGE('',*,*,#4599,.F.);
#6336=ORIENTED_EDGE('',*,*,#4600,.F.);
#6337=ORIENTED_EDGE('',*,*,#4559,.T.);
#6338=ORIENTED_EDGE('',*,*,#4600,.T.);
#6339=ORIENTED_EDGE('',*,*,#4601,.F.);
#6340=ORIENTED_EDGE('',*,*,#4602,.F.);
#6341=ORIENTED_EDGE('',*,*,#4560,.T.);
#6342=ORIENTED_EDGE('',*,*,#4602,.T.);
#6343=ORIENTED_EDGE('',*,*,#4603,.F.);
#6344=ORIENTED_EDGE('',*,*,#4604,.F.);
#6345=ORIENTED_EDGE('',*,*,#4561,.T.);
#6346=ORIENTED_EDGE('',*,*,#4604,.T.);
#6347=ORIENTED_EDGE('',*,*,#4605,.F.);
#6348=ORIENTED_EDGE('',*,*,#4606,.F.);
#6349=ORIENTED_EDGE('',*,*,#4562,.T.);
#6350=ORIENTED_EDGE('',*,*,#4606,.T.);
#6351=ORIENTED_EDGE('',*,*,#4607,.F.);
#6352=ORIENTED_EDGE('',*,*,#4608,.F.);
#6353=ORIENTED_EDGE('',*,*,#4563,.T.);
#6354=ORIENTED_EDGE('',*,*,#4608,.T.);
#6355=ORIENTED_EDGE('',*,*,#4609,.F.);
#6356=ORIENTED_EDGE('',*,*,#4610,.F.);
#6357=ORIENTED_EDGE('',*,*,#4564,.T.);
#6358=ORIENTED_EDGE('',*,*,#4610,.T.);
#6359=ORIENTED_EDGE('',*,*,#4611,.F.);
#6360=ORIENTED_EDGE('',*,*,#4612,.F.);
#6361=ORIENTED_EDGE('',*,*,#4565,.T.);
#6362=ORIENTED_EDGE('',*,*,#4612,.T.);
#6363=ORIENTED_EDGE('',*,*,#4613,.F.);
#6364=ORIENTED_EDGE('',*,*,#4614,.F.);
#6365=ORIENTED_EDGE('',*,*,#4566,.T.);
#6366=ORIENTED_EDGE('',*,*,#4614,.T.);
#6367=ORIENTED_EDGE('',*,*,#4615,.F.);
#6368=ORIENTED_EDGE('',*,*,#4616,.F.);
#6369=ORIENTED_EDGE('',*,*,#4567,.T.);
#6370=ORIENTED_EDGE('',*,*,#4616,.T.);
#6371=ORIENTED_EDGE('',*,*,#4617,.F.);
#6372=ORIENTED_EDGE('',*,*,#4618,.F.);
#6373=ORIENTED_EDGE('',*,*,#4568,.T.);
#6374=ORIENTED_EDGE('',*,*,#4618,.T.);
#6375=ORIENTED_EDGE('',*,*,#4619,.F.);
#6376=ORIENTED_EDGE('',*,*,#4620,.F.);
#6377=ORIENTED_EDGE('',*,*,#4569,.T.);
#6378=ORIENTED_EDGE('',*,*,#4620,.T.);
#6379=ORIENTED_EDGE('',*,*,#4621,.F.);
#6380=ORIENTED_EDGE('',*,*,#4622,.F.);
#6381=ORIENTED_EDGE('',*,*,#4570,.T.);
#6382=ORIENTED_EDGE('',*,*,#4622,.T.);
#6383=ORIENTED_EDGE('',*,*,#4623,.F.);
#6384=ORIENTED_EDGE('',*,*,#4624,.F.);
#6385=ORIENTED_EDGE('',*,*,#4571,.T.);
#6386=ORIENTED_EDGE('',*,*,#4624,.T.);
#6387=ORIENTED_EDGE('',*,*,#4625,.F.);
#6388=ORIENTED_EDGE('',*,*,#4626,.F.);
#6389=ORIENTED_EDGE('',*,*,#4572,.T.);
#6390=ORIENTED_EDGE('',*,*,#4626,.T.);
#6391=ORIENTED_EDGE('',*,*,#4627,.F.);
#6392=ORIENTED_EDGE('',*,*,#4628,.F.);
#6393=ORIENTED_EDGE('',*,*,#4573,.T.);
#6394=ORIENTED_EDGE('',*,*,#4628,.T.);
#6395=ORIENTED_EDGE('',*,*,#4629,.F.);
#6396=ORIENTED_EDGE('',*,*,#4630,.F.);
#6397=ORIENTED_EDGE('',*,*,#4574,.T.);
#6398=ORIENTED_EDGE('',*,*,#4630,.T.);
#6399=ORIENTED_EDGE('',*,*,#4631,.F.);
#6400=ORIENTED_EDGE('',*,*,#4632,.F.);
#6401=ORIENTED_EDGE('',*,*,#4575,.T.);
#6402=ORIENTED_EDGE('',*,*,#4632,.T.);
#6403=ORIENTED_EDGE('',*,*,#4633,.F.);
#6404=ORIENTED_EDGE('',*,*,#4634,.F.);
#6405=ORIENTED_EDGE('',*,*,#4576,.T.);
#6406=ORIENTED_EDGE('',*,*,#4634,.T.);
#6407=ORIENTED_EDGE('',*,*,#4635,.F.);
#6408=ORIENTED_EDGE('',*,*,#4636,.F.);
#6409=ORIENTED_EDGE('',*,*,#4577,.T.);
#6410=ORIENTED_EDGE('',*,*,#4636,.T.);
#6411=ORIENTED_EDGE('',*,*,#4637,.F.);
#6412=ORIENTED_EDGE('',*,*,#4638,.F.);
#6413=ORIENTED_EDGE('',*,*,#4578,.T.);
#6414=ORIENTED_EDGE('',*,*,#4638,.T.);
#6415=ORIENTED_EDGE('',*,*,#4639,.F.);
#6416=ORIENTED_EDGE('',*,*,#4640,.F.);
#6417=ORIENTED_EDGE('',*,*,#4579,.T.);
#6418=ORIENTED_EDGE('',*,*,#4640,.T.);
#6419=ORIENTED_EDGE('',*,*,#4641,.F.);
#6420=ORIENTED_EDGE('',*,*,#4642,.F.);
#6421=ORIENTED_EDGE('',*,*,#4580,.T.);
#6422=ORIENTED_EDGE('',*,*,#4642,.T.);
#6423=ORIENTED_EDGE('',*,*,#4643,.F.);
#6424=ORIENTED_EDGE('',*,*,#4644,.F.);
#6425=ORIENTED_EDGE('',*,*,#4581,.T.);
#6426=ORIENTED_EDGE('',*,*,#4644,.T.);
#6427=ORIENTED_EDGE('',*,*,#4645,.F.);
#6428=ORIENTED_EDGE('',*,*,#4646,.F.);
#6429=ORIENTED_EDGE('',*,*,#4582,.T.);
#6430=ORIENTED_EDGE('',*,*,#4646,.T.);
#6431=ORIENTED_EDGE('',*,*,#4647,.F.);
#6432=ORIENTED_EDGE('',*,*,#4648,.F.);
#6433=ORIENTED_EDGE('',*,*,#4583,.T.);
#6434=ORIENTED_EDGE('',*,*,#4648,.T.);
#6435=ORIENTED_EDGE('',*,*,#4649,.F.);
#6436=ORIENTED_EDGE('',*,*,#4650,.F.);
#6437=ORIENTED_EDGE('',*,*,#4584,.T.);
#6438=ORIENTED_EDGE('',*,*,#4650,.T.);
#6439=ORIENTED_EDGE('',*,*,#4651,.F.);
#6440=ORIENTED_EDGE('',*,*,#4652,.F.);
#6441=ORIENTED_EDGE('',*,*,#4585,.T.);
#6442=ORIENTED_EDGE('',*,*,#4652,.T.);
#6443=ORIENTED_EDGE('',*,*,#4653,.F.);
#6444=ORIENTED_EDGE('',*,*,#4654,.F.);
#6445=ORIENTED_EDGE('',*,*,#4586,.T.);
#6446=ORIENTED_EDGE('',*,*,#4654,.T.);
#6447=ORIENTED_EDGE('',*,*,#4655,.F.);
#6448=ORIENTED_EDGE('',*,*,#4656,.F.);
#6449=ORIENTED_EDGE('',*,*,#4587,.T.);
#6450=ORIENTED_EDGE('',*,*,#4656,.T.);
#6451=ORIENTED_EDGE('',*,*,#4657,.F.);
#6452=ORIENTED_EDGE('',*,*,#4588,.F.);
#6453=ORIENTED_EDGE('',*,*,#4329,.T.);
#6454=ORIENTED_EDGE('',*,*,#4345,.T.);
#6455=ORIENTED_EDGE('',*,*,#4343,.T.);
#6456=ORIENTED_EDGE('',*,*,#4341,.T.);
#6457=ORIENTED_EDGE('',*,*,#4339,.T.);
#6458=ORIENTED_EDGE('',*,*,#4337,.T.);
#6459=ORIENTED_EDGE('',*,*,#4335,.T.);
#6460=ORIENTED_EDGE('',*,*,#4333,.T.);
#6461=ORIENTED_EDGE('',*,*,#4331,.T.);
#6462=ORIENTED_EDGE('',*,*,#4309,.T.);
#6463=ORIENTED_EDGE('',*,*,#4327,.T.);
#6464=ORIENTED_EDGE('',*,*,#4325,.T.);
#6465=ORIENTED_EDGE('',*,*,#4323,.T.);
#6466=ORIENTED_EDGE('',*,*,#4321,.T.);
#6467=ORIENTED_EDGE('',*,*,#4319,.T.);
#6468=ORIENTED_EDGE('',*,*,#4317,.T.);
#6469=ORIENTED_EDGE('',*,*,#4315,.T.);
#6470=ORIENTED_EDGE('',*,*,#4313,.T.);
#6471=ORIENTED_EDGE('',*,*,#4311,.T.);
#6472=ORIENTED_EDGE('',*,*,#4081,.T.);
#6473=ORIENTED_EDGE('',*,*,#4087,.T.);
#6474=ORIENTED_EDGE('',*,*,#4085,.T.);
#6475=ORIENTED_EDGE('',*,*,#4083,.T.);
#6476=ORIENTED_EDGE('',*,*,#4281,.T.);
#6477=ORIENTED_EDGE('',*,*,#4307,.T.);
#6478=ORIENTED_EDGE('',*,*,#4305,.T.);
#6479=ORIENTED_EDGE('',*,*,#4303,.T.);
#6480=ORIENTED_EDGE('',*,*,#4301,.T.);
#6481=ORIENTED_EDGE('',*,*,#4299,.T.);
#6482=ORIENTED_EDGE('',*,*,#4297,.T.);
#6483=ORIENTED_EDGE('',*,*,#4295,.T.);
#6484=ORIENTED_EDGE('',*,*,#4293,.T.);
#6485=ORIENTED_EDGE('',*,*,#4291,.T.);
#6486=ORIENTED_EDGE('',*,*,#4289,.T.);
#6487=ORIENTED_EDGE('',*,*,#4287,.T.);
#6488=ORIENTED_EDGE('',*,*,#4285,.T.);
#6489=ORIENTED_EDGE('',*,*,#4283,.T.);
#6490=ORIENTED_EDGE('',*,*,#4208,.T.);
#6491=ORIENTED_EDGE('',*,*,#4246,.T.);
#6492=ORIENTED_EDGE('',*,*,#4244,.T.);
#6493=ORIENTED_EDGE('',*,*,#4242,.T.);
#6494=ORIENTED_EDGE('',*,*,#4240,.T.);
#6495=ORIENTED_EDGE('',*,*,#4238,.T.);
#6496=ORIENTED_EDGE('',*,*,#4236,.T.);
#6497=ORIENTED_EDGE('',*,*,#4234,.T.);
#6498=ORIENTED_EDGE('',*,*,#4232,.T.);
#6499=ORIENTED_EDGE('',*,*,#4230,.T.);
#6500=ORIENTED_EDGE('',*,*,#4228,.T.);
#6501=ORIENTED_EDGE('',*,*,#4226,.T.);
#6502=ORIENTED_EDGE('',*,*,#4224,.T.);
#6503=ORIENTED_EDGE('',*,*,#4222,.T.);
#6504=ORIENTED_EDGE('',*,*,#4220,.T.);
#6505=ORIENTED_EDGE('',*,*,#4218,.T.);
#6506=ORIENTED_EDGE('',*,*,#4216,.T.);
#6507=ORIENTED_EDGE('',*,*,#4214,.T.);
#6508=ORIENTED_EDGE('',*,*,#4212,.T.);
#6509=ORIENTED_EDGE('',*,*,#4210,.T.);
#6510=ORIENTED_EDGE('',*,*,#4148,.T.);
#6511=ORIENTED_EDGE('',*,*,#4186,.T.);
#6512=ORIENTED_EDGE('',*,*,#4184,.T.);
#6513=ORIENTED_EDGE('',*,*,#4182,.T.);
#6514=ORIENTED_EDGE('',*,*,#4180,.T.);
#6515=ORIENTED_EDGE('',*,*,#4178,.T.);
#6516=ORIENTED_EDGE('',*,*,#4176,.T.);
#6517=ORIENTED_EDGE('',*,*,#4174,.T.);
#6518=ORIENTED_EDGE('',*,*,#4172,.T.);
#6519=ORIENTED_EDGE('',*,*,#4170,.T.);
#6520=ORIENTED_EDGE('',*,*,#4168,.T.);
#6521=ORIENTED_EDGE('',*,*,#4166,.T.);
#6522=ORIENTED_EDGE('',*,*,#4164,.T.);
#6523=ORIENTED_EDGE('',*,*,#4162,.T.);
#6524=ORIENTED_EDGE('',*,*,#4160,.T.);
#6525=ORIENTED_EDGE('',*,*,#4158,.T.);
#6526=ORIENTED_EDGE('',*,*,#4156,.T.);
#6527=ORIENTED_EDGE('',*,*,#4154,.T.);
#6528=ORIENTED_EDGE('',*,*,#4152,.T.);
#6529=ORIENTED_EDGE('',*,*,#4150,.T.);
#6530=ORIENTED_EDGE('',*,*,#4102,.T.);
#6531=ORIENTED_EDGE('',*,*,#4126,.T.);
#6532=ORIENTED_EDGE('',*,*,#4124,.T.);
#6533=ORIENTED_EDGE('',*,*,#4122,.T.);
#6534=ORIENTED_EDGE('',*,*,#4120,.T.);
#6535=ORIENTED_EDGE('',*,*,#4118,.T.);
#6536=ORIENTED_EDGE('',*,*,#4116,.T.);
#6537=ORIENTED_EDGE('',*,*,#4114,.T.);
#6538=ORIENTED_EDGE('',*,*,#4112,.T.);
#6539=ORIENTED_EDGE('',*,*,#4110,.T.);
#6540=ORIENTED_EDGE('',*,*,#4108,.T.);
#6541=ORIENTED_EDGE('',*,*,#4106,.T.);
#6542=ORIENTED_EDGE('',*,*,#4104,.T.);
#6543=ORIENTED_EDGE('',*,*,#3941,.T.);
#6544=ORIENTED_EDGE('',*,*,#3969,.T.);
#6545=ORIENTED_EDGE('',*,*,#3967,.T.);
#6546=ORIENTED_EDGE('',*,*,#3965,.T.);
#6547=ORIENTED_EDGE('',*,*,#3963,.T.);
#6548=ORIENTED_EDGE('',*,*,#3961,.T.);
#6549=ORIENTED_EDGE('',*,*,#3959,.T.);
#6550=ORIENTED_EDGE('',*,*,#3957,.T.);
#6551=ORIENTED_EDGE('',*,*,#3955,.T.);
#6552=ORIENTED_EDGE('',*,*,#3953,.T.);
#6553=ORIENTED_EDGE('',*,*,#3951,.T.);
#6554=ORIENTED_EDGE('',*,*,#3949,.T.);
#6555=ORIENTED_EDGE('',*,*,#3947,.T.);
#6556=ORIENTED_EDGE('',*,*,#3945,.T.);
#6557=ORIENTED_EDGE('',*,*,#3943,.T.);
#6558=ORIENTED_EDGE('',*,*,#3885,.T.);
#6559=ORIENTED_EDGE('',*,*,#3919,.T.);
#6560=ORIENTED_EDGE('',*,*,#3917,.T.);
#6561=ORIENTED_EDGE('',*,*,#3915,.T.);
#6562=ORIENTED_EDGE('',*,*,#3913,.T.);
#6563=ORIENTED_EDGE('',*,*,#3911,.T.);
#6564=ORIENTED_EDGE('',*,*,#3909,.T.);
#6565=ORIENTED_EDGE('',*,*,#3907,.T.);
#6566=ORIENTED_EDGE('',*,*,#3905,.T.);
#6567=ORIENTED_EDGE('',*,*,#3903,.T.);
#6568=ORIENTED_EDGE('',*,*,#3901,.T.);
#6569=ORIENTED_EDGE('',*,*,#3899,.T.);
#6570=ORIENTED_EDGE('',*,*,#3897,.T.);
#6571=ORIENTED_EDGE('',*,*,#3895,.T.);
#6572=ORIENTED_EDGE('',*,*,#3893,.T.);
#6573=ORIENTED_EDGE('',*,*,#3891,.T.);
#6574=ORIENTED_EDGE('',*,*,#3889,.T.);
#6575=ORIENTED_EDGE('',*,*,#3887,.T.);
#6576=ORIENTED_EDGE('',*,*,#3793,.T.);
#6577=ORIENTED_EDGE('',*,*,#3845,.T.);
#6578=ORIENTED_EDGE('',*,*,#3843,.T.);
#6579=ORIENTED_EDGE('',*,*,#3841,.T.);
#6580=ORIENTED_EDGE('',*,*,#3839,.T.);
#6581=ORIENTED_EDGE('',*,*,#3837,.T.);
#6582=ORIENTED_EDGE('',*,*,#3835,.T.);
#6583=ORIENTED_EDGE('',*,*,#3833,.T.);
#6584=ORIENTED_EDGE('',*,*,#3831,.T.);
#6585=ORIENTED_EDGE('',*,*,#3829,.T.);
#6586=ORIENTED_EDGE('',*,*,#3827,.T.);
#6587=ORIENTED_EDGE('',*,*,#3825,.T.);
#6588=ORIENTED_EDGE('',*,*,#3823,.T.);
#6589=ORIENTED_EDGE('',*,*,#3821,.T.);
#6590=ORIENTED_EDGE('',*,*,#3819,.T.);
#6591=ORIENTED_EDGE('',*,*,#3817,.T.);
#6592=ORIENTED_EDGE('',*,*,#3815,.T.);
#6593=ORIENTED_EDGE('',*,*,#3813,.T.);
#6594=ORIENTED_EDGE('',*,*,#3811,.T.);
#6595=ORIENTED_EDGE('',*,*,#3809,.T.);
#6596=ORIENTED_EDGE('',*,*,#3807,.T.);
#6597=ORIENTED_EDGE('',*,*,#3805,.T.);
#6598=ORIENTED_EDGE('',*,*,#3803,.T.);
#6599=ORIENTED_EDGE('',*,*,#3801,.T.);
#6600=ORIENTED_EDGE('',*,*,#3799,.T.);
#6601=ORIENTED_EDGE('',*,*,#3797,.T.);
#6602=ORIENTED_EDGE('',*,*,#3795,.T.);
#6603=ORIENTED_EDGE('',*,*,#4021,.T.);
#6604=ORIENTED_EDGE('',*,*,#4027,.T.);
#6605=ORIENTED_EDGE('',*,*,#4025,.T.);
#6606=ORIENTED_EDGE('',*,*,#4023,.T.);
#6607=ORIENTED_EDGE('',*,*,#4589,.T.);
#6608=ORIENTED_EDGE('',*,*,#4657,.T.);
#6609=ORIENTED_EDGE('',*,*,#4655,.T.);
#6610=ORIENTED_EDGE('',*,*,#4653,.T.);
#6611=ORIENTED_EDGE('',*,*,#4651,.T.);
#6612=ORIENTED_EDGE('',*,*,#4649,.T.);
#6613=ORIENTED_EDGE('',*,*,#4647,.T.);
#6614=ORIENTED_EDGE('',*,*,#4645,.T.);
#6615=ORIENTED_EDGE('',*,*,#4643,.T.);
#6616=ORIENTED_EDGE('',*,*,#4641,.T.);
#6617=ORIENTED_EDGE('',*,*,#4639,.T.);
#6618=ORIENTED_EDGE('',*,*,#4637,.T.);
#6619=ORIENTED_EDGE('',*,*,#4635,.T.);
#6620=ORIENTED_EDGE('',*,*,#4633,.T.);
#6621=ORIENTED_EDGE('',*,*,#4631,.T.);
#6622=ORIENTED_EDGE('',*,*,#4629,.T.);
#6623=ORIENTED_EDGE('',*,*,#4627,.T.);
#6624=ORIENTED_EDGE('',*,*,#4625,.T.);
#6625=ORIENTED_EDGE('',*,*,#4623,.T.);
#6626=ORIENTED_EDGE('',*,*,#4621,.T.);
#6627=ORIENTED_EDGE('',*,*,#4619,.T.);
#6628=ORIENTED_EDGE('',*,*,#4617,.T.);
#6629=ORIENTED_EDGE('',*,*,#4615,.T.);
#6630=ORIENTED_EDGE('',*,*,#4613,.T.);
#6631=ORIENTED_EDGE('',*,*,#4611,.T.);
#6632=ORIENTED_EDGE('',*,*,#4609,.T.);
#6633=ORIENTED_EDGE('',*,*,#4607,.T.);
#6634=ORIENTED_EDGE('',*,*,#4605,.T.);
#6635=ORIENTED_EDGE('',*,*,#4603,.T.);
#6636=ORIENTED_EDGE('',*,*,#4601,.T.);
#6637=ORIENTED_EDGE('',*,*,#4599,.T.);
#6638=ORIENTED_EDGE('',*,*,#4597,.T.);
#6639=ORIENTED_EDGE('',*,*,#4595,.T.);
#6640=ORIENTED_EDGE('',*,*,#4593,.T.);
#6641=ORIENTED_EDGE('',*,*,#4591,.T.);
#6642=ORIENTED_EDGE('',*,*,#4494,.T.);
#6643=ORIENTED_EDGE('',*,*,#4552,.T.);
#6644=ORIENTED_EDGE('',*,*,#4550,.T.);
#6645=ORIENTED_EDGE('',*,*,#4548,.T.);
#6646=ORIENTED_EDGE('',*,*,#4546,.T.);
#6647=ORIENTED_EDGE('',*,*,#4544,.T.);
#6648=ORIENTED_EDGE('',*,*,#4542,.T.);
#6649=ORIENTED_EDGE('',*,*,#4540,.T.);
#6650=ORIENTED_EDGE('',*,*,#4538,.T.);
#6651=ORIENTED_EDGE('',*,*,#4536,.T.);
#6652=ORIENTED_EDGE('',*,*,#4534,.T.);
#6653=ORIENTED_EDGE('',*,*,#4532,.T.);
#6654=ORIENTED_EDGE('',*,*,#4530,.T.);
#6655=ORIENTED_EDGE('',*,*,#4528,.T.);
#6656=ORIENTED_EDGE('',*,*,#4526,.T.);
#6657=ORIENTED_EDGE('',*,*,#4524,.T.);
#6658=ORIENTED_EDGE('',*,*,#4522,.T.);
#6659=ORIENTED_EDGE('',*,*,#4520,.T.);
#6660=ORIENTED_EDGE('',*,*,#4518,.T.);
#6661=ORIENTED_EDGE('',*,*,#4516,.T.);
#6662=ORIENTED_EDGE('',*,*,#4514,.T.);
#6663=ORIENTED_EDGE('',*,*,#4512,.T.);
#6664=ORIENTED_EDGE('',*,*,#4510,.T.);
#6665=ORIENTED_EDGE('',*,*,#4508,.T.);
#6666=ORIENTED_EDGE('',*,*,#4506,.T.);
#6667=ORIENTED_EDGE('',*,*,#4504,.T.);
#6668=ORIENTED_EDGE('',*,*,#4502,.T.);
#6669=ORIENTED_EDGE('',*,*,#4500,.T.);
#6670=ORIENTED_EDGE('',*,*,#4498,.T.);
#6671=ORIENTED_EDGE('',*,*,#4496,.T.);
#6672=ORIENTED_EDGE('',*,*,#4420,.T.);
#6673=ORIENTED_EDGE('',*,*,#4462,.T.);
#6674=ORIENTED_EDGE('',*,*,#4460,.T.);
#6675=ORIENTED_EDGE('',*,*,#4458,.T.);
#6676=ORIENTED_EDGE('',*,*,#4456,.T.);
#6677=ORIENTED_EDGE('',*,*,#4454,.T.);
#6678=ORIENTED_EDGE('',*,*,#4452,.T.);
#6679=ORIENTED_EDGE('',*,*,#4450,.T.);
#6680=ORIENTED_EDGE('',*,*,#4448,.T.);
#6681=ORIENTED_EDGE('',*,*,#4446,.T.);
#6682=ORIENTED_EDGE('',*,*,#4444,.T.);
#6683=ORIENTED_EDGE('',*,*,#4442,.T.);
#6684=ORIENTED_EDGE('',*,*,#4440,.T.);
#6685=ORIENTED_EDGE('',*,*,#4438,.T.);
#6686=ORIENTED_EDGE('',*,*,#4436,.T.);
#6687=ORIENTED_EDGE('',*,*,#4434,.T.);
#6688=ORIENTED_EDGE('',*,*,#4432,.T.);
#6689=ORIENTED_EDGE('',*,*,#4430,.T.);
#6690=ORIENTED_EDGE('',*,*,#4428,.T.);
#6691=ORIENTED_EDGE('',*,*,#4426,.T.);
#6692=ORIENTED_EDGE('',*,*,#4424,.T.);
#6693=ORIENTED_EDGE('',*,*,#4422,.T.);
#6694=ORIENTED_EDGE('',*,*,#4041,.T.);
#6695=ORIENTED_EDGE('',*,*,#4063,.T.);
#6696=ORIENTED_EDGE('',*,*,#4061,.T.);
#6697=ORIENTED_EDGE('',*,*,#4059,.T.);
#6698=ORIENTED_EDGE('',*,*,#4057,.T.);
#6699=ORIENTED_EDGE('',*,*,#4055,.T.);
#6700=ORIENTED_EDGE('',*,*,#4053,.T.);
#6701=ORIENTED_EDGE('',*,*,#4051,.T.);
#6702=ORIENTED_EDGE('',*,*,#4049,.T.);
#6703=ORIENTED_EDGE('',*,*,#4047,.T.);
#6704=ORIENTED_EDGE('',*,*,#4045,.T.);
#6705=ORIENTED_EDGE('',*,*,#4043,.T.);
#6706=ORIENTED_EDGE('',*,*,#3691,.T.);
#6707=ORIENTED_EDGE('',*,*,#3697,.T.);
#6708=ORIENTED_EDGE('',*,*,#3695,.T.);
#6709=ORIENTED_EDGE('',*,*,#3693,.T.);
#6710=ORIENTED_EDGE('',*,*,#3649,.T.);
#6711=ORIENTED_EDGE('',*,*,#3669,.T.);
#6712=ORIENTED_EDGE('',*,*,#3667,.T.);
#6713=ORIENTED_EDGE('',*,*,#3665,.T.);
#6714=ORIENTED_EDGE('',*,*,#3663,.T.);
#6715=ORIENTED_EDGE('',*,*,#3661,.T.);
#6716=ORIENTED_EDGE('',*,*,#3659,.T.);
#6717=ORIENTED_EDGE('',*,*,#3657,.T.);
#6718=ORIENTED_EDGE('',*,*,#3655,.T.);
#6719=ORIENTED_EDGE('',*,*,#3653,.T.);
#6720=ORIENTED_EDGE('',*,*,#3651,.T.);
#6721=ORIENTED_EDGE('',*,*,#3997,.T.);
#6722=ORIENTED_EDGE('',*,*,#4003,.T.);
#6723=ORIENTED_EDGE('',*,*,#4001,.T.);
#6724=ORIENTED_EDGE('',*,*,#3999,.T.);
#6725=ORIENTED_EDGE('',*,*,#4364,.T.);
#6726=ORIENTED_EDGE('',*,*,#4396,.T.);
#6727=ORIENTED_EDGE('',*,*,#4394,.T.);
#6728=ORIENTED_EDGE('',*,*,#4392,.T.);
#6729=ORIENTED_EDGE('',*,*,#4390,.T.);
#6730=ORIENTED_EDGE('',*,*,#4388,.T.);
#6731=ORIENTED_EDGE('',*,*,#4386,.T.);
#6732=ORIENTED_EDGE('',*,*,#4384,.T.);
#6733=ORIENTED_EDGE('',*,*,#4382,.T.);
#6734=ORIENTED_EDGE('',*,*,#4380,.T.);
#6735=ORIENTED_EDGE('',*,*,#4378,.T.);
#6736=ORIENTED_EDGE('',*,*,#4376,.T.);
#6737=ORIENTED_EDGE('',*,*,#4374,.T.);
#6738=ORIENTED_EDGE('',*,*,#4372,.T.);
#6739=ORIENTED_EDGE('',*,*,#4370,.T.);
#6740=ORIENTED_EDGE('',*,*,#4368,.T.);
#6741=ORIENTED_EDGE('',*,*,#4366,.T.);
#6742=ORIENTED_EDGE('',*,*,#3726,.T.);
#6743=ORIENTED_EDGE('',*,*,#3754,.T.);
#6744=ORIENTED_EDGE('',*,*,#3752,.T.);
#6745=ORIENTED_EDGE('',*,*,#3750,.T.);
#6746=ORIENTED_EDGE('',*,*,#3748,.T.);
#6747=ORIENTED_EDGE('',*,*,#3746,.T.);
#6748=ORIENTED_EDGE('',*,*,#3744,.T.);
#6749=ORIENTED_EDGE('',*,*,#3742,.T.);
#6750=ORIENTED_EDGE('',*,*,#3740,.T.);
#6751=ORIENTED_EDGE('',*,*,#3738,.T.);
#6752=ORIENTED_EDGE('',*,*,#3736,.T.);
#6753=ORIENTED_EDGE('',*,*,#3734,.T.);
#6754=ORIENTED_EDGE('',*,*,#3732,.T.);
#6755=ORIENTED_EDGE('',*,*,#3730,.T.);
#6756=ORIENTED_EDGE('',*,*,#3728,.T.);
#6757=ORIENTED_EDGE('',*,*,#3703,.T.);
#6758=ORIENTED_EDGE('',*,*,#3709,.T.);
#6759=ORIENTED_EDGE('',*,*,#3707,.T.);
#6760=ORIENTED_EDGE('',*,*,#3705,.T.);
#6761=ORIENTED_EDGE('',*,*,#3971,.T.);
#6762=ORIENTED_EDGE('',*,*,#3979,.T.);
#6763=ORIENTED_EDGE('',*,*,#3977,.T.);
#6764=ORIENTED_EDGE('',*,*,#3975,.T.);
#6765=ORIENTED_EDGE('',*,*,#3973,.T.);
#6766=ORIENTED_EDGE('',*,*,#3847,.T.);
#6767=ORIENTED_EDGE('',*,*,#3865,.T.);
#6768=ORIENTED_EDGE('',*,*,#3863,.T.);
#6769=ORIENTED_EDGE('',*,*,#3861,.T.);
#6770=ORIENTED_EDGE('',*,*,#3859,.T.);
#6771=ORIENTED_EDGE('',*,*,#3857,.T.);
#6772=ORIENTED_EDGE('',*,*,#3855,.T.);
#6773=ORIENTED_EDGE('',*,*,#3853,.T.);
#6774=ORIENTED_EDGE('',*,*,#3851,.T.);
#6775=ORIENTED_EDGE('',*,*,#3849,.T.);
#6776=ORIENTED_EDGE('',*,*,#3671,.T.);
#6777=ORIENTED_EDGE('',*,*,#3685,.T.);
#6778=ORIENTED_EDGE('',*,*,#3683,.T.);
#6779=ORIENTED_EDGE('',*,*,#3681,.T.);
#6780=ORIENTED_EDGE('',*,*,#3679,.T.);
#6781=ORIENTED_EDGE('',*,*,#3677,.T.);
#6782=ORIENTED_EDGE('',*,*,#3675,.T.);
#6783=ORIENTED_EDGE('',*,*,#3673,.T.);
#6784=ORIENTED_EDGE('',*,*,#4658,.T.);
#6785=ORIENTED_EDGE('',*,*,#4659,.T.);
#6786=ORIENTED_EDGE('',*,*,#4660,.T.);
#6787=ORIENTED_EDGE('',*,*,#4661,.T.);
#6788=ORIENTED_EDGE('',*,*,#4662,.T.);
#6789=ORIENTED_EDGE('',*,*,#4663,.T.);
#6790=ORIENTED_EDGE('',*,*,#4664,.T.);
#6791=ORIENTED_EDGE('',*,*,#4665,.T.);
#6792=ORIENTED_EDGE('',*,*,#4662,.F.);
#6793=ORIENTED_EDGE('',*,*,#4666,.T.);
#6794=ORIENTED_EDGE('',*,*,#4660,.F.);
#6795=ORIENTED_EDGE('',*,*,#4667,.T.);
#6796=ORIENTED_EDGE('',*,*,#4668,.T.);
#6797=ORIENTED_EDGE('',*,*,#4669,.T.);
#6798=ORIENTED_EDGE('',*,*,#4670,.T.);
#6799=ORIENTED_EDGE('',*,*,#4667,.F.);
#6800=ORIENTED_EDGE('',*,*,#4671,.T.);
#6801=ORIENTED_EDGE('',*,*,#4664,.F.);
#6802=ORIENTED_EDGE('',*,*,#4672,.T.);
#6803=ORIENTED_EDGE('',*,*,#4673,.T.);
#6804=ORIENTED_EDGE('',*,*,#4674,.T.);
#6805=ORIENTED_EDGE('',*,*,#4675,.T.);
#6806=ORIENTED_EDGE('',*,*,#4672,.F.);
#6807=ORIENTED_EDGE('',*,*,#4676,.T.);
#6808=ORIENTED_EDGE('',*,*,#4669,.F.);
#6809=ORIENTED_EDGE('',*,*,#4658,.F.);
#6810=ORIENTED_EDGE('',*,*,#4677,.T.);
#6811=ORIENTED_EDGE('',*,*,#4674,.F.);
#6812=ORIENTED_EDGE('',*,*,#4671,.F.);
#6813=ORIENTED_EDGE('',*,*,#4678,.T.);
#6814=ORIENTED_EDGE('',*,*,#4679,.T.);
#6815=ORIENTED_EDGE('',*,*,#4680,.T.);
#6816=ORIENTED_EDGE('',*,*,#4670,.F.);
#6817=ORIENTED_EDGE('',*,*,#4681,.F.);
#6818=ORIENTED_EDGE('',*,*,#4682,.F.);
#6819=ORIENTED_EDGE('',*,*,#4678,.F.);
#6820=ORIENTED_EDGE('',*,*,#4676,.F.);
#6821=ORIENTED_EDGE('',*,*,#4683,.T.);
#6822=ORIENTED_EDGE('',*,*,#4684,.T.);
#6823=ORIENTED_EDGE('',*,*,#4681,.T.);
#6824=ORIENTED_EDGE('',*,*,#4675,.F.);
#6825=ORIENTED_EDGE('',*,*,#4685,.F.);
#6826=ORIENTED_EDGE('',*,*,#4686,.F.);
#6827=ORIENTED_EDGE('',*,*,#4683,.F.);
#6828=ORIENTED_EDGE('',*,*,#4659,.F.);
#6829=ORIENTED_EDGE('',*,*,#4673,.F.);
#6830=ORIENTED_EDGE('',*,*,#4668,.F.);
#6831=ORIENTED_EDGE('',*,*,#4663,.F.);
#6832=ORIENTED_EDGE('',*,*,#4684,.F.);
#6833=ORIENTED_EDGE('',*,*,#4686,.T.);
#6834=ORIENTED_EDGE('',*,*,#4687,.F.);
#6835=ORIENTED_EDGE('',*,*,#4688,.T.);
#6836=ORIENTED_EDGE('',*,*,#4689,.F.);
#6837=ORIENTED_EDGE('',*,*,#4690,.T.);
#6838=ORIENTED_EDGE('',*,*,#4679,.F.);
#6839=ORIENTED_EDGE('',*,*,#4682,.T.);
#6840=ORIENTED_EDGE('',*,*,#4691,.T.);
#6841=ORIENTED_EDGE('',*,*,#4692,.T.);
#6842=ORIENTED_EDGE('',*,*,#4693,.T.);
#6843=ORIENTED_EDGE('',*,*,#4694,.T.);
#6844=ORIENTED_EDGE('',*,*,#4695,.T.);
#6845=ORIENTED_EDGE('',*,*,#4696,.T.);
#6846=ORIENTED_EDGE('',*,*,#4697,.T.);
#6847=ORIENTED_EDGE('',*,*,#4698,.T.);
#6848=ORIENTED_EDGE('',*,*,#4699,.T.);
#6849=ORIENTED_EDGE('',*,*,#4700,.T.);
#6850=ORIENTED_EDGE('',*,*,#4701,.T.);
#6851=ORIENTED_EDGE('',*,*,#4702,.T.);
#6852=ORIENTED_EDGE('',*,*,#4665,.F.);
#6853=ORIENTED_EDGE('',*,*,#4680,.F.);
#6854=ORIENTED_EDGE('',*,*,#4690,.F.);
#6855=ORIENTED_EDGE('',*,*,#4703,.F.);
#6856=ORIENTED_EDGE('',*,*,#4666,.F.);
#6857=ORIENTED_EDGE('',*,*,#4703,.T.);
#6858=ORIENTED_EDGE('',*,*,#4689,.T.);
#6859=ORIENTED_EDGE('',*,*,#4704,.T.);
#6860=ORIENTED_EDGE('',*,*,#4661,.F.);
#6861=ORIENTED_EDGE('',*,*,#4704,.F.);
#6862=ORIENTED_EDGE('',*,*,#4688,.F.);
#6863=ORIENTED_EDGE('',*,*,#4705,.F.);
#6864=ORIENTED_EDGE('',*,*,#4677,.F.);
#6865=ORIENTED_EDGE('',*,*,#4705,.T.);
#6866=ORIENTED_EDGE('',*,*,#4687,.T.);
#6867=ORIENTED_EDGE('',*,*,#4685,.T.);
#6868=ORIENTED_EDGE('',*,*,#4691,.F.);
#6869=ORIENTED_EDGE('',*,*,#4706,.T.);
#6870=ORIENTED_EDGE('',*,*,#4707,.T.);
#6871=ORIENTED_EDGE('',*,*,#4706,.F.);
#6872=ORIENTED_EDGE('',*,*,#4707,.F.);
#6873=ORIENTED_EDGE('',*,*,#4708,.T.);
#6874=ORIENTED_EDGE('',*,*,#4709,.T.);
#6875=ORIENTED_EDGE('',*,*,#4708,.F.);
#6876=ORIENTED_EDGE('',*,*,#4709,.F.);
#6877=ORIENTED_EDGE('',*,*,#4692,.F.);
#6878=ORIENTED_EDGE('',*,*,#4710,.T.);
#6879=ORIENTED_EDGE('',*,*,#4711,.T.);
#6880=ORIENTED_EDGE('',*,*,#4710,.F.);
#6881=ORIENTED_EDGE('',*,*,#4711,.F.);
#6882=ORIENTED_EDGE('',*,*,#4712,.T.);
#6883=ORIENTED_EDGE('',*,*,#4713,.T.);
#6884=ORIENTED_EDGE('',*,*,#4712,.F.);
#6885=ORIENTED_EDGE('',*,*,#4713,.F.);
#6886=ORIENTED_EDGE('',*,*,#4693,.F.);
#6887=ORIENTED_EDGE('',*,*,#4714,.T.);
#6888=ORIENTED_EDGE('',*,*,#4715,.T.);
#6889=ORIENTED_EDGE('',*,*,#4714,.F.);
#6890=ORIENTED_EDGE('',*,*,#4715,.F.);
#6891=ORIENTED_EDGE('',*,*,#4716,.T.);
#6892=ORIENTED_EDGE('',*,*,#4717,.T.);
#6893=ORIENTED_EDGE('',*,*,#4716,.F.);
#6894=ORIENTED_EDGE('',*,*,#4717,.F.);
#6895=ORIENTED_EDGE('',*,*,#4694,.F.);
#6896=ORIENTED_EDGE('',*,*,#4718,.T.);
#6897=ORIENTED_EDGE('',*,*,#4719,.T.);
#6898=ORIENTED_EDGE('',*,*,#4718,.F.);
#6899=ORIENTED_EDGE('',*,*,#4719,.F.);
#6900=ORIENTED_EDGE('',*,*,#4720,.T.);
#6901=ORIENTED_EDGE('',*,*,#4721,.T.);
#6902=ORIENTED_EDGE('',*,*,#4720,.F.);
#6903=ORIENTED_EDGE('',*,*,#4721,.F.);
#6904=ORIENTED_EDGE('',*,*,#4722,.F.);
#6905=ORIENTED_EDGE('',*,*,#4723,.T.);
#6906=ORIENTED_EDGE('',*,*,#4702,.F.);
#6907=ORIENTED_EDGE('',*,*,#4724,.F.);
#6908=ORIENTED_EDGE('',*,*,#4725,.F.);
#6909=ORIENTED_EDGE('',*,*,#4724,.T.);
#6910=ORIENTED_EDGE('',*,*,#4701,.F.);
#6911=ORIENTED_EDGE('',*,*,#4726,.F.);
#6912=ORIENTED_EDGE('',*,*,#4727,.F.);
#6913=ORIENTED_EDGE('',*,*,#4726,.T.);
#6914=ORIENTED_EDGE('',*,*,#4700,.F.);
#6915=ORIENTED_EDGE('',*,*,#4728,.F.);
#6916=ORIENTED_EDGE('',*,*,#4729,.F.);
#6917=ORIENTED_EDGE('',*,*,#4728,.T.);
#6918=ORIENTED_EDGE('',*,*,#4699,.F.);
#6919=ORIENTED_EDGE('',*,*,#4730,.F.);
#6920=ORIENTED_EDGE('',*,*,#4731,.F.);
#6921=ORIENTED_EDGE('',*,*,#4730,.T.);
#6922=ORIENTED_EDGE('',*,*,#4698,.F.);
#6923=ORIENTED_EDGE('',*,*,#4732,.F.);
#6924=ORIENTED_EDGE('',*,*,#4733,.F.);
#6925=ORIENTED_EDGE('',*,*,#4732,.T.);
#6926=ORIENTED_EDGE('',*,*,#4697,.F.);
#6927=ORIENTED_EDGE('',*,*,#4734,.F.);
#6928=ORIENTED_EDGE('',*,*,#4735,.F.);
#6929=ORIENTED_EDGE('',*,*,#4734,.T.);
#6930=ORIENTED_EDGE('',*,*,#4696,.F.);
#6931=ORIENTED_EDGE('',*,*,#4736,.F.);
#6932=ORIENTED_EDGE('',*,*,#4737,.F.);
#6933=ORIENTED_EDGE('',*,*,#4736,.T.);
#6934=ORIENTED_EDGE('',*,*,#4695,.F.);
#6935=ORIENTED_EDGE('',*,*,#4723,.F.);
#6936=ORIENTED_EDGE('',*,*,#4722,.T.);
#6937=ORIENTED_EDGE('',*,*,#4725,.T.);
#6938=ORIENTED_EDGE('',*,*,#4727,.T.);
#6939=ORIENTED_EDGE('',*,*,#4729,.T.);
#6940=ORIENTED_EDGE('',*,*,#4731,.T.);
#6941=ORIENTED_EDGE('',*,*,#4733,.T.);
#6942=ORIENTED_EDGE('',*,*,#4735,.T.);
#6943=ORIENTED_EDGE('',*,*,#4737,.T.);
#6944=ORIENTED_EDGE('',*,*,#4073,.T.);
#6945=ORIENTED_EDGE('',*,*,#4079,.T.);
#6946=ORIENTED_EDGE('',*,*,#4077,.T.);
#6947=ORIENTED_EDGE('',*,*,#4075,.T.);
#6948=ORIENTED_EDGE('',*,*,#4013,.T.);
#6949=ORIENTED_EDGE('',*,*,#4019,.T.);
#6950=ORIENTED_EDGE('',*,*,#4017,.T.);
#6951=ORIENTED_EDGE('',*,*,#4015,.T.);
#6952=ORIENTED_EDGE('',*,*,#3989,.T.);
#6953=ORIENTED_EDGE('',*,*,#3995,.T.);
#6954=ORIENTED_EDGE('',*,*,#3993,.T.);
#6955=ORIENTED_EDGE('',*,*,#3991,.T.);
#6956=PLANE('',#7556);
#6957=PLANE('',#7557);
#6958=PLANE('',#7558);
#6959=PLANE('',#7559);
#6960=PLANE('',#7560);
#6961=PLANE('',#7561);
#6962=PLANE('',#7562);
#6963=PLANE('',#7563);
#6964=PLANE('',#7564);
#6965=PLANE('',#7565);
#6966=PLANE('',#7566);
#6967=PLANE('',#7567);
#6968=PLANE('',#7568);
#6969=PLANE('',#7569);
#6970=PLANE('',#7570);
#6971=PLANE('',#7571);
#6972=PLANE('',#7572);
#6973=PLANE('',#7573);
#6974=PLANE('',#7574);
#6975=PLANE('',#7575);
#6976=PLANE('',#7576);
#6977=PLANE('',#7577);
#6978=PLANE('',#7578);
#6979=PLANE('',#7579);
#6980=PLANE('',#7580);
#6981=PLANE('',#7581);
#6982=PLANE('',#7582);
#6983=PLANE('',#7583);
#6984=PLANE('',#7584);
#6985=PLANE('',#7585);
#6986=PLANE('',#7586);
#6987=PLANE('',#7587);
#6988=PLANE('',#7588);
#6989=PLANE('',#7589);
#6990=PLANE('',#7590);
#6991=PLANE('',#7591);
#6992=PLANE('',#7592);
#6993=PLANE('',#7593);
#6994=PLANE('',#7594);
#6995=PLANE('',#7595);
#6996=PLANE('',#7596);
#6997=PLANE('',#7597);
#6998=PLANE('',#7598);
#6999=PLANE('',#7599);
#7000=PLANE('',#7600);
#7001=PLANE('',#7601);
#7002=PLANE('',#7602);
#7003=PLANE('',#7603);
#7004=PLANE('',#7604);
#7005=PLANE('',#7605);
#7006=PLANE('',#7606);
#7007=PLANE('',#7607);
#7008=PLANE('',#7608);
#7009=PLANE('',#7609);
#7010=PLANE('',#7610);
#7011=PLANE('',#7611);
#7012=PLANE('',#7612);
#7013=PLANE('',#7613);
#7014=PLANE('',#7614);
#7015=PLANE('',#7615);
#7016=PLANE('',#7616);
#7017=PLANE('',#7617);
#7018=PLANE('',#7618);
#7019=PLANE('',#7619);
#7020=PLANE('',#7620);
#7021=PLANE('',#7621);
#7022=PLANE('',#7622);
#7023=PLANE('',#7623);
#7024=PLANE('',#7624);
#7025=PLANE('',#7625);
#7026=PLANE('',#7626);
#7027=PLANE('',#7627);
#7028=PLANE('',#7628);
#7029=PLANE('',#7629);
#7030=PLANE('',#7630);
#7031=PLANE('',#7631);
#7032=PLANE('',#7632);
#7033=PLANE('',#7633);
#7034=PLANE('',#7634);
#7035=PLANE('',#7635);
#7036=PLANE('',#7636);
#7037=PLANE('',#7637);
#7038=PLANE('',#7638);
#7039=PLANE('',#7639);
#7040=PLANE('',#7640);
#7041=PLANE('',#7641);
#7042=PLANE('',#7642);
#7043=PLANE('',#7643);
#7044=PLANE('',#7644);
#7045=PLANE('',#7645);
#7046=PLANE('',#7646);
#7047=PLANE('',#7647);
#7048=PLANE('',#7648);
#7049=PLANE('',#7649);
#7050=PLANE('',#7650);
#7051=PLANE('',#7651);
#7052=PLANE('',#7652);
#7053=PLANE('',#7653);
#7054=PLANE('',#7654);
#7055=PLANE('',#7655);
#7056=PLANE('',#7656);
#7057=PLANE('',#7657);
#7058=PLANE('',#7658);
#7059=PLANE('',#7659);
#7060=PLANE('',#7660);
#7061=PLANE('',#7661);
#7062=PLANE('',#7662);
#7063=PLANE('',#7663);
#7064=PLANE('',#7664);
#7065=PLANE('',#7665);
#7066=PLANE('',#7666);
#7067=PLANE('',#7667);
#7068=PLANE('',#7668);
#7069=PLANE('',#7669);
#7070=PLANE('',#7670);
#7071=PLANE('',#7671);
#7072=PLANE('',#7672);
#7073=PLANE('',#7673);
#7074=PLANE('',#7674);
#7075=PLANE('',#7675);
#7076=PLANE('',#7676);
#7077=PLANE('',#7677);
#7078=PLANE('',#7678);
#7079=PLANE('',#7679);
#7080=PLANE('',#7680);
#7081=PLANE('',#7681);
#7082=PLANE('',#7682);
#7083=PLANE('',#7683);
#7084=PLANE('',#7684);
#7085=PLANE('',#7685);
#7086=PLANE('',#7686);
#7087=PLANE('',#7687);
#7088=PLANE('',#7688);
#7089=PLANE('',#7689);
#7090=PLANE('',#7690);
#7091=PLANE('',#7691);
#7092=PLANE('',#7692);
#7093=PLANE('',#7693);
#7094=PLANE('',#7694);
#7095=PLANE('',#7695);
#7096=PLANE('',#7696);
#7097=PLANE('',#7697);
#7098=PLANE('',#7698);
#7099=PLANE('',#7699);
#7100=PLANE('',#7700);
#7101=PLANE('',#7701);
#7102=PLANE('',#7702);
#7103=PLANE('',#7703);
#7104=PLANE('',#7704);
#7105=PLANE('',#7705);
#7106=PLANE('',#7706);
#7107=PLANE('',#7707);
#7108=PLANE('',#7708);
#7109=PLANE('',#7709);
#7110=PLANE('',#7710);
#7111=PLANE('',#7711);
#7112=PLANE('',#7712);
#7113=PLANE('',#7713);
#7114=PLANE('',#7736);
#7115=PLANE('',#7739);
#7116=PLANE('',#7740);
#7117=PLANE('',#7741);
#7118=PLANE('',#7748);
#7119=PLANE('',#7750);
#7120=PLANE('',#7756);
#7121=PLANE('',#7761);
#7122=PLANE('',#7766);
#7123=PLANE('',#7771);
#7124=PLANE('',#7772);
#7125=PLANE('',#7773);
#7126=PLANE('',#7774);
#7127=PLANE('',#7775);
#7128=PLANE('',#7776);
#7129=PLANE('',#7777);
#7130=PLANE('',#7778);
#7131=PLANE('',#7779);
#7132=PLANE('',#7780);
#7133=ADVANCED_FACE('',(#307,#275),#6956,.T.);
#7134=ADVANCED_FACE('',(#308),#6957,.T.);
#7135=ADVANCED_FACE('',(#309),#6958,.T.);
#7136=ADVANCED_FACE('',(#310),#63,.T.);
#7137=ADVANCED_FACE('',(#311),#64,.T.);
#7138=ADVANCED_FACE('',(#312),#65,.T.);
#7139=ADVANCED_FACE('',(#313),#66,.T.);
#7140=ADVANCED_FACE('',(#314),#67,.T.);
#7141=ADVANCED_FACE('',(#315),#68,.T.);
#7142=ADVANCED_FACE('',(#316),#6959,.T.);
#7143=ADVANCED_FACE('',(#317),#6960,.T.);
#7144=ADVANCED_FACE('',(#318),#6961,.T.);
#7145=ADVANCED_FACE('',(#319),#6962,.T.);
#7146=ADVANCED_FACE('',(#320),#69,.T.);
#7147=ADVANCED_FACE('',(#321),#70,.T.);
#7148=ADVANCED_FACE('',(#322),#71,.T.);
#7149=ADVANCED_FACE('',(#323),#72,.T.);
#7150=ADVANCED_FACE('',(#324),#73,.T.);
#7151=ADVANCED_FACE('',(#325),#6963,.T.);
#7152=ADVANCED_FACE('',(#326),#6964,.T.);
#7153=ADVANCED_FACE('',(#327),#6965,.T.);
#7154=ADVANCED_FACE('',(#328),#6966,.T.);
#7155=ADVANCED_FACE('',(#329),#6967,.T.);
#7156=ADVANCED_FACE('',(#330),#6968,.T.);
#7157=ADVANCED_FACE('',(#331),#6969,.T.);
#7158=ADVANCED_FACE('',(#332),#6970,.T.);
#7159=ADVANCED_FACE('',(#333),#6971,.T.);
#7160=ADVANCED_FACE('',(#334),#6972,.T.);
#7161=ADVANCED_FACE('',(#335),#6973,.T.);
#7162=ADVANCED_FACE('',(#336),#6974,.T.);
#7163=ADVANCED_FACE('',(#337),#6975,.T.);
#7164=ADVANCED_FACE('',(#338),#6976,.T.);
#7165=ADVANCED_FACE('',(#339),#6977,.T.);
#7166=ADVANCED_FACE('',(#340),#6978,.T.);
#7167=ADVANCED_FACE('',(#341),#6979,.T.);
#7168=ADVANCED_FACE('',(#342),#6980,.T.);
#7169=ADVANCED_FACE('',(#343),#6981,.T.);
#7170=ADVANCED_FACE('',(#344),#6982,.T.);
#7171=ADVANCED_FACE('',(#345),#6983,.T.);
#7172=ADVANCED_FACE('',(#346),#6984,.T.);
#7173=ADVANCED_FACE('',(#347),#74,.T.);
#7174=ADVANCED_FACE('',(#348),#75,.T.);
#7175=ADVANCED_FACE('',(#349),#6985,.T.);
#7176=ADVANCED_FACE('',(#350),#6986,.T.);
#7177=ADVANCED_FACE('',(#351),#6987,.T.);
#7178=ADVANCED_FACE('',(#352),#6988,.T.);
#7179=ADVANCED_FACE('',(#353,#276),#6989,.T.);
#7180=ADVANCED_FACE('',(#354),#6990,.T.);
#7181=ADVANCED_FACE('',(#355),#76,.T.);
#7182=ADVANCED_FACE('',(#356),#77,.T.);
#7183=ADVANCED_FACE('',(#357),#6991,.T.);
#7184=ADVANCED_FACE('',(#358),#78,.T.);
#7185=ADVANCED_FACE('',(#359),#79,.T.);
#7186=ADVANCED_FACE('',(#360),#80,.T.);
#7187=ADVANCED_FACE('',(#361),#81,.T.);
#7188=ADVANCED_FACE('',(#362),#82,.T.);
#7189=ADVANCED_FACE('',(#363),#83,.T.);
#7190=ADVANCED_FACE('',(#364),#84,.T.);
#7191=ADVANCED_FACE('',(#365),#6992,.T.);
#7192=ADVANCED_FACE('',(#366),#85,.T.);
#7193=ADVANCED_FACE('',(#367),#86,.T.);
#7194=ADVANCED_FACE('',(#368),#87,.T.);
#7195=ADVANCED_FACE('',(#369),#88,.T.);
#7196=ADVANCED_FACE('',(#370),#89,.T.);
#7197=ADVANCED_FACE('',(#371),#90,.T.);
#7198=ADVANCED_FACE('',(#372),#91,.T.);
#7199=ADVANCED_FACE('',(#373),#92,.T.);
#7200=ADVANCED_FACE('',(#374),#93,.T.);
#7201=ADVANCED_FACE('',(#375),#94,.T.);
#7202=ADVANCED_FACE('',(#376),#95,.T.);
#7203=ADVANCED_FACE('',(#377),#96,.T.);
#7204=ADVANCED_FACE('',(#378),#97,.T.);
#7205=ADVANCED_FACE('',(#379),#98,.T.);
#7206=ADVANCED_FACE('',(#380),#99,.T.);
#7207=ADVANCED_FACE('',(#381),#100,.T.);
#7208=ADVANCED_FACE('',(#382),#101,.T.);
#7209=ADVANCED_FACE('',(#383),#102,.T.);
#7210=ADVANCED_FACE('',(#384),#103,.T.);
#7211=ADVANCED_FACE('',(#385),#104,.T.);
#7212=ADVANCED_FACE('',(#386),#105,.T.);
#7213=ADVANCED_FACE('',(#387),#106,.T.);
#7214=ADVANCED_FACE('',(#388),#107,.T.);
#7215=ADVANCED_FACE('',(#389),#108,.T.);
#7216=ADVANCED_FACE('',(#390),#6993,.T.);
#7217=ADVANCED_FACE('',(#391),#6994,.T.);
#7218=ADVANCED_FACE('',(#392),#109,.T.);
#7219=ADVANCED_FACE('',(#393),#110,.T.);
#7220=ADVANCED_FACE('',(#394),#111,.T.);
#7221=ADVANCED_FACE('',(#395),#6995,.T.);
#7222=ADVANCED_FACE('',(#396),#6996,.T.);
#7223=ADVANCED_FACE('',(#397),#6997,.T.);
#7224=ADVANCED_FACE('',(#398),#112,.T.);
#7225=ADVANCED_FACE('',(#399),#113,.T.);
#7226=ADVANCED_FACE('',(#400),#6998,.T.);
#7227=ADVANCED_FACE('',(#401),#6999,.T.);
#7228=ADVANCED_FACE('',(#402),#7000,.T.);
#7229=ADVANCED_FACE('',(#403),#114,.T.);
#7230=ADVANCED_FACE('',(#404),#115,.T.);
#7231=ADVANCED_FACE('',(#405),#116,.T.);
#7232=ADVANCED_FACE('',(#406),#117,.T.);
#7233=ADVANCED_FACE('',(#407),#118,.T.);
#7234=ADVANCED_FACE('',(#408),#7001,.T.);
#7235=ADVANCED_FACE('',(#409),#119,.T.);
#7236=ADVANCED_FACE('',(#410,#277),#7002,.T.);
#7237=ADVANCED_FACE('',(#411),#120,.T.);
#7238=ADVANCED_FACE('',(#412),#121,.T.);
#7239=ADVANCED_FACE('',(#413),#122,.T.);
#7240=ADVANCED_FACE('',(#414),#7003,.T.);
#7241=ADVANCED_FACE('',(#415),#123,.T.);
#7242=ADVANCED_FACE('',(#416),#124,.T.);
#7243=ADVANCED_FACE('',(#417),#125,.T.);
#7244=ADVANCED_FACE('',(#418),#126,.T.);
#7245=ADVANCED_FACE('',(#419),#127,.T.);
#7246=ADVANCED_FACE('',(#420),#128,.T.);
#7247=ADVANCED_FACE('',(#421),#129,.T.);
#7248=ADVANCED_FACE('',(#422),#130,.T.);
#7249=ADVANCED_FACE('',(#423),#131,.T.);
#7250=ADVANCED_FACE('',(#424),#7004,.T.);
#7251=ADVANCED_FACE('',(#425),#132,.T.);
#7252=ADVANCED_FACE('',(#426),#133,.T.);
#7253=ADVANCED_FACE('',(#427),#134,.T.);
#7254=ADVANCED_FACE('',(#428),#135,.T.);
#7255=ADVANCED_FACE('',(#429),#7005,.T.);
#7256=ADVANCED_FACE('',(#430),#136,.T.);
#7257=ADVANCED_FACE('',(#431,#278),#7006,.T.);
#7258=ADVANCED_FACE('',(#432),#7007,.T.);
#7259=ADVANCED_FACE('',(#433),#7008,.T.);
#7260=ADVANCED_FACE('',(#434),#7009,.T.);
#7261=ADVANCED_FACE('',(#435),#7010,.T.);
#7262=ADVANCED_FACE('',(#436),#7011,.T.);
#7263=ADVANCED_FACE('',(#437),#7012,.T.);
#7264=ADVANCED_FACE('',(#438),#7013,.T.);
#7265=ADVANCED_FACE('',(#439),#7014,.T.);
#7266=ADVANCED_FACE('',(#440,#279),#7015,.T.);
#7267=ADVANCED_FACE('',(#441),#7016,.T.);
#7268=ADVANCED_FACE('',(#442),#7017,.T.);
#7269=ADVANCED_FACE('',(#443),#7018,.T.);
#7270=ADVANCED_FACE('',(#444),#7019,.T.);
#7271=ADVANCED_FACE('',(#445),#7020,.T.);
#7272=ADVANCED_FACE('',(#446),#7021,.T.);
#7273=ADVANCED_FACE('',(#447),#7022,.T.);
#7274=ADVANCED_FACE('',(#448),#7023,.T.);
#7275=ADVANCED_FACE('',(#449),#7024,.T.);
#7276=ADVANCED_FACE('',(#450),#7025,.T.);
#7277=ADVANCED_FACE('',(#451),#7026,.T.);
#7278=ADVANCED_FACE('',(#452),#7027,.T.);
#7279=ADVANCED_FACE('',(#453),#7028,.T.);
#7280=ADVANCED_FACE('',(#454),#7029,.T.);
#7281=ADVANCED_FACE('',(#455),#7030,.T.);
#7282=ADVANCED_FACE('',(#456),#7031,.T.);
#7283=ADVANCED_FACE('',(#457),#7032,.T.);
#7284=ADVANCED_FACE('',(#458),#7033,.T.);
#7285=ADVANCED_FACE('',(#459),#7034,.T.);
#7286=ADVANCED_FACE('',(#460),#7035,.T.);
#7287=ADVANCED_FACE('',(#461),#7036,.T.);
#7288=ADVANCED_FACE('',(#462,#280),#7037,.T.);
#7289=ADVANCED_FACE('',(#463),#7038,.T.);
#7290=ADVANCED_FACE('',(#464),#7039,.T.);
#7291=ADVANCED_FACE('',(#465),#7040,.T.);
#7292=ADVANCED_FACE('',(#466),#7041,.T.);
#7293=ADVANCED_FACE('',(#467),#7042,.T.);
#7294=ADVANCED_FACE('',(#468),#7043,.T.);
#7295=ADVANCED_FACE('',(#469),#7044,.T.);
#7296=ADVANCED_FACE('',(#470),#7045,.T.);
#7297=ADVANCED_FACE('',(#471),#7046,.T.);
#7298=ADVANCED_FACE('',(#472),#7047,.T.);
#7299=ADVANCED_FACE('',(#473),#137,.T.);
#7300=ADVANCED_FACE('',(#474),#138,.T.);
#7301=ADVANCED_FACE('',(#475),#139,.T.);
#7302=ADVANCED_FACE('',(#476),#140,.T.);
#7303=ADVANCED_FACE('',(#477),#7048,.T.);
#7304=ADVANCED_FACE('',(#478),#141,.T.);
#7305=ADVANCED_FACE('',(#479),#142,.T.);
#7306=ADVANCED_FACE('',(#480),#143,.T.);
#7307=ADVANCED_FACE('',(#481),#7049,.T.);
#7308=ADVANCED_FACE('',(#482),#7050,.T.);
#7309=ADVANCED_FACE('',(#483),#7051,.T.);
#7310=ADVANCED_FACE('',(#484),#7052,.T.);
#7311=ADVANCED_FACE('',(#485),#7053,.T.);
#7312=ADVANCED_FACE('',(#486),#144,.T.);
#7313=ADVANCED_FACE('',(#487),#145,.T.);
#7314=ADVANCED_FACE('',(#488),#146,.T.);
#7315=ADVANCED_FACE('',(#489),#7054,.T.);
#7316=ADVANCED_FACE('',(#490),#7055,.T.);
#7317=ADVANCED_FACE('',(#491),#7056,.T.);
#7318=ADVANCED_FACE('',(#492),#7057,.T.);
#7319=ADVANCED_FACE('',(#493),#7058,.T.);
#7320=ADVANCED_FACE('',(#494),#7059,.T.);
#7321=ADVANCED_FACE('',(#495),#7060,.T.);
#7322=ADVANCED_FACE('',(#496),#7061,.T.);
#7323=ADVANCED_FACE('',(#497),#7062,.T.);
#7324=ADVANCED_FACE('',(#498),#7063,.T.);
#7325=ADVANCED_FACE('',(#499),#7064,.T.);
#7326=ADVANCED_FACE('',(#500),#147,.T.);
#7327=ADVANCED_FACE('',(#501),#148,.T.);
#7328=ADVANCED_FACE('',(#502),#149,.T.);
#7329=ADVANCED_FACE('',(#503),#150,.T.);
#7330=ADVANCED_FACE('',(#504),#7065,.T.);
#7331=ADVANCED_FACE('',(#505),#151,.T.);
#7332=ADVANCED_FACE('',(#506),#7066,.T.);
#7333=ADVANCED_FACE('',(#507),#152,.T.);
#7334=ADVANCED_FACE('',(#508),#153,.T.);
#7335=ADVANCED_FACE('',(#509),#154,.T.);
#7336=ADVANCED_FACE('',(#510),#7067,.T.);
#7337=ADVANCED_FACE('',(#511),#7068,.T.);
#7338=ADVANCED_FACE('',(#512),#7069,.T.);
#7339=ADVANCED_FACE('',(#513),#7070,.T.);
#7340=ADVANCED_FACE('',(#514),#7071,.T.);
#7341=ADVANCED_FACE('',(#515),#7072,.T.);
#7342=ADVANCED_FACE('',(#516),#7073,.T.);
#7343=ADVANCED_FACE('',(#517),#7074,.T.);
#7344=ADVANCED_FACE('',(#518),#7075,.T.);
#7345=ADVANCED_FACE('',(#519),#7076,.T.);
#7346=ADVANCED_FACE('',(#520),#7077,.T.);
#7347=ADVANCED_FACE('',(#521),#155,.T.);
#7348=ADVANCED_FACE('',(#522),#156,.T.);
#7349=ADVANCED_FACE('',(#523),#157,.T.);
#7350=ADVANCED_FACE('',(#524),#158,.T.);
#7351=ADVANCED_FACE('',(#525),#7078,.T.);
#7352=ADVANCED_FACE('',(#526),#159,.T.);
#7353=ADVANCED_FACE('',(#527,#281,#282),#7079,.T.);
#7354=ADVANCED_FACE('',(#528),#160,.T.);
#7355=ADVANCED_FACE('',(#529),#161,.T.);
#7356=ADVANCED_FACE('',(#530),#162,.T.);
#7357=ADVANCED_FACE('',(#531),#163,.T.);
#7358=ADVANCED_FACE('',(#532),#164,.T.);
#7359=ADVANCED_FACE('',(#533),#165,.T.);
#7360=ADVANCED_FACE('',(#534),#166,.T.);
#7361=ADVANCED_FACE('',(#535),#167,.T.);
#7362=ADVANCED_FACE('',(#536),#168,.T.);
#7363=ADVANCED_FACE('',(#537),#169,.T.);
#7364=ADVANCED_FACE('',(#538),#170,.T.);
#7365=ADVANCED_FACE('',(#539),#7080,.T.);
#7366=ADVANCED_FACE('',(#540),#7081,.T.);
#7367=ADVANCED_FACE('',(#541),#7082,.T.);
#7368=ADVANCED_FACE('',(#542),#7083,.T.);
#7369=ADVANCED_FACE('',(#543),#171,.T.);
#7370=ADVANCED_FACE('',(#544),#172,.T.);
#7371=ADVANCED_FACE('',(#545),#173,.T.);
#7372=ADVANCED_FACE('',(#546),#174,.T.);
#7373=ADVANCED_FACE('',(#547),#175,.T.);
#7374=ADVANCED_FACE('',(#548),#176,.T.);
#7375=ADVANCED_FACE('',(#549),#177,.T.);
#7376=ADVANCED_FACE('',(#550),#7084,.T.);
#7377=ADVANCED_FACE('',(#551),#7085,.T.);
#7378=ADVANCED_FACE('',(#552),#7086,.T.);
#7379=ADVANCED_FACE('',(#553),#178,.T.);
#7380=ADVANCED_FACE('',(#554),#179,.T.);
#7381=ADVANCED_FACE('',(#555),#180,.T.);
#7382=ADVANCED_FACE('',(#556),#181,.T.);
#7383=ADVANCED_FACE('',(#557),#182,.T.);
#7384=ADVANCED_FACE('',(#558),#183,.T.);
#7385=ADVANCED_FACE('',(#559),#7087,.T.);
#7386=ADVANCED_FACE('',(#560),#7088,.T.);
#7387=ADVANCED_FACE('',(#561),#7089,.T.);
#7388=ADVANCED_FACE('',(#562),#184,.T.);
#7389=ADVANCED_FACE('',(#563),#185,.T.);
#7390=ADVANCED_FACE('',(#564),#186,.T.);
#7391=ADVANCED_FACE('',(#565),#187,.T.);
#7392=ADVANCED_FACE('',(#566),#188,.T.);
#7393=ADVANCED_FACE('',(#567),#7090,.T.);
#7394=ADVANCED_FACE('',(#568),#7091,.T.);
#7395=ADVANCED_FACE('',(#569),#7092,.T.);
#7396=ADVANCED_FACE('',(#570),#189,.T.);
#7397=ADVANCED_FACE('',(#571),#190,.T.);
#7398=ADVANCED_FACE('',(#572),#191,.T.);
#7399=ADVANCED_FACE('',(#573),#192,.T.);
#7400=ADVANCED_FACE('',(#574),#193,.T.);
#7401=ADVANCED_FACE('',(#575),#194,.T.);
#7402=ADVANCED_FACE('',(#576),#7093,.T.);
#7403=ADVANCED_FACE('',(#577),#7094,.T.);
#7404=ADVANCED_FACE('',(#578),#7095,.T.);
#7405=ADVANCED_FACE('',(#579),#7096,.T.);
#7406=ADVANCED_FACE('',(#580),#195,.T.);
#7407=ADVANCED_FACE('',(#581),#196,.T.);
#7408=ADVANCED_FACE('',(#582),#197,.T.);
#7409=ADVANCED_FACE('',(#583),#198,.T.);
#7410=ADVANCED_FACE('',(#584),#199,.T.);
#7411=ADVANCED_FACE('',(#585),#200,.T.);
#7412=ADVANCED_FACE('',(#586),#201,.T.);
#7413=ADVANCED_FACE('',(#587),#202,.T.);
#7414=ADVANCED_FACE('',(#588),#203,.T.);
#7415=ADVANCED_FACE('',(#589),#7097,.T.);
#7416=ADVANCED_FACE('',(#590),#204,.T.);
#7417=ADVANCED_FACE('',(#591),#205,.T.);
#7418=ADVANCED_FACE('',(#592),#206,.T.);
#7419=ADVANCED_FACE('',(#593),#207,.T.);
#7420=ADVANCED_FACE('',(#594),#208,.T.);
#7421=ADVANCED_FACE('',(#595),#209,.T.);
#7422=ADVANCED_FACE('',(#596),#210,.T.);
#7423=ADVANCED_FACE('',(#597),#211,.T.);
#7424=ADVANCED_FACE('',(#598),#212,.T.);
#7425=ADVANCED_FACE('',(#599),#213,.T.);
#7426=ADVANCED_FACE('',(#600),#7098,.T.);
#7427=ADVANCED_FACE('',(#601),#214,.T.);
#7428=ADVANCED_FACE('',(#602),#7099,.T.);
#7429=ADVANCED_FACE('',(#603),#215,.T.);
#7430=ADVANCED_FACE('',(#604),#216,.T.);
#7431=ADVANCED_FACE('',(#605),#217,.T.);
#7432=ADVANCED_FACE('',(#606),#218,.T.);
#7433=ADVANCED_FACE('',(#607),#219,.T.);
#7434=ADVANCED_FACE('',(#608),#220,.T.);
#7435=ADVANCED_FACE('',(#609),#221,.T.);
#7436=ADVANCED_FACE('',(#610),#222,.T.);
#7437=ADVANCED_FACE('',(#611),#223,.T.);
#7438=ADVANCED_FACE('',(#612),#224,.T.);
#7439=ADVANCED_FACE('',(#613),#225,.T.);
#7440=ADVANCED_FACE('',(#614),#226,.T.);
#7441=ADVANCED_FACE('',(#615),#7100,.T.);
#7442=ADVANCED_FACE('',(#616),#227,.T.);
#7443=ADVANCED_FACE('',(#617),#228,.T.);
#7444=ADVANCED_FACE('',(#618),#229,.T.);
#7445=ADVANCED_FACE('',(#619),#230,.T.);
#7446=ADVANCED_FACE('',(#620),#231,.T.);
#7447=ADVANCED_FACE('',(#621),#232,.T.);
#7448=ADVANCED_FACE('',(#622),#233,.T.);
#7449=ADVANCED_FACE('',(#623),#7101,.T.);
#7450=ADVANCED_FACE('',(#624),#234,.T.);
#7451=ADVANCED_FACE('',(#625),#235,.T.);
#7452=ADVANCED_FACE('',(#626),#236,.T.);
#7453=ADVANCED_FACE('',(#627),#237,.T.);
#7454=ADVANCED_FACE('',(#628),#238,.T.);
#7455=ADVANCED_FACE('',(#629),#239,.T.);
#7456=ADVANCED_FACE('',(#630),#240,.T.);
#7457=ADVANCED_FACE('',(#631),#7102,.T.);
#7458=ADVANCED_FACE('',(#632),#241,.T.);
#7459=ADVANCED_FACE('',(#633),#7103,.T.);
#7460=ADVANCED_FACE('',(#634),#242,.T.);
#7461=ADVANCED_FACE('',(#635),#243,.T.);
#7462=ADVANCED_FACE('',(#636),#244,.T.);
#7463=ADVANCED_FACE('',(#637),#245,.T.);
#7464=ADVANCED_FACE('',(#638),#246,.T.);
#7465=ADVANCED_FACE('',(#639),#247,.T.);
#7466=ADVANCED_FACE('',(#640),#248,.T.);
#7467=ADVANCED_FACE('',(#641),#249,.T.);
#7468=ADVANCED_FACE('',(#642),#250,.T.);
#7469=ADVANCED_FACE('',(#643),#251,.T.);
#7470=ADVANCED_FACE('',(#644),#252,.T.);
#7471=ADVANCED_FACE('',(#645),#253,.T.);
#7472=ADVANCED_FACE('',(#646),#254,.T.);
#7473=ADVANCED_FACE('',(#647),#255,.T.);
#7474=ADVANCED_FACE('',(#648),#7104,.T.);
#7475=ADVANCED_FACE('',(#649),#256,.T.);
#7476=ADVANCED_FACE('',(#650),#257,.T.);
#7477=ADVANCED_FACE('',(#651),#258,.T.);
#7478=ADVANCED_FACE('',(#652),#259,.T.);
#7479=ADVANCED_FACE('',(#653),#260,.T.);
#7480=ADVANCED_FACE('',(#654),#261,.T.);
#7481=ADVANCED_FACE('',(#655),#262,.T.);
#7482=ADVANCED_FACE('',(#656),#263,.T.);
#7483=ADVANCED_FACE('',(#657),#264,.T.);
#7484=ADVANCED_FACE('',(#658),#265,.T.);
#7485=ADVANCED_FACE('',(#659),#266,.T.);
#7486=ADVANCED_FACE('',(#660),#267,.T.);
#7487=ADVANCED_FACE('',(#661),#268,.T.);
#7488=ADVANCED_FACE('',(#662),#269,.T.);
#7489=ADVANCED_FACE('',(#663),#270,.T.);
#7490=ADVANCED_FACE('',(#664),#271,.T.);
#7491=ADVANCED_FACE('',(#665),#272,.T.);
#7492=ADVANCED_FACE('',(#666),#273,.T.);
#7493=ADVANCED_FACE('',(#667),#7105,.T.);
#7494=ADVANCED_FACE('',(#668),#274,.T.);
#7495=ADVANCED_FACE('',(#669),#7106,.T.);
#7496=ADVANCED_FACE('',(#670),#7107,.T.);
#7497=ADVANCED_FACE('',(#671,#283,#284,#285,#286,#287,#288,#289),#7108,
 .T.);
#7498=ADVANCED_FACE('',(#672,#290,#291,#292,#293,#294,#295),#7109,.T.);
#7499=ADVANCED_FACE('',(#673,#296,#297,#298),#7110,.T.);
#7500=ADVANCED_FACE('',(#674),#7111,.T.);
#7501=ADVANCED_FACE('',(#675),#7112,.T.);
#7502=ADVANCED_FACE('',(#676),#7113,.T.);
#7503=ADVANCED_FACE('',(#677),#51,.T.);
#7504=ADVANCED_FACE('',(#678),#52,.T.);
#7505=ADVANCED_FACE('',(#679),#19,.T.);
#7506=ADVANCED_FACE('',(#680),#53,.T.);
#7507=ADVANCED_FACE('',(#681),#20,.T.);
#7508=ADVANCED_FACE('',(#682),#54,.T.);
#7509=ADVANCED_FACE('',(#683),#21,.T.);
#7510=ADVANCED_FACE('',(#684),#22,.T.);
#7511=ADVANCED_FACE('',(#685),#55,.T.);
#7512=ADVANCED_FACE('',(#686),#7114,.T.);
#7513=ADVANCED_FACE('',(#687),#56,.T.);
#7514=ADVANCED_FACE('',(#688),#7115,.T.);
#7515=ADVANCED_FACE('',(#689),#7116,.F.);
#7516=ADVANCED_FACE('',(#690,#299,#300,#301,#302,#303),#7117,.T.);
#7517=ADVANCED_FACE('',(#691),#7118,.T.);
#7518=ADVANCED_FACE('',(#692),#57,.T.);
#7519=ADVANCED_FACE('',(#693),#7119,.T.);
#7520=ADVANCED_FACE('',(#694),#58,.T.);
#7521=ADVANCED_FACE('',(#695),#15,.F.);
#7522=ADVANCED_FACE('',(#696),#59,.F.);
#7523=ADVANCED_FACE('',(#697),#7120,.F.);
#7524=ADVANCED_FACE('',(#698),#16,.F.);
#7525=ADVANCED_FACE('',(#699),#60,.F.);
#7526=ADVANCED_FACE('',(#700),#7121,.F.);
#7527=ADVANCED_FACE('',(#701),#17,.F.);
#7528=ADVANCED_FACE('',(#702),#61,.F.);
#7529=ADVANCED_FACE('',(#703),#7122,.F.);
#7530=ADVANCED_FACE('',(#704),#18,.F.);
#7531=ADVANCED_FACE('',(#705),#62,.F.);
#7532=ADVANCED_FACE('',(#706),#7123,.F.);
#7533=ADVANCED_FACE('',(#707),#7124,.T.);
#7534=ADVANCED_FACE('',(#708),#7125,.T.);
#7535=ADVANCED_FACE('',(#709),#7126,.T.);
#7536=ADVANCED_FACE('',(#710),#7127,.T.);
#7537=ADVANCED_FACE('',(#711),#7128,.T.);
#7538=ADVANCED_FACE('',(#712),#7129,.T.);
#7539=ADVANCED_FACE('',(#713),#7130,.T.);
#7540=ADVANCED_FACE('',(#714),#7131,.T.);
#7541=ADVANCED_FACE('',(#715,#304,#305,#306),#7132,.T.);
#7542=CLOSED_SHELL('',(#7133,#7134,#7135,#7136,#7137,#7138,#7139,#7140,
#7141,#7142,#7143,#7144,#7145,#7146,#7147,#7148,#7149,#7150,#7151,#7152,
#7153,#7154,#7155,#7156,#7157,#7158,#7159,#7160,#7161,#7162,#7163,#7164,
#7165,#7166,#7167,#7168,#7169,#7170,#7171,#7172,#7173,#7174,#7175,#7176,
#7177,#7178,#7179,#7180,#7181,#7182,#7183,#7184,#7185,#7186,#7187,#7188,
#7189,#7190,#7191,#7192,#7193,#7194,#7195,#7196,#7197,#7198,#7199,#7200,
#7201,#7202,#7203,#7204,#7205,#7206,#7207,#7208,#7209,#7210,#7211,#7212,
#7213,#7214,#7215,#7216,#7217,#7218,#7219,#7220,#7221,#7222,#7223,#7224,
#7225,#7226,#7227,#7228,#7229,#7230,#7231,#7232,#7233,#7234,#7235,#7236,
#7237,#7238,#7239,#7240,#7241,#7242,#7243,#7244,#7245,#7246,#7247,#7248,
#7249,#7250,#7251,#7252,#7253,#7254,#7255,#7256,#7257,#7258,#7259,#7260,
#7261,#7262,#7263,#7264,#7265,#7266,#7267,#7268,#7269,#7270,#7271,#7272,
#7273,#7274,#7275,#7276,#7277,#7278,#7279,#7280,#7281,#7282,#7283,#7284,
#7285,#7286,#7287,#7288,#7289,#7290,#7291,#7292,#7293,#7294,#7295,#7296,
#7297,#7298,#7299,#7300,#7301,#7302,#7303,#7304,#7305,#7306,#7307,#7308,
#7309,#7310,#7311,#7312,#7313,#7314,#7315,#7316,#7317,#7318,#7319,#7320,
#7321,#7322,#7323,#7324,#7325,#7326,#7327,#7328,#7329,#7330,#7331,#7332,
#7333,#7334,#7335,#7336,#7337,#7338,#7339,#7340,#7341,#7342,#7343,#7344,
#7345,#7346,#7347,#7348,#7349,#7350,#7351,#7352,#7353,#7354,#7355,#7356,
#7357,#7358,#7359,#7360,#7361,#7362,#7363,#7364,#7365,#7366,#7367,#7368,
#7369,#7370,#7371,#7372,#7373,#7374,#7375,#7376,#7377,#7378,#7379,#7380,
#7381,#7382,#7383,#7384,#7385,#7386,#7387,#7388,#7389,#7390,#7391,#7392,
#7393,#7394,#7395,#7396,#7397,#7398,#7399,#7400,#7401,#7402,#7403,#7404,
#7405,#7406,#7407,#7408,#7409,#7410,#7411,#7412,#7413,#7414,#7415,#7416,
#7417,#7418,#7419,#7420,#7421,#7422,#7423,#7424,#7425,#7426,#7427,#7428,
#7429,#7430,#7431,#7432,#7433,#7434,#7435,#7436,#7437,#7438,#7439,#7440,
#7441,#7442,#7443,#7444,#7445,#7446,#7447,#7448,#7449,#7450,#7451,#7452,
#7453,#7454,#7455,#7456,#7457,#7458,#7459,#7460,#7461,#7462,#7463,#7464,
#7465,#7466,#7467,#7468,#7469,#7470,#7471,#7472,#7473,#7474,#7475,#7476,
#7477,#7478,#7479,#7480,#7481,#7482,#7483,#7484,#7485,#7486,#7487,#7488,
#7489,#7490,#7491,#7492,#7493,#7494,#7495,#7496,#7497,#7498,#7499,#7500,
#7501,#7502,#7503,#7504,#7505,#7506,#7507,#7508,#7509,#7510,#7511,#7512,
#7513,#7514,#7515,#7516,#7517,#7518,#7519,#7520,#7521,#7522,#7523,#7524,
#7525,#7526,#7527,#7528,#7529,#7530,#7531,#7532,#7533,#7534,#7535,#7536,
#7537,#7538,#7539,#7540,#7541));
#7543=DERIVED_UNIT_ELEMENT(#7545,1.);
#7544=DERIVED_UNIT_ELEMENT(#14752,-3.);
#7545=(
MASS_UNIT()
NAMED_UNIT(*)
SI_UNIT(.KILO.,.GRAM.)
);
#7546=DERIVED_UNIT((#7543,#7544));
#7547=MEASURE_REPRESENTATION_ITEM('density measure',
POSITIVE_RATIO_MEASURE(7850.),#7546);
#7548=PROPERTY_DEFINITION_REPRESENTATION(#7553,#7550);
#7549=PROPERTY_DEFINITION_REPRESENTATION(#7554,#7551);
#7550=REPRESENTATION('material name',(#7552),#14749);
#7551=REPRESENTATION('density',(#7547),#14749);
#7552=DESCRIPTIVE_REPRESENTATION_ITEM('Acier','Acier');
#7553=PROPERTY_DEFINITION('material property','material name',#14759);
#7554=PROPERTY_DEFINITION('material property','density of part',#14759);
#7555=AXIS2_PLACEMENT_3D('',#8890,#7781,#7782);
#7556=AXIS2_PLACEMENT_3D('',#8891,#7783,#7784);
#7557=AXIS2_PLACEMENT_3D('',#8974,#7793,#7794);
#7558=AXIS2_PLACEMENT_3D('',#8980,#7798,#7799);
#7559=AXIS2_PLACEMENT_3D('',#9086,#7808,#7809);
#7560=AXIS2_PLACEMENT_3D('',#9090,#7812,#7813);
#7561=AXIS2_PLACEMENT_3D('',#9094,#7816,#7817);
#7562=AXIS2_PLACEMENT_3D('',#9096,#7819,#7820);
#7563=AXIS2_PLACEMENT_3D('',#9187,#7829,#7830);
#7564=AXIS2_PLACEMENT_3D('',#9191,#7833,#7834);
#7565=AXIS2_PLACEMENT_3D('',#9193,#7836,#7837);
#7566=AXIS2_PLACEMENT_3D('',#9202,#7842,#7843);
#7567=AXIS2_PLACEMENT_3D('',#9208,#7847,#7848);
#7568=AXIS2_PLACEMENT_3D('',#9212,#7851,#7852);
#7569=AXIS2_PLACEMENT_3D('',#9216,#7855,#7856);
#7570=AXIS2_PLACEMENT_3D('',#9218,#7858,#7859);
#7571=AXIS2_PLACEMENT_3D('',#9227,#7864,#7865);
#7572=AXIS2_PLACEMENT_3D('',#9233,#7869,#7870);
#7573=AXIS2_PLACEMENT_3D('',#9237,#7873,#7874);
#7574=AXIS2_PLACEMENT_3D('',#9241,#7877,#7878);
#7575=AXIS2_PLACEMENT_3D('',#9243,#7880,#7881);
#7576=AXIS2_PLACEMENT_3D('',#9282,#7895,#7896);
#7577=AXIS2_PLACEMENT_3D('',#9288,#7900,#7901);
#7578=AXIS2_PLACEMENT_3D('',#9292,#7904,#7905);
#7579=AXIS2_PLACEMENT_3D('',#9296,#7908,#7909);
#7580=AXIS2_PLACEMENT_3D('',#9300,#7912,#7913);
#7581=AXIS2_PLACEMENT_3D('',#9304,#7916,#7917);
#7582=AXIS2_PLACEMENT_3D('',#9308,#7920,#7921);
#7583=AXIS2_PLACEMENT_3D('',#9312,#7924,#7925);
#7584=AXIS2_PLACEMENT_3D('',#9316,#7928,#7929);
#7585=AXIS2_PLACEMENT_3D('',#9354,#7934,#7935);
#7586=AXIS2_PLACEMENT_3D('',#9358,#7938,#7939);
#7587=AXIS2_PLACEMENT_3D('',#9362,#7942,#7943);
#7588=AXIS2_PLACEMENT_3D('',#9366,#7946,#7947);
#7589=AXIS2_PLACEMENT_3D('',#9368,#7949,#7950);
#7590=AXIS2_PLACEMENT_3D('',#9575,#7955,#7956);
#7591=AXIS2_PLACEMENT_3D('',#9615,#7962,#7963);
#7592=AXIS2_PLACEMENT_3D('',#9738,#7973,#7974);
#7593=AXIS2_PLACEMENT_3D('',#10150,#8001,#8002);
#7594=AXIS2_PLACEMENT_3D('',#10152,#8004,#8005);
#7595=AXIS2_PLACEMENT_3D('',#10286,#8017,#8018);
#7596=AXIS2_PLACEMENT_3D('',#10290,#8021,#8022);
#7597=AXIS2_PLACEMENT_3D('',#10294,#8025,#8026);
#7598=AXIS2_PLACEMENT_3D('',#10332,#8031,#8032);
#7599=AXIS2_PLACEMENT_3D('',#10336,#8035,#8036);
#7600=AXIS2_PLACEMENT_3D('',#10340,#8039,#8040);
#7601=AXIS2_PLACEMENT_3D('',#10429,#8048,#8049);
#7602=AXIS2_PLACEMENT_3D('',#10448,#8052,#8053);
#7603=AXIS2_PLACEMENT_3D('',#10610,#8061,#8062);
#7604=AXIS2_PLACEMENT_3D('',#10767,#8074,#8075);
#7605=AXIS2_PLACEMENT_3D('',#10839,#8082,#8083);
#7606=AXIS2_PLACEMENT_3D('',#10858,#8086,#8087);
#7607=AXIS2_PLACEMENT_3D('',#10875,#8096,#8097);
#7608=AXIS2_PLACEMENT_3D('',#10881,#8101,#8102);
#7609=AXIS2_PLACEMENT_3D('',#10885,#8105,#8106);
#7610=AXIS2_PLACEMENT_3D('',#10889,#8109,#8110);
#7611=AXIS2_PLACEMENT_3D('',#10891,#8112,#8113);
#7612=AXIS2_PLACEMENT_3D('',#10897,#8117,#8118);
#7613=AXIS2_PLACEMENT_3D('',#10901,#8121,#8122);
#7614=AXIS2_PLACEMENT_3D('',#10905,#8125,#8126);
#7615=AXIS2_PLACEMENT_3D('',#10907,#8128,#8129);
#7616=AXIS2_PLACEMENT_3D('',#10924,#8138,#8139);
#7617=AXIS2_PLACEMENT_3D('',#10930,#8143,#8144);
#7618=AXIS2_PLACEMENT_3D('',#10934,#8147,#8148);
#7619=AXIS2_PLACEMENT_3D('',#10938,#8151,#8152);
#7620=AXIS2_PLACEMENT_3D('',#10940,#8154,#8155);
#7621=AXIS2_PLACEMENT_3D('',#10946,#8159,#8160);
#7622=AXIS2_PLACEMENT_3D('',#10950,#8163,#8164);
#7623=AXIS2_PLACEMENT_3D('',#10954,#8167,#8168);
#7624=AXIS2_PLACEMENT_3D('',#10956,#8170,#8171);
#7625=AXIS2_PLACEMENT_3D('',#10981,#8184,#8185);
#7626=AXIS2_PLACEMENT_3D('',#10987,#8189,#8190);
#7627=AXIS2_PLACEMENT_3D('',#10991,#8193,#8194);
#7628=AXIS2_PLACEMENT_3D('',#10995,#8197,#8198);
#7629=AXIS2_PLACEMENT_3D('',#10999,#8201,#8202);
#7630=AXIS2_PLACEMENT_3D('',#11003,#8205,#8206);
#7631=AXIS2_PLACEMENT_3D('',#11007,#8209,#8210);
#7632=AXIS2_PLACEMENT_3D('',#11011,#8213,#8214);
#7633=AXIS2_PLACEMENT_3D('',#11015,#8217,#8218);
#7634=AXIS2_PLACEMENT_3D('',#11019,#8221,#8222);
#7635=AXIS2_PLACEMENT_3D('',#11023,#8225,#8226);
#7636=AXIS2_PLACEMENT_3D('',#11027,#8229,#8230);
#7637=AXIS2_PLACEMENT_3D('',#11029,#8232,#8233);
#7638=AXIS2_PLACEMENT_3D('',#11046,#8242,#8243);
#7639=AXIS2_PLACEMENT_3D('',#11052,#8247,#8248);
#7640=AXIS2_PLACEMENT_3D('',#11056,#8251,#8252);
#7641=AXIS2_PLACEMENT_3D('',#11060,#8255,#8256);
#7642=AXIS2_PLACEMENT_3D('',#11062,#8258,#8259);
#7643=AXIS2_PLACEMENT_3D('',#11068,#8263,#8264);
#7644=AXIS2_PLACEMENT_3D('',#11072,#8267,#8268);
#7645=AXIS2_PLACEMENT_3D('',#11076,#8271,#8272);
#7646=AXIS2_PLACEMENT_3D('',#11078,#8274,#8275);
#7647=AXIS2_PLACEMENT_3D('',#11133,#8282,#8283);
#7648=AXIS2_PLACEMENT_3D('',#11207,#8291,#8292);
#7649=AXIS2_PLACEMENT_3D('',#11262,#8298,#8299);
#7650=AXIS2_PLACEMENT_3D('',#11266,#8302,#8303);
#7651=AXIS2_PLACEMENT_3D('',#11270,#8306,#8307);
#7652=AXIS2_PLACEMENT_3D('',#11274,#8310,#8311);
#7653=AXIS2_PLACEMENT_3D('',#11276,#8313,#8314);
#7654=AXIS2_PLACEMENT_3D('',#11402,#8331,#8332);
#7655=AXIS2_PLACEMENT_3D('',#11406,#8335,#8336);
#7656=AXIS2_PLACEMENT_3D('',#11410,#8339,#8340);
#7657=AXIS2_PLACEMENT_3D('',#11414,#8343,#8344);
#7658=AXIS2_PLACEMENT_3D('',#11418,#8347,#8348);
#7659=AXIS2_PLACEMENT_3D('',#11422,#8351,#8352);
#7660=AXIS2_PLACEMENT_3D('',#11426,#8355,#8356);
#7661=AXIS2_PLACEMENT_3D('',#11430,#8359,#8360);
#7662=AXIS2_PLACEMENT_3D('',#11434,#8363,#8364);
#7663=AXIS2_PLACEMENT_3D('',#11438,#8367,#8368);
#7664=AXIS2_PLACEMENT_3D('',#11442,#8371,#8372);
#7665=AXIS2_PLACEMENT_3D('',#11514,#8379,#8380);
#7666=AXIS2_PLACEMENT_3D('',#11533,#8383,#8384);
#7667=AXIS2_PLACEMENT_3D('',#11659,#8401,#8402);
#7668=AXIS2_PLACEMENT_3D('',#11663,#8405,#8406);
#7669=AXIS2_PLACEMENT_3D('',#11667,#8409,#8410);
#7670=AXIS2_PLACEMENT_3D('',#11671,#8413,#8414);
#7671=AXIS2_PLACEMENT_3D('',#11675,#8417,#8418);
#7672=AXIS2_PLACEMENT_3D('',#11679,#8421,#8422);
#7673=AXIS2_PLACEMENT_3D('',#11683,#8425,#8426);
#7674=AXIS2_PLACEMENT_3D('',#11687,#8429,#8430);
#7675=AXIS2_PLACEMENT_3D('',#11691,#8433,#8434);
#7676=AXIS2_PLACEMENT_3D('',#11695,#8437,#8438);
#7677=AXIS2_PLACEMENT_3D('',#11699,#8441,#8442);
#7678=AXIS2_PLACEMENT_3D('',#11771,#8449,#8450);
#7679=AXIS2_PLACEMENT_3D('',#11790,#8453,#8454);
#7680=AXIS2_PLACEMENT_3D('',#12142,#8476,#8477);
#7681=AXIS2_PLACEMENT_3D('',#12146,#8480,#8481);
#7682=AXIS2_PLACEMENT_3D('',#12150,#8484,#8485);
#7683=AXIS2_PLACEMENT_3D('',#12152,#8487,#8488);
#7684=AXIS2_PLACEMENT_3D('',#12277,#8499,#8500);
#7685=AXIS2_PLACEMENT_3D('',#12281,#8503,#8504);
#7686=AXIS2_PLACEMENT_3D('',#12283,#8506,#8507);
#7687=AXIS2_PLACEMENT_3D('',#12391,#8517,#8518);
#7688=AXIS2_PLACEMENT_3D('',#12395,#8521,#8522);
#7689=AXIS2_PLACEMENT_3D('',#12397,#8524,#8525);
#7690=AXIS2_PLACEMENT_3D('',#12563,#8538,#8539);
#7691=AXIS2_PLACEMENT_3D('',#12567,#8542,#8543);
#7692=AXIS2_PLACEMENT_3D('',#12571,#8546,#8547);
#7693=AXIS2_PLACEMENT_3D('',#12677,#8556,#8557);
#7694=AXIS2_PLACEMENT_3D('',#12681,#8560,#8561);
#7695=AXIS2_PLACEMENT_3D('',#12685,#8564,#8565);
#7696=AXIS2_PLACEMENT_3D('',#12687,#8567,#8568);
#7697=AXIS2_PLACEMENT_3D('',#12967,#8581,#8582);
#7698=AXIS2_PLACEMENT_3D('',#13141,#8595,#8596);
#7699=AXIS2_PLACEMENT_3D('',#13160,#8599,#8600);
#7700=AXIS2_PLACEMENT_3D('',#13535,#8617,#8618);
#7701=AXIS2_PLACEMENT_3D('',#13658,#8628,#8629);
#7702=AXIS2_PLACEMENT_3D('',#13781,#8639,#8640);
#7703=AXIS2_PLACEMENT_3D('',#13800,#8643,#8644);
#7704=AXIS2_PLACEMENT_3D('',#14243,#8662,#8663);
#7705=AXIS2_PLACEMENT_3D('',#14553,#8684,#8685);
#7706=AXIS2_PLACEMENT_3D('',#14572,#8688,#8689);
#7707=AXIS2_PLACEMENT_3D('',#14573,#8690,#8691);
#7708=AXIS2_PLACEMENT_3D('',#14574,#8692,#8693);
#7709=AXIS2_PLACEMENT_3D('',#14575,#8694,#8695);
#7710=AXIS2_PLACEMENT_3D('',#14576,#8696,#8697);
#7711=AXIS2_PLACEMENT_3D('',#14577,#8698,#8699);
#7712=AXIS2_PLACEMENT_3D('',#14578,#8700,#8701);
#7713=AXIS2_PLACEMENT_3D('',#14579,#8702,#8703);
#7714=AXIS2_PLACEMENT_3D('',#14580,#8704,#8705);
#7715=AXIS2_PLACEMENT_3D('',#14583,#8706,#8707);
#7716=AXIS2_PLACEMENT_3D('',#14587,#8709,#8710);
#7717=AXIS2_PLACEMENT_3D('',#14589,#8712,#8713);
#7718=AXIS2_PLACEMENT_3D('',#14591,#8714,#8715);
#7719=AXIS2_PLACEMENT_3D('',#14595,#8717,#8718);
#7720=AXIS2_PLACEMENT_3D('',#14597,#8720,#8721);
#7721=AXIS2_PLACEMENT_3D('',#14598,#8722,#8723);
#7722=AXIS2_PLACEMENT_3D('',#14599,#8724,#8725);
#7723=AXIS2_PLACEMENT_3D('',#14601,#8726,#8727);
#7724=AXIS2_PLACEMENT_3D('',#14605,#8729,#8730);
#7725=AXIS2_PLACEMENT_3D('',#14607,#8732,#8733);
#7726=AXIS2_PLACEMENT_3D('',#14608,#8734,#8735);
#7727=AXIS2_PLACEMENT_3D('',#14609,#8736,#8737);
#7728=AXIS2_PLACEMENT_3D('',#14611,#8738,#8739);
#7729=AXIS2_PLACEMENT_3D('',#14614,#8741,#8742);
#7730=AXIS2_PLACEMENT_3D('',#14616,#8744,#8745);
#7731=AXIS2_PLACEMENT_3D('',#14617,#8746,#8747);
#7732=AXIS2_PLACEMENT_3D('',#14618,#8748,#8749);
#7733=AXIS2_PLACEMENT_3D('',#14619,#8750,#8751);
#7734=AXIS2_PLACEMENT_3D('',#14620,#8752,#8753);
#7735=AXIS2_PLACEMENT_3D('',#14624,#8755,#8756);
#7736=AXIS2_PLACEMENT_3D('',#14626,#8758,#8759);
#7737=AXIS2_PLACEMENT_3D('',#14630,#8762,#8763);
#7738=AXIS2_PLACEMENT_3D('',#14633,#8765,#8766);
#7739=AXIS2_PLACEMENT_3D('',#14634,#8767,#8768);
#7740=AXIS2_PLACEMENT_3D('',#14638,#8771,#8772);
#7741=AXIS2_PLACEMENT_3D('',#14639,#8773,#8774);
#7742=AXIS2_PLACEMENT_3D('',#14641,#8775,#8776);
#7743=AXIS2_PLACEMENT_3D('',#14645,#8778,#8779);
#7744=AXIS2_PLACEMENT_3D('',#14648,#8781,#8782);
#7745=AXIS2_PLACEMENT_3D('',#14650,#8783,#8784);
#7746=AXIS2_PLACEMENT_3D('',#14652,#8785,#8786);
#7747=AXIS2_PLACEMENT_3D('',#14654,#8787,#8788);
#7748=AXIS2_PLACEMENT_3D('',#14671,#8797,#8798);
#7749=AXIS2_PLACEMENT_3D('',#14673,#8800,#8801);
#7750=AXIS2_PLACEMENT_3D('',#14675,#8803,#8804);
#7751=AXIS2_PLACEMENT_3D('',#14677,#8806,#8807);
#7752=AXIS2_PLACEMENT_3D('',#14678,#8808,#8809);
#7753=AXIS2_PLACEMENT_3D('',#14681,#8811,#8812);
#7754=AXIS2_PLACEMENT_3D('',#14682,#8813,#8814);
#7755=AXIS2_PLACEMENT_3D('',#14685,#8816,#8817);
#7756=AXIS2_PLACEMENT_3D('',#14686,#8818,#8819);
#7757=AXIS2_PLACEMENT_3D('',#14687,#8820,#8821);
#7758=AXIS2_PLACEMENT_3D('',#14690,#8823,#8824);
#7759=AXIS2_PLACEMENT_3D('',#14691,#8825,#8826);
#7760=AXIS2_PLACEMENT_3D('',#14694,#8828,#8829);
#7761=AXIS2_PLACEMENT_3D('',#14695,#8830,#8831);
#7762=AXIS2_PLACEMENT_3D('',#14696,#8832,#8833);
#7763=AXIS2_PLACEMENT_3D('',#14699,#8835,#8836);
#7764=AXIS2_PLACEMENT_3D('',#14700,#8837,#8838);
#7765=AXIS2_PLACEMENT_3D('',#14703,#8840,#8841);
#7766=AXIS2_PLACEMENT_3D('',#14704,#8842,#8843);
#7767=AXIS2_PLACEMENT_3D('',#14705,#8844,#8845);
#7768=AXIS2_PLACEMENT_3D('',#14708,#8847,#8848);
#7769=AXIS2_PLACEMENT_3D('',#14709,#8849,#8850);
#7770=AXIS2_PLACEMENT_3D('',#14712,#8852,#8853);
#7771=AXIS2_PLACEMENT_3D('',#14713,#8854,#8855);
#7772=AXIS2_PLACEMENT_3D('',#14714,#8856,#8857);
#7773=AXIS2_PLACEMENT_3D('',#14720,#8861,#8862);
#7774=AXIS2_PLACEMENT_3D('',#14724,#8865,#8866);
#7775=AXIS2_PLACEMENT_3D('',#14728,#8869,#8870);
#7776=AXIS2_PLACEMENT_3D('',#14732,#8873,#8874);
#7777=AXIS2_PLACEMENT_3D('',#14736,#8877,#8878);
#7778=AXIS2_PLACEMENT_3D('',#14740,#8881,#8882);
#7779=AXIS2_PLACEMENT_3D('',#14744,#8885,#8886);
#7780=AXIS2_PLACEMENT_3D('',#14746,#8888,#8889);
#7781=DIRECTION('axis',(0.,0.,1.));
#7782=DIRECTION('refdir',(1.,0.,0.));
#7783=DIRECTION('center_axis',(0.,0.,1.));
#7784=DIRECTION('ref_axis',(1.,0.,0.));
#7785=DIRECTION('',(-1.3654254658439E-15,-1.,0.));
#7786=DIRECTION('',(-1.,2.16434511930969E-15,0.));
#7787=DIRECTION('',(1.,-1.47159753599184E-15,0.));
#7788=DIRECTION('',(1.66533451212232E-15,1.,0.));
#7789=DIRECTION('',(-1.,0.,0.));
#7790=DIRECTION('',(-1.,2.17011584222006E-15,0.));
#7791=DIRECTION('',(1.,-2.14721192480785E-15,0.));
#7792=DIRECTION('',(-1.55304099186016E-15,-1.,0.));
#7793=DIRECTION('center_axis',(-1.,1.3654254658439E-15,0.));
#7794=DIRECTION('ref_axis',(0.,0.,1.));
#7795=DIRECTION('',(0.,0.,1.));
#7796=DIRECTION('',(-1.3654254658439E-15,-1.,0.));
#7797=DIRECTION('',(0.,0.,1.));
#7798=DIRECTION('center_axis',(2.16434511930969E-15,1.,0.));
#7799=DIRECTION('ref_axis',(0.,0.,1.));
#7800=DIRECTION('',(-1.,2.16434511930969E-15,0.));
#7801=DIRECTION('',(0.,0.,1.));
#7802=DIRECTION('',(0.,0.,1.));
#7803=DIRECTION('',(0.,0.,1.));
#7804=DIRECTION('',(0.,0.,1.));
#7805=DIRECTION('',(0.,0.,1.));
#7806=DIRECTION('',(0.,0.,1.));
#7807=DIRECTION('',(0.,0.,1.));
#7808=DIRECTION('center_axis',(-1.47159753599184E-15,-1.,0.));
#7809=DIRECTION('ref_axis',(0.,0.,-1.));
#7810=DIRECTION('',(1.,-1.47159753599184E-15,0.));
#7811=DIRECTION('',(0.,0.,1.));
#7812=DIRECTION('center_axis',(1.,-1.66533451212232E-15,0.));
#7813=DIRECTION('ref_axis',(0.,0.,-1.));
#7814=DIRECTION('',(1.66533451212232E-15,1.,0.));
#7815=DIRECTION('',(0.,0.,1.));
#7816=DIRECTION('center_axis',(0.,1.,0.));
#7817=DIRECTION('ref_axis',(0.,0.,1.));
#7818=DIRECTION('',(-1.,0.,0.));
#7819=DIRECTION('center_axis',(2.17011584222006E-15,1.,0.));
#7820=DIRECTION('ref_axis',(0.,0.,1.));
#7821=DIRECTION('',(0.,0.,1.));
#7822=DIRECTION('',(-1.,2.17011584222006E-15,0.));
#7823=DIRECTION('',(0.,0.,1.));
#7824=DIRECTION('',(0.,0.,1.));
#7825=DIRECTION('',(0.,0.,1.));
#7826=DIRECTION('',(0.,0.,1.));
#7827=DIRECTION('',(0.,0.,1.));
#7828=DIRECTION('',(0.,0.,1.));
#7829=DIRECTION('center_axis',(-2.14721192480785E-15,-1.,0.));
#7830=DIRECTION('ref_axis',(0.,0.,-1.));
#7831=DIRECTION('',(1.,-2.14721192480785E-15,0.));
#7832=DIRECTION('',(0.,0.,1.));
#7833=DIRECTION('center_axis',(-1.,1.55304099186016E-15,0.));
#7834=DIRECTION('ref_axis',(0.,0.,1.));
#7835=DIRECTION('',(-1.55304099186016E-15,-1.,0.));
#7836=DIRECTION('center_axis',(0.,0.,1.));
#7837=DIRECTION('ref_axis',(1.,0.,0.));
#7838=DIRECTION('',(0.,-1.,0.));
#7839=DIRECTION('',(1.,-1.47159753599184E-15,0.));
#7840=DIRECTION('',(0.,1.,0.));
#7841=DIRECTION('',(-1.,1.47159753599184E-15,0.));
#7842=DIRECTION('center_axis',(-1.,0.,0.));
#7843=DIRECTION('ref_axis',(0.,0.,1.));
#7844=DIRECTION('',(0.,0.,1.));
#7845=DIRECTION('',(0.,-1.,0.));
#7846=DIRECTION('',(0.,0.,1.));
#7847=DIRECTION('center_axis',(-1.47159753599184E-15,-1.,0.));
#7848=DIRECTION('ref_axis',(0.,0.,-1.));
#7849=DIRECTION('',(1.,-1.47159753599184E-15,0.));
#7850=DIRECTION('',(0.,0.,1.));
#7851=DIRECTION('center_axis',(1.,0.,0.));
#7852=DIRECTION('ref_axis',(0.,0.,-1.));
#7853=DIRECTION('',(0.,1.,0.));
#7854=DIRECTION('',(0.,0.,1.));
#7855=DIRECTION('center_axis',(1.47159753599184E-15,1.,0.));
#7856=DIRECTION('ref_axis',(0.,0.,1.));
#7857=DIRECTION('',(-1.,1.47159753599184E-15,0.));
#7858=DIRECTION('center_axis',(0.,0.,1.));
#7859=DIRECTION('ref_axis',(1.,0.,0.));
#7860=DIRECTION('',(5.55111504040772E-16,-1.,0.));
#7861=DIRECTION('',(1.,0.,0.));
#7862=DIRECTION('',(-5.55111504040772E-16,1.,0.));
#7863=DIRECTION('',(-1.,0.,0.));
#7864=DIRECTION('center_axis',(-1.,-5.55111504040772E-16,0.));
#7865=DIRECTION('ref_axis',(0.,0.,1.));
#7866=DIRECTION('',(0.,0.,1.));
#7867=DIRECTION('',(5.55111504040772E-16,-1.,0.));
#7868=DIRECTION('',(0.,0.,1.));
#7869=DIRECTION('center_axis',(0.,-1.,0.));
#7870=DIRECTION('ref_axis',(0.,0.,-1.));
#7871=DIRECTION('',(1.,0.,0.));
#7872=DIRECTION('',(0.,0.,1.));
#7873=DIRECTION('center_axis',(1.,5.55111504040772E-16,0.));
#7874=DIRECTION('ref_axis',(0.,0.,-1.));
#7875=DIRECTION('',(-5.55111504040772E-16,1.,0.));
#7876=DIRECTION('',(0.,0.,1.));
#7877=DIRECTION('center_axis',(0.,1.,0.));
#7878=DIRECTION('ref_axis',(0.,0.,1.));
#7879=DIRECTION('',(-1.,0.,0.));
#7880=DIRECTION('center_axis',(0.,0.,1.));
#7881=DIRECTION('ref_axis',(1.,0.,0.));
#7882=DIRECTION('',(6.520781113757E-16,-1.,0.));
#7883=DIRECTION('',(-0.321685103705401,0.946846710959089,0.));
#7884=DIRECTION('',(-1.,0.,0.));
#7885=DIRECTION('',(-0.327983163915656,-0.944683568285104,0.));
#7886=DIRECTION('',(-6.63238385791446E-16,1.,0.));
#7887=DIRECTION('',(-1.,0.,0.));
#7888=DIRECTION('',(5.55111504040772E-16,-1.,0.));
#7889=DIRECTION('',(1.,0.,0.));
#7890=DIRECTION('',(0.325390555612877,0.945579709129772,0.));
#7891=DIRECTION('',(0.317049993567424,-0.948408826181461,0.));
#7892=DIRECTION('',(1.,0.,0.));
#7893=DIRECTION('',(-5.55111504040772E-16,1.,0.));
#7894=DIRECTION('',(-1.,0.,0.));
#7895=DIRECTION('center_axis',(-1.,-6.520781113757E-16,0.));
#7896=DIRECTION('ref_axis',(0.,0.,1.));
#7897=DIRECTION('',(0.,0.,1.));
#7898=DIRECTION('',(6.520781113757E-16,-1.,0.));
#7899=DIRECTION('',(0.,0.,1.));
#7900=DIRECTION('center_axis',(0.94684671095909,0.321685103705401,0.));
#7901=DIRECTION('ref_axis',(0.,0.,-1.));
#7902=DIRECTION('',(-0.321685103705401,0.946846710959089,0.));
#7903=DIRECTION('',(0.,0.,1.));
#7904=DIRECTION('center_axis',(0.,1.,0.));
#7905=DIRECTION('ref_axis',(0.,0.,1.));
#7906=DIRECTION('',(-1.,0.,0.));
#7907=DIRECTION('',(0.,0.,1.));
#7908=DIRECTION('center_axis',(-0.944683568285104,0.327983163915656,0.));
#7909=DIRECTION('ref_axis',(0.,0.,1.));
#7910=DIRECTION('',(-0.327983163915656,-0.944683568285104,0.));
#7911=DIRECTION('',(0.,0.,1.));
#7912=DIRECTION('center_axis',(1.,6.63238385791446E-16,0.));
#7913=DIRECTION('ref_axis',(0.,0.,-1.));
#7914=DIRECTION('',(-6.63238385791446E-16,1.,0.));
#7915=DIRECTION('',(0.,0.,1.));
#7916=DIRECTION('center_axis',(0.,1.,0.));
#7917=DIRECTION('ref_axis',(0.,0.,1.));
#7918=DIRECTION('',(-1.,0.,0.));
#7919=DIRECTION('',(0.,0.,1.));
#7920=DIRECTION('center_axis',(-1.,-5.55111504040772E-16,0.));
#7921=DIRECTION('ref_axis',(0.,0.,1.));
#7922=DIRECTION('',(5.55111504040772E-16,-1.,0.));
#7923=DIRECTION('',(0.,0.,1.));
#7924=DIRECTION('center_axis',(0.,-1.,0.));
#7925=DIRECTION('ref_axis',(0.,0.,-1.));
#7926=DIRECTION('',(1.,0.,0.));
#7927=DIRECTION('',(0.,0.,1.));
#7928=DIRECTION('center_axis',(0.945579709129772,-0.325390555612877,0.));
#7929=DIRECTION('ref_axis',(0.,0.,-1.));
#7930=DIRECTION('',(0.325390555612877,0.945579709129772,0.));
#7931=DIRECTION('',(0.,0.,1.));
#7932=DIRECTION('',(0.,0.,1.));
#7933=DIRECTION('',(0.,0.,1.));
#7934=DIRECTION('center_axis',(-0.948408826181461,-0.317049993567424,0.));
#7935=DIRECTION('ref_axis',(0.,0.,1.));
#7936=DIRECTION('',(0.317049993567424,-0.948408826181461,0.));
#7937=DIRECTION('',(0.,0.,1.));
#7938=DIRECTION('center_axis',(0.,-1.,0.));
#7939=DIRECTION('ref_axis',(0.,0.,-1.));
#7940=DIRECTION('',(1.,0.,0.));
#7941=DIRECTION('',(0.,0.,1.));
#7942=DIRECTION('center_axis',(1.,5.55111504040772E-16,0.));
#7943=DIRECTION('ref_axis',(0.,0.,-1.));
#7944=DIRECTION('',(-5.55111504040772E-16,1.,0.));
#7945=DIRECTION('',(0.,0.,1.));
#7946=DIRECTION('center_axis',(0.,1.,0.));
#7947=DIRECTION('ref_axis',(0.,0.,1.));
#7948=DIRECTION('',(-1.,0.,0.));
#7949=DIRECTION('center_axis',(0.,0.,1.));
#7950=DIRECTION('ref_axis',(1.,0.,0.));
#7951=DIRECTION('',(-0.000826784521700082,-0.999999658213619,0.));
#7952=DIRECTION('',(0.999999658213619,-0.000826784521699665,0.));
#7953=DIRECTION('',(-0.135932361600025,-0.990718119885692,0.));
#7954=DIRECTION('',(-0.999999658213619,0.000826784521692015,0.));
#7955=DIRECTION('center_axis',(-0.999999658213619,0.000826784521700082,
0.));
#7956=DIRECTION('ref_axis',(0.,0.,1.));
#7957=DIRECTION('',(0.,0.,1.));
#7958=DIRECTION('',(-0.000826784521700082,-0.999999658213619,0.));
#7959=DIRECTION('',(0.,0.,1.));
#7960=DIRECTION('',(0.,0.,1.));
#7961=DIRECTION('',(0.,0.,1.));
#7962=DIRECTION('center_axis',(-0.000826784521699665,-0.999999658213619,
0.));
#7963=DIRECTION('ref_axis',(0.,0.,-1.));
#7964=DIRECTION('',(0.999999658213619,-0.000826784521699665,0.));
#7965=DIRECTION('',(0.,0.,1.));
#7966=DIRECTION('',(0.,0.,1.));
#7967=DIRECTION('',(0.,0.,1.));
#7968=DIRECTION('',(0.,0.,1.));
#7969=DIRECTION('',(0.,0.,1.));
#7970=DIRECTION('',(0.,0.,1.));
#7971=DIRECTION('',(0.,0.,1.));
#7972=DIRECTION('',(0.,0.,1.));
#7973=DIRECTION('center_axis',(-0.990718119885692,0.135932361600025,0.));
#7974=DIRECTION('ref_axis',(0.,0.,1.));
#7975=DIRECTION('',(-0.135932361600025,-0.990718119885692,0.));
#7976=DIRECTION('',(0.,0.,1.));
#7977=DIRECTION('',(0.,0.,1.));
#7978=DIRECTION('',(0.,0.,1.));
#7979=DIRECTION('',(0.,0.,1.));
#7980=DIRECTION('',(0.,0.,1.));
#7981=DIRECTION('',(0.,0.,1.));
#7982=DIRECTION('',(0.,0.,1.));
#7983=DIRECTION('',(0.,0.,1.));
#7984=DIRECTION('',(0.,0.,1.));
#7985=DIRECTION('',(0.,0.,1.));
#7986=DIRECTION('',(0.,0.,1.));
#7987=DIRECTION('',(0.,0.,1.));
#7988=DIRECTION('',(0.,0.,1.));
#7989=DIRECTION('',(0.,0.,1.));
#7990=DIRECTION('',(0.,0.,1.));
#7991=DIRECTION('',(0.,0.,1.));
#7992=DIRECTION('',(0.,0.,1.));
#7993=DIRECTION('',(0.,0.,1.));
#7994=DIRECTION('',(0.,0.,1.));
#7995=DIRECTION('',(0.,0.,1.));
#7996=DIRECTION('',(0.,0.,1.));
#7997=DIRECTION('',(0.,0.,1.));
#7998=DIRECTION('',(0.,0.,1.));
#7999=DIRECTION('',(0.,0.,1.));
#8000=DIRECTION('',(0.,0.,1.));
#8001=DIRECTION('center_axis',(0.000826784521692015,0.999999658213619,0.));
#8002=DIRECTION('ref_axis',(0.,0.,1.));
#8003=DIRECTION('',(-0.999999658213619,0.000826784521692015,0.));
#8004=DIRECTION('center_axis',(0.,0.,1.));
#8005=DIRECTION('ref_axis',(1.,0.,0.));
#8006=DIRECTION('',(0.936323918607747,-0.351137465165757,0.));
#8007=DIRECTION('',(0.000826784521705178,0.999999658213619,0.));
#8008=DIRECTION('',(-0.938575063962033,0.345075135743892,0.));
#8009=DIRECTION('',(0.94136146031287,0.337399764430297,0.));
#8010=DIRECTION('',(0.000826784521695366,0.999999658213619,0.));
#8011=DIRECTION('',(-0.935460742145357,-0.353430615404012,0.));
#8012=DIRECTION('',(-0.993166936065633,-0.116702344046741,0.));
#8013=DIRECTION('',(0.,0.,1.));
#8014=DIRECTION('',(0.,0.,1.));
#8015=DIRECTION('',(0.,0.,1.));
#8016=DIRECTION('',(0.,0.,1.));
#8017=DIRECTION('center_axis',(-0.351137465165757,-0.936323918607747,0.));
#8018=DIRECTION('ref_axis',(0.,0.,-1.));
#8019=DIRECTION('',(0.936323918607747,-0.351137465165757,0.));
#8020=DIRECTION('',(0.,0.,1.));
#8021=DIRECTION('center_axis',(0.999999658213619,-0.000826784521705178,
0.));
#8022=DIRECTION('ref_axis',(0.,0.,-1.));
#8023=DIRECTION('',(0.000826784521705178,0.999999658213619,0.));
#8024=DIRECTION('',(0.,0.,1.));
#8025=DIRECTION('center_axis',(0.345075135743892,0.938575063962033,0.));
#8026=DIRECTION('ref_axis',(0.,0.,1.));
#8027=DIRECTION('',(-0.938575063962033,0.345075135743892,0.));
#8028=DIRECTION('',(0.,0.,1.));
#8029=DIRECTION('',(0.,0.,1.));
#8030=DIRECTION('',(0.,0.,1.));
#8031=DIRECTION('center_axis',(0.337399764430297,-0.94136146031287,0.));
#8032=DIRECTION('ref_axis',(0.,0.,-1.));
#8033=DIRECTION('',(0.94136146031287,0.337399764430297,0.));
#8034=DIRECTION('',(0.,0.,1.));
#8035=DIRECTION('center_axis',(0.999999658213619,-0.000826784521695366,
0.));
#8036=DIRECTION('ref_axis',(0.,0.,-1.));
#8037=DIRECTION('',(0.000826784521695366,0.999999658213619,0.));
#8038=DIRECTION('',(0.,0.,1.));
#8039=DIRECTION('center_axis',(-0.353430615404012,0.935460742145357,0.));
#8040=DIRECTION('ref_axis',(0.,0.,1.));
#8041=DIRECTION('',(-0.935460742145357,-0.353430615404012,0.));
#8042=DIRECTION('',(0.,0.,1.));
#8043=DIRECTION('',(0.,0.,1.));
#8044=DIRECTION('',(0.,0.,1.));
#8045=DIRECTION('',(0.,0.,1.));
#8046=DIRECTION('',(0.,0.,1.));
#8047=DIRECTION('',(0.,0.,1.));
#8048=DIRECTION('center_axis',(-0.116702344046741,0.993166936065633,0.));
#8049=DIRECTION('ref_axis',(0.,0.,1.));
#8050=DIRECTION('',(-0.993166936065633,-0.116702344046741,0.));
#8051=DIRECTION('',(0.,0.,1.));
#8052=DIRECTION('center_axis',(0.,0.,1.));
#8053=DIRECTION('ref_axis',(1.,0.,0.));
#8054=DIRECTION('',(-0.00082678452169553,-0.999999658213619,0.));
#8055=DIRECTION('',(0.123541338154631,0.992339426691776,0.));
#8056=DIRECTION('',(0.000826784521699447,0.999999658213619,0.));
#8057=DIRECTION('',(0.,0.,1.));
#8058=DIRECTION('',(0.,0.,1.));
#8059=DIRECTION('',(0.,0.,1.));
#8060=DIRECTION('',(0.,0.,1.));
#8061=DIRECTION('center_axis',(-0.999999658213619,0.00082678452169553,0.));
#8062=DIRECTION('ref_axis',(0.,0.,1.));
#8063=DIRECTION('',(-0.00082678452169553,-0.999999658213619,0.));
#8064=DIRECTION('',(0.,0.,1.));
#8065=DIRECTION('',(0.,0.,1.));
#8066=DIRECTION('',(0.,0.,1.));
#8067=DIRECTION('',(0.,0.,1.));
#8068=DIRECTION('',(0.,0.,1.));
#8069=DIRECTION('',(0.,0.,1.));
#8070=DIRECTION('',(0.,0.,1.));
#8071=DIRECTION('',(0.,0.,1.));
#8072=DIRECTION('',(0.,0.,1.));
#8073=DIRECTION('',(0.,0.,1.));
#8074=DIRECTION('center_axis',(0.992339426691776,-0.123541338154631,0.));
#8075=DIRECTION('ref_axis',(0.,0.,-1.));
#8076=DIRECTION('',(0.123541338154631,0.992339426691776,0.));
#8077=DIRECTION('',(0.,0.,1.));
#8078=DIRECTION('',(0.,0.,1.));
#8079=DIRECTION('',(0.,0.,1.));
#8080=DIRECTION('',(0.,0.,1.));
#8081=DIRECTION('',(0.,0.,1.));
#8082=DIRECTION('center_axis',(0.999999658213619,-0.000826784521699447,
0.));
#8083=DIRECTION('ref_axis',(0.,0.,-1.));
#8084=DIRECTION('',(0.000826784521699447,0.999999658213619,0.));
#8085=DIRECTION('',(0.,0.,1.));
#8086=DIRECTION('center_axis',(0.,0.,1.));
#8087=DIRECTION('ref_axis',(1.,0.,0.));
#8088=DIRECTION('',(0.,-1.,0.));
#8089=DIRECTION('',(1.,0.,0.));
#8090=DIRECTION('',(0.,1.,0.));
#8091=DIRECTION('',(-1.,0.,0.));
#8092=DIRECTION('',(-1.,0.,0.));
#8093=DIRECTION('',(0.,1.,0.));
#8094=DIRECTION('',(1.,0.,0.));
#8095=DIRECTION('',(0.,-1.,0.));
#8096=DIRECTION('center_axis',(-1.,0.,0.));
#8097=DIRECTION('ref_axis',(0.,0.,1.));
#8098=DIRECTION('',(0.,0.,1.));
#8099=DIRECTION('',(0.,-1.,0.));
#8100=DIRECTION('',(0.,0.,1.));
#8101=DIRECTION('center_axis',(0.,-1.,0.));
#8102=DIRECTION('ref_axis',(0.,0.,-1.));
#8103=DIRECTION('',(1.,0.,0.));
#8104=DIRECTION('',(0.,0.,1.));
#8105=DIRECTION('center_axis',(1.,0.,0.));
#8106=DIRECTION('ref_axis',(0.,0.,-1.));
#8107=DIRECTION('',(0.,1.,0.));
#8108=DIRECTION('',(0.,0.,1.));
#8109=DIRECTION('center_axis',(0.,1.,0.));
#8110=DIRECTION('ref_axis',(0.,0.,1.));
#8111=DIRECTION('',(-1.,0.,0.));
#8112=DIRECTION('center_axis',(0.,-1.,0.));
#8113=DIRECTION('ref_axis',(0.,0.,-1.));
#8114=DIRECTION('',(0.,0.,1.));
#8115=DIRECTION('',(1.,0.,0.));
#8116=DIRECTION('',(0.,0.,1.));
#8117=DIRECTION('center_axis',(-1.,0.,0.));
#8118=DIRECTION('ref_axis',(0.,0.,1.));
#8119=DIRECTION('',(0.,-1.,0.));
#8120=DIRECTION('',(0.,0.,1.));
#8121=DIRECTION('center_axis',(0.,1.,0.));
#8122=DIRECTION('ref_axis',(0.,0.,1.));
#8123=DIRECTION('',(-1.,0.,0.));
#8124=DIRECTION('',(0.,0.,1.));
#8125=DIRECTION('center_axis',(1.,0.,0.));
#8126=DIRECTION('ref_axis',(0.,0.,-1.));
#8127=DIRECTION('',(0.,1.,0.));
#8128=DIRECTION('center_axis',(0.,0.,1.));
#8129=DIRECTION('ref_axis',(1.,0.,0.));
#8130=DIRECTION('',(0.,-1.,0.));
#8131=DIRECTION('',(1.,0.,0.));
#8132=DIRECTION('',(0.,1.,0.));
#8133=DIRECTION('',(-1.,0.,0.));
#8134=DIRECTION('',(-1.,0.,0.));
#8135=DIRECTION('',(0.,1.,0.));
#8136=DIRECTION('',(1.,0.,0.));
#8137=DIRECTION('',(0.,-1.,0.));
#8138=DIRECTION('center_axis',(1.,0.,0.));
#8139=DIRECTION('ref_axis',(0.,0.,-1.));
#8140=DIRECTION('',(0.,0.,1.));
#8141=DIRECTION('',(0.,1.,0.));
#8142=DIRECTION('',(0.,0.,1.));
#8143=DIRECTION('center_axis',(0.,1.,0.));
#8144=DIRECTION('ref_axis',(0.,0.,1.));
#8145=DIRECTION('',(-1.,0.,0.));
#8146=DIRECTION('',(0.,0.,1.));
#8147=DIRECTION('center_axis',(-1.,0.,0.));
#8148=DIRECTION('ref_axis',(0.,0.,1.));
#8149=DIRECTION('',(0.,-1.,0.));
#8150=DIRECTION('',(0.,0.,1.));
#8151=DIRECTION('center_axis',(0.,-1.,0.));
#8152=DIRECTION('ref_axis',(0.,0.,-1.));
#8153=DIRECTION('',(1.,0.,0.));
#8154=DIRECTION('center_axis',(0.,-1.,0.));
#8155=DIRECTION('ref_axis',(0.,0.,-1.));
#8156=DIRECTION('',(0.,0.,1.));
#8157=DIRECTION('',(1.,0.,0.));
#8158=DIRECTION('',(0.,0.,1.));
#8159=DIRECTION('center_axis',(-1.,0.,0.));
#8160=DIRECTION('ref_axis',(0.,0.,1.));
#8161=DIRECTION('',(0.,-1.,0.));
#8162=DIRECTION('',(0.,0.,1.));
#8163=DIRECTION('center_axis',(0.,1.,0.));
#8164=DIRECTION('ref_axis',(0.,0.,1.));
#8165=DIRECTION('',(-1.,0.,0.));
#8166=DIRECTION('',(0.,0.,1.));
#8167=DIRECTION('center_axis',(1.,0.,0.));
#8168=DIRECTION('ref_axis',(0.,0.,-1.));
#8169=DIRECTION('',(0.,1.,0.));
#8170=DIRECTION('center_axis',(0.,0.,1.));
#8171=DIRECTION('ref_axis',(1.,0.,0.));
#8172=DIRECTION('',(-2.35200435037141E-15,-1.,0.));
#8173=DIRECTION('',(1.,-1.80842994533265E-15,0.));
#8174=DIRECTION('',(-1.63084892247019E-15,-1.,0.));
#8175=DIRECTION('',(-1.,2.00688897746539E-15,0.));
#8176=DIRECTION('',(-2.36567823851158E-15,-1.,0.));
#8177=DIRECTION('',(1.,-2.00688897746539E-15,0.));
#8178=DIRECTION('',(-1.81245730035546E-15,-1.,0.));
#8179=DIRECTION('',(-1.,1.87943075644222E-15,0.));
#8180=DIRECTION('',(-2.35200435037141E-15,-1.,0.));
#8181=DIRECTION('',(1.,-1.53545946577672E-15,0.));
#8182=DIRECTION('',(1.66533451212232E-15,1.,0.));
#8183=DIRECTION('',(-1.,1.48773945560444E-15,0.));
#8184=DIRECTION('center_axis',(-1.,2.35200435037141E-15,0.));
#8185=DIRECTION('ref_axis',(0.,0.,1.));
#8186=DIRECTION('',(0.,0.,1.));
#8187=DIRECTION('',(-2.35200435037141E-15,-1.,0.));
#8188=DIRECTION('',(0.,0.,1.));
#8189=DIRECTION('center_axis',(-1.80842994533265E-15,-1.,0.));
#8190=DIRECTION('ref_axis',(0.,0.,-1.));
#8191=DIRECTION('',(1.,-1.80842994533265E-15,0.));
#8192=DIRECTION('',(0.,0.,1.));
#8193=DIRECTION('center_axis',(-1.,1.63084892247019E-15,0.));
#8194=DIRECTION('ref_axis',(0.,0.,1.));
#8195=DIRECTION('',(-1.63084892247019E-15,-1.,0.));
#8196=DIRECTION('',(0.,0.,1.));
#8197=DIRECTION('center_axis',(2.00688897746539E-15,1.,0.));
#8198=DIRECTION('ref_axis',(0.,0.,1.));
#8199=DIRECTION('',(-1.,2.00688897746539E-15,0.));
#8200=DIRECTION('',(0.,0.,1.));
#8201=DIRECTION('center_axis',(-1.,2.36567823851158E-15,0.));
#8202=DIRECTION('ref_axis',(0.,0.,1.));
#8203=DIRECTION('',(-2.36567823851158E-15,-1.,0.));
#8204=DIRECTION('',(0.,0.,1.));
#8205=DIRECTION('center_axis',(-2.00688897746539E-15,-1.,0.));
#8206=DIRECTION('ref_axis',(0.,0.,-1.));
#8207=DIRECTION('',(1.,-2.00688897746539E-15,0.));
#8208=DIRECTION('',(0.,0.,1.));
#8209=DIRECTION('center_axis',(-1.,1.81245730035546E-15,0.));
#8210=DIRECTION('ref_axis',(0.,0.,1.));
#8211=DIRECTION('',(-1.81245730035546E-15,-1.,0.));
#8212=DIRECTION('',(0.,0.,1.));
#8213=DIRECTION('center_axis',(1.87943075644222E-15,1.,0.));
#8214=DIRECTION('ref_axis',(0.,0.,1.));
#8215=DIRECTION('',(-1.,1.87943075644222E-15,0.));
#8216=DIRECTION('',(0.,0.,1.));
#8217=DIRECTION('center_axis',(-1.,2.35200435037141E-15,0.));
#8218=DIRECTION('ref_axis',(0.,0.,1.));
#8219=DIRECTION('',(-2.35200435037141E-15,-1.,0.));
#8220=DIRECTION('',(0.,0.,1.));
#8221=DIRECTION('center_axis',(-1.53545946577672E-15,-1.,0.));
#8222=DIRECTION('ref_axis',(0.,0.,-1.));
#8223=DIRECTION('',(1.,-1.53545946577672E-15,0.));
#8224=DIRECTION('',(0.,0.,1.));
#8225=DIRECTION('center_axis',(1.,-1.66533451212232E-15,0.));
#8226=DIRECTION('ref_axis',(0.,0.,-1.));
#8227=DIRECTION('',(1.66533451212232E-15,1.,0.));
#8228=DIRECTION('',(0.,0.,1.));
#8229=DIRECTION('center_axis',(1.48773945560444E-15,1.,0.));
#8230=DIRECTION('ref_axis',(0.,0.,1.));
#8231=DIRECTION('',(-1.,1.48773945560444E-15,0.));
#8232=DIRECTION('center_axis',(0.,0.,1.));
#8233=DIRECTION('ref_axis',(1.,0.,0.));
#8234=DIRECTION('',(0.,-1.,0.));
#8235=DIRECTION('',(1.,0.,0.));
#8236=DIRECTION('',(0.,1.,0.));
#8237=DIRECTION('',(-1.,0.,0.));
#8238=DIRECTION('',(-1.,0.,0.));
#8239=DIRECTION('',(0.,1.,0.));
#8240=DIRECTION('',(1.,0.,0.));
#8241=DIRECTION('',(0.,-1.,0.));
#8242=DIRECTION('center_axis',(1.,0.,0.));
#8243=DIRECTION('ref_axis',(0.,0.,-1.));
#8244=DIRECTION('',(0.,0.,1.));
#8245=DIRECTION('',(0.,1.,0.));
#8246=DIRECTION('',(0.,0.,1.));
#8247=DIRECTION('center_axis',(0.,1.,0.));
#8248=DIRECTION('ref_axis',(0.,0.,1.));
#8249=DIRECTION('',(-1.,0.,0.));
#8250=DIRECTION('',(0.,0.,1.));
#8251=DIRECTION('center_axis',(-1.,0.,0.));
#8252=DIRECTION('ref_axis',(0.,0.,1.));
#8253=DIRECTION('',(0.,-1.,0.));
#8254=DIRECTION('',(0.,0.,1.));
#8255=DIRECTION('center_axis',(0.,-1.,0.));
#8256=DIRECTION('ref_axis',(0.,0.,-1.));
#8257=DIRECTION('',(1.,0.,0.));
#8258=DIRECTION('center_axis',(0.,-1.,0.));
#8259=DIRECTION('ref_axis',(0.,0.,-1.));
#8260=DIRECTION('',(0.,0.,1.));
#8261=DIRECTION('',(1.,0.,0.));
#8262=DIRECTION('',(0.,0.,1.));
#8263=DIRECTION('center_axis',(-1.,0.,0.));
#8264=DIRECTION('ref_axis',(0.,0.,1.));
#8265=DIRECTION('',(0.,-1.,0.));
#8266=DIRECTION('',(0.,0.,1.));
#8267=DIRECTION('center_axis',(0.,1.,0.));
#8268=DIRECTION('ref_axis',(0.,0.,1.));
#8269=DIRECTION('',(-1.,0.,0.));
#8270=DIRECTION('',(0.,0.,1.));
#8271=DIRECTION('center_axis',(1.,0.,0.));
#8272=DIRECTION('ref_axis',(0.,0.,-1.));
#8273=DIRECTION('',(0.,1.,0.));
#8274=DIRECTION('center_axis',(0.,0.,1.));
#8275=DIRECTION('ref_axis',(1.,0.,0.));
#8276=DIRECTION('',(0.999999658213619,-0.0008267845216984,0.));
#8277=DIRECTION('',(0.93718966297149,-0.348820205291186,0.));
#8278=DIRECTION('',(0.999999658213619,-0.000826784521699693,0.));
#8279=DIRECTION('',(0.000826784521702611,0.999999658213619,0.));
#8280=DIRECTION('',(-0.999999658213619,0.000826784521698856,0.));
#8281=DIRECTION('',(-0.000826784521705178,-0.999999658213619,0.));
#8282=DIRECTION('center_axis',(-0.0008267845216984,-0.999999658213619,0.));
#8283=DIRECTION('ref_axis',(0.,0.,-1.));
#8284=DIRECTION('',(0.,0.,1.));
#8285=DIRECTION('',(0.999999658213619,-0.0008267845216984,0.));
#8286=DIRECTION('',(0.,0.,1.));
#8287=DIRECTION('',(0.,0.,1.));
#8288=DIRECTION('',(0.,0.,1.));
#8289=DIRECTION('',(0.,0.,1.));
#8290=DIRECTION('',(0.,0.,1.));
#8291=DIRECTION('center_axis',(-0.348820205291186,-0.93718966297149,0.));
#8292=DIRECTION('ref_axis',(0.,0.,-1.));
#8293=DIRECTION('',(0.93718966297149,-0.348820205291186,0.));
#8294=DIRECTION('',(0.,0.,1.));
#8295=DIRECTION('',(0.,0.,1.));
#8296=DIRECTION('',(0.,0.,1.));
#8297=DIRECTION('',(0.,0.,1.));
#8298=DIRECTION('center_axis',(-0.000826784521699693,-0.999999658213619,
0.));
#8299=DIRECTION('ref_axis',(0.,0.,-1.));
#8300=DIRECTION('',(0.999999658213619,-0.000826784521699693,0.));
#8301=DIRECTION('',(0.,0.,1.));
#8302=DIRECTION('center_axis',(0.999999658213619,-0.000826784521702611,
0.));
#8303=DIRECTION('ref_axis',(0.,0.,-1.));
#8304=DIRECTION('',(0.000826784521702611,0.999999658213619,0.));
#8305=DIRECTION('',(0.,0.,1.));
#8306=DIRECTION('center_axis',(0.000826784521698856,0.999999658213619,0.));
#8307=DIRECTION('ref_axis',(0.,0.,1.));
#8308=DIRECTION('',(-0.999999658213619,0.000826784521698856,0.));
#8309=DIRECTION('',(0.,0.,1.));
#8310=DIRECTION('center_axis',(-0.999999658213619,0.000826784521705178,
0.));
#8311=DIRECTION('ref_axis',(0.,0.,1.));
#8312=DIRECTION('',(-0.000826784521705178,-0.999999658213619,0.));
#8313=DIRECTION('center_axis',(0.,0.,1.));
#8314=DIRECTION('ref_axis',(1.,0.,0.));
#8315=DIRECTION('',(0.999999658213619,-0.000826784521699208,0.));
#8316=DIRECTION('',(-0.000826784521705151,-0.999999658213619,0.));
#8317=DIRECTION('',(0.999999658213619,-0.000826784521694277,0.));
#8318=DIRECTION('',(0.000826784521705151,0.999999658213619,0.));
#8319=DIRECTION('',(0.999999658213619,-0.000826784521698821,0.));
#8320=DIRECTION('',(-0.515896257761152,0.856651067371096,0.));
#8321=DIRECTION('',(-0.999999658213619,0.000826784521700813,0.));
#8322=DIRECTION('',(0.000826784521691995,0.999999658213619,0.));
#8323=DIRECTION('',(-0.999999658213619,0.000826784521694277,0.));
#8324=DIRECTION('',(-0.000826784521691995,-0.999999658213619,0.));
#8325=DIRECTION('',(-0.999999658213619,0.000826784521699153,0.));
#8326=DIRECTION('',(0.987025629717783,0.160562779871971,0.));
#8327=DIRECTION('',(0.,0.,1.));
#8328=DIRECTION('',(0.,0.,1.));
#8329=DIRECTION('',(0.,0.,1.));
#8330=DIRECTION('',(0.,0.,1.));
#8331=DIRECTION('center_axis',(-0.000826784521699208,-0.999999658213619,
0.));
#8332=DIRECTION('ref_axis',(0.,0.,-1.));
#8333=DIRECTION('',(0.999999658213619,-0.000826784521699208,0.));
#8334=DIRECTION('',(0.,0.,1.));
#8335=DIRECTION('center_axis',(-0.999999658213619,0.000826784521705151,
0.));
#8336=DIRECTION('ref_axis',(0.,0.,1.));
#8337=DIRECTION('',(-0.000826784521705151,-0.999999658213619,0.));
#8338=DIRECTION('',(0.,0.,1.));
#8339=DIRECTION('center_axis',(-0.000826784521694278,-0.999999658213619,
0.));
#8340=DIRECTION('ref_axis',(0.,0.,-1.));
#8341=DIRECTION('',(0.999999658213619,-0.000826784521694277,0.));
#8342=DIRECTION('',(0.,0.,1.));
#8343=DIRECTION('center_axis',(0.999999658213619,-0.000826784521705151,
0.));
#8344=DIRECTION('ref_axis',(0.,0.,-1.));
#8345=DIRECTION('',(0.000826784521705151,0.999999658213619,0.));
#8346=DIRECTION('',(0.,0.,1.));
#8347=DIRECTION('center_axis',(-0.000826784521698821,-0.999999658213619,
0.));
#8348=DIRECTION('ref_axis',(0.,0.,-1.));
#8349=DIRECTION('',(0.999999658213619,-0.000826784521698821,0.));
#8350=DIRECTION('',(0.,0.,1.));
#8351=DIRECTION('center_axis',(0.856651067371096,0.515896257761153,0.));
#8352=DIRECTION('ref_axis',(0.,0.,-1.));
#8353=DIRECTION('',(-0.515896257761152,0.856651067371096,0.));
#8354=DIRECTION('',(0.,0.,1.));
#8355=DIRECTION('center_axis',(0.000826784521700813,0.999999658213619,0.));
#8356=DIRECTION('ref_axis',(0.,0.,1.));
#8357=DIRECTION('',(-0.999999658213619,0.000826784521700813,0.));
#8358=DIRECTION('',(0.,0.,1.));
#8359=DIRECTION('center_axis',(0.999999658213619,-0.000826784521691995,
0.));
#8360=DIRECTION('ref_axis',(0.,0.,-1.));
#8361=DIRECTION('',(0.000826784521691995,0.999999658213619,0.));
#8362=DIRECTION('',(0.,0.,1.));
#8363=DIRECTION('center_axis',(0.000826784521694278,0.999999658213619,0.));
#8364=DIRECTION('ref_axis',(0.,0.,1.));
#8365=DIRECTION('',(-0.999999658213619,0.000826784521694277,0.));
#8366=DIRECTION('',(0.,0.,1.));
#8367=DIRECTION('center_axis',(-0.999999658213619,0.000826784521691995,
0.));
#8368=DIRECTION('ref_axis',(0.,0.,1.));
#8369=DIRECTION('',(-0.000826784521691995,-0.999999658213619,0.));
#8370=DIRECTION('',(0.,0.,1.));
#8371=DIRECTION('center_axis',(0.000826784521699153,0.999999658213619,0.));
#8372=DIRECTION('ref_axis',(0.,0.,1.));
#8373=DIRECTION('',(-0.999999658213619,0.000826784521699153,0.));
#8374=DIRECTION('',(0.,0.,1.));
#8375=DIRECTION('',(0.,0.,1.));
#8376=DIRECTION('',(0.,0.,1.));
#8377=DIRECTION('',(0.,0.,1.));
#8378=DIRECTION('',(0.,0.,1.));
#8379=DIRECTION('center_axis',(0.160562779871971,-0.987025629717782,0.));
#8380=DIRECTION('ref_axis',(0.,0.,-1.));
#8381=DIRECTION('',(0.987025629717783,0.160562779871971,0.));
#8382=DIRECTION('',(0.,0.,1.));
#8383=DIRECTION('center_axis',(0.,0.,1.));
#8384=DIRECTION('ref_axis',(1.,0.,0.));
#8385=DIRECTION('',(0.999999658213619,-0.000826784521699208,0.));
#8386=DIRECTION('',(-0.000826784521705151,-0.999999658213619,0.));
#8387=DIRECTION('',(0.999999658213619,-0.000826784521694277,0.));
#8388=DIRECTION('',(0.000826784521705151,0.999999658213619,0.));
#8389=DIRECTION('',(0.999999658213619,-0.000826784521698821,0.));
#8390=DIRECTION('',(-0.515896257761152,0.856651067371096,0.));
#8391=DIRECTION('',(-0.999999658213619,0.000826784521700813,0.));
#8392=DIRECTION('',(0.000826784521691995,0.999999658213619,0.));
#8393=DIRECTION('',(-0.999999658213619,0.000826784521694277,0.));
#8394=DIRECTION('',(-0.000826784521691995,-0.999999658213619,0.));
#8395=DIRECTION('',(-0.999999658213619,0.000826784521699153,0.));
#8396=DIRECTION('',(0.987025629717783,0.160562779871971,0.));
#8397=DIRECTION('',(0.,0.,1.));
#8398=DIRECTION('',(0.,0.,1.));
#8399=DIRECTION('',(0.,0.,1.));
#8400=DIRECTION('',(0.,0.,1.));
#8401=DIRECTION('center_axis',(-0.000826784521699208,-0.999999658213619,
0.));
#8402=DIRECTION('ref_axis',(0.,0.,-1.));
#8403=DIRECTION('',(0.999999658213619,-0.000826784521699208,0.));
#8404=DIRECTION('',(0.,0.,1.));
#8405=DIRECTION('center_axis',(-0.999999658213619,0.000826784521705151,
0.));
#8406=DIRECTION('ref_axis',(0.,0.,1.));
#8407=DIRECTION('',(-0.000826784521705151,-0.999999658213619,0.));
#8408=DIRECTION('',(0.,0.,1.));
#8409=DIRECTION('center_axis',(-0.000826784521694278,-0.999999658213619,
0.));
#8410=DIRECTION('ref_axis',(0.,0.,-1.));
#8411=DIRECTION('',(0.999999658213619,-0.000826784521694277,0.));
#8412=DIRECTION('',(0.,0.,1.));
#8413=DIRECTION('center_axis',(0.999999658213619,-0.000826784521705151,
0.));
#8414=DIRECTION('ref_axis',(0.,0.,-1.));
#8415=DIRECTION('',(0.000826784521705151,0.999999658213619,0.));
#8416=DIRECTION('',(0.,0.,1.));
#8417=DIRECTION('center_axis',(-0.000826784521698821,-0.999999658213619,
0.));
#8418=DIRECTION('ref_axis',(0.,0.,-1.));
#8419=DIRECTION('',(0.999999658213619,-0.000826784521698821,0.));
#8420=DIRECTION('',(0.,0.,1.));
#8421=DIRECTION('center_axis',(0.856651067371096,0.515896257761153,0.));
#8422=DIRECTION('ref_axis',(0.,0.,-1.));
#8423=DIRECTION('',(-0.515896257761152,0.856651067371096,0.));
#8424=DIRECTION('',(0.,0.,1.));
#8425=DIRECTION('center_axis',(0.000826784521700813,0.999999658213619,0.));
#8426=DIRECTION('ref_axis',(0.,0.,1.));
#8427=DIRECTION('',(-0.999999658213619,0.000826784521700813,0.));
#8428=DIRECTION('',(0.,0.,1.));
#8429=DIRECTION('center_axis',(0.999999658213619,-0.000826784521691995,
0.));
#8430=DIRECTION('ref_axis',(0.,0.,-1.));
#8431=DIRECTION('',(0.000826784521691995,0.999999658213619,0.));
#8432=DIRECTION('',(0.,0.,1.));
#8433=DIRECTION('center_axis',(0.000826784521694278,0.999999658213619,0.));
#8434=DIRECTION('ref_axis',(0.,0.,1.));
#8435=DIRECTION('',(-0.999999658213619,0.000826784521694277,0.));
#8436=DIRECTION('',(0.,0.,1.));
#8437=DIRECTION('center_axis',(-0.999999658213619,0.000826784521691995,
0.));
#8438=DIRECTION('ref_axis',(0.,0.,1.));
#8439=DIRECTION('',(-0.000826784521691995,-0.999999658213619,0.));
#8440=DIRECTION('',(0.,0.,1.));
#8441=DIRECTION('center_axis',(0.000826784521699153,0.999999658213619,0.));
#8442=DIRECTION('ref_axis',(0.,0.,1.));
#8443=DIRECTION('',(-0.999999658213619,0.000826784521699153,0.));
#8444=DIRECTION('',(0.,0.,1.));
#8445=DIRECTION('',(0.,0.,1.));
#8446=DIRECTION('',(0.,0.,1.));
#8447=DIRECTION('',(0.,0.,1.));
#8448=DIRECTION('',(0.,0.,1.));
#8449=DIRECTION('center_axis',(0.160562779871971,-0.987025629717782,0.));
#8450=DIRECTION('ref_axis',(0.,0.,-1.));
#8451=DIRECTION('',(0.987025629717783,0.160562779871971,0.));
#8452=DIRECTION('',(0.,0.,1.));
#8453=DIRECTION('center_axis',(0.,0.,1.));
#8454=DIRECTION('ref_axis',(1.,0.,0.));
#8455=DIRECTION('',(0.000826784521694969,0.999999658213619,0.));
#8456=DIRECTION('',(-0.999999658213619,0.000826784521698693,0.));
#8457=DIRECTION('',(-0.000826784521697588,-0.999999658213619,0.));
#8458=DIRECTION('',(-0.000826784521699837,-0.999999658213619,0.));
#8459=DIRECTION('',(0.000826784521698757,0.999999658213619,0.));
#8460=DIRECTION('',(0.999999658213619,-0.000826784521698196,0.));
#8461=DIRECTION('',(-0.000826784521700989,-0.999999658213619,0.));
#8462=DIRECTION('',(0.000826784521696711,0.999999658213619,0.));
#8463=DIRECTION('',(0.999999658213619,-0.000826784521699173,0.));
#8464=DIRECTION('',(0.,0.,1.));
#8465=DIRECTION('',(0.,0.,1.));
#8466=DIRECTION('',(0.,0.,1.));
#8467=DIRECTION('',(0.,0.,1.));
#8468=DIRECTION('',(0.,0.,1.));
#8469=DIRECTION('',(0.,0.,1.));
#8470=DIRECTION('',(0.,0.,1.));
#8471=DIRECTION('',(0.,0.,1.));
#8472=DIRECTION('',(0.,0.,1.));
#8473=DIRECTION('',(0.,0.,1.));
#8474=DIRECTION('',(0.,0.,1.));
#8475=DIRECTION('',(0.,0.,1.));
#8476=DIRECTION('center_axis',(0.999999658213619,-0.000826784521694969,
0.));
#8477=DIRECTION('ref_axis',(0.,0.,-1.));
#8478=DIRECTION('',(0.000826784521694969,0.999999658213619,0.));
#8479=DIRECTION('',(0.,0.,1.));
#8480=DIRECTION('center_axis',(0.000826784521698693,0.999999658213619,0.));
#8481=DIRECTION('ref_axis',(0.,0.,1.));
#8482=DIRECTION('',(-0.999999658213619,0.000826784521698693,0.));
#8483=DIRECTION('',(0.,0.,1.));
#8484=DIRECTION('center_axis',(-0.999999658213619,0.000826784521697588,
0.));
#8485=DIRECTION('ref_axis',(0.,0.,1.));
#8486=DIRECTION('',(-0.000826784521697588,-0.999999658213619,0.));
#8487=DIRECTION('center_axis',(-0.999999658213619,0.000826784521699837,
0.));
#8488=DIRECTION('ref_axis',(0.,0.,1.));
#8489=DIRECTION('',(0.,0.,1.));
#8490=DIRECTION('',(-0.000826784521699837,-0.999999658213619,0.));
#8491=DIRECTION('',(0.,0.,1.));
#8492=DIRECTION('',(0.,0.,1.));
#8493=DIRECTION('',(0.,0.,1.));
#8494=DIRECTION('',(0.,0.,1.));
#8495=DIRECTION('',(0.,0.,1.));
#8496=DIRECTION('',(0.,0.,1.));
#8497=DIRECTION('',(0.,0.,1.));
#8498=DIRECTION('',(0.,0.,1.));
#8499=DIRECTION('center_axis',(0.999999658213619,-0.000826784521698757,
0.));
#8500=DIRECTION('ref_axis',(0.,0.,-1.));
#8501=DIRECTION('',(0.000826784521698757,0.999999658213619,0.));
#8502=DIRECTION('',(0.,0.,1.));
#8503=DIRECTION('center_axis',(-0.000826784521698196,-0.999999658213619,
0.));
#8504=DIRECTION('ref_axis',(0.,0.,-1.));
#8505=DIRECTION('',(0.999999658213619,-0.000826784521698196,0.));
#8506=DIRECTION('center_axis',(-0.999999658213619,0.000826784521700989,
0.));
#8507=DIRECTION('ref_axis',(0.,0.,1.));
#8508=DIRECTION('',(0.,0.,1.));
#8509=DIRECTION('',(-0.000826784521700989,-0.999999658213619,0.));
#8510=DIRECTION('',(0.,0.,1.));
#8511=DIRECTION('',(0.,0.,1.));
#8512=DIRECTION('',(0.,0.,1.));
#8513=DIRECTION('',(0.,0.,1.));
#8514=DIRECTION('',(0.,0.,1.));
#8515=DIRECTION('',(0.,0.,1.));
#8516=DIRECTION('',(0.,0.,1.));
#8517=DIRECTION('center_axis',(0.999999658213619,-0.000826784521696711,
0.));
#8518=DIRECTION('ref_axis',(0.,0.,-1.));
#8519=DIRECTION('',(0.000826784521696711,0.999999658213619,0.));
#8520=DIRECTION('',(0.,0.,1.));
#8521=DIRECTION('center_axis',(-0.000826784521699173,-0.999999658213619,
0.));
#8522=DIRECTION('ref_axis',(0.,0.,-1.));
#8523=DIRECTION('',(0.999999658213619,-0.000826784521699173,0.));
#8524=DIRECTION('center_axis',(0.,0.,1.));
#8525=DIRECTION('ref_axis',(1.,0.,0.));
#8526=DIRECTION('',(9.61930729461581E-16,-1.,0.));
#8527=DIRECTION('',(1.,0.,0.));
#8528=DIRECTION('',(-9.60795083913924E-16,1.,0.));
#8529=DIRECTION('',(9.60795083913924E-16,-1.,0.));
#8530=DIRECTION('',(1.,0.,0.));
#8531=DIRECTION('',(-9.61930729461581E-16,1.,0.));
#8532=DIRECTION('',(0.,0.,1.));
#8533=DIRECTION('',(0.,0.,1.));
#8534=DIRECTION('',(0.,0.,1.));
#8535=DIRECTION('',(0.,0.,1.));
#8536=DIRECTION('',(0.,0.,1.));
#8537=DIRECTION('',(0.,0.,1.));
#8538=DIRECTION('center_axis',(-1.,-9.61930729461581E-16,0.));
#8539=DIRECTION('ref_axis',(0.,0.,1.));
#8540=DIRECTION('',(9.61930729461581E-16,-1.,0.));
#8541=DIRECTION('',(0.,0.,1.));
#8542=DIRECTION('center_axis',(0.,-1.,0.));
#8543=DIRECTION('ref_axis',(0.,0.,-1.));
#8544=DIRECTION('',(1.,0.,0.));
#8545=DIRECTION('',(0.,0.,1.));
#8546=DIRECTION('center_axis',(1.,9.60795083913924E-16,0.));
#8547=DIRECTION('ref_axis',(0.,0.,-1.));
#8548=DIRECTION('',(-9.60795083913924E-16,1.,0.));
#8549=DIRECTION('',(0.,0.,1.));
#8550=DIRECTION('',(0.,0.,1.));
#8551=DIRECTION('',(0.,0.,1.));
#8552=DIRECTION('',(0.,0.,1.));
#8553=DIRECTION('',(0.,0.,1.));
#8554=DIRECTION('',(0.,0.,1.));
#8555=DIRECTION('',(0.,0.,1.));
#8556=DIRECTION('center_axis',(-1.,-9.60795083913924E-16,0.));
#8557=DIRECTION('ref_axis',(0.,0.,1.));
#8558=DIRECTION('',(9.60795083913924E-16,-1.,0.));
#8559=DIRECTION('',(0.,0.,1.));
#8560=DIRECTION('center_axis',(0.,-1.,0.));
#8561=DIRECTION('ref_axis',(0.,0.,-1.));
#8562=DIRECTION('',(1.,0.,0.));
#8563=DIRECTION('',(0.,0.,1.));
#8564=DIRECTION('center_axis',(1.,9.61930729461581E-16,0.));
#8565=DIRECTION('ref_axis',(0.,0.,-1.));
#8566=DIRECTION('',(-9.61930729461581E-16,1.,0.));
#8567=DIRECTION('center_axis',(0.,0.,1.));
#8568=DIRECTION('ref_axis',(1.,0.,0.));
#8569=DIRECTION('',(-0.973350259297521,-0.229323511061228,0.));
#8570=DIRECTION('',(0.969551644572921,-0.244886930043123,0.));
#8571=DIRECTION('',(0.,0.,1.));
#8572=DIRECTION('',(0.,0.,1.));
#8573=DIRECTION('',(0.,0.,1.));
#8574=DIRECTION('',(0.,0.,1.));
#8575=DIRECTION('',(0.,0.,1.));
#8576=DIRECTION('',(0.,0.,1.));
#8577=DIRECTION('',(0.,0.,1.));
#8578=DIRECTION('',(0.,0.,1.));
#8579=DIRECTION('',(0.,0.,1.));
#8580=DIRECTION('',(0.,0.,1.));
#8581=DIRECTION('center_axis',(-0.229323511061228,0.973350259297521,0.));
#8582=DIRECTION('ref_axis',(0.,0.,1.));
#8583=DIRECTION('',(-0.973350259297521,-0.229323511061228,0.));
#8584=DIRECTION('',(0.,0.,1.));
#8585=DIRECTION('',(0.,0.,1.));
#8586=DIRECTION('',(0.,0.,1.));
#8587=DIRECTION('',(0.,0.,1.));
#8588=DIRECTION('',(0.,0.,1.));
#8589=DIRECTION('',(0.,0.,1.));
#8590=DIRECTION('',(0.,0.,1.));
#8591=DIRECTION('',(0.,0.,1.));
#8592=DIRECTION('',(0.,0.,1.));
#8593=DIRECTION('',(0.,0.,1.));
#8594=DIRECTION('',(0.,0.,1.));
#8595=DIRECTION('center_axis',(-0.244886930043123,-0.969551644572921,0.));
#8596=DIRECTION('ref_axis',(0.,0.,-1.));
#8597=DIRECTION('',(0.96955164457292,-0.244886930043122,0.));
#8598=DIRECTION('',(0.,0.,1.));
#8599=DIRECTION('center_axis',(0.,0.,1.));
#8600=DIRECTION('ref_axis',(1.,0.,0.));
#8601=DIRECTION('',(-0.984562516937696,0.175033283238674,0.));
#8602=DIRECTION('',(0.125580545283255,0.992083427261216,0.));
#8603=DIRECTION('',(0.991227905935777,0.132163680692442,0.));
#8604=DIRECTION('',(0.,0.,1.));
#8605=DIRECTION('',(0.,0.,1.));
#8606=DIRECTION('',(0.,0.,1.));
#8607=DIRECTION('',(0.,0.,1.));
#8608=DIRECTION('',(0.,0.,1.));
#8609=DIRECTION('',(0.,0.,1.));
#8610=DIRECTION('',(0.,0.,1.));
#8611=DIRECTION('',(0.,0.,1.));
#8612=DIRECTION('',(0.,0.,1.));
#8613=DIRECTION('',(0.,0.,1.));
#8614=DIRECTION('',(0.,0.,1.));
#8615=DIRECTION('',(0.,0.,1.));
#8616=DIRECTION('',(0.,0.,1.));
#8617=DIRECTION('center_axis',(0.175033283238674,0.984562516937696,0.));
#8618=DIRECTION('ref_axis',(0.,0.,1.));
#8619=DIRECTION('',(-0.984562516937696,0.175033283238674,0.));
#8620=DIRECTION('',(0.,0.,1.));
#8621=DIRECTION('',(0.,0.,1.));
#8622=DIRECTION('',(0.,0.,1.));
#8623=DIRECTION('',(0.,0.,1.));
#8624=DIRECTION('',(0.,0.,1.));
#8625=DIRECTION('',(0.,0.,1.));
#8626=DIRECTION('',(0.,0.,1.));
#8627=DIRECTION('',(0.,0.,1.));
#8628=DIRECTION('center_axis',(0.992083427261216,-0.125580545283255,0.));
#8629=DIRECTION('ref_axis',(0.,0.,-1.));
#8630=DIRECTION('',(0.125580545283255,0.992083427261216,0.));
#8631=DIRECTION('',(0.,0.,1.));
#8632=DIRECTION('',(0.,0.,1.));
#8633=DIRECTION('',(0.,0.,1.));
#8634=DIRECTION('',(0.,0.,1.));
#8635=DIRECTION('',(0.,0.,1.));
#8636=DIRECTION('',(0.,0.,1.));
#8637=DIRECTION('',(0.,0.,1.));
#8638=DIRECTION('',(0.,0.,1.));
#8639=DIRECTION('center_axis',(0.132163680692442,-0.991227905935777,0.));
#8640=DIRECTION('ref_axis',(0.,0.,-1.));
#8641=DIRECTION('',(0.991227905935777,0.132163680692442,0.));
#8642=DIRECTION('',(0.,0.,1.));
#8643=DIRECTION('center_axis',(0.,0.,1.));
#8644=DIRECTION('ref_axis',(1.,0.,0.));
#8645=DIRECTION('',(-0.997179294077022,-0.0750563485925904,0.));
#8646=DIRECTION('',(0.996199621210603,0.0870994529250984,0.));
#8647=DIRECTION('',(0.,0.,1.));
#8648=DIRECTION('',(0.,0.,1.));
#8649=DIRECTION('',(0.,0.,1.));
#8650=DIRECTION('',(0.,0.,1.));
#8651=DIRECTION('',(0.,0.,1.));
#8652=DIRECTION('',(0.,0.,1.));
#8653=DIRECTION('',(0.,0.,1.));
#8654=DIRECTION('',(0.,0.,1.));
#8655=DIRECTION('',(0.,0.,1.));
#8656=DIRECTION('',(0.,0.,1.));
#8657=DIRECTION('',(0.,0.,1.));
#8658=DIRECTION('',(0.,0.,1.));
#8659=DIRECTION('',(0.,0.,1.));
#8660=DIRECTION('',(0.,0.,1.));
#8661=DIRECTION('',(0.,0.,1.));
#8662=DIRECTION('center_axis',(-0.0750563485925905,0.997179294077022,0.));
#8663=DIRECTION('ref_axis',(0.,0.,1.));
#8664=DIRECTION('',(-0.997179294077022,-0.0750563485925905,0.));
#8665=DIRECTION('',(0.,0.,1.));
#8666=DIRECTION('',(0.,0.,1.));
#8667=DIRECTION('',(0.,0.,1.));
#8668=DIRECTION('',(0.,0.,1.));
#8669=DIRECTION('',(0.,0.,1.));
#8670=DIRECTION('',(0.,0.,1.));
#8671=DIRECTION('',(0.,0.,1.));
#8672=DIRECTION('',(0.,0.,1.));
#8673=DIRECTION('',(0.,0.,1.));
#8674=DIRECTION('',(0.,0.,1.));
#8675=DIRECTION('',(0.,0.,1.));
#8676=DIRECTION('',(0.,0.,1.));
#8677=DIRECTION('',(0.,0.,1.));
#8678=DIRECTION('',(0.,0.,1.));
#8679=DIRECTION('',(0.,0.,1.));
#8680=DIRECTION('',(0.,0.,1.));
#8681=DIRECTION('',(0.,0.,1.));
#8682=DIRECTION('',(0.,0.,1.));
#8683=DIRECTION('',(0.,0.,1.));
#8684=DIRECTION('center_axis',(0.0870994529250984,-0.996199621210603,0.));
#8685=DIRECTION('ref_axis',(0.,0.,-1.));
#8686=DIRECTION('',(0.996199621210603,0.0870994529250984,0.));
#8687=DIRECTION('',(0.,0.,1.));
#8688=DIRECTION('center_axis',(0.,0.,1.));
#8689=DIRECTION('ref_axis',(1.,0.,0.));
#8690=DIRECTION('center_axis',(0.,0.,1.));
#8691=DIRECTION('ref_axis',(1.,0.,0.));
#8692=DIRECTION('center_axis',(0.,0.,1.));
#8693=DIRECTION('ref_axis',(1.,0.,0.));
#8694=DIRECTION('center_axis',(0.,0.,1.));
#8695=DIRECTION('ref_axis',(1.,0.,0.));
#8696=DIRECTION('center_axis',(0.,0.,1.));
#8697=DIRECTION('ref_axis',(1.,0.,0.));
#8698=DIRECTION('center_axis',(0.,0.,1.));
#8699=DIRECTION('ref_axis',(1.,0.,0.));
#8700=DIRECTION('center_axis',(0.,0.,1.));
#8701=DIRECTION('ref_axis',(1.,0.,0.));
#8702=DIRECTION('center_axis',(0.,0.,1.));
#8703=DIRECTION('ref_axis',(1.,0.,0.));
#8704=DIRECTION('center_axis',(0.,1.,0.));
#8705=DIRECTION('ref_axis',(0.707106781186547,0.,-0.707106781186547));
#8706=DIRECTION('center_axis',(0.,1.,0.));
#8707=DIRECTION('ref_axis',(1.,0.,0.));
#8708=DIRECTION('',(0.,1.,0.));
#8709=DIRECTION('center_axis',(0.,-1.,0.));
#8710=DIRECTION('ref_axis',(0.,0.,-1.));
#8711=DIRECTION('',(0.,-1.,0.));
#8712=DIRECTION('center_axis',(-1.,0.,0.));
#8713=DIRECTION('ref_axis',(0.,0.707106781186547,-0.707106781186547));
#8714=DIRECTION('center_axis',(-1.,0.,0.));
#8715=DIRECTION('ref_axis',(0.,1.,0.));
#8716=DIRECTION('',(-1.,0.,0.));
#8717=DIRECTION('center_axis',(1.,0.,0.));
#8718=DIRECTION('ref_axis',(0.,0.,-1.));
#8719=DIRECTION('',(1.,0.,0.));
#8720=DIRECTION('center_axis',(0.408248290463862,-0.816496580927726,-0.408248290463863));
#8721=DIRECTION('ref_axis',(0.577350269189626,0.577350269189626,-0.577350269189626));
#8722=DIRECTION('center_axis',(0.,0.,-1.));
#8723=DIRECTION('ref_axis',(0.707106781186548,0.707106781186548,0.));
#8724=DIRECTION('center_axis',(-1.29746859411351E-33,-1.,0.));
#8725=DIRECTION('ref_axis',(-0.707106781186547,0.,-0.707106781186547));
#8726=DIRECTION('center_axis',(0.,-1.,0.));
#8727=DIRECTION('ref_axis',(-1.,0.,0.));
#8728=DIRECTION('',(-1.29746859411351E-33,-1.,0.));
#8729=DIRECTION('center_axis',(0.,1.,0.));
#8730=DIRECTION('ref_axis',(0.,0.,-1.));
#8731=DIRECTION('',(1.29746859411351E-33,1.,0.));
#8732=DIRECTION('center_axis',(-0.408248290463863,-0.816496580927726,-0.408248290463863));
#8733=DIRECTION('ref_axis',(-0.577350269189626,0.577350269189626,-0.577350269189626));
#8734=DIRECTION('center_axis',(0.,0.,-1.));
#8735=DIRECTION('ref_axis',(-0.707106781186547,0.707106781186548,0.));
#8736=DIRECTION('center_axis',(1.,3.78428339949773E-33,0.));
#8737=DIRECTION('ref_axis',(0.,-0.707106781186547,-0.707106781186547));
#8738=DIRECTION('center_axis',(1.,0.,0.));
#8739=DIRECTION('ref_axis',(0.,-1.,0.));
#8740=DIRECTION('',(1.,3.78428339949773E-33,0.));
#8741=DIRECTION('center_axis',(-1.,0.,0.));
#8742=DIRECTION('ref_axis',(0.,0.,-1.));
#8743=DIRECTION('',(-1.,-3.78428339949773E-33,0.));
#8744=DIRECTION('center_axis',(0.408248290463863,-0.816496580927726,0.408248290463863));
#8745=DIRECTION('ref_axis',(-0.577350269189626,-0.577350269189626,-0.577350269189626));
#8746=DIRECTION('center_axis',(0.,0.,-1.));
#8747=DIRECTION('ref_axis',(-0.707106781186547,-0.707106781186547,0.));
#8748=DIRECTION('center_axis',(-0.408248290463863,-0.816496580927726,0.408248290463863));
#8749=DIRECTION('ref_axis',(0.577350269189626,-0.577350269189626,-0.577350269189626));
#8750=DIRECTION('center_axis',(0.,0.,-1.));
#8751=DIRECTION('ref_axis',(0.707106781186548,-0.707106781186547,0.));
#8752=DIRECTION('center_axis',(0.,0.,1.));
#8753=DIRECTION('ref_axis',(-0.707106781186547,0.707106781186547,0.));
#8754=DIRECTION('',(0.,0.,1.));
#8755=DIRECTION('center_axis',(0.,0.,-1.));
#8756=DIRECTION('ref_axis',(-0.707106781186547,0.707106781186547,0.));
#8757=DIRECTION('',(0.,0.,-1.));
#8758=DIRECTION('center_axis',(-1.,1.29746859411351E-33,0.));
#8759=DIRECTION('ref_axis',(-1.29746859411351E-33,-1.,0.));
#8760=DIRECTION('',(0.,0.,-1.));
#8761=DIRECTION('',(-1.29746859411351E-33,-1.,0.));
#8762=DIRECTION('center_axis',(0.,0.,1.));
#8763=DIRECTION('ref_axis',(-0.707106781186547,-0.707106781186547,0.));
#8764=DIRECTION('',(0.,0.,1.));
#8765=DIRECTION('center_axis',(0.,0.,-1.));
#8766=DIRECTION('ref_axis',(-0.707106781186547,-0.707106781186547,0.));
#8767=DIRECTION('center_axis',(3.78428339949773E-33,-1.,0.));
#8768=DIRECTION('ref_axis',(1.,3.78428339949773E-33,0.));
#8769=DIRECTION('',(0.,0.,-1.));
#8770=DIRECTION('',(1.,0.,0.));
#8771=DIRECTION('center_axis',(0.,0.,1.));
#8772=DIRECTION('ref_axis',(1.,0.,0.));
#8773=DIRECTION('center_axis',(0.,0.,1.));
#8774=DIRECTION('ref_axis',(1.,0.,0.));
#8775=DIRECTION('center_axis',(0.,0.,-1.));
#8776=DIRECTION('ref_axis',(0.707106781186547,-0.707106781186547,0.));
#8777=DIRECTION('',(0.,1.,0.));
#8778=DIRECTION('center_axis',(0.,0.,-1.));
#8779=DIRECTION('ref_axis',(0.707106781186547,0.707106781186547,0.));
#8780=DIRECTION('',(-1.,0.,0.));
#8781=DIRECTION('center_axis',(0.,0.,-1.));
#8782=DIRECTION('ref_axis',(1.,0.,0.));
#8783=DIRECTION('center_axis',(0.,0.,-1.));
#8784=DIRECTION('ref_axis',(1.,0.,0.));
#8785=DIRECTION('center_axis',(0.,0.,-1.));
#8786=DIRECTION('ref_axis',(1.,0.,0.));
#8787=DIRECTION('center_axis',(0.,0.,-1.));
#8788=DIRECTION('ref_axis',(1.,0.,0.));
#8789=DIRECTION('',(0.,-1.,0.));
#8790=DIRECTION('',(-1.,1.48029736616688E-16,0.));
#8791=DIRECTION('',(1.1842378929335E-16,-1.,0.));
#8792=DIRECTION('',(-1.,0.,0.));
#8793=DIRECTION('',(0.,1.,0.));
#8794=DIRECTION('',(1.,0.,0.));
#8795=DIRECTION('',(1.1842378929335E-16,-1.,0.));
#8796=DIRECTION('',(1.,0.,0.));
#8797=DIRECTION('center_axis',(0.,1.,0.));
#8798=DIRECTION('ref_axis',(-1.,0.,0.));
#8799=DIRECTION('',(0.,0.,1.));
#8800=DIRECTION('center_axis',(0.,0.,1.));
#8801=DIRECTION('ref_axis',(0.707106781186547,0.707106781186547,0.));
#8802=DIRECTION('',(0.,0.,-1.));
#8803=DIRECTION('center_axis',(1.,0.,0.));
#8804=DIRECTION('ref_axis',(0.,1.,0.));
#8805=DIRECTION('',(0.,0.,1.));
#8806=DIRECTION('center_axis',(0.,0.,1.));
#8807=DIRECTION('ref_axis',(0.707106781186547,-0.707106781186547,0.));
#8808=DIRECTION('center_axis',(0.,0.,1.));
#8809=DIRECTION('ref_axis',(1.,0.,0.));
#8810=DIRECTION('',(0.707106781186547,-8.65956056235493E-17,-0.707106781186548));
#8811=DIRECTION('center_axis',(0.,0.,-1.));
#8812=DIRECTION('ref_axis',(1.,0.,0.));
#8813=DIRECTION('center_axis',(0.,0.,-1.));
#8814=DIRECTION('ref_axis',(1.,0.,0.));
#8815=DIRECTION('',(0.,0.,-1.));
#8816=DIRECTION('center_axis',(0.,0.,-1.));
#8817=DIRECTION('ref_axis',(1.,0.,0.));
#8818=DIRECTION('center_axis',(0.,0.,-1.));
#8819=DIRECTION('ref_axis',(1.,0.,0.));
#8820=DIRECTION('center_axis',(0.,0.,1.));
#8821=DIRECTION('ref_axis',(1.,0.,0.));
#8822=DIRECTION('',(0.707106781186547,-8.65956056235493E-17,-0.707106781186548));
#8823=DIRECTION('center_axis',(0.,0.,-1.));
#8824=DIRECTION('ref_axis',(1.,0.,0.));
#8825=DIRECTION('center_axis',(0.,0.,-1.));
#8826=DIRECTION('ref_axis',(1.,0.,0.));
#8827=DIRECTION('',(0.,0.,-1.));
#8828=DIRECTION('center_axis',(0.,0.,-1.));
#8829=DIRECTION('ref_axis',(1.,0.,0.));
#8830=DIRECTION('center_axis',(0.,0.,-1.));
#8831=DIRECTION('ref_axis',(1.,0.,0.));
#8832=DIRECTION('center_axis',(0.,0.,1.));
#8833=DIRECTION('ref_axis',(1.,0.,0.));
#8834=DIRECTION('',(0.707106781186547,-8.65956056235493E-17,-0.707106781186548));
#8835=DIRECTION('center_axis',(0.,0.,-1.));
#8836=DIRECTION('ref_axis',(1.,0.,0.));
#8837=DIRECTION('center_axis',(0.,0.,-1.));
#8838=DIRECTION('ref_axis',(1.,0.,0.));
#8839=DIRECTION('',(0.,0.,-1.));
#8840=DIRECTION('center_axis',(0.,0.,-1.));
#8841=DIRECTION('ref_axis',(1.,0.,0.));
#8842=DIRECTION('center_axis',(0.,0.,-1.));
#8843=DIRECTION('ref_axis',(1.,0.,0.));
#8844=DIRECTION('center_axis',(0.,0.,1.));
#8845=DIRECTION('ref_axis',(1.,0.,0.));
#8846=DIRECTION('',(0.707106781186547,-8.65956056235493E-17,-0.707106781186548));
#8847=DIRECTION('center_axis',(0.,0.,-1.));
#8848=DIRECTION('ref_axis',(1.,0.,0.));
#8849=DIRECTION('center_axis',(0.,0.,-1.));
#8850=DIRECTION('ref_axis',(1.,0.,0.));
#8851=DIRECTION('',(0.,0.,-1.));
#8852=DIRECTION('center_axis',(0.,0.,-1.));
#8853=DIRECTION('ref_axis',(1.,0.,0.));
#8854=DIRECTION('center_axis',(0.,0.,-1.));
#8855=DIRECTION('ref_axis',(1.,0.,0.));
#8856=DIRECTION('center_axis',(0.,-1.,0.));
#8857=DIRECTION('ref_axis',(1.,0.,0.));
#8858=DIRECTION('',(-1.,0.,0.));
#8859=DIRECTION('',(0.,0.,1.));
#8860=DIRECTION('',(0.,0.,1.));
#8861=DIRECTION('center_axis',(-1.,-1.1842378929335E-16,0.));
#8862=DIRECTION('ref_axis',(1.1842378929335E-16,-1.,0.));
#8863=DIRECTION('',(-1.1842378929335E-16,1.,0.));
#8864=DIRECTION('',(0.,0.,1.));
#8865=DIRECTION('center_axis',(0.,-1.,0.));
#8866=DIRECTION('ref_axis',(1.,0.,0.));
#8867=DIRECTION('',(-1.,0.,0.));
#8868=DIRECTION('',(0.,0.,1.));
#8869=DIRECTION('center_axis',(1.,0.,0.));
#8870=DIRECTION('ref_axis',(0.,1.,0.));
#8871=DIRECTION('',(0.,-1.,0.));
#8872=DIRECTION('',(0.,0.,1.));
#8873=DIRECTION('center_axis',(0.,1.,0.));
#8874=DIRECTION('ref_axis',(-1.,0.,0.));
#8875=DIRECTION('',(1.,0.,0.));
#8876=DIRECTION('',(0.,0.,1.));
#8877=DIRECTION('center_axis',(-1.,-1.1842378929335E-16,0.));
#8878=DIRECTION('ref_axis',(1.1842378929335E-16,-1.,0.));
#8879=DIRECTION('',(-1.1842378929335E-16,1.,0.));
#8880=DIRECTION('',(0.,0.,1.));
#8881=DIRECTION('center_axis',(1.48029736616688E-16,1.,0.));
#8882=DIRECTION('ref_axis',(-1.,1.48029736616688E-16,0.));
#8883=DIRECTION('',(1.,-1.48029736616688E-16,0.));
#8884=DIRECTION('',(0.,0.,1.));
#8885=DIRECTION('center_axis',(-1.,0.,0.));
#8886=DIRECTION('ref_axis',(0.,-1.,0.));
#8887=DIRECTION('',(0.,1.,0.));
#8888=DIRECTION('center_axis',(0.,0.,1.));
#8889=DIRECTION('ref_axis',(1.,0.,0.));
#8890=CARTESIAN_POINT('',(0.,0.,0.));
#8891=CARTESIAN_POINT('Origin',(28.5,23.75,1.6));
#8892=CARTESIAN_POINT('',(13.3764924310645,13.0901428950447,1.6));
#8893=CARTESIAN_POINT('',(13.3764924310645,11.4639493716377,1.6));
#8894=CARTESIAN_POINT('',(13.3764924310645,13.0901428950447,1.6));
#8895=CARTESIAN_POINT('',(14.4024129413566,13.0901428950447,1.6));
#8896=CARTESIAN_POINT('',(14.4024129413566,13.0901428950447,1.6));
#8897=CARTESIAN_POINT('',(15.5756743453941,13.4434854877609,1.6));
#8898=CARTESIAN_POINT('Ctrl Pts',(15.5756743453941,13.4434854877609,1.6));
#8899=CARTESIAN_POINT('Ctrl Pts',(15.428531283062,13.3410522632203,1.6));
#8900=CARTESIAN_POINT('Ctrl Pts',(15.079562126,13.0981183765895,1.6));
#8901=CARTESIAN_POINT('Ctrl Pts',(14.6505384926236,13.0930653245474,1.6));
#8902=CARTESIAN_POINT('Ctrl Pts',(14.4024129413566,13.0901428950447,1.6));
#8903=CARTESIAN_POINT('',(15.9003670715293,14.3070599330086,1.6));
#8904=CARTESIAN_POINT('Ctrl Pts',(15.9003670715293,14.3070599330086,1.6));
#8905=CARTESIAN_POINT('Ctrl Pts',(15.8877827919703,14.1445601151079,1.6));
#8906=CARTESIAN_POINT('Ctrl Pts',(15.8630352695029,13.8249972926527,1.6));
#8907=CARTESIAN_POINT('Ctrl Pts',(15.6703686896248,13.5692054696705,1.6));
#8908=CARTESIAN_POINT('Ctrl Pts',(15.5756743453941,13.4434854877609,1.6));
#8909=CARTESIAN_POINT('',(15.7789476417503,14.8527625096458,1.6));
#8910=CARTESIAN_POINT('Ctrl Pts',(15.7789476417503,14.8527625096458,1.6));
#8911=CARTESIAN_POINT('Ctrl Pts',(15.8143577491221,14.7670413566756,1.6));
#8912=CARTESIAN_POINT('Ctrl Pts',(15.8865523775514,14.5922718559161,1.6));
#8913=CARTESIAN_POINT('Ctrl Pts',(15.8957040978878,14.4033295775547,1.6));
#8914=CARTESIAN_POINT('Ctrl Pts',(15.9003670715293,14.3070599330086,1.6));
#8915=CARTESIAN_POINT('',(15.4583473705253,15.2388471258301,1.6));
#8916=CARTESIAN_POINT('Ctrl Pts',(15.4583473705253,15.2388471258301,1.6));
#8917=CARTESIAN_POINT('Ctrl Pts',(15.5221475541757,15.1869652585533,1.6));
#8918=CARTESIAN_POINT('Ctrl Pts',(15.6543238173147,15.0794804372104,1.6));
#8919=CARTESIAN_POINT('Ctrl Pts',(15.7364585418269,14.9300594528455,1.6));
#8920=CARTESIAN_POINT('Ctrl Pts',(15.7789476417503,14.8527625096458,1.6));
#8921=CARTESIAN_POINT('',(14.9644871257743,15.4257500064987,1.6));
#8922=CARTESIAN_POINT('Ctrl Pts',(14.9644871257743,15.4257500064987,1.6));
#8923=CARTESIAN_POINT('Ctrl Pts',(15.0567045572287,15.4070481527919,1.6));
#8924=CARTESIAN_POINT('Ctrl Pts',(15.2316593012133,15.3715670298012,1.6));
#8925=CARTESIAN_POINT('Ctrl Pts',(15.3855645230786,15.2814595692338,1.6));
#8926=CARTESIAN_POINT('Ctrl Pts',(15.4583473705253,15.2388471258301,1.6));
#8927=CARTESIAN_POINT('',(14.3560286067924,15.4639494312424,1.6));
#8928=CARTESIAN_POINT('Ctrl Pts',(14.3560286067924,15.4639494312424,1.6));
#8929=CARTESIAN_POINT('Ctrl Pts',(14.4733220480304,15.4635844386282,1.6));
#8930=CARTESIAN_POINT('Ctrl Pts',(14.6769785111353,15.4629507023846,1.6));
#8931=CARTESIAN_POINT('Ctrl Pts',(14.8788717997027,15.4368277605074,1.6));
#8932=CARTESIAN_POINT('Ctrl Pts',(14.9644871257743,15.4257500064987,1.6));
#8933=CARTESIAN_POINT('',(12.8471608661613,15.4639494312424,1.6));
#8934=CARTESIAN_POINT('',(12.8471608661613,15.4639494312424,1.6));
#8935=CARTESIAN_POINT('',(12.8471608661613,11.4639493716377,1.6));
#8936=CARTESIAN_POINT('',(12.8471608661613,11.4639493716377,1.6));
#8937=CARTESIAN_POINT('',(13.3764924310645,11.4639493716377,1.6));
#8938=CARTESIAN_POINT('',(14.3996848367652,14.9919167054313,1.6));
#8939=CARTESIAN_POINT('',(13.3764924310645,14.9919167054314,1.6));
#8940=CARTESIAN_POINT('',(14.3996848367652,14.9919167054313,1.6));
#8941=CARTESIAN_POINT('',(14.8935456775627,14.9564459813255,1.6));
#8942=CARTESIAN_POINT('Ctrl Pts',(14.8935456775627,14.9564459813255,1.6));
#8943=CARTESIAN_POINT('Ctrl Pts',(14.8302218847727,14.9666695563195,1.6));
#8944=CARTESIAN_POINT('Ctrl Pts',(14.6668278757063,14.99304938658,1.6));
#8945=CARTESIAN_POINT('Ctrl Pts',(14.5011523572561,14.9923469256913,1.6));
#8946=CARTESIAN_POINT('Ctrl Pts',(14.3996848367652,14.9919167054313,1.6));
#8947=CARTESIAN_POINT('',(15.2277882598838,14.7204294694084,1.6));
#8948=CARTESIAN_POINT('Ctrl Pts',(15.2277882598838,14.7204294694084,1.6));
#8949=CARTESIAN_POINT('Ctrl Pts',(15.1823197077047,14.7748936960704,1.6));
#8950=CARTESIAN_POINT('Ctrl Pts',(15.0918416987973,14.8832722247213,1.6));
#8951=CARTESIAN_POINT('Ctrl Pts',(14.9594203778184,14.9321373781933,1.6));
#8952=CARTESIAN_POINT('Ctrl Pts',(14.8935456775627,14.9564459813255,1.6));
#8953=CARTESIAN_POINT('',(15.3546638988456,14.2906886232513,1.6));
#8954=CARTESIAN_POINT('Ctrl Pts',(15.3546638988456,14.2906886232513,1.6));
#8955=CARTESIAN_POINT('Ctrl Pts',(15.3501906202285,14.3701766820798,1.6));
#8956=CARTESIAN_POINT('Ctrl Pts',(15.3415580760641,14.5235729350573,1.6));
#8957=CARTESIAN_POINT('Ctrl Pts',(15.264780592277,14.6564214346152,1.6));
#8958=CARTESIAN_POINT('Ctrl Pts',(15.2277882598838,14.7204294694084,1.6));
#8959=CARTESIAN_POINT('',(15.1391120456657,13.7531718505043,1.6));
#8960=CARTESIAN_POINT('Ctrl Pts',(15.1391120456657,13.7531718505043,1.6));
#8961=CARTESIAN_POINT('Ctrl Pts',(15.2019335912567,13.8260922840686,1.6));
#8962=CARTESIAN_POINT('Ctrl Pts',(15.3345717658817,13.9800527304384,1.6));
#8963=CARTESIAN_POINT('Ctrl Pts',(15.347735117862,14.1835656975355,1.6));
#8964=CARTESIAN_POINT('Ctrl Pts',(15.3546638988456,14.2906886232513,1.6));
#8965=CARTESIAN_POINT('',(14.4105990432701,13.5621759188789,1.6));
#8966=CARTESIAN_POINT('Ctrl Pts',(14.4105990432701,13.5621759188789,1.6));
#8967=CARTESIAN_POINT('Ctrl Pts',(14.5609431291387,13.5638871906065,1.6));
#8968=CARTESIAN_POINT('Ctrl Pts',(14.8214776474123,13.5668526903972,1.6));
#8969=CARTESIAN_POINT('Ctrl Pts',(15.0447016974381,13.6977922792617,1.6));
#8970=CARTESIAN_POINT('Ctrl Pts',(15.1391120456657,13.7531718505043,1.6));
#8971=CARTESIAN_POINT('',(13.3764924310645,13.5621759188789,1.6));
#8972=CARTESIAN_POINT('',(13.3764924310645,13.5621759188789,1.6));
#8973=CARTESIAN_POINT('',(13.3764924310645,14.9919167054314,1.6));
#8974=CARTESIAN_POINT('Origin',(13.3764924310645,12.2770461333412,2.));
#8975=CARTESIAN_POINT('',(13.3764924310645,11.4639493716377,2.));
#8976=CARTESIAN_POINT('',(13.3764924310645,11.4639493716377,2.));
#8977=CARTESIAN_POINT('',(13.3764924310645,13.0901428950447,2.));
#8978=CARTESIAN_POINT('',(13.3764924310645,18.0135230666706,2.));
#8979=CARTESIAN_POINT('',(13.3764924310645,13.0901428950447,2.));
#8980=CARTESIAN_POINT('Origin',(13.8894526862106,13.0901428950447,2.));
#8981=CARTESIAN_POINT('',(14.4024129413566,13.0901428950447,2.));
#8982=CARTESIAN_POINT('',(21.1947263431053,13.0901428950447,2.));
#8983=CARTESIAN_POINT('',(14.4024129413566,13.0901428950447,2.));
#8984=CARTESIAN_POINT('Ctrl Pts',(15.5756743453941,13.4434854877609,1.6));
#8985=CARTESIAN_POINT('Ctrl Pts',(15.5756743453941,13.4434854877609,2.));
#8986=CARTESIAN_POINT('Ctrl Pts',(15.428531283062,13.3410522632203,1.6));
#8987=CARTESIAN_POINT('Ctrl Pts',(15.428531283062,13.3410522632203,2.));
#8988=CARTESIAN_POINT('Ctrl Pts',(15.079562126,13.0981183765895,1.6));
#8989=CARTESIAN_POINT('Ctrl Pts',(15.079562126,13.0981183765895,2.));
#8990=CARTESIAN_POINT('Ctrl Pts',(14.6505384926236,13.0930653245474,1.6));
#8991=CARTESIAN_POINT('Ctrl Pts',(14.6505384926236,13.0930653245474,2.));
#8992=CARTESIAN_POINT('Ctrl Pts',(14.4024129413566,13.0901428950447,1.6));
#8993=CARTESIAN_POINT('Ctrl Pts',(14.4024129413566,13.0901428950447,2.));
#8994=CARTESIAN_POINT('',(15.5756743453941,13.4434854877609,2.));
#8995=CARTESIAN_POINT('Ctrl Pts',(15.5756743453941,13.4434854877609,2.));
#8996=CARTESIAN_POINT('Ctrl Pts',(15.428531283062,13.3410522632203,2.));
#8997=CARTESIAN_POINT('Ctrl Pts',(15.079562126,13.0981183765895,2.));
#8998=CARTESIAN_POINT('Ctrl Pts',(14.6505384926236,13.0930653245474,2.));
#8999=CARTESIAN_POINT('Ctrl Pts',(14.4024129413566,13.0901428950447,2.));
#9000=CARTESIAN_POINT('',(15.5756743453941,13.4434854877609,2.));
#9001=CARTESIAN_POINT('Ctrl Pts',(15.9003670715293,14.3070599330086,1.6));
#9002=CARTESIAN_POINT('Ctrl Pts',(15.9003670715293,14.3070599330086,2.));
#9003=CARTESIAN_POINT('Ctrl Pts',(15.8877827919703,14.1445601151079,1.6));
#9004=CARTESIAN_POINT('Ctrl Pts',(15.8877827919703,14.1445601151079,2.));
#9005=CARTESIAN_POINT('Ctrl Pts',(15.8630352695029,13.8249972926527,1.6));
#9006=CARTESIAN_POINT('Ctrl Pts',(15.8630352695029,13.8249972926527,2.));
#9007=CARTESIAN_POINT('Ctrl Pts',(15.6703686896248,13.5692054696705,1.6));
#9008=CARTESIAN_POINT('Ctrl Pts',(15.6703686896248,13.5692054696705,2.));
#9009=CARTESIAN_POINT('Ctrl Pts',(15.5756743453941,13.4434854877609,1.6));
#9010=CARTESIAN_POINT('Ctrl Pts',(15.5756743453941,13.4434854877609,2.));
#9011=CARTESIAN_POINT('',(15.9003670715293,14.3070599330086,2.));
#9012=CARTESIAN_POINT('Ctrl Pts',(15.9003670715293,14.3070599330086,2.));
#9013=CARTESIAN_POINT('Ctrl Pts',(15.8877827919703,14.1445601151079,2.));
#9014=CARTESIAN_POINT('Ctrl Pts',(15.8630352695029,13.8249972926527,2.));
#9015=CARTESIAN_POINT('Ctrl Pts',(15.6703686896248,13.5692054696705,2.));
#9016=CARTESIAN_POINT('Ctrl Pts',(15.5756743453941,13.4434854877609,2.));
#9017=CARTESIAN_POINT('',(15.9003670715293,14.3070599330086,2.));
#9018=CARTESIAN_POINT('Ctrl Pts',(15.7789476417503,14.8527625096458,1.6));
#9019=CARTESIAN_POINT('Ctrl Pts',(15.7789476417503,14.8527625096458,2.));
#9020=CARTESIAN_POINT('Ctrl Pts',(15.8143577491221,14.7670413566756,1.6));
#9021=CARTESIAN_POINT('Ctrl Pts',(15.8143577491221,14.7670413566756,2.));
#9022=CARTESIAN_POINT('Ctrl Pts',(15.8865523775514,14.5922718559161,1.6));
#9023=CARTESIAN_POINT('Ctrl Pts',(15.8865523775514,14.5922718559161,2.));
#9024=CARTESIAN_POINT('Ctrl Pts',(15.8957040978878,14.4033295775547,1.6));
#9025=CARTESIAN_POINT('Ctrl Pts',(15.8957040978878,14.4033295775547,2.));
#9026=CARTESIAN_POINT('Ctrl Pts',(15.9003670715293,14.3070599330086,1.6));
#9027=CARTESIAN_POINT('Ctrl Pts',(15.9003670715293,14.3070599330086,2.));
#9028=CARTESIAN_POINT('',(15.7789476417503,14.8527625096458,2.));
#9029=CARTESIAN_POINT('Ctrl Pts',(15.7789476417503,14.8527625096458,2.));
#9030=CARTESIAN_POINT('Ctrl Pts',(15.8143577491221,14.7670413566756,2.));
#9031=CARTESIAN_POINT('Ctrl Pts',(15.8865523775514,14.5922718559161,2.));
#9032=CARTESIAN_POINT('Ctrl Pts',(15.8957040978878,14.4033295775547,2.));
#9033=CARTESIAN_POINT('Ctrl Pts',(15.9003670715293,14.3070599330086,2.));
#9034=CARTESIAN_POINT('',(15.7789476417503,14.8527625096458,2.));
#9035=CARTESIAN_POINT('Ctrl Pts',(15.4583473705253,15.2388471258301,1.6));
#9036=CARTESIAN_POINT('Ctrl Pts',(15.4583473705253,15.2388471258301,2.));
#9037=CARTESIAN_POINT('Ctrl Pts',(15.5221475541757,15.1869652585533,1.6));
#9038=CARTESIAN_POINT('Ctrl Pts',(15.5221475541757,15.1869652585533,2.));
#9039=CARTESIAN_POINT('Ctrl Pts',(15.6543238173147,15.0794804372104,1.6));
#9040=CARTESIAN_POINT('Ctrl Pts',(15.6543238173147,15.0794804372104,2.));
#9041=CARTESIAN_POINT('Ctrl Pts',(15.7364585418269,14.9300594528455,1.6));
#9042=CARTESIAN_POINT('Ctrl Pts',(15.7364585418269,14.9300594528455,2.));
#9043=CARTESIAN_POINT('Ctrl Pts',(15.7789476417503,14.8527625096458,1.6));
#9044=CARTESIAN_POINT('Ctrl Pts',(15.7789476417503,14.8527625096458,2.));
#9045=CARTESIAN_POINT('',(15.4583473705253,15.2388471258301,2.));
#9046=CARTESIAN_POINT('Ctrl Pts',(15.4583473705253,15.2388471258301,2.));
#9047=CARTESIAN_POINT('Ctrl Pts',(15.5221475541757,15.1869652585533,2.));
#9048=CARTESIAN_POINT('Ctrl Pts',(15.6543238173147,15.0794804372104,2.));
#9049=CARTESIAN_POINT('Ctrl Pts',(15.7364585418269,14.9300594528455,2.));
#9050=CARTESIAN_POINT('Ctrl Pts',(15.7789476417503,14.8527625096458,2.));
#9051=CARTESIAN_POINT('',(15.4583473705253,15.2388471258301,2.));
#9052=CARTESIAN_POINT('Ctrl Pts',(14.9644871257743,15.4257500064987,1.6));
#9053=CARTESIAN_POINT('Ctrl Pts',(14.9644871257743,15.4257500064987,2.));
#9054=CARTESIAN_POINT('Ctrl Pts',(15.0567045572287,15.4070481527919,1.6));
#9055=CARTESIAN_POINT('Ctrl Pts',(15.0567045572287,15.4070481527919,2.));
#9056=CARTESIAN_POINT('Ctrl Pts',(15.2316593012133,15.3715670298012,1.6));
#9057=CARTESIAN_POINT('Ctrl Pts',(15.2316593012133,15.3715670298012,2.));
#9058=CARTESIAN_POINT('Ctrl Pts',(15.3855645230786,15.2814595692338,1.6));
#9059=CARTESIAN_POINT('Ctrl Pts',(15.3855645230786,15.2814595692338,2.));
#9060=CARTESIAN_POINT('Ctrl Pts',(15.4583473705253,15.2388471258301,1.6));
#9061=CARTESIAN_POINT('Ctrl Pts',(15.4583473705253,15.2388471258301,2.));
#9062=CARTESIAN_POINT('',(14.9644871257743,15.4257500064987,2.));
#9063=CARTESIAN_POINT('Ctrl Pts',(14.9644871257743,15.4257500064987,2.));
#9064=CARTESIAN_POINT('Ctrl Pts',(15.0567045572287,15.4070481527919,2.));
#9065=CARTESIAN_POINT('Ctrl Pts',(15.2316593012133,15.3715670298012,2.));
#9066=CARTESIAN_POINT('Ctrl Pts',(15.3855645230786,15.2814595692338,2.));
#9067=CARTESIAN_POINT('Ctrl Pts',(15.4583473705253,15.2388471258301,2.));
#9068=CARTESIAN_POINT('',(14.9644871257743,15.4257500064987,2.));
#9069=CARTESIAN_POINT('Ctrl Pts',(14.3560286067924,15.4639494312424,1.6));
#9070=CARTESIAN_POINT('Ctrl Pts',(14.3560286067924,15.4639494312424,2.));
#9071=CARTESIAN_POINT('Ctrl Pts',(14.4733220480304,15.4635844386282,1.6));
#9072=CARTESIAN_POINT('Ctrl Pts',(14.4733220480304,15.4635844386282,2.));
#9073=CARTESIAN_POINT('Ctrl Pts',(14.6769785111353,15.4629507023846,1.6));
#9074=CARTESIAN_POINT('Ctrl Pts',(14.6769785111353,15.4629507023846,2.));
#9075=CARTESIAN_POINT('Ctrl Pts',(14.8788717997027,15.4368277605074,1.6));
#9076=CARTESIAN_POINT('Ctrl Pts',(14.8788717997027,15.4368277605074,2.));
#9077=CARTESIAN_POINT('Ctrl Pts',(14.9644871257743,15.4257500064987,1.6));
#9078=CARTESIAN_POINT('Ctrl Pts',(14.9644871257743,15.4257500064987,2.));
#9079=CARTESIAN_POINT('',(14.3560286067924,15.4639494312424,2.));
#9080=CARTESIAN_POINT('Ctrl Pts',(14.3560286067924,15.4639494312424,2.));
#9081=CARTESIAN_POINT('Ctrl Pts',(14.4733220480304,15.4635844386282,2.));
#9082=CARTESIAN_POINT('Ctrl Pts',(14.6769785111353,15.4629507023846,2.));
#9083=CARTESIAN_POINT('Ctrl Pts',(14.8788717997027,15.4368277605074,2.));
#9084=CARTESIAN_POINT('Ctrl Pts',(14.9644871257743,15.4257500064987,2.));
#9085=CARTESIAN_POINT('',(14.3560286067924,15.4639494312424,2.));
#9086=CARTESIAN_POINT('Origin',(13.6015947364768,15.4639494312424,2.));
#9087=CARTESIAN_POINT('',(12.8471608661613,15.4639494312424,2.));
#9088=CARTESIAN_POINT('',(21.0507973682384,15.4639494312423,2.));
#9089=CARTESIAN_POINT('',(12.8471608661613,15.4639494312424,2.));
#9090=CARTESIAN_POINT('Origin',(12.8471608661613,13.46394940144,2.));
#9091=CARTESIAN_POINT('',(12.8471608661613,11.4639493716377,2.));
#9092=CARTESIAN_POINT('',(12.8471608661613,18.60697470072,2.));
#9093=CARTESIAN_POINT('',(12.8471608661613,11.4639493716377,2.));
#9094=CARTESIAN_POINT('Origin',(13.1118266486129,11.4639493716377,2.));
#9095=CARTESIAN_POINT('',(20.8059133243065,11.4639493716377,2.));
#9096=CARTESIAN_POINT('Origin',(13.8880886339149,14.9919167054314,2.));
#9097=CARTESIAN_POINT('',(13.3764924310645,14.9919167054314,2.));
#9098=CARTESIAN_POINT('',(13.3764924310645,14.9919167054314,2.));
#9099=CARTESIAN_POINT('',(14.3996848367652,14.9919167054313,2.));
#9100=CARTESIAN_POINT('',(21.1940443169574,14.9919167054313,2.));
#9101=CARTESIAN_POINT('',(14.3996848367652,14.9919167054313,2.));
#9102=CARTESIAN_POINT('Ctrl Pts',(14.8935456775627,14.9564459813255,1.6));
#9103=CARTESIAN_POINT('Ctrl Pts',(14.8935456775627,14.9564459813255,2.));
#9104=CARTESIAN_POINT('Ctrl Pts',(14.8302218847727,14.9666695563195,1.6));
#9105=CARTESIAN_POINT('Ctrl Pts',(14.8302218847727,14.9666695563195,2.));
#9106=CARTESIAN_POINT('Ctrl Pts',(14.6668278757063,14.99304938658,1.6));
#9107=CARTESIAN_POINT('Ctrl Pts',(14.6668278757063,14.99304938658,2.));
#9108=CARTESIAN_POINT('Ctrl Pts',(14.5011523572561,14.9923469256913,1.6));
#9109=CARTESIAN_POINT('Ctrl Pts',(14.5011523572561,14.9923469256913,2.));
#9110=CARTESIAN_POINT('Ctrl Pts',(14.3996848367652,14.9919167054313,1.6));
#9111=CARTESIAN_POINT('Ctrl Pts',(14.3996848367652,14.9919167054313,2.));
#9112=CARTESIAN_POINT('',(14.8935456775627,14.9564459813255,2.));
#9113=CARTESIAN_POINT('Ctrl Pts',(14.8935456775627,14.9564459813255,2.));
#9114=CARTESIAN_POINT('Ctrl Pts',(14.8302218847727,14.9666695563195,2.));
#9115=CARTESIAN_POINT('Ctrl Pts',(14.6668278757063,14.99304938658,2.));
#9116=CARTESIAN_POINT('Ctrl Pts',(14.5011523572561,14.9923469256913,2.));
#9117=CARTESIAN_POINT('Ctrl Pts',(14.3996848367652,14.9919167054313,2.));
#9118=CARTESIAN_POINT('',(14.8935456775627,14.9564459813255,2.));
#9119=CARTESIAN_POINT('Ctrl Pts',(15.2277882598838,14.7204294694084,1.6));
#9120=CARTESIAN_POINT('Ctrl Pts',(15.2277882598838,14.7204294694084,2.));
#9121=CARTESIAN_POINT('Ctrl Pts',(15.1823197077047,14.7748936960704,1.6));
#9122=CARTESIAN_POINT('Ctrl Pts',(15.1823197077047,14.7748936960704,2.));
#9123=CARTESIAN_POINT('Ctrl Pts',(15.0918416987973,14.8832722247213,1.6));
#9124=CARTESIAN_POINT('Ctrl Pts',(15.0918416987973,14.8832722247213,2.));
#9125=CARTESIAN_POINT('Ctrl Pts',(14.9594203778184,14.9321373781933,1.6));
#9126=CARTESIAN_POINT('Ctrl Pts',(14.9594203778184,14.9321373781933,2.));
#9127=CARTESIAN_POINT('Ctrl Pts',(14.8935456775627,14.9564459813255,1.6));
#9128=CARTESIAN_POINT('Ctrl Pts',(14.8935456775627,14.9564459813255,2.));
#9129=CARTESIAN_POINT('',(15.2277882598838,14.7204294694084,2.));
#9130=CARTESIAN_POINT('Ctrl Pts',(15.2277882598838,14.7204294694084,2.));
#9131=CARTESIAN_POINT('Ctrl Pts',(15.1823197077047,14.7748936960704,2.));
#9132=CARTESIAN_POINT('Ctrl Pts',(15.0918416987973,14.8832722247213,2.));
#9133=CARTESIAN_POINT('Ctrl Pts',(14.9594203778184,14.9321373781933,2.));
#9134=CARTESIAN_POINT('Ctrl Pts',(14.8935456775627,14.9564459813255,2.));
#9135=CARTESIAN_POINT('',(15.2277882598838,14.7204294694084,2.));
#9136=CARTESIAN_POINT('Ctrl Pts',(15.3546638988456,14.2906886232513,1.6));
#9137=CARTESIAN_POINT('Ctrl Pts',(15.3546638988456,14.2906886232513,2.));
#9138=CARTESIAN_POINT('Ctrl Pts',(15.3501906202285,14.3701766820798,1.6));
#9139=CARTESIAN_POINT('Ctrl Pts',(15.3501906202285,14.3701766820798,2.));
#9140=CARTESIAN_POINT('Ctrl Pts',(15.3415580760641,14.5235729350573,1.6));
#9141=CARTESIAN_POINT('Ctrl Pts',(15.3415580760641,14.5235729350573,2.));
#9142=CARTESIAN_POINT('Ctrl Pts',(15.264780592277,14.6564214346152,1.6));
#9143=CARTESIAN_POINT('Ctrl Pts',(15.264780592277,14.6564214346152,2.));
#9144=CARTESIAN_POINT('Ctrl Pts',(15.2277882598838,14.7204294694084,1.6));
#9145=CARTESIAN_POINT('Ctrl Pts',(15.2277882598838,14.7204294694084,2.));
#9146=CARTESIAN_POINT('',(15.3546638988456,14.2906886232513,2.));
#9147=CARTESIAN_POINT('Ctrl Pts',(15.3546638988456,14.2906886232513,2.));
#9148=CARTESIAN_POINT('Ctrl Pts',(15.3501906202285,14.3701766820798,2.));
#9149=CARTESIAN_POINT('Ctrl Pts',(15.3415580760641,14.5235729350573,2.));
#9150=CARTESIAN_POINT('Ctrl Pts',(15.264780592277,14.6564214346152,2.));
#9151=CARTESIAN_POINT('Ctrl Pts',(15.2277882598838,14.7204294694084,2.));
#9152=CARTESIAN_POINT('',(15.3546638988456,14.2906886232513,2.));
#9153=CARTESIAN_POINT('Ctrl Pts',(15.1391120456657,13.7531718505043,1.6));
#9154=CARTESIAN_POINT('Ctrl Pts',(15.1391120456657,13.7531718505043,2.));
#9155=CARTESIAN_POINT('Ctrl Pts',(15.2019335912567,13.8260922840686,1.6));
#9156=CARTESIAN_POINT('Ctrl Pts',(15.2019335912567,13.8260922840686,2.));
#9157=CARTESIAN_POINT('Ctrl Pts',(15.3345717658817,13.9800527304384,1.6));
#9158=CARTESIAN_POINT('Ctrl Pts',(15.3345717658817,13.9800527304384,2.));
#9159=CARTESIAN_POINT('Ctrl Pts',(15.347735117862,14.1835656975355,1.6));
#9160=CARTESIAN_POINT('Ctrl Pts',(15.347735117862,14.1835656975355,2.));
#9161=CARTESIAN_POINT('Ctrl Pts',(15.3546638988456,14.2906886232513,1.6));
#9162=CARTESIAN_POINT('Ctrl Pts',(15.3546638988456,14.2906886232513,2.));
#9163=CARTESIAN_POINT('',(15.1391120456657,13.7531718505043,2.));
#9164=CARTESIAN_POINT('Ctrl Pts',(15.1391120456657,13.7531718505043,2.));
#9165=CARTESIAN_POINT('Ctrl Pts',(15.2019335912567,13.8260922840686,2.));
#9166=CARTESIAN_POINT('Ctrl Pts',(15.3345717658817,13.9800527304384,2.));
#9167=CARTESIAN_POINT('Ctrl Pts',(15.347735117862,14.1835656975355,2.));
#9168=CARTESIAN_POINT('Ctrl Pts',(15.3546638988456,14.2906886232513,2.));
#9169=CARTESIAN_POINT('',(15.1391120456657,13.7531718505043,2.));
#9170=CARTESIAN_POINT('Ctrl Pts',(14.4105990432701,13.5621759188789,1.6));
#9171=CARTESIAN_POINT('Ctrl Pts',(14.4105990432701,13.5621759188789,2.));
#9172=CARTESIAN_POINT('Ctrl Pts',(14.5609431291387,13.5638871906065,1.6));
#9173=CARTESIAN_POINT('Ctrl Pts',(14.5609431291387,13.5638871906065,2.));
#9174=CARTESIAN_POINT('Ctrl Pts',(14.8214776474123,13.5668526903972,1.6));
#9175=CARTESIAN_POINT('Ctrl Pts',(14.8214776474123,13.5668526903972,2.));
#9176=CARTESIAN_POINT('Ctrl Pts',(15.0447016974381,13.6977922792617,1.6));
#9177=CARTESIAN_POINT('Ctrl Pts',(15.0447016974381,13.6977922792617,2.));
#9178=CARTESIAN_POINT('Ctrl Pts',(15.1391120456657,13.7531718505043,1.6));
#9179=CARTESIAN_POINT('Ctrl Pts',(15.1391120456657,13.7531718505043,2.));
#9180=CARTESIAN_POINT('',(14.4105990432701,13.5621759188789,2.));
#9181=CARTESIAN_POINT('Ctrl Pts',(14.4105990432701,13.5621759188789,2.));
#9182=CARTESIAN_POINT('Ctrl Pts',(14.5609431291387,13.5638871906065,2.));
#9183=CARTESIAN_POINT('Ctrl Pts',(14.8214776474123,13.5668526903972,2.));
#9184=CARTESIAN_POINT('Ctrl Pts',(15.0447016974381,13.6977922792617,2.));
#9185=CARTESIAN_POINT('Ctrl Pts',(15.1391120456657,13.7531718505043,2.));
#9186=CARTESIAN_POINT('',(14.4105990432701,13.5621759188789,2.));
#9187=CARTESIAN_POINT('Origin',(13.8935457371673,13.5621759188789,2.));
#9188=CARTESIAN_POINT('',(13.3764924310645,13.5621759188789,2.));
#9189=CARTESIAN_POINT('',(21.1967728685836,13.5621759188789,2.));
#9190=CARTESIAN_POINT('',(13.3764924310645,13.5621759188789,2.));
#9191=CARTESIAN_POINT('Origin',(13.3764924310645,14.2770463121551,2.));
#9192=CARTESIAN_POINT('',(13.3764924310645,19.0135231560776,2.));
#9193=CARTESIAN_POINT('Origin',(28.5,23.75,1.6));
#9194=CARTESIAN_POINT('',(17.8294261001548,13.1583559406418,1.6));
#9195=CARTESIAN_POINT('',(17.8294261001548,12.6644950998443,1.6));
#9196=CARTESIAN_POINT('',(17.8294261001548,13.1583559406418,1.6));
#9197=CARTESIAN_POINT('',(16.3205583595237,13.1583559406418,1.6));
#9198=CARTESIAN_POINT('',(16.3205583595237,13.1583559406418,1.6));
#9199=CARTESIAN_POINT('',(16.3205583595237,12.6644950998443,1.6));
#9200=CARTESIAN_POINT('',(16.3205583595237,12.6644950998443,1.6));
#9201=CARTESIAN_POINT('',(17.8294261001548,12.6644950998443,1.6));
#9202=CARTESIAN_POINT('Origin',(17.8294261001548,12.911425520243,2.));
#9203=CARTESIAN_POINT('',(17.8294261001548,12.6644950998443,2.));
#9204=CARTESIAN_POINT('',(17.8294261001548,12.6644950998443,2.));
#9205=CARTESIAN_POINT('',(17.8294261001548,13.1583559406418,2.));
#9206=CARTESIAN_POINT('',(17.8294261001548,18.3307127601215,2.));
#9207=CARTESIAN_POINT('',(17.8294261001548,13.1583559406418,2.));
#9208=CARTESIAN_POINT('Origin',(17.0749922298393,13.1583559406418,2.));
#9209=CARTESIAN_POINT('',(16.3205583595237,13.1583559406418,2.));
#9210=CARTESIAN_POINT('',(22.7874961149196,13.1583559406418,2.));
#9211=CARTESIAN_POINT('',(16.3205583595237,13.1583559406418,2.));
#9212=CARTESIAN_POINT('Origin',(16.3205583595237,12.9114255202431,2.));
#9213=CARTESIAN_POINT('',(16.3205583595237,12.6644950998443,2.));
#9214=CARTESIAN_POINT('',(16.3205583595237,18.3307127601215,2.));
#9215=CARTESIAN_POINT('',(16.3205583595237,12.6644950998443,2.));
#9216=CARTESIAN_POINT('Origin',(17.0749922298393,12.6644950998443,2.));
#9217=CARTESIAN_POINT('',(22.7874961149196,12.6644950998443,2.));
#9218=CARTESIAN_POINT('Origin',(28.5,23.75,1.6));
#9219=CARTESIAN_POINT('',(7.65154308903965,36.8697507927263,1.6));
#9220=CARTESIAN_POINT('',(7.65154308903965,32.8697507331217,1.6));
#9221=CARTESIAN_POINT('',(7.65154308903965,36.8697507927263,1.6));
#9222=CARTESIAN_POINT('',(7.1222115986422,36.8697507927263,1.6));
#9223=CARTESIAN_POINT('',(7.1222115986422,36.8697507927263,1.6));
#9224=CARTESIAN_POINT('',(7.1222115986422,32.8697507331217,1.6));
#9225=CARTESIAN_POINT('',(7.1222115986422,32.8697507331217,1.6));
#9226=CARTESIAN_POINT('',(7.65154308903965,32.8697507331217,1.6));
#9227=CARTESIAN_POINT('Origin',(7.65154308903965,34.869750762924,2.));
#9228=CARTESIAN_POINT('',(7.65154308903965,32.8697507331217,2.));
#9229=CARTESIAN_POINT('',(7.65154308903965,32.8697507331217,2.));
#9230=CARTESIAN_POINT('',(7.65154308903965,36.8697507927263,2.));
#9231=CARTESIAN_POINT('',(7.65154308903966,29.309875381462,2.));
#9232=CARTESIAN_POINT('',(7.65154308903965,36.8697507927263,2.));
#9233=CARTESIAN_POINT('Origin',(7.38687734384092,36.8697507927263,2.));
#9234=CARTESIAN_POINT('',(7.1222115986422,36.8697507927263,2.));
#9235=CARTESIAN_POINT('',(17.9434386719205,36.8697507927263,2.));
#9236=CARTESIAN_POINT('',(7.1222115986422,36.8697507927263,2.));
#9237=CARTESIAN_POINT('Origin',(7.1222115986422,34.869750762924,2.));
#9238=CARTESIAN_POINT('',(7.1222115986422,32.8697507331217,2.));
#9239=CARTESIAN_POINT('',(7.1222115986422,29.309875381462,2.));
#9240=CARTESIAN_POINT('',(7.1222115986422,32.8697507331217,2.));
#9241=CARTESIAN_POINT('Origin',(7.38687734384093,32.8697507331217,2.));
#9242=CARTESIAN_POINT('',(17.9434386719205,32.8697507331217,2.));
#9243=CARTESIAN_POINT('Origin',(28.5,23.75,1.6));
#9244=CARTESIAN_POINT('',(9.07855532396588,36.2749348828638,1.6));
#9245=CARTESIAN_POINT('',(9.07855532396588,32.8697507331217,1.6));
#9246=CARTESIAN_POINT('',(9.07855532396587,36.2749348828638,1.6));
#9247=CARTESIAN_POINT('',(10.2354448221997,32.8697507331217,1.6));
#9248=CARTESIAN_POINT('',(10.2354448221997,32.8697507331217,1.6));
#9249=CARTESIAN_POINT('',(10.7129346512631,32.8697507331217,1.6));
#9250=CARTESIAN_POINT('',(10.7129346512631,32.8697507331217,1.6));
#9251=CARTESIAN_POINT('',(11.8752815507725,36.2176360437715,1.6));
#9252=CARTESIAN_POINT('',(11.8752815507725,36.2176360437715,1.6));
#9253=CARTESIAN_POINT('',(11.8752815507725,32.8697507331217,1.6));
#9254=CARTESIAN_POINT('',(11.8752815507725,32.8697507331217,1.6));
#9255=CARTESIAN_POINT('',(12.3855128072575,32.8697507331217,1.6));
#9256=CARTESIAN_POINT('',(12.3855128072575,32.8697507331217,1.6));
#9257=CARTESIAN_POINT('',(12.3855128072575,36.8697507927263,1.6));
#9258=CARTESIAN_POINT('',(12.3855128072575,36.8697507927263,1.6));
#9259=CARTESIAN_POINT('',(11.6733708165959,36.8697507927263,1.6));
#9260=CARTESIAN_POINT('',(11.6733708165959,36.8697507927263,1.6));
#9261=CARTESIAN_POINT('',(10.7156630538777,34.0866674730623,1.6));
#9262=CARTESIAN_POINT('',(10.7156630538777,34.0866674730623,1.6));
#9263=CARTESIAN_POINT('',(10.5028393052891,33.4454669306124,1.6));
#9264=CARTESIAN_POINT('Ctrl Pts',(10.5028393052891,33.4454669306124,1.6));
#9265=CARTESIAN_POINT('Ctrl Pts',(10.531713769688,33.535356486161,1.6));
#9266=CARTESIAN_POINT('Ctrl Pts',(10.6005891202078,33.7497734381416,1.6));
#9267=CARTESIAN_POINT('Ctrl Pts',(10.6733851477134,33.962893357227,1.6));
#9268=CARTESIAN_POINT('Ctrl Pts',(10.7156630538777,34.0866674730623,1.6));
#9269=CARTESIAN_POINT('',(10.3118433736638,34.0375541398371,1.6));
#9270=CARTESIAN_POINT('Ctrl Pts',(10.3118433736638,34.0375541398371,1.6));
#9271=CARTESIAN_POINT('Ctrl Pts',(10.3499436956051,33.9223890328164,1.6));
#9272=CARTESIAN_POINT('Ctrl Pts',(10.4150809248351,33.725499988497,1.6));
#9273=CARTESIAN_POINT('Ctrl Pts',(10.4770976462321,33.5276074106835,1.6));
#9274=CARTESIAN_POINT('Ctrl Pts',(10.5028393052891,33.4454669306124,1.6));
#9275=CARTESIAN_POINT('',(9.36504922140392,36.8697507927263,1.6));
#9276=CARTESIAN_POINT('',(9.36504922140392,36.8697507927263,1.6));
#9277=CARTESIAN_POINT('',(8.56832347143444,36.8697507927263,1.6));
#9278=CARTESIAN_POINT('',(8.56832347143444,36.8697507927263,1.6));
#9279=CARTESIAN_POINT('',(8.56832347143444,32.8697507331217,1.6));
#9280=CARTESIAN_POINT('',(8.56832347143444,32.8697507331217,1.6));
#9281=CARTESIAN_POINT('',(9.07855532396588,32.8697507331217,1.6));
#9282=CARTESIAN_POINT('Origin',(9.07855532396588,34.5723428079927,2.));
#9283=CARTESIAN_POINT('',(9.07855532396588,32.8697507331217,2.));
#9284=CARTESIAN_POINT('',(9.07855532396588,32.8697507331217,2.));
#9285=CARTESIAN_POINT('',(9.07855532396588,36.2749348828638,2.));
#9286=CARTESIAN_POINT('',(9.07855532396588,29.1611714039964,2.));
#9287=CARTESIAN_POINT('',(9.07855532396588,36.2749348828638,2.));
#9288=CARTESIAN_POINT('Origin',(9.65700007308277,34.5723428079927,2.));
#9289=CARTESIAN_POINT('',(10.2354448221997,32.8697507331217,2.));
#9290=CARTESIAN_POINT('',(12.2801188569212,26.8514649547024,2.));
#9291=CARTESIAN_POINT('',(10.2354448221997,32.8697507331217,2.));
#9292=CARTESIAN_POINT('Origin',(10.4741897367314,32.8697507331217,2.));
#9293=CARTESIAN_POINT('',(10.7129346512631,32.8697507331217,2.));
#9294=CARTESIAN_POINT('',(19.4870948683657,32.8697507331217,2.));
#9295=CARTESIAN_POINT('',(10.7129346512631,32.8697507331217,2.));
#9296=CARTESIAN_POINT('Origin',(11.2941081010178,34.5436933884466,2.));
#9297=CARTESIAN_POINT('',(11.8752815507725,36.2176360437715,2.));
#9298=CARTESIAN_POINT('',(10.5473917963456,32.3929408474539,2.));
#9299=CARTESIAN_POINT('',(11.8752815507725,36.2176360437715,2.));
#9300=CARTESIAN_POINT('Origin',(11.8752815507725,34.5436933884466,2.));
#9301=CARTESIAN_POINT('',(11.8752815507725,32.8697507331217,2.));
#9302=CARTESIAN_POINT('',(11.8752815507725,29.1468466942233,2.));
#9303=CARTESIAN_POINT('',(11.8752815507725,32.8697507331217,2.));
#9304=CARTESIAN_POINT('Origin',(12.130397179015,32.8697507331217,2.));
#9305=CARTESIAN_POINT('',(12.3855128072575,32.8697507331217,2.));
#9306=CARTESIAN_POINT('',(20.3151985895075,32.8697507331217,2.));
#9307=CARTESIAN_POINT('',(12.3855128072575,32.8697507331217,2.));
#9308=CARTESIAN_POINT('Origin',(12.3855128072575,34.869750762924,2.));
#9309=CARTESIAN_POINT('',(12.3855128072575,36.8697507927263,2.));
#9310=CARTESIAN_POINT('',(12.3855128072575,29.309875381462,2.));
#9311=CARTESIAN_POINT('',(12.3855128072575,36.8697507927263,2.));
#9312=CARTESIAN_POINT('Origin',(12.0294418119267,36.8697507927263,2.));
#9313=CARTESIAN_POINT('',(11.6733708165959,36.8697507927263,2.));
#9314=CARTESIAN_POINT('',(20.2647209059634,36.8697507927263,2.));
#9315=CARTESIAN_POINT('',(11.6733708165959,36.8697507927263,2.));
#9316=CARTESIAN_POINT('Origin',(11.1945169352368,35.4782091328943,2.));
#9317=CARTESIAN_POINT('',(10.7156630538777,34.0866674730623,2.));
#9318=CARTESIAN_POINT('',(10.3063771076061,32.8972891111198,2.));
#9319=CARTESIAN_POINT('',(10.7156630538777,34.0866674730623,2.));
#9320=CARTESIAN_POINT('Ctrl Pts',(10.5028393052891,33.4454669306124,1.6));
#9321=CARTESIAN_POINT('Ctrl Pts',(10.5028393052891,33.4454669306124,2.));
#9322=CARTESIAN_POINT('Ctrl Pts',(10.531713769688,33.535356486161,1.6));
#9323=CARTESIAN_POINT('Ctrl Pts',(10.531713769688,33.535356486161,2.));
#9324=CARTESIAN_POINT('Ctrl Pts',(10.6005891202078,33.7497734381416,1.6));
#9325=CARTESIAN_POINT('Ctrl Pts',(10.6005891202078,33.7497734381416,2.));
#9326=CARTESIAN_POINT('Ctrl Pts',(10.6733851477134,33.962893357227,1.6));
#9327=CARTESIAN_POINT('Ctrl Pts',(10.6733851477134,33.962893357227,2.));
#9328=CARTESIAN_POINT('Ctrl Pts',(10.7156630538777,34.0866674730623,1.6));
#9329=CARTESIAN_POINT('Ctrl Pts',(10.7156630538777,34.0866674730623,2.));
#9330=CARTESIAN_POINT('',(10.5028393052891,33.4454669306124,2.));
#9331=CARTESIAN_POINT('Ctrl Pts',(10.5028393052891,33.4454669306124,2.));
#9332=CARTESIAN_POINT('Ctrl Pts',(10.531713769688,33.535356486161,2.));
#9333=CARTESIAN_POINT('Ctrl Pts',(10.6005891202078,33.7497734381416,2.));
#9334=CARTESIAN_POINT('Ctrl Pts',(10.6733851477134,33.962893357227,2.));
#9335=CARTESIAN_POINT('Ctrl Pts',(10.7156630538777,34.0866674730623,2.));
#9336=CARTESIAN_POINT('',(10.5028393052891,33.4454669306124,2.));
#9337=CARTESIAN_POINT('Ctrl Pts',(10.3118433736638,34.0375541398371,1.6));
#9338=CARTESIAN_POINT('Ctrl Pts',(10.3118433736638,34.0375541398371,2.));
#9339=CARTESIAN_POINT('Ctrl Pts',(10.3499436956051,33.9223890328164,1.6));
#9340=CARTESIAN_POINT('Ctrl Pts',(10.3499436956051,33.9223890328164,2.));
#9341=CARTESIAN_POINT('Ctrl Pts',(10.4150809248351,33.725499988497,1.6));
#9342=CARTESIAN_POINT('Ctrl Pts',(10.4150809248351,33.725499988497,2.));
#9343=CARTESIAN_POINT('Ctrl Pts',(10.4770976462321,33.5276074106835,1.6));
#9344=CARTESIAN_POINT('Ctrl Pts',(10.4770976462321,33.5276074106835,2.));
#9345=CARTESIAN_POINT('Ctrl Pts',(10.5028393052891,33.4454669306124,1.6));
#9346=CARTESIAN_POINT('Ctrl Pts',(10.5028393052891,33.4454669306124,2.));
#9347=CARTESIAN_POINT('',(10.3118433736638,34.0375541398371,2.));
#9348=CARTESIAN_POINT('Ctrl Pts',(10.3118433736638,34.0375541398371,2.));
#9349=CARTESIAN_POINT('Ctrl Pts',(10.3499436956051,33.9223890328164,2.));
#9350=CARTESIAN_POINT('Ctrl Pts',(10.4150809248351,33.725499988497,2.));
#9351=CARTESIAN_POINT('Ctrl Pts',(10.4770976462321,33.5276074106835,2.));
#9352=CARTESIAN_POINT('Ctrl Pts',(10.5028393052891,33.4454669306124,2.));
#9353=CARTESIAN_POINT('',(10.3118433736638,34.0375541398371,2.));
#9354=CARTESIAN_POINT('Origin',(9.83844629753384,35.4536524662817,2.));
#9355=CARTESIAN_POINT('',(9.36504922140392,36.8697507927263,2.));
#9356=CARTESIAN_POINT('',(12.5359857605801,27.3843564951974,2.));
#9357=CARTESIAN_POINT('',(9.36504922140392,36.8697507927263,2.));
#9358=CARTESIAN_POINT('Origin',(8.96668634641918,36.8697507927263,2.));
#9359=CARTESIAN_POINT('',(8.56832347143444,36.8697507927263,2.));
#9360=CARTESIAN_POINT('',(18.7333431732096,36.8697507927263,2.));
#9361=CARTESIAN_POINT('',(8.56832347143444,36.8697507927263,2.));
#9362=CARTESIAN_POINT('Origin',(8.56832347143444,34.869750762924,2.));
#9363=CARTESIAN_POINT('',(8.56832347143444,32.8697507331217,2.));
#9364=CARTESIAN_POINT('',(8.56832347143445,29.309875381462,2.));
#9365=CARTESIAN_POINT('',(8.56832347143444,32.8697507331217,2.));
#9366=CARTESIAN_POINT('Origin',(8.82343939770016,32.8697507331217,2.));
#9367=CARTESIAN_POINT('',(18.6617196988501,32.8697507331217,2.));
#9368=CARTESIAN_POINT('Origin',(28.5,23.75,1.6));
#9369=CARTESIAN_POINT('',(44.4871329056125,21.4504074854569,1.6));
#9370=CARTESIAN_POINT('',(44.4867087982597,20.9374477036568,1.6));
#9371=CARTESIAN_POINT('',(44.4871329056125,21.4504074854569,1.6));
#9372=CARTESIAN_POINT('',(44.1391448922842,21.3265482159026,1.6));
#9373=CARTESIAN_POINT('Ctrl Pts',(44.1391448922842,21.3265482159026,1.6));
#9374=CARTESIAN_POINT('Ctrl Pts',(44.1992505931464,21.3396486955313,1.6));
#9375=CARTESIAN_POINT('Ctrl Pts',(44.3205213419528,21.3660805472775,1.6));
#9376=CARTESIAN_POINT('Ctrl Pts',(44.4312732308074,21.4221352860936,1.6));
#9377=CARTESIAN_POINT('Ctrl Pts',(44.4871329056125,21.4504074854569,1.6));
#9378=CARTESIAN_POINT('',(43.2728163974451,21.2958862032175,1.6));
#9379=CARTESIAN_POINT('Ctrl Pts',(43.2728163974451,21.2958862032175,1.6));
#9380=CARTESIAN_POINT('Ctrl Pts',(43.4593195003462,21.2946032305335,1.6));
#9381=CARTESIAN_POINT('Ctrl Pts',(43.7486382594857,21.2926129791159,1.6));
#9382=CARTESIAN_POINT('Ctrl Pts',(44.0367560323879,21.3176505688128,1.6));
#9383=CARTESIAN_POINT('Ctrl Pts',(44.1391448922842,21.3265482159026,1.6));
#9384=CARTESIAN_POINT('',(42.6179737677154,21.2964276171529,1.6));
#9385=CARTESIAN_POINT('',(42.6179737677154,21.2964276171529,1.6));
#9386=CARTESIAN_POINT('',(42.1650203081107,21.2722455861963,1.6));
#9387=CARTESIAN_POINT('Ctrl Pts',(42.1650203081107,21.2722455861963,1.6));
#9388=CARTESIAN_POINT('Ctrl Pts',(42.2236296208517,21.2792779180317,1.6));
#9389=CARTESIAN_POINT('Ctrl Pts',(42.3739906020372,21.2973192200935,1.6));
#9390=CARTESIAN_POINT('Ctrl Pts',(42.5255132434199,21.2967655014292,1.6));
#9391=CARTESIAN_POINT('Ctrl Pts',(42.6179737677154,21.2964276171529,1.6));
#9392=CARTESIAN_POINT('',(41.8306512122192,21.1197254783783,1.6));
#9393=CARTESIAN_POINT('Ctrl Pts',(41.8306512122192,21.1197254783783,1.6));
#9394=CARTESIAN_POINT('Ctrl Pts',(41.8791791271863,21.1536441242733,1.6));
#9395=CARTESIAN_POINT('Ctrl Pts',(41.9811657887765,21.2249278269181,1.6));
#9396=CARTESIAN_POINT('Ctrl Pts',(42.1017914724857,21.2559726828465,1.6));
#9397=CARTESIAN_POINT('Ctrl Pts',(42.1650203081107,21.2722455861963,1.6));
#9398=CARTESIAN_POINT('',(41.6107240984188,20.7788428602871,1.6));
#9399=CARTESIAN_POINT('Ctrl Pts',(41.6107240984188,20.7788428602871,1.6));
#9400=CARTESIAN_POINT('Ctrl Pts',(41.6392458044555,20.848801560242,1.6));
#9401=CARTESIAN_POINT('Ctrl Pts',(41.6913119705827,20.976510656227,1.6));
#9402=CARTESIAN_POINT('Ctrl Pts',(41.7872622419399,21.0751296876384,1.6));
#9403=CARTESIAN_POINT('Ctrl Pts',(41.8306512122192,21.1197254783783,1.6));
#9404=CARTESIAN_POINT('',(41.5229131163247,20.1759141372688,1.6));
#9405=CARTESIAN_POINT('Ctrl Pts',(41.5229131163247,20.1759141372688,1.6));
#9406=CARTESIAN_POINT('Ctrl Pts',(41.5249080132959,20.2888366162298,1.6));
#9407=CARTESIAN_POINT('Ctrl Pts',(41.528528635721,20.4937843731909,1.6));
#9408=CARTESIAN_POINT('Ctrl Pts',(41.5852535693989,20.6905096332493,1.6));
#9409=CARTESIAN_POINT('Ctrl Pts',(41.6107240984188,20.7788428602871,1.6));
#9410=CARTESIAN_POINT('',(41.6246888307544,19.5182582117217,1.6));
#9411=CARTESIAN_POINT('Ctrl Pts',(41.6246888307544,19.5182582117217,1.6));
#9412=CARTESIAN_POINT('Ctrl Pts',(41.5949536772217,19.6196944782109,1.6));
#9413=CARTESIAN_POINT('Ctrl Pts',(41.5320475599929,19.8342876755859,1.6));
#9414=CARTESIAN_POINT('Ctrl Pts',(41.5260668164203,20.0579663515012,1.6));
#9415=CARTESIAN_POINT('Ctrl Pts',(41.5229131163247,20.1759141372688,1.6));
#9416=CARTESIAN_POINT('',(41.9162807467321,19.0841833805874,1.6));
#9417=CARTESIAN_POINT('Ctrl Pts',(41.9162807467321,19.0841833805874,1.6));
#9418=CARTESIAN_POINT('Ctrl Pts',(41.855895098036,19.1423155921615,1.6));
#9419=CARTESIAN_POINT('Ctrl Pts',(41.7276481413477,19.2657767022251,1.6));
#9420=CARTESIAN_POINT('Ctrl Pts',(41.6603168727353,19.4308895049198,1.6));
#9421=CARTESIAN_POINT('Ctrl Pts',(41.6246888307544,19.5182582117217,1.6));
#9422=CARTESIAN_POINT('',(42.4140559545943,18.868219006687,1.6));
#9423=CARTESIAN_POINT('Ctrl Pts',(42.4140559545943,18.868219006687,1.6));
#9424=CARTESIAN_POINT('Ctrl Pts',(42.3187799003144,18.891720530457,1.6));
#9425=CARTESIAN_POINT('Ctrl Pts',(42.1404433585066,18.9357103924222,1.6));
#9426=CARTESIAN_POINT('Ctrl Pts',(41.9875097728111,19.0370051903338,1.6));
#9427=CARTESIAN_POINT('Ctrl Pts',(41.9162807467321,19.0841833805874,1.6));
#9428=CARTESIAN_POINT('',(42.4799373144193,19.3483832308133,1.6));
#9429=CARTESIAN_POINT('',(42.4799373144193,19.3483832308133,1.6));
#9430=CARTESIAN_POINT('',(42.0503985173438,19.5929401701893,1.6));
#9431=CARTESIAN_POINT('Ctrl Pts',(42.0503985173438,19.5929401701893,1.6));
#9432=CARTESIAN_POINT('Ctrl Pts',(42.1035934902094,19.5403138679743,1.6));
#9433=CARTESIAN_POINT('Ctrl Pts',(42.2242177924274,19.4209790767141,1.6));
#9434=CARTESIAN_POINT('Ctrl Pts',(42.3882454086249,19.3744135135682,1.6));
#9435=CARTESIAN_POINT('Ctrl Pts',(42.4799373144193,19.3483832308133,1.6));
#9436=CARTESIAN_POINT('',(41.9294027049324,20.1046365853954,1.6));
#9437=CARTESIAN_POINT('Ctrl Pts',(41.9294027049324,20.1046365853954,1.6));
#9438=CARTESIAN_POINT('Ctrl Pts',(41.9309151374523,20.0020327269027,1.6));
#9439=CARTESIAN_POINT('Ctrl Pts',(41.9335732911654,19.8217028121124,1.6));
#9440=CARTESIAN_POINT('Ctrl Pts',(42.0152109412972,19.6618431213977,1.6));
#9441=CARTESIAN_POINT('Ctrl Pts',(42.0503985173438,19.5929401701893,1.6));
#9442=CARTESIAN_POINT('',(42.0963045202583,20.6638442684673,1.6));
#9443=CARTESIAN_POINT('Ctrl Pts',(42.0963045202583,20.6638442684673,1.6));
#9444=CARTESIAN_POINT('Ctrl Pts',(42.0478378101152,20.5880604924904,1.6));
#9445=CARTESIAN_POINT('Ctrl Pts',(41.9394199859828,20.4185356357034,1.6));
#9446=CARTESIAN_POINT('Ctrl Pts',(41.9329695573745,20.2164065944961,1.6));
#9447=CARTESIAN_POINT('Ctrl Pts',(41.9294027049324,20.1046365853954,1.6));
#9448=CARTESIAN_POINT('',(42.5193388188312,20.8026487534841,1.6));
#9449=CARTESIAN_POINT('Ctrl Pts',(42.5193388188312,20.8026487534841,1.6));
#9450=CARTESIAN_POINT('Ctrl Pts',(42.430589480339,20.8007626069386,1.6));
#9451=CARTESIAN_POINT('Ctrl Pts',(42.2741032786881,20.7974368817706,1.6));
#9452=CARTESIAN_POINT('Ctrl Pts',(42.1500167919185,20.7042020459958,1.6));
#9453=CARTESIAN_POINT('Ctrl Pts',(42.0963045202583,20.6638442684673,1.6));
#9454=CARTESIAN_POINT('',(42.6475765082337,20.7998140269407,1.6));
#9455=CARTESIAN_POINT('Ctrl Pts',(42.6475765082337,20.7998140269407,1.6));
#9456=CARTESIAN_POINT('Ctrl Pts',(42.6200663799585,20.8006064912854,1.6));
#9457=CARTESIAN_POINT('Ctrl Pts',(42.5773264052719,20.8018376707875,1.6));
#9458=CARTESIAN_POINT('Ctrl Pts',(42.534573332558,20.802435665628,1.6));
#9459=CARTESIAN_POINT('Ctrl Pts',(42.5193388188312,20.8026487534841,1.6));
#9460=CARTESIAN_POINT('',(42.8160204236176,19.9238217566683,1.6));
#9461=CARTESIAN_POINT('Ctrl Pts',(42.8160204236176,19.9238217566683,1.6));
#9462=CARTESIAN_POINT('Ctrl Pts',(42.7952048540795,20.0969646501525,1.6));
#9463=CARTESIAN_POINT('Ctrl Pts',(42.7596037338629,20.3930930339718,1.6));
#9464=CARTESIAN_POINT('Ctrl Pts',(42.6804499684662,20.6804651248058,1.6));
#9465=CARTESIAN_POINT('Ctrl Pts',(42.6475765082337,20.7998140269407,1.6));
#9466=CARTESIAN_POINT('',(42.8893290082892,19.487198697305,1.6));
#9467=CARTESIAN_POINT('Ctrl Pts',(42.8893290082892,19.487198697305,1.6));
#9468=CARTESIAN_POINT('Ctrl Pts',(42.8760701218224,19.5475519127354,1.6));
#9469=CARTESIAN_POINT('Ctrl Pts',(42.8443727829456,19.6918352450197,1.6));
#9470=CARTESIAN_POINT('Ctrl Pts',(42.8264475778474,19.8385040196781,1.6));
#9471=CARTESIAN_POINT('Ctrl Pts',(42.8160204236176,19.9238217566683,1.6));
#9472=CARTESIAN_POINT('',(43.0500194241226,19.1337234254504,1.6));
#9473=CARTESIAN_POINT('Ctrl Pts',(43.0500194241226,19.1337234254504,1.6));
#9474=CARTESIAN_POINT('Ctrl Pts',(43.0165926845732,19.1882827040835,1.6));
#9475=CARTESIAN_POINT('Ctrl Pts',(42.9484749948816,19.2994647117168,1.6));
#9476=CARTESIAN_POINT('Ctrl Pts',(42.9092867713265,19.4238511970893,1.6));
#9477=CARTESIAN_POINT('Ctrl Pts',(42.8893290082892,19.487198697305,1.6));
#9478=CARTESIAN_POINT('',(43.3322103762078,18.8797384515836,1.6));
#9479=CARTESIAN_POINT('Ctrl Pts',(43.3322103762078,18.8797384515836,1.6));
#9480=CARTESIAN_POINT('Ctrl Pts',(43.2767523339458,18.9141668661648,1.6));
#9481=CARTESIAN_POINT('Ctrl Pts',(43.1674863064904,18.981999338056,1.6));
#9482=CARTESIAN_POINT('Ctrl Pts',(43.0887788571217,19.0836604674389,1.6));
#9483=CARTESIAN_POINT('Ctrl Pts',(43.0500194241226,19.1337234254504,1.6));
#9484=CARTESIAN_POINT('',(43.7209431778519,18.7825547039725,1.6));
#9485=CARTESIAN_POINT('Ctrl Pts',(43.7209431778519,18.7825547039725,1.6));
#9486=CARTESIAN_POINT('Ctrl Pts',(43.6519980660073,18.7863977121916,1.6));
#9487=CARTESIAN_POINT('Ctrl Pts',(43.5161633646523,18.7939691535858,1.6));
#9488=CARTESIAN_POINT('Ctrl Pts',(43.3929063087659,18.8514385714302,1.6));
#9489=CARTESIAN_POINT('Ctrl Pts',(43.3322103762078,18.8797384515836,1.6));
#9490=CARTESIAN_POINT('',(44.3173352881898,19.0385419802844,1.6));
#9491=CARTESIAN_POINT('Ctrl Pts',(44.3173352881898,19.0385419802844,1.6));
#9492=CARTESIAN_POINT('Ctrl Pts',(44.2333428662247,18.9638081794333,1.6));
#9493=CARTESIAN_POINT('Ctrl Pts',(44.0631455868382,18.8123720226294,1.6));
#9494=CARTESIAN_POINT('Ctrl Pts',(43.8359949096477,18.7925795724681,1.6));
#9495=CARTESIAN_POINT('Ctrl Pts',(43.7209431778519,18.7825547039725,1.6));
#9496=CARTESIAN_POINT('',(44.5512295565877,19.7723186585432,1.6));
#9497=CARTESIAN_POINT('Ctrl Pts',(44.5512295565877,19.7723186585432,1.6));
#9498=CARTESIAN_POINT('Ctrl Pts',(44.5452929933268,19.6269967972512,1.6));
#9499=CARTESIAN_POINT('Ctrl Pts',(44.5343776517714,19.3597988105164,1.6));
#9500=CARTESIAN_POINT('Ctrl Pts',(44.385323060962,19.1391745757597,1.6));
#9501=CARTESIAN_POINT('Ctrl Pts',(44.3173352881898,19.0385419802844,1.6));
#9502=CARTESIAN_POINT('',(44.4561794182804,20.3140075513952,1.6));
#9503=CARTESIAN_POINT('Ctrl Pts',(44.4561794182804,20.3140075513952,1.6));
#9504=CARTESIAN_POINT('Ctrl Pts',(44.4839589336234,20.2274937539274,1.6));
#9505=CARTESIAN_POINT('Ctrl Pts',(44.5405223797223,20.051338106161,1.6));
#9506=CARTESIAN_POINT('Ctrl Pts',(44.5476184949612,19.8664196931121,1.6));
#9507=CARTESIAN_POINT('Ctrl Pts',(44.5512295565877,19.7723186585432,1.6));
#9508=CARTESIAN_POINT('',(44.129192362489,20.8395165927901,1.6));
#9509=CARTESIAN_POINT('Ctrl Pts',(44.129192362489,20.8395165927901,1.6));
#9510=CARTESIAN_POINT('Ctrl Pts',(44.1993611244394,20.7528582585266,1.6));
#9511=CARTESIAN_POINT('Ctrl Pts',(44.330295792227,20.5911541056748,1.6));
#9512=CARTESIAN_POINT('Ctrl Pts',(44.4162763944001,20.4018584174727,1.6));
#9513=CARTESIAN_POINT('Ctrl Pts',(44.4561794182804,20.3140075513952,1.6));
#9514=CARTESIAN_POINT('Ctrl Pts',(44.4867087982597,20.9374477036568,1.6));
#9515=CARTESIAN_POINT('Ctrl Pts',(44.4321136988441,20.9141529713632,1.6));
#9516=CARTESIAN_POINT('Ctrl Pts',(44.3174732806069,20.8652379976485,1.6));
#9517=CARTESIAN_POINT('Ctrl Pts',(44.1939107988466,20.8483578982182,1.6));
#9518=CARTESIAN_POINT('Ctrl Pts',(44.129192362489,20.8395165927901,1.6));
#9519=CARTESIAN_POINT('',(43.7034454535807,20.7198140694182,1.6));
#9520=CARTESIAN_POINT('',(43.2123786042011,20.7993470571503,1.6));
#9521=CARTESIAN_POINT('Ctrl Pts',(43.7034454535807,20.7198140694182,1.6));
#9522=CARTESIAN_POINT('Ctrl Pts',(43.6353585510432,20.7428314539791,1.6));
#9523=CARTESIAN_POINT('Ctrl Pts',(43.4764973519331,20.7965358989671,1.6));
#9524=CARTESIAN_POINT('Ctrl Pts',(43.3084194074989,20.7983248431181,1.6));
#9525=CARTESIAN_POINT('Ctrl Pts',(43.2123786042011,20.7993470571503,1.6));
#9526=CARTESIAN_POINT('',(44.0428765716364,20.3948399997702,1.6));
#9527=CARTESIAN_POINT('Ctrl Pts',(44.0428765716364,20.3948399997702,1.6));
#9528=CARTESIAN_POINT('Ctrl Pts',(43.998317188269,20.4633783800476,1.6));
#9529=CARTESIAN_POINT('Ctrl Pts',(43.9105644184152,20.5983540519738,1.6));
#9530=CARTESIAN_POINT('Ctrl Pts',(43.7717649044664,20.6797497435705,1.6));
#9531=CARTESIAN_POINT('Ctrl Pts',(43.7034454535807,20.7198140694182,1.6));
#9532=CARTESIAN_POINT('',(44.1666067238717,19.8899630777796,1.6));
#9533=CARTESIAN_POINT('Ctrl Pts',(44.1666067238717,19.8899630777796,1.6));
#9534=CARTESIAN_POINT('Ctrl Pts',(44.1621492448813,19.9807790257458,1.6));
#9535=CARTESIAN_POINT('Ctrl Pts',(44.1534905250254,20.157190368031,1.6));
#9536=CARTESIAN_POINT('Ctrl Pts',(44.0790132186564,20.3172018664835,1.6));
#9537=CARTESIAN_POINT('Ctrl Pts',(44.0428765716364,20.3948399997702,1.6));
#9538=CARTESIAN_POINT('',(44.035278263788,19.4548735600005,1.6));
#9539=CARTESIAN_POINT('Ctrl Pts',(44.035278263788,19.4548735600005,1.6));
#9540=CARTESIAN_POINT('Ctrl Pts',(44.0734267981222,19.5141721104123,1.6));
#9541=CARTESIAN_POINT('Ctrl Pts',(44.1582290572538,19.6459897837753,1.6));
#9542=CARTESIAN_POINT('Ctrl Pts',(44.1636334902375,19.8033769629738,1.6));
#9543=CARTESIAN_POINT('Ctrl Pts',(44.1666067238717,19.8899630777796,1.6));
#9544=CARTESIAN_POINT('',(43.7077340027147,19.3064402658218,1.6));
#9545=CARTESIAN_POINT('Ctrl Pts',(43.7077340027147,19.3064402658218,1.6));
#9546=CARTESIAN_POINT('Ctrl Pts',(43.7705485610945,19.3126453791471,1.6));
#9547=CARTESIAN_POINT('Ctrl Pts',(43.8964890215554,19.325086361772,1.6));
#9548=CARTESIAN_POINT('Ctrl Pts',(43.9889389996414,19.4115399185394,1.6));
#9549=CARTESIAN_POINT('Ctrl Pts',(44.035278263788,19.4548735600005,1.6));
#9550=CARTESIAN_POINT('',(43.4745026684138,19.3748458688329,1.6));
#9551=CARTESIAN_POINT('Ctrl Pts',(43.4745026684138,19.3748458688329,1.6));
#9552=CARTESIAN_POINT('Ctrl Pts',(43.5106008751656,19.3549208543566,1.6));
#9553=CARTESIAN_POINT('Ctrl Pts',(43.5832532342033,19.3148191585712,1.6));
#9554=CARTESIAN_POINT('Ctrl Pts',(43.6660671743024,19.3092448909109,1.6));
#9555=CARTESIAN_POINT('Ctrl Pts',(43.7077340027147,19.3064402658218,1.6));
#9556=CARTESIAN_POINT('',(43.3150446330204,19.5687024047892,1.6));
#9557=CARTESIAN_POINT('Ctrl Pts',(43.3150446330204,19.5687024047892,1.6));
#9558=CARTESIAN_POINT('Ctrl Pts',(43.3348746052851,19.5295203782969,1.6));
#9559=CARTESIAN_POINT('Ctrl Pts',(43.3736195128891,19.4529643460489,1.6));
#9560=CARTESIAN_POINT('Ctrl Pts',(43.4414086073453,19.4004721256854,1.6));
#9561=CARTESIAN_POINT('Ctrl Pts',(43.4745026684138,19.3748458688329,1.6));
#9562=CARTESIAN_POINT('',(43.2171724729753,19.997159668232,1.6));
#9563=CARTESIAN_POINT('Ctrl Pts',(43.2171724729753,19.997159668232,1.6));
#9564=CARTESIAN_POINT('Ctrl Pts',(43.2295501286377,19.9102467445896,1.6));
#9565=CARTESIAN_POINT('Ctrl Pts',(43.2502965203274,19.7645705676164,1.6));
#9566=CARTESIAN_POINT('Ctrl Pts',(43.296433694107,19.6250019672295,1.6));
#9567=CARTESIAN_POINT('Ctrl Pts',(43.3150446330204,19.5687024047892,1.6));
#9568=CARTESIAN_POINT('',(43.03229694063,20.7994959459333,1.6));
#9569=CARTESIAN_POINT('Ctrl Pts',(43.03229694063,20.7994959459333,1.6));
#9570=CARTESIAN_POINT('Ctrl Pts',(43.0685982396901,20.68871095539,1.6));
#9571=CARTESIAN_POINT('Ctrl Pts',(43.1543389766416,20.4270457539151,1.6));
#9572=CARTESIAN_POINT('Ctrl Pts',(43.1941923818258,20.1543818826448,1.6));
#9573=CARTESIAN_POINT('Ctrl Pts',(43.2171724729753,19.997159668232,1.6));
#9574=CARTESIAN_POINT('',(43.2123786042011,20.7993470571503,1.6));
#9575=CARTESIAN_POINT('Origin',(44.4869208519361,21.1939275945568,2.));
#9576=CARTESIAN_POINT('',(44.4867087982597,20.9374477036568,2.));
#9577=CARTESIAN_POINT('',(44.4867087982597,20.9374477036568,2.));
#9578=CARTESIAN_POINT('',(44.4871329056125,21.4504074854569,2.));
#9579=CARTESIAN_POINT('',(44.4879720480146,22.4653540565516,2.));
#9580=CARTESIAN_POINT('',(44.4871329056125,21.4504074854569,2.));
#9581=CARTESIAN_POINT('Ctrl Pts',(44.1391448922842,21.3265482159026,1.6));
#9582=CARTESIAN_POINT('Ctrl Pts',(44.1391448922842,21.3265482159026,2.));
#9583=CARTESIAN_POINT('Ctrl Pts',(44.1992505931464,21.3396486955313,1.6));
#9584=CARTESIAN_POINT('Ctrl Pts',(44.1992505931464,21.3396486955313,2.));
#9585=CARTESIAN_POINT('Ctrl Pts',(44.3205213419528,21.3660805472775,1.6));
#9586=CARTESIAN_POINT('Ctrl Pts',(44.3205213419528,21.3660805472775,2.));
#9587=CARTESIAN_POINT('Ctrl Pts',(44.4312732308074,21.4221352860936,1.6));
#9588=CARTESIAN_POINT('Ctrl Pts',(44.4312732308074,21.4221352860936,2.));
#9589=CARTESIAN_POINT('Ctrl Pts',(44.4871329056125,21.4504074854569,1.6));
#9590=CARTESIAN_POINT('Ctrl Pts',(44.4871329056125,21.4504074854569,2.));
#9591=CARTESIAN_POINT('',(44.1391448922842,21.3265482159026,2.));
#9592=CARTESIAN_POINT('Ctrl Pts',(44.1391448922842,21.3265482159026,2.));
#9593=CARTESIAN_POINT('Ctrl Pts',(44.1992505931464,21.3396486955313,2.));
#9594=CARTESIAN_POINT('Ctrl Pts',(44.3205213419528,21.3660805472775,2.));
#9595=CARTESIAN_POINT('Ctrl Pts',(44.4312732308074,21.4221352860936,2.));
#9596=CARTESIAN_POINT('Ctrl Pts',(44.4871329056125,21.4504074854569,2.));
#9597=CARTESIAN_POINT('',(44.1391448922842,21.3265482159026,2.));
#9598=CARTESIAN_POINT('Ctrl Pts',(43.2728163974451,21.2958862032175,1.6));
#9599=CARTESIAN_POINT('Ctrl Pts',(43.2728163974451,21.2958862032175,2.));
#9600=CARTESIAN_POINT('Ctrl Pts',(43.4593195003462,21.2946032305335,1.6));
#9601=CARTESIAN_POINT('Ctrl Pts',(43.4593195003462,21.2946032305335,2.));
#9602=CARTESIAN_POINT('Ctrl Pts',(43.7486382594857,21.2926129791159,1.6));
#9603=CARTESIAN_POINT('Ctrl Pts',(43.7486382594857,21.2926129791159,2.));
#9604=CARTESIAN_POINT('Ctrl Pts',(44.0367560323879,21.3176505688128,1.6));
#9605=CARTESIAN_POINT('Ctrl Pts',(44.0367560323879,21.3176505688128,2.));
#9606=CARTESIAN_POINT('Ctrl Pts',(44.1391448922842,21.3265482159026,1.6));
#9607=CARTESIAN_POINT('Ctrl Pts',(44.1391448922842,21.3265482159026,2.));
#9608=CARTESIAN_POINT('',(43.2728163974451,21.2958862032175,2.));
#9609=CARTESIAN_POINT('Ctrl Pts',(43.2728163974451,21.2958862032175,2.));
#9610=CARTESIAN_POINT('Ctrl Pts',(43.4593195003462,21.2946032305335,2.));
#9611=CARTESIAN_POINT('Ctrl Pts',(43.7486382594857,21.2926129791159,2.));
#9612=CARTESIAN_POINT('Ctrl Pts',(44.0367560323879,21.3176505688128,2.));
#9613=CARTESIAN_POINT('Ctrl Pts',(44.1391448922842,21.3265482159026,2.));
#9614=CARTESIAN_POINT('',(43.2728163974451,21.2958862032175,2.));
#9615=CARTESIAN_POINT('Origin',(42.9453950825803,21.2961569101852,2.));
#9616=CARTESIAN_POINT('',(42.6179737677154,21.2964276171529,2.));
#9617=CARTESIAN_POINT('',(35.7216880791326,21.3021293613662,2.));
#9618=CARTESIAN_POINT('',(42.6179737677154,21.2964276171529,2.));
#9619=CARTESIAN_POINT('Ctrl Pts',(42.1650203081107,21.2722455861963,1.6));
#9620=CARTESIAN_POINT('Ctrl Pts',(42.1650203081107,21.2722455861963,2.));
#9621=CARTESIAN_POINT('Ctrl Pts',(42.2236296208517,21.2792779180317,1.6));
#9622=CARTESIAN_POINT('Ctrl Pts',(42.2236296208517,21.2792779180317,2.));
#9623=CARTESIAN_POINT('Ctrl Pts',(42.3739906020372,21.2973192200935,1.6));
#9624=CARTESIAN_POINT('Ctrl Pts',(42.3739906020372,21.2973192200935,2.));
#9625=CARTESIAN_POINT('Ctrl Pts',(42.5255132434199,21.2967655014292,1.6));
#9626=CARTESIAN_POINT('Ctrl Pts',(42.5255132434199,21.2967655014292,2.));
#9627=CARTESIAN_POINT('Ctrl Pts',(42.6179737677154,21.2964276171529,1.6));
#9628=CARTESIAN_POINT('Ctrl Pts',(42.6179737677154,21.2964276171529,2.));
#9629=CARTESIAN_POINT('',(42.1650203081107,21.2722455861963,2.));
#9630=CARTESIAN_POINT('Ctrl Pts',(42.1650203081107,21.2722455861963,2.));
#9631=CARTESIAN_POINT('Ctrl Pts',(42.2236296208517,21.2792779180317,2.));
#9632=CARTESIAN_POINT('Ctrl Pts',(42.3739906020372,21.2973192200935,2.));
#9633=CARTESIAN_POINT('Ctrl Pts',(42.5255132434199,21.2967655014292,2.));
#9634=CARTESIAN_POINT('Ctrl Pts',(42.6179737677154,21.2964276171529,2.));
#9635=CARTESIAN_POINT('',(42.1650203081107,21.2722455861963,2.));
#9636=CARTESIAN_POINT('Ctrl Pts',(41.8306512122192,21.1197254783783,1.6));
#9637=CARTESIAN_POINT('Ctrl Pts',(41.8306512122192,21.1197254783783,2.));
#9638=CARTESIAN_POINT('Ctrl Pts',(41.8791791271863,21.1536441242733,1.6));
#9639=CARTESIAN_POINT('Ctrl Pts',(41.8791791271863,21.1536441242733,2.));
#9640=CARTESIAN_POINT('Ctrl Pts',(41.9811657887765,21.2249278269181,1.6));
#9641=CARTESIAN_POINT('Ctrl Pts',(41.9811657887765,21.2249278269181,2.));
#9642=CARTESIAN_POINT('Ctrl Pts',(42.1017914724857,21.2559726828465,1.6));
#9643=CARTESIAN_POINT('Ctrl Pts',(42.1017914724857,21.2559726828465,2.));
#9644=CARTESIAN_POINT('Ctrl Pts',(42.1650203081107,21.2722455861963,1.6));
#9645=CARTESIAN_POINT('Ctrl Pts',(42.1650203081107,21.2722455861963,2.));
#9646=CARTESIAN_POINT('',(41.8306512122192,21.1197254783783,2.));
#9647=CARTESIAN_POINT('Ctrl Pts',(41.8306512122192,21.1197254783783,2.));
#9648=CARTESIAN_POINT('Ctrl Pts',(41.8791791271863,21.1536441242733,2.));
#9649=CARTESIAN_POINT('Ctrl Pts',(41.9811657887765,21.2249278269181,2.));
#9650=CARTESIAN_POINT('Ctrl Pts',(42.1017914724857,21.2559726828465,2.));
#9651=CARTESIAN_POINT('Ctrl Pts',(42.1650203081107,21.2722455861963,2.));
#9652=CARTESIAN_POINT('',(41.8306512122192,21.1197254783783,2.));
#9653=CARTESIAN_POINT('Ctrl Pts',(41.6107240984188,20.7788428602871,1.6));
#9654=CARTESIAN_POINT('Ctrl Pts',(41.6107240984188,20.7788428602871,2.));
#9655=CARTESIAN_POINT('Ctrl Pts',(41.6392458044555,20.848801560242,1.6));
#9656=CARTESIAN_POINT('Ctrl Pts',(41.6392458044555,20.848801560242,2.));
#9657=CARTESIAN_POINT('Ctrl Pts',(41.6913119705827,20.976510656227,1.6));
#9658=CARTESIAN_POINT('Ctrl Pts',(41.6913119705827,20.976510656227,2.));
#9659=CARTESIAN_POINT('Ctrl Pts',(41.7872622419399,21.0751296876384,1.6));
#9660=CARTESIAN_POINT('Ctrl Pts',(41.7872622419399,21.0751296876384,2.));
#9661=CARTESIAN_POINT('Ctrl Pts',(41.8306512122192,21.1197254783783,1.6));
#9662=CARTESIAN_POINT('Ctrl Pts',(41.8306512122192,21.1197254783783,2.));
#9663=CARTESIAN_POINT('',(41.6107240984188,20.7788428602871,2.));
#9664=CARTESIAN_POINT('Ctrl Pts',(41.6107240984188,20.7788428602871,2.));
#9665=CARTESIAN_POINT('Ctrl Pts',(41.6392458044555,20.848801560242,2.));
#9666=CARTESIAN_POINT('Ctrl Pts',(41.6913119705827,20.976510656227,2.));
#9667=CARTESIAN_POINT('Ctrl Pts',(41.7872622419399,21.0751296876384,2.));
#9668=CARTESIAN_POINT('Ctrl Pts',(41.8306512122192,21.1197254783783,2.));
#9669=CARTESIAN_POINT('',(41.6107240984188,20.7788428602871,2.));
#9670=CARTESIAN_POINT('Ctrl Pts',(41.5229131163247,20.1759141372688,1.6));
#9671=CARTESIAN_POINT('Ctrl Pts',(41.5229131163247,20.1759141372688,2.));
#9672=CARTESIAN_POINT('Ctrl Pts',(41.5249080132959,20.2888366162298,1.6));
#9673=CARTESIAN_POINT('Ctrl Pts',(41.5249080132959,20.2888366162298,2.));
#9674=CARTESIAN_POINT('Ctrl Pts',(41.528528635721,20.4937843731909,1.6));
#9675=CARTESIAN_POINT('Ctrl Pts',(41.528528635721,20.4937843731909,2.));
#9676=CARTESIAN_POINT('Ctrl Pts',(41.5852535693989,20.6905096332493,1.6));
#9677=CARTESIAN_POINT('Ctrl Pts',(41.5852535693989,20.6905096332493,2.));
#9678=CARTESIAN_POINT('Ctrl Pts',(41.6107240984188,20.7788428602871,1.6));
#9679=CARTESIAN_POINT('Ctrl Pts',(41.6107240984188,20.7788428602871,2.));
#9680=CARTESIAN_POINT('',(41.5229131163247,20.1759141372688,2.));
#9681=CARTESIAN_POINT('Ctrl Pts',(41.5229131163247,20.1759141372688,2.));
#9682=CARTESIAN_POINT('Ctrl Pts',(41.5249080132959,20.2888366162298,2.));
#9683=CARTESIAN_POINT('Ctrl Pts',(41.528528635721,20.4937843731909,2.));
#9684=CARTESIAN_POINT('Ctrl Pts',(41.5852535693989,20.6905096332493,2.));
#9685=CARTESIAN_POINT('Ctrl Pts',(41.6107240984188,20.7788428602871,2.));
#9686=CARTESIAN_POINT('',(41.5229131163247,20.1759141372688,2.));
#9687=CARTESIAN_POINT('Ctrl Pts',(41.6246888307544,19.5182582117217,1.6));
#9688=CARTESIAN_POINT('Ctrl Pts',(41.6246888307544,19.5182582117217,2.));
#9689=CARTESIAN_POINT('Ctrl Pts',(41.5949536772217,19.6196944782109,1.6));
#9690=CARTESIAN_POINT('Ctrl Pts',(41.5949536772217,19.6196944782109,2.));
#9691=CARTESIAN_POINT('Ctrl Pts',(41.5320475599929,19.8342876755859,1.6));
#9692=CARTESIAN_POINT('Ctrl Pts',(41.5320475599929,19.8342876755859,2.));
#9693=CARTESIAN_POINT('Ctrl Pts',(41.5260668164203,20.0579663515012,1.6));
#9694=CARTESIAN_POINT('Ctrl Pts',(41.5260668164203,20.0579663515012,2.));
#9695=CARTESIAN_POINT('Ctrl Pts',(41.5229131163247,20.1759141372688,1.6));
#9696=CARTESIAN_POINT('Ctrl Pts',(41.5229131163247,20.1759141372688,2.));
#9697=CARTESIAN_POINT('',(41.6246888307544,19.5182582117217,2.));
#9698=CARTESIAN_POINT('Ctrl Pts',(41.6246888307544,19.5182582117217,2.));
#9699=CARTESIAN_POINT('Ctrl Pts',(41.5949536772217,19.6196944782109,2.));
#9700=CARTESIAN_POINT('Ctrl Pts',(41.5320475599929,19.8342876755859,2.));
#9701=CARTESIAN_POINT('Ctrl Pts',(41.5260668164203,20.0579663515012,2.));
#9702=CARTESIAN_POINT('Ctrl Pts',(41.5229131163247,20.1759141372688,2.));
#9703=CARTESIAN_POINT('',(41.6246888307544,19.5182582117217,2.));
#9704=CARTESIAN_POINT('Ctrl Pts',(41.9162807467321,19.0841833805874,1.6));
#9705=CARTESIAN_POINT('Ctrl Pts',(41.9162807467321,19.0841833805874,2.));
#9706=CARTESIAN_POINT('Ctrl Pts',(41.855895098036,19.1423155921615,1.6));
#9707=CARTESIAN_POINT('Ctrl Pts',(41.855895098036,19.1423155921615,2.));
#9708=CARTESIAN_POINT('Ctrl Pts',(41.7276481413477,19.2657767022251,1.6));
#9709=CARTESIAN_POINT('Ctrl Pts',(41.7276481413477,19.2657767022251,2.));
#9710=CARTESIAN_POINT('Ctrl Pts',(41.6603168727353,19.4308895049198,1.6));
#9711=CARTESIAN_POINT('Ctrl Pts',(41.6603168727353,19.4308895049198,2.));
#9712=CARTESIAN_POINT('Ctrl Pts',(41.6246888307544,19.5182582117217,1.6));
#9713=CARTESIAN_POINT('Ctrl Pts',(41.6246888307544,19.5182582117217,2.));
#9714=CARTESIAN_POINT('',(41.9162807467321,19.0841833805874,2.));
#9715=CARTESIAN_POINT('Ctrl Pts',(41.9162807467321,19.0841833805874,2.));
#9716=CARTESIAN_POINT('Ctrl Pts',(41.855895098036,19.1423155921615,2.));
#9717=CARTESIAN_POINT('Ctrl Pts',(41.7276481413477,19.2657767022251,2.));
#9718=CARTESIAN_POINT('Ctrl Pts',(41.6603168727353,19.4308895049198,2.));
#9719=CARTESIAN_POINT('Ctrl Pts',(41.6246888307544,19.5182582117217,2.));
#9720=CARTESIAN_POINT('',(41.9162807467321,19.0841833805874,2.));
#9721=CARTESIAN_POINT('Ctrl Pts',(42.4140559545943,18.868219006687,1.6));
#9722=CARTESIAN_POINT('Ctrl Pts',(42.4140559545943,18.868219006687,2.));
#9723=CARTESIAN_POINT('Ctrl Pts',(42.3187799003144,18.891720530457,1.6));
#9724=CARTESIAN_POINT('Ctrl Pts',(42.3187799003144,18.891720530457,2.));
#9725=CARTESIAN_POINT('Ctrl Pts',(42.1404433585066,18.9357103924222,1.6));
#9726=CARTESIAN_POINT('Ctrl Pts',(42.1404433585066,18.9357103924222,2.));
#9727=CARTESIAN_POINT('Ctrl Pts',(41.9875097728111,19.0370051903338,1.6));
#9728=CARTESIAN_POINT('Ctrl Pts',(41.9875097728111,19.0370051903338,2.));
#9729=CARTESIAN_POINT('Ctrl Pts',(41.9162807467321,19.0841833805874,1.6));
#9730=CARTESIAN_POINT('Ctrl Pts',(41.9162807467321,19.0841833805874,2.));
#9731=CARTESIAN_POINT('',(42.4140559545943,18.868219006687,2.));
#9732=CARTESIAN_POINT('Ctrl Pts',(42.4140559545943,18.868219006687,2.));
#9733=CARTESIAN_POINT('Ctrl Pts',(42.3187799003144,18.891720530457,2.));
#9734=CARTESIAN_POINT('Ctrl Pts',(42.1404433585066,18.9357103924222,2.));
#9735=CARTESIAN_POINT('Ctrl Pts',(41.9875097728111,19.0370051903338,2.));
#9736=CARTESIAN_POINT('Ctrl Pts',(41.9162807467321,19.0841833805874,2.));
#9737=CARTESIAN_POINT('',(42.4140559545943,18.868219006687,2.));
#9738=CARTESIAN_POINT('Origin',(42.4469966345068,19.1083011187501,2.));
#9739=CARTESIAN_POINT('',(42.4799373144193,19.3483832308133,2.));
#9740=CARTESIAN_POINT('',(42.6306933850178,20.4471412385952,2.));
#9741=CARTESIAN_POINT('',(42.4799373144193,19.3483832308133,2.));
#9742=CARTESIAN_POINT('Ctrl Pts',(42.0503985173438,19.5929401701893,1.6));
#9743=CARTESIAN_POINT('Ctrl Pts',(42.0503985173438,19.5929401701893,2.));
#9744=CARTESIAN_POINT('Ctrl Pts',(42.1035934902094,19.5403138679743,1.6));
#9745=CARTESIAN_POINT('Ctrl Pts',(42.1035934902094,19.5403138679743,2.));
#9746=CARTESIAN_POINT('Ctrl Pts',(42.2242177924274,19.4209790767141,1.6));
#9747=CARTESIAN_POINT('Ctrl Pts',(42.2242177924274,19.4209790767141,2.));
#9748=CARTESIAN_POINT('Ctrl Pts',(42.3882454086249,19.3744135135682,1.6));
#9749=CARTESIAN_POINT('Ctrl Pts',(42.3882454086249,19.3744135135682,2.));
#9750=CARTESIAN_POINT('Ctrl Pts',(42.4799373144193,19.3483832308133,1.6));
#9751=CARTESIAN_POINT('Ctrl Pts',(42.4799373144193,19.3483832308133,2.));
#9752=CARTESIAN_POINT('',(42.0503985173438,19.5929401701893,2.));
#9753=CARTESIAN_POINT('Ctrl Pts',(42.0503985173438,19.5929401701893,2.));
#9754=CARTESIAN_POINT('Ctrl Pts',(42.1035934902094,19.5403138679743,2.));
#9755=CARTESIAN_POINT('Ctrl Pts',(42.2242177924274,19.4209790767141,2.));
#9756=CARTESIAN_POINT('Ctrl Pts',(42.3882454086249,19.3744135135682,2.));
#9757=CARTESIAN_POINT('Ctrl Pts',(42.4799373144193,19.3483832308133,2.));
#9758=CARTESIAN_POINT('',(42.0503985173438,19.5929401701893,2.));
#9759=CARTESIAN_POINT('Ctrl Pts',(41.9294027049324,20.1046365853954,1.6));
#9760=CARTESIAN_POINT('Ctrl Pts',(41.9294027049324,20.1046365853954,2.));
#9761=CARTESIAN_POINT('Ctrl Pts',(41.9309151374523,20.0020327269027,1.6));
#9762=CARTESIAN_POINT('Ctrl Pts',(41.9309151374523,20.0020327269027,2.));
#9763=CARTESIAN_POINT('Ctrl Pts',(41.9335732911654,19.8217028121124,1.6));
#9764=CARTESIAN_POINT('Ctrl Pts',(41.9335732911654,19.8217028121124,2.));
#9765=CARTESIAN_POINT('Ctrl Pts',(42.0152109412972,19.6618431213977,1.6));
#9766=CARTESIAN_POINT('Ctrl Pts',(42.0152109412972,19.6618431213977,2.));
#9767=CARTESIAN_POINT('Ctrl Pts',(42.0503985173438,19.5929401701893,1.6));
#9768=CARTESIAN_POINT('Ctrl Pts',(42.0503985173438,19.5929401701893,2.));
#9769=CARTESIAN_POINT('',(41.9294027049324,20.1046365853954,2.));
#9770=CARTESIAN_POINT('Ctrl Pts',(41.9294027049324,20.1046365853954,2.));
#9771=CARTESIAN_POINT('Ctrl Pts',(41.9309151374523,20.0020327269027,2.));
#9772=CARTESIAN_POINT('Ctrl Pts',(41.9335732911654,19.8217028121124,2.));
#9773=CARTESIAN_POINT('Ctrl Pts',(42.0152109412972,19.6618431213977,2.));
#9774=CARTESIAN_POINT('Ctrl Pts',(42.0503985173438,19.5929401701893,2.));
#9775=CARTESIAN_POINT('',(41.9294027049324,20.1046365853954,2.));
#9776=CARTESIAN_POINT('Ctrl Pts',(42.0963045202583,20.6638442684673,1.6));
#9777=CARTESIAN_POINT('Ctrl Pts',(42.0963045202583,20.6638442684673,2.));
#9778=CARTESIAN_POINT('Ctrl Pts',(42.0478378101152,20.5880604924904,1.6));
#9779=CARTESIAN_POINT('Ctrl Pts',(42.0478378101152,20.5880604924904,2.));
#9780=CARTESIAN_POINT('Ctrl Pts',(41.9394199859828,20.4185356357034,1.6));
#9781=CARTESIAN_POINT('Ctrl Pts',(41.9394199859828,20.4185356357034,2.));
#9782=CARTESIAN_POINT('Ctrl Pts',(41.9329695573745,20.2164065944961,1.6));
#9783=CARTESIAN_POINT('Ctrl Pts',(41.9329695573745,20.2164065944961,2.));
#9784=CARTESIAN_POINT('Ctrl Pts',(41.9294027049324,20.1046365853954,1.6));
#9785=CARTESIAN_POINT('Ctrl Pts',(41.9294027049324,20.1046365853954,2.));
#9786=CARTESIAN_POINT('',(42.0963045202583,20.6638442684673,2.));
#9787=CARTESIAN_POINT('Ctrl Pts',(42.0963045202583,20.6638442684673,2.));
#9788=CARTESIAN_POINT('Ctrl Pts',(42.0478378101152,20.5880604924904,2.));
#9789=CARTESIAN_POINT('Ctrl Pts',(41.9394199859828,20.4185356357034,2.));
#9790=CARTESIAN_POINT('Ctrl Pts',(41.9329695573745,20.2164065944961,2.));
#9791=CARTESIAN_POINT('Ctrl Pts',(41.9294027049324,20.1046365853954,2.));
#9792=CARTESIAN_POINT('',(42.0963045202583,20.6638442684673,2.));
#9793=CARTESIAN_POINT('Ctrl Pts',(42.5193388188312,20.8026487534841,1.6));
#9794=CARTESIAN_POINT('Ctrl Pts',(42.5193388188312,20.8026487534841,2.));
#9795=CARTESIAN_POINT('Ctrl Pts',(42.430589480339,20.8007626069386,1.6));
#9796=CARTESIAN_POINT('Ctrl Pts',(42.430589480339,20.8007626069386,2.));
#9797=CARTESIAN_POINT('Ctrl Pts',(42.2741032786881,20.7974368817706,1.6));
#9798=CARTESIAN_POINT('Ctrl Pts',(42.2741032786881,20.7974368817706,2.));
#9799=CARTESIAN_POINT('Ctrl Pts',(42.1500167919185,20.7042020459958,1.6));
#9800=CARTESIAN_POINT('Ctrl Pts',(42.1500167919185,20.7042020459958,2.));
#9801=CARTESIAN_POINT('Ctrl Pts',(42.0963045202583,20.6638442684673,1.6));
#9802=CARTESIAN_POINT('Ctrl Pts',(42.0963045202583,20.6638442684673,2.));
#9803=CARTESIAN_POINT('',(42.5193388188312,20.8026487534841,2.));
#9804=CARTESIAN_POINT('Ctrl Pts',(42.5193388188312,20.8026487534841,2.));
#9805=CARTESIAN_POINT('Ctrl Pts',(42.430589480339,20.8007626069386,2.));
#9806=CARTESIAN_POINT('Ctrl Pts',(42.2741032786881,20.7974368817706,2.));
#9807=CARTESIAN_POINT('Ctrl Pts',(42.1500167919185,20.7042020459958,2.));
#9808=CARTESIAN_POINT('Ctrl Pts',(42.0963045202583,20.6638442684673,2.));
#9809=CARTESIAN_POINT('',(42.5193388188312,20.8026487534841,2.));
#9810=CARTESIAN_POINT('Ctrl Pts',(42.6475765082337,20.7998140269407,1.6));
#9811=CARTESIAN_POINT('Ctrl Pts',(42.6475765082337,20.7998140269407,2.));
#9812=CARTESIAN_POINT('Ctrl Pts',(42.6200663799585,20.8006064912854,1.6));
#9813=CARTESIAN_POINT('Ctrl Pts',(42.6200663799585,20.8006064912854,2.));
#9814=CARTESIAN_POINT('Ctrl Pts',(42.5773264052719,20.8018376707875,1.6));
#9815=CARTESIAN_POINT('Ctrl Pts',(42.5773264052719,20.8018376707875,2.));
#9816=CARTESIAN_POINT('Ctrl Pts',(42.534573332558,20.802435665628,1.6));
#9817=CARTESIAN_POINT('Ctrl Pts',(42.534573332558,20.802435665628,2.));
#9818=CARTESIAN_POINT('Ctrl Pts',(42.5193388188312,20.8026487534841,1.6));
#9819=CARTESIAN_POINT('Ctrl Pts',(42.5193388188312,20.8026487534841,2.));
#9820=CARTESIAN_POINT('',(42.6475765082337,20.7998140269407,2.));
#9821=CARTESIAN_POINT('Ctrl Pts',(42.6475765082337,20.7998140269407,2.));
#9822=CARTESIAN_POINT('Ctrl Pts',(42.6200663799585,20.8006064912854,2.));
#9823=CARTESIAN_POINT('Ctrl Pts',(42.5773264052719,20.8018376707875,2.));
#9824=CARTESIAN_POINT('Ctrl Pts',(42.534573332558,20.802435665628,2.));
#9825=CARTESIAN_POINT('Ctrl Pts',(42.5193388188312,20.8026487534841,2.));
#9826=CARTESIAN_POINT('',(42.6475765082337,20.7998140269407,2.));
#9827=CARTESIAN_POINT('Ctrl Pts',(42.8160204236176,19.9238217566683,1.6));
#9828=CARTESIAN_POINT('Ctrl Pts',(42.8160204236176,19.9238217566683,2.));
#9829=CARTESIAN_POINT('Ctrl Pts',(42.7952048540795,20.0969646501525,1.6));
#9830=CARTESIAN_POINT('Ctrl Pts',(42.7952048540795,20.0969646501525,2.));
#9831=CARTESIAN_POINT('Ctrl Pts',(42.7596037338629,20.3930930339718,1.6));
#9832=CARTESIAN_POINT('Ctrl Pts',(42.7596037338629,20.3930930339718,2.));
#9833=CARTESIAN_POINT('Ctrl Pts',(42.6804499684662,20.6804651248058,1.6));
#9834=CARTESIAN_POINT('Ctrl Pts',(42.6804499684662,20.6804651248058,2.));
#9835=CARTESIAN_POINT('Ctrl Pts',(42.6475765082337,20.7998140269407,1.6));
#9836=CARTESIAN_POINT('Ctrl Pts',(42.6475765082337,20.7998140269407,2.));
#9837=CARTESIAN_POINT('',(42.8160204236176,19.9238217566683,2.));
#9838=CARTESIAN_POINT('Ctrl Pts',(42.8160204236176,19.9238217566683,2.));
#9839=CARTESIAN_POINT('Ctrl Pts',(42.7952048540795,20.0969646501525,2.));
#9840=CARTESIAN_POINT('Ctrl Pts',(42.7596037338629,20.3930930339718,2.));
#9841=CARTESIAN_POINT('Ctrl Pts',(42.6804499684662,20.6804651248058,2.));
#9842=CARTESIAN_POINT('Ctrl Pts',(42.6475765082337,20.7998140269407,2.));
#9843=CARTESIAN_POINT('',(42.8160204236176,19.9238217566683,2.));
#9844=CARTESIAN_POINT('Ctrl Pts',(42.8893290082892,19.487198697305,1.6));
#9845=CARTESIAN_POINT('Ctrl Pts',(42.8893290082892,19.487198697305,2.));
#9846=CARTESIAN_POINT('Ctrl Pts',(42.8760701218224,19.5475519127354,1.6));
#9847=CARTESIAN_POINT('Ctrl Pts',(42.8760701218224,19.5475519127354,2.));
#9848=CARTESIAN_POINT('Ctrl Pts',(42.8443727829456,19.6918352450197,1.6));
#9849=CARTESIAN_POINT('Ctrl Pts',(42.8443727829456,19.6918352450197,2.));
#9850=CARTESIAN_POINT('Ctrl Pts',(42.8264475778474,19.8385040196781,1.6));
#9851=CARTESIAN_POINT('Ctrl Pts',(42.8264475778474,19.8385040196781,2.));
#9852=CARTESIAN_POINT('Ctrl Pts',(42.8160204236176,19.9238217566683,1.6));
#9853=CARTESIAN_POINT('Ctrl Pts',(42.8160204236176,19.9238217566683,2.));
#9854=CARTESIAN_POINT('',(42.8893290082892,19.487198697305,2.));
#9855=CARTESIAN_POINT('Ctrl Pts',(42.8893290082892,19.487198697305,2.));
#9856=CARTESIAN_POINT('Ctrl Pts',(42.8760701218224,19.5475519127354,2.));
#9857=CARTESIAN_POINT('Ctrl Pts',(42.8443727829456,19.6918352450197,2.));
#9858=CARTESIAN_POINT('Ctrl Pts',(42.8264475778474,19.8385040196781,2.));
#9859=CARTESIAN_POINT('Ctrl Pts',(42.8160204236176,19.9238217566683,2.));
#9860=CARTESIAN_POINT('',(42.8893290082892,19.487198697305,2.));
#9861=CARTESIAN_POINT('Ctrl Pts',(43.0500194241226,19.1337234254504,1.6));
#9862=CARTESIAN_POINT('Ctrl Pts',(43.0500194241226,19.1337234254504,2.));
#9863=CARTESIAN_POINT('Ctrl Pts',(43.0165926845732,19.1882827040835,1.6));
#9864=CARTESIAN_POINT('Ctrl Pts',(43.0165926845732,19.1882827040835,2.));
#9865=CARTESIAN_POINT('Ctrl Pts',(42.9484749948816,19.2994647117168,1.6));
#9866=CARTESIAN_POINT('Ctrl Pts',(42.9484749948816,19.2994647117168,2.));
#9867=CARTESIAN_POINT('Ctrl Pts',(42.9092867713265,19.4238511970893,1.6));
#9868=CARTESIAN_POINT('Ctrl Pts',(42.9092867713265,19.4238511970893,2.));
#9869=CARTESIAN_POINT('Ctrl Pts',(42.8893290082892,19.487198697305,1.6));
#9870=CARTESIAN_POINT('Ctrl Pts',(42.8893290082892,19.487198697305,2.));
#9871=CARTESIAN_POINT('',(43.0500194241226,19.1337234254504,2.));
#9872=CARTESIAN_POINT('Ctrl Pts',(43.0500194241226,19.1337234254504,2.));
#9873=CARTESIAN_POINT('Ctrl Pts',(43.0165926845732,19.1882827040835,2.));
#9874=CARTESIAN_POINT('Ctrl Pts',(42.9484749948816,19.2994647117168,2.));
#9875=CARTESIAN_POINT('Ctrl Pts',(42.9092867713265,19.4238511970893,2.));
#9876=CARTESIAN_POINT('Ctrl Pts',(42.8893290082892,19.487198697305,2.));
#9877=CARTESIAN_POINT('',(43.0500194241226,19.1337234254504,2.));
#9878=CARTESIAN_POINT('Ctrl Pts',(43.3322103762078,18.8797384515836,1.6));
#9879=CARTESIAN_POINT('Ctrl Pts',(43.3322103762078,18.8797384515836,2.));
#9880=CARTESIAN_POINT('Ctrl Pts',(43.2767523339458,18.9141668661648,1.6));
#9881=CARTESIAN_POINT('Ctrl Pts',(43.2767523339458,18.9141668661648,2.));
#9882=CARTESIAN_POINT('Ctrl Pts',(43.1674863064904,18.981999338056,1.6));
#9883=CARTESIAN_POINT('Ctrl Pts',(43.1674863064904,18.981999338056,2.));
#9884=CARTESIAN_POINT('Ctrl Pts',(43.0887788571217,19.0836604674389,1.6));
#9885=CARTESIAN_POINT('Ctrl Pts',(43.0887788571217,19.0836604674389,2.));
#9886=CARTESIAN_POINT('Ctrl Pts',(43.0500194241226,19.1337234254504,1.6));
#9887=CARTESIAN_POINT('Ctrl Pts',(43.0500194241226,19.1337234254504,2.));
#9888=CARTESIAN_POINT('',(43.3322103762078,18.8797384515836,2.));
#9889=CARTESIAN_POINT('Ctrl Pts',(43.3322103762078,18.8797384515836,2.));
#9890=CARTESIAN_POINT('Ctrl Pts',(43.2767523339458,18.9141668661648,2.));
#9891=CARTESIAN_POINT('Ctrl Pts',(43.1674863064904,18.981999338056,2.));
#9892=CARTESIAN_POINT('Ctrl Pts',(43.0887788571217,19.0836604674389,2.));
#9893=CARTESIAN_POINT('Ctrl Pts',(43.0500194241226,19.1337234254504,2.));
#9894=CARTESIAN_POINT('',(43.3322103762078,18.8797384515836,2.));
#9895=CARTESIAN_POINT('Ctrl Pts',(43.7209431778519,18.7825547039725,1.6));
#9896=CARTESIAN_POINT('Ctrl Pts',(43.7209431778519,18.7825547039725,2.));
#9897=CARTESIAN_POINT('Ctrl Pts',(43.6519980660073,18.7863977121916,1.6));
#9898=CARTESIAN_POINT('Ctrl Pts',(43.6519980660073,18.7863977121916,2.));
#9899=CARTESIAN_POINT('Ctrl Pts',(43.5161633646523,18.7939691535858,1.6));
#9900=CARTESIAN_POINT('Ctrl Pts',(43.5161633646523,18.7939691535858,2.));
#9901=CARTESIAN_POINT('Ctrl Pts',(43.3929063087659,18.8514385714302,1.6));
#9902=CARTESIAN_POINT('Ctrl Pts',(43.3929063087659,18.8514385714302,2.));
#9903=CARTESIAN_POINT('Ctrl Pts',(43.3322103762078,18.8797384515836,1.6));
#9904=CARTESIAN_POINT('Ctrl Pts',(43.3322103762078,18.8797384515836,2.));
#9905=CARTESIAN_POINT('',(43.7209431778519,18.7825547039725,2.));
#9906=CARTESIAN_POINT('Ctrl Pts',(43.7209431778519,18.7825547039725,2.));
#9907=CARTESIAN_POINT('Ctrl Pts',(43.6519980660073,18.7863977121916,2.));
#9908=CARTESIAN_POINT('Ctrl Pts',(43.5161633646523,18.7939691535858,2.));
#9909=CARTESIAN_POINT('Ctrl Pts',(43.3929063087659,18.8514385714302,2.));
#9910=CARTESIAN_POINT('Ctrl Pts',(43.3322103762078,18.8797384515836,2.));
#9911=CARTESIAN_POINT('',(43.7209431778519,18.7825547039725,2.));
#9912=CARTESIAN_POINT('Ctrl Pts',(44.3173352881898,19.0385419802844,1.6));
#9913=CARTESIAN_POINT('Ctrl Pts',(44.3173352881898,19.0385419802844,2.));
#9914=CARTESIAN_POINT('Ctrl Pts',(44.2333428662247,18.9638081794333,1.6));
#9915=CARTESIAN_POINT('Ctrl Pts',(44.2333428662247,18.9638081794333,2.));
#9916=CARTESIAN_POINT('Ctrl Pts',(44.0631455868382,18.8123720226294,1.6));
#9917=CARTESIAN_POINT('Ctrl Pts',(44.0631455868382,18.8123720226294,2.));
#9918=CARTESIAN_POINT('Ctrl Pts',(43.8359949096477,18.7925795724681,1.6));
#9919=CARTESIAN_POINT('Ctrl Pts',(43.8359949096477,18.7925795724681,2.));
#9920=CARTESIAN_POINT('Ctrl Pts',(43.7209431778519,18.7825547039725,1.6));
#9921=CARTESIAN_POINT('Ctrl Pts',(43.7209431778519,18.7825547039725,2.));
#9922=CARTESIAN_POINT('',(44.3173352881898,19.0385419802844,2.));
#9923=CARTESIAN_POINT('Ctrl Pts',(44.3173352881898,19.0385419802844,2.));
#9924=CARTESIAN_POINT('Ctrl Pts',(44.2333428662247,18.9638081794333,2.));
#9925=CARTESIAN_POINT('Ctrl Pts',(44.0631455868382,18.8123720226294,2.));
#9926=CARTESIAN_POINT('Ctrl Pts',(43.8359949096477,18.7925795724681,2.));
#9927=CARTESIAN_POINT('Ctrl Pts',(43.7209431778519,18.7825547039725,2.));
#9928=CARTESIAN_POINT('',(44.3173352881898,19.0385419802844,2.));
#9929=CARTESIAN_POINT('Ctrl Pts',(44.5512295565877,19.7723186585432,1.6));
#9930=CARTESIAN_POINT('Ctrl Pts',(44.5512295565877,19.7723186585432,2.));
#9931=CARTESIAN_POINT('Ctrl Pts',(44.5452929933268,19.6269967972512,1.6));
#9932=CARTESIAN_POINT('Ctrl Pts',(44.5452929933268,19.6269967972512,2.));
#9933=CARTESIAN_POINT('Ctrl Pts',(44.5343776517714,19.3597988105164,1.6));
#9934=CARTESIAN_POINT('Ctrl Pts',(44.5343776517714,19.3597988105164,2.));
#9935=CARTESIAN_POINT('Ctrl Pts',(44.385323060962,19.1391745757597,1.6));
#9936=CARTESIAN_POINT('Ctrl Pts',(44.385323060962,19.1391745757597,2.));
#9937=CARTESIAN_POINT('Ctrl Pts',(44.3173352881898,19.0385419802844,1.6));
#9938=CARTESIAN_POINT('Ctrl Pts',(44.3173352881898,19.0385419802844,2.));
#9939=CARTESIAN_POINT('',(44.5512295565877,19.7723186585432,2.));
#9940=CARTESIAN_POINT('Ctrl Pts',(44.5512295565877,19.7723186585432,2.));
#9941=CARTESIAN_POINT('Ctrl Pts',(44.5452929933268,19.6269967972512,2.));
#9942=CARTESIAN_POINT('Ctrl Pts',(44.5343776517714,19.3597988105164,2.));
#9943=CARTESIAN_POINT('Ctrl Pts',(44.385323060962,19.1391745757597,2.));
#9944=CARTESIAN_POINT('Ctrl Pts',(44.3173352881898,19.0385419802844,2.));
#9945=CARTESIAN_POINT('',(44.5512295565877,19.7723186585432,2.));
#9946=CARTESIAN_POINT('Ctrl Pts',(44.4561794182804,20.3140075513952,1.6));
#9947=CARTESIAN_POINT('Ctrl Pts',(44.4561794182804,20.3140075513952,2.));
#9948=CARTESIAN_POINT('Ctrl Pts',(44.4839589336234,20.2274937539274,1.6));
#9949=CARTESIAN_POINT('Ctrl Pts',(44.4839589336234,20.2274937539274,2.));
#9950=CARTESIAN_POINT('Ctrl Pts',(44.5405223797223,20.051338106161,1.6));
#9951=CARTESIAN_POINT('Ctrl Pts',(44.5405223797223,20.051338106161,2.));
#9952=CARTESIAN_POINT('Ctrl Pts',(44.5476184949612,19.8664196931121,1.6));
#9953=CARTESIAN_POINT('Ctrl Pts',(44.5476184949612,19.8664196931121,2.));
#9954=CARTESIAN_POINT('Ctrl Pts',(44.5512295565877,19.7723186585432,1.6));
#9955=CARTESIAN_POINT('Ctrl Pts',(44.5512295565877,19.7723186585432,2.));
#9956=CARTESIAN_POINT('',(44.4561794182804,20.3140075513952,2.));
#9957=CARTESIAN_POINT('Ctrl Pts',(44.4561794182804,20.3140075513952,2.));
#9958=CARTESIAN_POINT('Ctrl Pts',(44.4839589336234,20.2274937539274,2.));
#9959=CARTESIAN_POINT('Ctrl Pts',(44.5405223797223,20.051338106161,2.));
#9960=CARTESIAN_POINT('Ctrl Pts',(44.5476184949612,19.8664196931121,2.));
#9961=CARTESIAN_POINT('Ctrl Pts',(44.5512295565877,19.7723186585432,2.));
#9962=CARTESIAN_POINT('',(44.4561794182804,20.3140075513952,2.));
#9963=CARTESIAN_POINT('Ctrl Pts',(44.129192362489,20.8395165927901,1.6));
#9964=CARTESIAN_POINT('Ctrl Pts',(44.129192362489,20.8395165927901,2.));
#9965=CARTESIAN_POINT('Ctrl Pts',(44.1993611244394,20.7528582585266,1.6));
#9966=CARTESIAN_POINT('Ctrl Pts',(44.1993611244394,20.7528582585266,2.));
#9967=CARTESIAN_POINT('Ctrl Pts',(44.330295792227,20.5911541056748,1.6));
#9968=CARTESIAN_POINT('Ctrl Pts',(44.330295792227,20.5911541056748,2.));
#9969=CARTESIAN_POINT('Ctrl Pts',(44.4162763944001,20.4018584174727,1.6));
#9970=CARTESIAN_POINT('Ctrl Pts',(44.4162763944001,20.4018584174727,2.));
#9971=CARTESIAN_POINT('Ctrl Pts',(44.4561794182804,20.3140075513952,1.6));
#9972=CARTESIAN_POINT('Ctrl Pts',(44.4561794182804,20.3140075513952,2.));
#9973=CARTESIAN_POINT('',(44.129192362489,20.8395165927901,2.));
#9974=CARTESIAN_POINT('Ctrl Pts',(44.129192362489,20.8395165927901,2.));
#9975=CARTESIAN_POINT('Ctrl Pts',(44.1993611244394,20.7528582585266,2.));
#9976=CARTESIAN_POINT('Ctrl Pts',(44.330295792227,20.5911541056748,2.));
#9977=CARTESIAN_POINT('Ctrl Pts',(44.4162763944001,20.4018584174727,2.));
#9978=CARTESIAN_POINT('Ctrl Pts',(44.4561794182804,20.3140075513952,2.));
#9979=CARTESIAN_POINT('',(44.129192362489,20.8395165927901,2.));
#9980=CARTESIAN_POINT('Ctrl Pts',(44.4867087982597,20.9374477036568,1.6));
#9981=CARTESIAN_POINT('Ctrl Pts',(44.4867087982597,20.9374477036568,2.));
#9982=CARTESIAN_POINT('Ctrl Pts',(44.4321136988441,20.9141529713632,1.6));
#9983=CARTESIAN_POINT('Ctrl Pts',(44.4321136988441,20.9141529713632,2.));
#9984=CARTESIAN_POINT('Ctrl Pts',(44.3174732806069,20.8652379976485,1.6));
#9985=CARTESIAN_POINT('Ctrl Pts',(44.3174732806069,20.8652379976485,2.));
#9986=CARTESIAN_POINT('Ctrl Pts',(44.1939107988466,20.8483578982182,1.6));
#9987=CARTESIAN_POINT('Ctrl Pts',(44.1939107988466,20.8483578982182,2.));
#9988=CARTESIAN_POINT('Ctrl Pts',(44.129192362489,20.8395165927901,1.6));
#9989=CARTESIAN_POINT('Ctrl Pts',(44.129192362489,20.8395165927901,2.));
#9990=CARTESIAN_POINT('Ctrl Pts',(44.4867087982597,20.9374477036568,2.));
#9991=CARTESIAN_POINT('Ctrl Pts',(44.4321136988441,20.9141529713632,2.));
#9992=CARTESIAN_POINT('Ctrl Pts',(44.3174732806069,20.8652379976485,2.));
#9993=CARTESIAN_POINT('Ctrl Pts',(44.1939107988466,20.8483578982182,2.));
#9994=CARTESIAN_POINT('Ctrl Pts',(44.129192362489,20.8395165927901,2.));
#9995=CARTESIAN_POINT('Ctrl Pts',(43.7034454535807,20.7198140694182,1.6));
#9996=CARTESIAN_POINT('Ctrl Pts',(43.7034454535807,20.7198140694182,2.));
#9997=CARTESIAN_POINT('Ctrl Pts',(43.6353585510432,20.7428314539791,1.6));
#9998=CARTESIAN_POINT('Ctrl Pts',(43.6353585510432,20.7428314539791,2.));
#9999=CARTESIAN_POINT('Ctrl Pts',(43.4764973519331,20.7965358989671,1.6));
#10000=CARTESIAN_POINT('Ctrl Pts',(43.4764973519331,20.7965358989671,2.));
#10001=CARTESIAN_POINT('Ctrl Pts',(43.3084194074989,20.7983248431181,1.6));
#10002=CARTESIAN_POINT('Ctrl Pts',(43.3084194074989,20.7983248431181,2.));
#10003=CARTESIAN_POINT('Ctrl Pts',(43.2123786042011,20.7993470571503,1.6));
#10004=CARTESIAN_POINT('Ctrl Pts',(43.2123786042011,20.7993470571503,2.));
#10005=CARTESIAN_POINT('',(43.2123786042011,20.7993470571503,2.));
#10006=CARTESIAN_POINT('',(43.2123786042011,20.7993470571503,2.));
#10007=CARTESIAN_POINT('',(43.7034454535807,20.7198140694182,2.));
#10008=CARTESIAN_POINT('Ctrl Pts',(43.7034454535807,20.7198140694182,2.));
#10009=CARTESIAN_POINT('Ctrl Pts',(43.6353585510432,20.7428314539791,2.));
#10010=CARTESIAN_POINT('Ctrl Pts',(43.4764973519331,20.7965358989671,2.));
#10011=CARTESIAN_POINT('Ctrl Pts',(43.3084194074989,20.7983248431181,2.));
#10012=CARTESIAN_POINT('Ctrl Pts',(43.2123786042011,20.7993470571503,2.));
#10013=CARTESIAN_POINT('',(43.7034454535807,20.7198140694182,2.));
#10014=CARTESIAN_POINT('Ctrl Pts',(44.0428765716364,20.3948399997702,1.6));
#10015=CARTESIAN_POINT('Ctrl Pts',(44.0428765716364,20.3948399997702,2.));
#10016=CARTESIAN_POINT('Ctrl Pts',(43.998317188269,20.4633783800476,1.6));
#10017=CARTESIAN_POINT('Ctrl Pts',(43.998317188269,20.4633783800476,2.));
#10018=CARTESIAN_POINT('Ctrl Pts',(43.9105644184152,20.5983540519738,1.6));
#10019=CARTESIAN_POINT('Ctrl Pts',(43.9105644184152,20.5983540519738,2.));
#10020=CARTESIAN_POINT('Ctrl Pts',(43.7717649044664,20.6797497435705,1.6));
#10021=CARTESIAN_POINT('Ctrl Pts',(43.7717649044664,20.6797497435705,2.));
#10022=CARTESIAN_POINT('Ctrl Pts',(43.7034454535807,20.7198140694182,1.6));
#10023=CARTESIAN_POINT('Ctrl Pts',(43.7034454535807,20.7198140694182,2.));
#10024=CARTESIAN_POINT('',(44.0428765716364,20.3948399997702,2.));
#10025=CARTESIAN_POINT('Ctrl Pts',(44.0428765716364,20.3948399997702,2.));
#10026=CARTESIAN_POINT('Ctrl Pts',(43.998317188269,20.4633783800476,2.));
#10027=CARTESIAN_POINT('Ctrl Pts',(43.9105644184152,20.5983540519738,2.));
#10028=CARTESIAN_POINT('Ctrl Pts',(43.7717649044664,20.6797497435705,2.));
#10029=CARTESIAN_POINT('Ctrl Pts',(43.7034454535807,20.7198140694182,2.));
#10030=CARTESIAN_POINT('',(44.0428765716364,20.3948399997702,2.));
#10031=CARTESIAN_POINT('Ctrl Pts',(44.1666067238717,19.8899630777796,1.6));
#10032=CARTESIAN_POINT('Ctrl Pts',(44.1666067238717,19.8899630777796,2.));
#10033=CARTESIAN_POINT('Ctrl Pts',(44.1621492448813,19.9807790257458,1.6));
#10034=CARTESIAN_POINT('Ctrl Pts',(44.1621492448813,19.9807790257458,2.));
#10035=CARTESIAN_POINT('Ctrl Pts',(44.1534905250254,20.157190368031,1.6));
#10036=CARTESIAN_POINT('Ctrl Pts',(44.1534905250254,20.157190368031,2.));
#10037=CARTESIAN_POINT('Ctrl Pts',(44.0790132186564,20.3172018664835,1.6));
#10038=CARTESIAN_POINT('Ctrl Pts',(44.0790132186564,20.3172018664835,2.));
#10039=CARTESIAN_POINT('Ctrl Pts',(44.0428765716364,20.3948399997702,1.6));
#10040=CARTESIAN_POINT('Ctrl Pts',(44.0428765716364,20.3948399997702,2.));
#10041=CARTESIAN_POINT('',(44.1666067238717,19.8899630777796,2.));
#10042=CARTESIAN_POINT('Ctrl Pts',(44.1666067238717,19.8899630777796,2.));
#10043=CARTESIAN_POINT('Ctrl Pts',(44.1621492448813,19.9807790257458,2.));
#10044=CARTESIAN_POINT('Ctrl Pts',(44.1534905250254,20.157190368031,2.));
#10045=CARTESIAN_POINT('Ctrl Pts',(44.0790132186564,20.3172018664835,2.));
#10046=CARTESIAN_POINT('Ctrl Pts',(44.0428765716364,20.3948399997702,2.));
#10047=CARTESIAN_POINT('',(44.1666067238717,19.8899630777796,2.));
#10048=CARTESIAN_POINT('Ctrl Pts',(44.035278263788,19.4548735600005,1.6));
#10049=CARTESIAN_POINT('Ctrl Pts',(44.035278263788,19.4548735600005,2.));
#10050=CARTESIAN_POINT('Ctrl Pts',(44.0734267981222,19.5141721104123,1.6));
#10051=CARTESIAN_POINT('Ctrl Pts',(44.0734267981222,19.5141721104123,2.));
#10052=CARTESIAN_POINT('Ctrl Pts',(44.1582290572538,19.6459897837753,1.6));
#10053=CARTESIAN_POINT('Ctrl Pts',(44.1582290572538,19.6459897837753,2.));
#10054=CARTESIAN_POINT('Ctrl Pts',(44.1636334902375,19.8033769629738,1.6));
#10055=CARTESIAN_POINT('Ctrl Pts',(44.1636334902375,19.8033769629738,2.));
#10056=CARTESIAN_POINT('Ctrl Pts',(44.1666067238717,19.8899630777796,1.6));
#10057=CARTESIAN_POINT('Ctrl Pts',(44.1666067238717,19.8899630777796,2.));
#10058=CARTESIAN_POINT('',(44.035278263788,19.4548735600005,2.));
#10059=CARTESIAN_POINT('Ctrl Pts',(44.035278263788,19.4548735600005,2.));
#10060=CARTESIAN_POINT('Ctrl Pts',(44.0734267981222,19.5141721104123,2.));
#10061=CARTESIAN_POINT('Ctrl Pts',(44.1582290572538,19.6459897837753,2.));
#10062=CARTESIAN_POINT('Ctrl Pts',(44.1636334902375,19.8033769629738,2.));
#10063=CARTESIAN_POINT('Ctrl Pts',(44.1666067238717,19.8899630777796,2.));
#10064=CARTESIAN_POINT('',(44.035278263788,19.4548735600005,2.));
#10065=CARTESIAN_POINT('Ctrl Pts',(43.7077340027147,19.3064402658218,1.6));
#10066=CARTESIAN_POINT('Ctrl Pts',(43.7077340027147,19.3064402658218,2.));
#10067=CARTESIAN_POINT('Ctrl Pts',(43.7705485610945,19.3126453791471,1.6));
#10068=CARTESIAN_POINT('Ctrl Pts',(43.7705485610945,19.3126453791471,2.));
#10069=CARTESIAN_POINT('Ctrl Pts',(43.8964890215554,19.325086361772,1.6));
#10070=CARTESIAN_POINT('Ctrl Pts',(43.8964890215554,19.325086361772,2.));
#10071=CARTESIAN_POINT('Ctrl Pts',(43.9889389996414,19.4115399185394,1.6));
#10072=CARTESIAN_POINT('Ctrl Pts',(43.9889389996414,19.4115399185394,2.));
#10073=CARTESIAN_POINT('Ctrl Pts',(44.035278263788,19.4548735600005,1.6));
#10074=CARTESIAN_POINT('Ctrl Pts',(44.035278263788,19.4548735600005,2.));
#10075=CARTESIAN_POINT('',(43.7077340027147,19.3064402658218,2.));
#10076=CARTESIAN_POINT('Ctrl Pts',(43.7077340027147,19.3064402658218,2.));
#10077=CARTESIAN_POINT('Ctrl Pts',(43.7705485610945,19.3126453791471,2.));
#10078=CARTESIAN_POINT('Ctrl Pts',(43.8964890215554,19.325086361772,2.));
#10079=CARTESIAN_POINT('Ctrl Pts',(43.9889389996414,19.4115399185394,2.));
#10080=CARTESIAN_POINT('Ctrl Pts',(44.035278263788,19.4548735600005,2.));
#10081=CARTESIAN_POINT('',(43.7077340027147,19.3064402658218,2.));
#10082=CARTESIAN_POINT('Ctrl Pts',(43.4745026684138,19.3748458688329,1.6));
#10083=CARTESIAN_POINT('Ctrl Pts',(43.4745026684138,19.3748458688329,2.));
#10084=CARTESIAN_POINT('Ctrl Pts',(43.5106008751656,19.3549208543566,1.6));
#10085=CARTESIAN_POINT('Ctrl Pts',(43.5106008751656,19.3549208543566,2.));
#10086=CARTESIAN_POINT('Ctrl Pts',(43.5832532342033,19.3148191585712,1.6));
#10087=CARTESIAN_POINT('Ctrl Pts',(43.5832532342033,19.3148191585712,2.));
#10088=CARTESIAN_POINT('Ctrl Pts',(43.6660671743024,19.3092448909109,1.6));
#10089=CARTESIAN_POINT('Ctrl Pts',(43.6660671743024,19.3092448909109,2.));
#10090=CARTESIAN_POINT('Ctrl Pts',(43.7077340027147,19.3064402658218,1.6));
#10091=CARTESIAN_POINT('Ctrl Pts',(43.7077340027147,19.3064402658218,2.));
#10092=CARTESIAN_POINT('',(43.4745026684138,19.3748458688329,2.));
#10093=CARTESIAN_POINT('Ctrl Pts',(43.4745026684138,19.3748458688329,2.));
#10094=CARTESIAN_POINT('Ctrl Pts',(43.5106008751656,19.3549208543566,2.));
#10095=CARTESIAN_POINT('Ctrl Pts',(43.5832532342033,19.3148191585712,2.));
#10096=CARTESIAN_POINT('Ctrl Pts',(43.6660671743024,19.3092448909109,2.));
#10097=CARTESIAN_POINT('Ctrl Pts',(43.7077340027147,19.3064402658218,2.));
#10098=CARTESIAN_POINT('',(43.4745026684138,19.3748458688329,2.));
#10099=CARTESIAN_POINT('Ctrl Pts',(43.3150446330204,19.5687024047892,1.6));
#10100=CARTESIAN_POINT('Ctrl Pts',(43.3150446330204,19.5687024047892,2.));
#10101=CARTESIAN_POINT('Ctrl Pts',(43.3348746052851,19.5295203782969,1.6));
#10102=CARTESIAN_POINT('Ctrl Pts',(43.3348746052851,19.5295203782969,2.));
#10103=CARTESIAN_POINT('Ctrl Pts',(43.3736195128891,19.4529643460489,1.6));
#10104=CARTESIAN_POINT('Ctrl Pts',(43.3736195128891,19.4529643460489,2.));
#10105=CARTESIAN_POINT('Ctrl Pts',(43.4414086073453,19.4004721256854,1.6));
#10106=CARTESIAN_POINT('Ctrl Pts',(43.4414086073453,19.4004721256854,2.));
#10107=CARTESIAN_POINT('Ctrl Pts',(43.4745026684138,19.3748458688329,1.6));
#10108=CARTESIAN_POINT('Ctrl Pts',(43.4745026684138,19.3748458688329,2.));
#10109=CARTESIAN_POINT('',(43.3150446330204,19.5687024047892,2.));
#10110=CARTESIAN_POINT('Ctrl Pts',(43.3150446330204,19.5687024047892,2.));
#10111=CARTESIAN_POINT('Ctrl Pts',(43.3348746052851,19.5295203782969,2.));
#10112=CARTESIAN_POINT('Ctrl Pts',(43.3736195128891,19.4529643460489,2.));
#10113=CARTESIAN_POINT('Ctrl Pts',(43.4414086073453,19.4004721256854,2.));
#10114=CARTESIAN_POINT('Ctrl Pts',(43.4745026684138,19.3748458688329,2.));
#10115=CARTESIAN_POINT('',(43.3150446330204,19.5687024047892,2.));
#10116=CARTESIAN_POINT('Ctrl Pts',(43.2171724729753,19.997159668232,1.6));
#10117=CARTESIAN_POINT('Ctrl Pts',(43.2171724729753,19.997159668232,2.));
#10118=CARTESIAN_POINT('Ctrl Pts',(43.2295501286377,19.9102467445896,1.6));
#10119=CARTESIAN_POINT('Ctrl Pts',(43.2295501286377,19.9102467445896,2.));
#10120=CARTESIAN_POINT('Ctrl Pts',(43.2502965203274,19.7645705676164,1.6));
#10121=CARTESIAN_POINT('Ctrl Pts',(43.2502965203274,19.7645705676164,2.));
#10122=CARTESIAN_POINT('Ctrl Pts',(43.296433694107,19.6250019672295,1.6));
#10123=CARTESIAN_POINT('Ctrl Pts',(43.296433694107,19.6250019672295,2.));
#10124=CARTESIAN_POINT('Ctrl Pts',(43.3150446330204,19.5687024047892,1.6));
#10125=CARTESIAN_POINT('Ctrl Pts',(43.3150446330204,19.5687024047892,2.));
#10126=CARTESIAN_POINT('',(43.2171724729753,19.997159668232,2.));
#10127=CARTESIAN_POINT('Ctrl Pts',(43.2171724729753,19.997159668232,2.));
#10128=CARTESIAN_POINT('Ctrl Pts',(43.2295501286377,19.9102467445896,2.));
#10129=CARTESIAN_POINT('Ctrl Pts',(43.2502965203274,19.7645705676164,2.));
#10130=CARTESIAN_POINT('Ctrl Pts',(43.296433694107,19.6250019672295,2.));
#10131=CARTESIAN_POINT('Ctrl Pts',(43.3150446330204,19.5687024047892,2.));
#10132=CARTESIAN_POINT('',(43.2171724729753,19.997159668232,2.));
#10133=CARTESIAN_POINT('Ctrl Pts',(43.03229694063,20.7994959459333,1.6));
#10134=CARTESIAN_POINT('Ctrl Pts',(43.03229694063,20.7994959459333,2.));
#10135=CARTESIAN_POINT('Ctrl Pts',(43.0685982396901,20.68871095539,1.6));
#10136=CARTESIAN_POINT('Ctrl Pts',(43.0685982396901,20.68871095539,2.));
#10137=CARTESIAN_POINT('Ctrl Pts',(43.1543389766416,20.4270457539151,1.6));
#10138=CARTESIAN_POINT('Ctrl Pts',(43.1543389766416,20.4270457539151,2.));
#10139=CARTESIAN_POINT('Ctrl Pts',(43.1941923818258,20.1543818826448,1.6));
#10140=CARTESIAN_POINT('Ctrl Pts',(43.1941923818258,20.1543818826448,2.));
#10141=CARTESIAN_POINT('Ctrl Pts',(43.2171724729753,19.997159668232,1.6));
#10142=CARTESIAN_POINT('Ctrl Pts',(43.2171724729753,19.997159668232,2.));
#10143=CARTESIAN_POINT('',(43.03229694063,20.7994959459333,2.));
#10144=CARTESIAN_POINT('Ctrl Pts',(43.03229694063,20.7994959459333,2.));
#10145=CARTESIAN_POINT('Ctrl Pts',(43.0685982396901,20.68871095539,2.));
#10146=CARTESIAN_POINT('Ctrl Pts',(43.1543389766416,20.4270457539151,2.));
#10147=CARTESIAN_POINT('Ctrl Pts',(43.1941923818258,20.1543818826448,2.));
#10148=CARTESIAN_POINT('Ctrl Pts',(43.2171724729753,19.997159668232,2.));
#10149=CARTESIAN_POINT('',(43.03229694063,20.7994959459333,2.));
#10150=CARTESIAN_POINT('Origin',(43.1223377724156,20.7994215015418,2.));
#10151=CARTESIAN_POINT('',(35.8099541380235,20.8054672692138,2.));
#10152=CARTESIAN_POINT('Origin',(28.5,23.75,1.6));
#10153=CARTESIAN_POINT('',(45.5576416299592,30.8274259723652,1.6));
#10154=CARTESIAN_POINT('',(45.6705410467692,30.4235122145623,1.6));
#10155=CARTESIAN_POINT('Ctrl Pts',(45.5576416299592,30.8274259723652,1.6));
#10156=CARTESIAN_POINT('Ctrl Pts',(45.5906048128379,30.7669005347395,1.6));
#10157=CARTESIAN_POINT('Ctrl Pts',(45.6591250155085,30.6410869788063,1.6));
#10158=CARTESIAN_POINT('Ctrl Pts',(45.6666408653474,30.4978446190539,1.6));
#10159=CARTESIAN_POINT('Ctrl Pts',(45.6705410467692,30.4235122145623,1.6));
#10160=CARTESIAN_POINT('',(45.2018189038074,31.1278558762583,1.6));
#10161=CARTESIAN_POINT('Ctrl Pts',(45.2018189038074,31.1278558762583,1.6));
#10162=CARTESIAN_POINT('Ctrl Pts',(45.2755149866387,31.0851282216023,1.6));
#10163=CARTESIAN_POINT('Ctrl Pts',(45.4121411494995,31.0059148458106,1.6));
#10164=CARTESIAN_POINT('Ctrl Pts',(45.5117580397139,30.883712455452,1.6));
#10165=CARTESIAN_POINT('Ctrl Pts',(45.5576416299592,30.8274259723652,1.6));
#10166=CARTESIAN_POINT('',(44.5444754193954,31.4039791429851,1.6));
#10167=CARTESIAN_POINT('Ctrl Pts',(44.5444754193954,31.4039791429851,1.6));
#10168=CARTESIAN_POINT('Ctrl Pts',(44.6798728999794,31.3538255934787,1.6));
#10169=CARTESIAN_POINT('Ctrl Pts',(44.9030044532086,31.271173838416,1.6));
#10170=CARTESIAN_POINT('Ctrl Pts',(45.1174859749333,31.1683037979864,1.6));
#10171=CARTESIAN_POINT('Ctrl Pts',(45.2018189038074,31.1278558762583,1.6));
#10172=CARTESIAN_POINT('',(41.5985937745964,32.5087350857481,1.6));
#10173=CARTESIAN_POINT('',(41.5985937745964,32.5087350857481,1.6));
#10174=CARTESIAN_POINT('',(41.598187713652,32.0176025174045,1.6));
#10175=CARTESIAN_POINT('',(41.598187713652,32.0176025174045,1.6));
#10176=CARTESIAN_POINT('',(43.2866248128771,31.3968342021345,1.6));
#10177=CARTESIAN_POINT('',(43.2866248128771,31.3968342021345,1.6));
#10178=CARTESIAN_POINT('',(43.9467576073243,31.1943776111843,1.6));
#10179=CARTESIAN_POINT('Ctrl Pts',(43.9467576073243,31.1943776111843,1.6));
#10180=CARTESIAN_POINT('Ctrl Pts',(43.8349238362349,31.2239423560367,1.6));
#10181=CARTESIAN_POINT('Ctrl Pts',(43.6122363096287,31.2828127655899,1.6));
#10182=CARTESIAN_POINT('Ctrl Pts',(43.3948430730715,31.3589387297362,1.6));
#10183=CARTESIAN_POINT('Ctrl Pts',(43.2866248128771,31.3968342021345,1.6));
#10184=CARTESIAN_POINT('',(43.275370268615,30.984838180322,1.6));
#10185=CARTESIAN_POINT('Ctrl Pts',(43.275370268615,30.984838180322,1.6));
#10186=CARTESIAN_POINT('Ctrl Pts',(43.3841422778792,31.0230869669007,1.6));
#10187=CARTESIAN_POINT('Ctrl Pts',(43.605446114853,31.100906649434,1.6));
#10188=CARTESIAN_POINT('Ctrl Pts',(43.831705771558,31.1628697188999,1.6));
#10189=CARTESIAN_POINT('Ctrl Pts',(43.9467576073243,31.1943776111843,1.6));
#10190=CARTESIAN_POINT('',(41.5968364338752,30.3832234506928,1.6));
#10191=CARTESIAN_POINT('',(41.5968364338752,30.3832234506928,1.6));
#10192=CARTESIAN_POINT('',(41.5963987912233,29.8538926627541,1.6));
#10193=CARTESIAN_POINT('',(41.5963987912233,29.8538926627541,1.6));
#10194=CARTESIAN_POINT('',(44.500444727078,30.9510832727168,1.6));
#10195=CARTESIAN_POINT('',(44.500444727078,30.9510832727168,1.6));
#10196=CARTESIAN_POINT('',(44.620463670717,30.9073272019374,1.6));
#10197=CARTESIAN_POINT('Ctrl Pts',(44.620463670717,30.9073272019374,1.6));
#10198=CARTESIAN_POINT('Ctrl Pts',(44.6036186612991,30.9131868081422,1.6));
#10199=CARTESIAN_POINT('Ctrl Pts',(44.5633968067802,30.9271781466131,1.6));
#10200=CARTESIAN_POINT('Ctrl Pts',(44.5235838954066,30.9422965139719,1.6));
#10201=CARTESIAN_POINT('Ctrl Pts',(44.500444727078,30.9510832727168,1.6));
#10202=CARTESIAN_POINT('',(44.9859597274838,30.7569571578166,1.6));
#10203=CARTESIAN_POINT('Ctrl Pts',(44.9859597274838,30.7569571578166,1.6));
#10204=CARTESIAN_POINT('Ctrl Pts',(44.9435021929743,30.7778694934358,1.6));
#10205=CARTESIAN_POINT('Ctrl Pts',(44.8251443122174,30.8361663247088,1.6));
#10206=CARTESIAN_POINT('Ctrl Pts',(44.7004362505124,30.8795233075839,1.6));
#10207=CARTESIAN_POINT('Ctrl Pts',(44.620463670717,30.9073272019374,1.6));
#10208=CARTESIAN_POINT('',(45.1386236802588,30.5958482737634,1.6));
#10209=CARTESIAN_POINT('Ctrl Pts',(45.1386236802588,30.5958482737634,1.6));
#10210=CARTESIAN_POINT('Ctrl Pts',(45.118486015528,30.6272275031906,1.6));
#10211=CARTESIAN_POINT('Ctrl Pts',(45.0778206411799,30.6905937439376,1.6));
#10212=CARTESIAN_POINT('Ctrl Pts',(45.0167752059552,30.7346950196624,1.6));
#10213=CARTESIAN_POINT('Ctrl Pts',(44.9859597274838,30.7569571578166,1.6));
#10214=CARTESIAN_POINT('',(45.1929769362675,30.3338658659536,1.6));
#10215=CARTESIAN_POINT('Ctrl Pts',(45.1929769362675,30.3338658659536,1.6));
#10216=CARTESIAN_POINT('Ctrl Pts',(45.1917742002753,30.3837106172858,1.6));
#10217=CARTESIAN_POINT('Ctrl Pts',(45.1895823570665,30.4745467445914,1.6));
#10218=CARTESIAN_POINT('Ctrl Pts',(45.1544691315355,30.5581299186041,1.6));
#10219=CARTESIAN_POINT('Ctrl Pts',(45.1386236802588,30.5958482737634,1.6));
#10220=CARTESIAN_POINT('',(45.1490883640979,30.0528649640946,1.6));
#10221=CARTESIAN_POINT('Ctrl Pts',(45.1490883640979,30.0528649640946,1.6));
#10222=CARTESIAN_POINT('Ctrl Pts',(45.161835660679,30.1028362432634,1.6));
#10223=CARTESIAN_POINT('Ctrl Pts',(45.1853864970854,30.1951589889716,1.6));
#10224=CARTESIAN_POINT('Ctrl Pts',(45.1905899445363,30.290246233351,1.6));
#10225=CARTESIAN_POINT('Ctrl Pts',(45.1929769362675,30.3338658659536,1.6));
#10226=CARTESIAN_POINT('',(45.6102521418154,30.10705413602,1.6));
#10227=CARTESIAN_POINT('',(45.6102521418154,30.10705413602,1.6));
#10228=CARTESIAN_POINT('Ctrl Pts',(45.6705410467692,30.4235122145623,1.6));
#10229=CARTESIAN_POINT('Ctrl Pts',(45.667392480741,30.3731435532525,1.6));
#10230=CARTESIAN_POINT('Ctrl Pts',(45.6606443025069,30.2651906944302,1.6));
#10231=CARTESIAN_POINT('Ctrl Pts',(45.6277817040692,30.1620639749954,1.6));
#10232=CARTESIAN_POINT('Ctrl Pts',(45.6102521418154,30.10705413602,1.6));
#10233=CARTESIAN_POINT('Ctrl Pts',(45.5576416299592,30.8274259723652,1.6));
#10234=CARTESIAN_POINT('Ctrl Pts',(45.5576416299592,30.8274259723652,2.));
#10235=CARTESIAN_POINT('Ctrl Pts',(45.5906048128379,30.7669005347395,1.6));
#10236=CARTESIAN_POINT('Ctrl Pts',(45.5906048128379,30.7669005347395,2.));
#10237=CARTESIAN_POINT('Ctrl Pts',(45.6591250155085,30.6410869788063,1.6));
#10238=CARTESIAN_POINT('Ctrl Pts',(45.6591250155085,30.6410869788063,2.));
#10239=CARTESIAN_POINT('Ctrl Pts',(45.6666408653474,30.4978446190539,1.6));
#10240=CARTESIAN_POINT('Ctrl Pts',(45.6666408653474,30.4978446190539,2.));
#10241=CARTESIAN_POINT('Ctrl Pts',(45.6705410467692,30.4235122145623,1.6));
#10242=CARTESIAN_POINT('Ctrl Pts',(45.6705410467692,30.4235122145623,2.));
#10243=CARTESIAN_POINT('',(45.6705410467692,30.4235122145623,2.));
#10244=CARTESIAN_POINT('',(45.6705410467692,30.4235122145623,2.));
#10245=CARTESIAN_POINT('',(45.5576416299592,30.8274259723652,2.));
#10246=CARTESIAN_POINT('Ctrl Pts',(45.5576416299592,30.8274259723652,2.));
#10247=CARTESIAN_POINT('Ctrl Pts',(45.5906048128379,30.7669005347395,2.));
#10248=CARTESIAN_POINT('Ctrl Pts',(45.6591250155085,30.6410869788063,2.));
#10249=CARTESIAN_POINT('Ctrl Pts',(45.6666408653474,30.4978446190539,2.));
#10250=CARTESIAN_POINT('Ctrl Pts',(45.6705410467692,30.4235122145623,2.));
#10251=CARTESIAN_POINT('',(45.5576416299592,30.8274259723652,2.));
#10252=CARTESIAN_POINT('Ctrl Pts',(45.2018189038074,31.1278558762583,1.6));
#10253=CARTESIAN_POINT('Ctrl Pts',(45.2018189038074,31.1278558762583,2.));
#10254=CARTESIAN_POINT('Ctrl Pts',(45.2755149866387,31.0851282216023,1.6));
#10255=CARTESIAN_POINT('Ctrl Pts',(45.2755149866387,31.0851282216023,2.));
#10256=CARTESIAN_POINT('Ctrl Pts',(45.4121411494995,31.0059148458106,1.6));
#10257=CARTESIAN_POINT('Ctrl Pts',(45.4121411494995,31.0059148458106,2.));
#10258=CARTESIAN_POINT('Ctrl Pts',(45.5117580397139,30.883712455452,1.6));
#10259=CARTESIAN_POINT('Ctrl Pts',(45.5117580397139,30.883712455452,2.));
#10260=CARTESIAN_POINT('Ctrl Pts',(45.5576416299592,30.8274259723652,1.6));
#10261=CARTESIAN_POINT('Ctrl Pts',(45.5576416299592,30.8274259723652,2.));
#10262=CARTESIAN_POINT('',(45.2018189038074,31.1278558762583,2.));
#10263=CARTESIAN_POINT('Ctrl Pts',(45.2018189038074,31.1278558762583,2.));
#10264=CARTESIAN_POINT('Ctrl Pts',(45.2755149866387,31.0851282216023,2.));
#10265=CARTESIAN_POINT('Ctrl Pts',(45.4121411494995,31.0059148458106,2.));
#10266=CARTESIAN_POINT('Ctrl Pts',(45.5117580397139,30.883712455452,2.));
#10267=CARTESIAN_POINT('Ctrl Pts',(45.5576416299592,30.8274259723652,2.));
#10268=CARTESIAN_POINT('',(45.2018189038074,31.1278558762583,2.));
#10269=CARTESIAN_POINT('Ctrl Pts',(44.5444754193954,31.4039791429851,1.6));
#10270=CARTESIAN_POINT('Ctrl Pts',(44.5444754193954,31.4039791429851,2.));
#10271=CARTESIAN_POINT('Ctrl Pts',(44.6798728999794,31.3538255934787,1.6));
#10272=CARTESIAN_POINT('Ctrl Pts',(44.6798728999794,31.3538255934787,2.));
#10273=CARTESIAN_POINT('Ctrl Pts',(44.9030044532086,31.271173838416,1.6));
#10274=CARTESIAN_POINT('Ctrl Pts',(44.9030044532086,31.271173838416,2.));
#10275=CARTESIAN_POINT('Ctrl Pts',(45.1174859749333,31.1683037979864,1.6));
#10276=CARTESIAN_POINT('Ctrl Pts',(45.1174859749333,31.1683037979864,2.));
#10277=CARTESIAN_POINT('Ctrl Pts',(45.2018189038074,31.1278558762583,1.6));
#10278=CARTESIAN_POINT('Ctrl Pts',(45.2018189038074,31.1278558762583,2.));
#10279=CARTESIAN_POINT('',(44.5444754193954,31.4039791429851,2.));
#10280=CARTESIAN_POINT('Ctrl Pts',(44.5444754193954,31.4039791429851,2.));
#10281=CARTESIAN_POINT('Ctrl Pts',(44.6798728999794,31.3538255934787,2.));
#10282=CARTESIAN_POINT('Ctrl Pts',(44.9030044532086,31.271173838416,2.));
#10283=CARTESIAN_POINT('Ctrl Pts',(45.1174859749333,31.1683037979864,2.));
#10284=CARTESIAN_POINT('Ctrl Pts',(45.2018189038074,31.1278558762583,2.));
#10285=CARTESIAN_POINT('',(44.5444754193954,31.4039791429851,2.));
#10286=CARTESIAN_POINT('Origin',(43.0715345969959,31.9563571143666,2.));
#10287=CARTESIAN_POINT('',(41.5985937745964,32.5087350857481,2.));
#10288=CARTESIAN_POINT('',(38.0331208447617,33.845848345186,2.));
#10289=CARTESIAN_POINT('',(41.5985937745964,32.5087350857481,2.));
#10290=CARTESIAN_POINT('Origin',(41.5983907441242,32.2631688015763,2.));
#10291=CARTESIAN_POINT('',(41.598187713652,32.0176025174045,2.));
#10292=CARTESIAN_POINT('',(41.5948669903783,28.0011725389603,2.));
#10293=CARTESIAN_POINT('',(41.598187713652,32.0176025174045,2.));
#10294=CARTESIAN_POINT('Origin',(42.4424062632645,31.7072183597695,2.));
#10295=CARTESIAN_POINT('',(43.2866248128771,31.3968342021345,2.));
#10296=CARTESIAN_POINT('',(37.5898996711823,33.4912838386588,2.));
#10297=CARTESIAN_POINT('',(43.2866248128771,31.3968342021345,2.));
#10298=CARTESIAN_POINT('Ctrl Pts',(43.9467576073243,31.1943776111843,1.6));
#10299=CARTESIAN_POINT('Ctrl Pts',(43.9467576073243,31.1943776111843,2.));
#10300=CARTESIAN_POINT('Ctrl Pts',(43.8349238362349,31.2239423560367,1.6));
#10301=CARTESIAN_POINT('Ctrl Pts',(43.8349238362349,31.2239423560367,2.));
#10302=CARTESIAN_POINT('Ctrl Pts',(43.6122363096287,31.2828127655899,1.6));
#10303=CARTESIAN_POINT('Ctrl Pts',(43.6122363096287,31.2828127655899,2.));
#10304=CARTESIAN_POINT('Ctrl Pts',(43.3948430730715,31.3589387297362,1.6));
#10305=CARTESIAN_POINT('Ctrl Pts',(43.3948430730715,31.3589387297362,2.));
#10306=CARTESIAN_POINT('Ctrl Pts',(43.2866248128771,31.3968342021345,1.6));
#10307=CARTESIAN_POINT('Ctrl Pts',(43.2866248128771,31.3968342021345,2.));
#10308=CARTESIAN_POINT('',(43.9467576073243,31.1943776111843,2.));
#10309=CARTESIAN_POINT('Ctrl Pts',(43.9467576073243,31.1943776111843,2.));
#10310=CARTESIAN_POINT('Ctrl Pts',(43.8349238362349,31.2239423560367,2.));
#10311=CARTESIAN_POINT('Ctrl Pts',(43.6122363096287,31.2828127655899,2.));
#10312=CARTESIAN_POINT('Ctrl Pts',(43.3948430730715,31.3589387297362,2.));
#10313=CARTESIAN_POINT('Ctrl Pts',(43.2866248128771,31.3968342021345,2.));
#10314=CARTESIAN_POINT('',(43.9467576073243,31.1943776111843,2.));
#10315=CARTESIAN_POINT('Ctrl Pts',(43.275370268615,30.984838180322,1.6));
#10316=CARTESIAN_POINT('Ctrl Pts',(43.275370268615,30.984838180322,2.));
#10317=CARTESIAN_POINT('Ctrl Pts',(43.3841422778792,31.0230869669007,1.6));
#10318=CARTESIAN_POINT('Ctrl Pts',(43.3841422778792,31.0230869669007,2.));
#10319=CARTESIAN_POINT('Ctrl Pts',(43.605446114853,31.100906649434,1.6));
#10320=CARTESIAN_POINT('Ctrl Pts',(43.605446114853,31.100906649434,2.));
#10321=CARTESIAN_POINT('Ctrl Pts',(43.831705771558,31.1628697188999,1.6));
#10322=CARTESIAN_POINT('Ctrl Pts',(43.831705771558,31.1628697188999,2.));
#10323=CARTESIAN_POINT('Ctrl Pts',(43.9467576073243,31.1943776111843,1.6));
#10324=CARTESIAN_POINT('Ctrl Pts',(43.9467576073243,31.1943776111843,2.));
#10325=CARTESIAN_POINT('',(43.275370268615,30.984838180322,2.));
#10326=CARTESIAN_POINT('Ctrl Pts',(43.275370268615,30.984838180322,2.));
#10327=CARTESIAN_POINT('Ctrl Pts',(43.3841422778792,31.0230869669007,2.));
#10328=CARTESIAN_POINT('Ctrl Pts',(43.605446114853,31.100906649434,2.));
#10329=CARTESIAN_POINT('Ctrl Pts',(43.831705771558,31.1628697188999,2.));
#10330=CARTESIAN_POINT('Ctrl Pts',(43.9467576073243,31.1943776111843,2.));
#10331=CARTESIAN_POINT('',(43.275370268615,30.984838180322,2.));
#10332=CARTESIAN_POINT('Origin',(42.4361033512451,30.6840308155074,2.));
#10333=CARTESIAN_POINT('',(41.5968364338752,30.3832234506928,2.));
#10334=CARTESIAN_POINT('',(35.1601083637143,28.0761919583982,2.));
#10335=CARTESIAN_POINT('',(41.5968364338752,30.3832234506928,2.));
#10336=CARTESIAN_POINT('Origin',(41.5966176125493,30.1185580567234,2.));
#10337=CARTESIAN_POINT('',(41.5963987912233,29.8538926627541,2.));
#10338=CARTESIAN_POINT('',(41.5939804245909,26.9288671665339,2.));
#10339=CARTESIAN_POINT('',(41.5963987912233,29.8538926627541,2.));
#10340=CARTESIAN_POINT('Origin',(43.0484217591507,30.4024879677354,2.));
#10341=CARTESIAN_POINT('',(44.500444727078,30.9510832727168,2.));
#10342=CARTESIAN_POINT('',(35.5831315020725,27.5819931988393,2.));
#10343=CARTESIAN_POINT('',(44.500444727078,30.9510832727168,2.));
#10344=CARTESIAN_POINT('Ctrl Pts',(44.620463670717,30.9073272019374,1.6));
#10345=CARTESIAN_POINT('Ctrl Pts',(44.620463670717,30.9073272019374,2.));
#10346=CARTESIAN_POINT('Ctrl Pts',(44.6036186612991,30.9131868081422,1.6));
#10347=CARTESIAN_POINT('Ctrl Pts',(44.6036186612991,30.9131868081422,2.));
#10348=CARTESIAN_POINT('Ctrl Pts',(44.5633968067802,30.9271781466131,1.6));
#10349=CARTESIAN_POINT('Ctrl Pts',(44.5633968067802,30.9271781466131,2.));
#10350=CARTESIAN_POINT('Ctrl Pts',(44.5235838954066,30.9422965139719,1.6));
#10351=CARTESIAN_POINT('Ctrl Pts',(44.5235838954066,30.9422965139719,2.));
#10352=CARTESIAN_POINT('Ctrl Pts',(44.500444727078,30.9510832727168,1.6));
#10353=CARTESIAN_POINT('Ctrl Pts',(44.500444727078,30.9510832727168,2.));
#10354=CARTESIAN_POINT('',(44.620463670717,30.9073272019374,2.));
#10355=CARTESIAN_POINT('Ctrl Pts',(44.620463670717,30.9073272019374,2.));
#10356=CARTESIAN_POINT('Ctrl Pts',(44.6036186612991,30.9131868081422,2.));
#10357=CARTESIAN_POINT('Ctrl Pts',(44.5633968067802,30.9271781466131,2.));
#10358=CARTESIAN_POINT('Ctrl Pts',(44.5235838954066,30.9422965139719,2.));
#10359=CARTESIAN_POINT('Ctrl Pts',(44.500444727078,30.9510832727168,2.));
#10360=CARTESIAN_POINT('',(44.620463670717,30.9073272019374,2.));
#10361=CARTESIAN_POINT('Ctrl Pts',(44.9859597274838,30.7569571578166,1.6));
#10362=CARTESIAN_POINT('Ctrl Pts',(44.9859597274838,30.7569571578166,2.));
#10363=CARTESIAN_POINT('Ctrl Pts',(44.9435021929743,30.7778694934358,1.6));
#10364=CARTESIAN_POINT('Ctrl Pts',(44.9435021929743,30.7778694934358,2.));
#10365=CARTESIAN_POINT('Ctrl Pts',(44.8251443122174,30.8361663247088,1.6));
#10366=CARTESIAN_POINT('Ctrl Pts',(44.8251443122174,30.8361663247088,2.));
#10367=CARTESIAN_POINT('Ctrl Pts',(44.7004362505124,30.8795233075839,1.6));
#10368=CARTESIAN_POINT('Ctrl Pts',(44.7004362505124,30.8795233075839,2.));
#10369=CARTESIAN_POINT('Ctrl Pts',(44.620463670717,30.9073272019374,1.6));
#10370=CARTESIAN_POINT('Ctrl Pts',(44.620463670717,30.9073272019374,2.));
#10371=CARTESIAN_POINT('',(44.9859597274838,30.7569571578166,2.));
#10372=CARTESIAN_POINT('Ctrl Pts',(44.9859597274838,30.7569571578166,2.));
#10373=CARTESIAN_POINT('Ctrl Pts',(44.9435021929743,30.7778694934358,2.));
#10374=CARTESIAN_POINT('Ctrl Pts',(44.8251443122174,30.8361663247088,2.));
#10375=CARTESIAN_POINT('Ctrl Pts',(44.7004362505124,30.8795233075839,2.));
#10376=CARTESIAN_POINT('Ctrl Pts',(44.620463670717,30.9073272019374,2.));
#10377=CARTESIAN_POINT('',(44.9859597274838,30.7569571578166,2.));
#10378=CARTESIAN_POINT('Ctrl Pts',(45.1386236802588,30.5958482737634,1.6));
#10379=CARTESIAN_POINT('Ctrl Pts',(45.1386236802588,30.5958482737634,2.));
#10380=CARTESIAN_POINT('Ctrl Pts',(45.118486015528,30.6272275031906,1.6));
#10381=CARTESIAN_POINT('Ctrl Pts',(45.118486015528,30.6272275031906,2.));
#10382=CARTESIAN_POINT('Ctrl Pts',(45.0778206411799,30.6905937439376,1.6));
#10383=CARTESIAN_POINT('Ctrl Pts',(45.0778206411799,30.6905937439376,2.));
#10384=CARTESIAN_POINT('Ctrl Pts',(45.0167752059552,30.7346950196624,1.6));
#10385=CARTESIAN_POINT('Ctrl Pts',(45.0167752059552,30.7346950196624,2.));
#10386=CARTESIAN_POINT('Ctrl Pts',(44.9859597274838,30.7569571578166,1.6));
#10387=CARTESIAN_POINT('Ctrl Pts',(44.9859597274838,30.7569571578166,2.));
#10388=CARTESIAN_POINT('',(45.1386236802588,30.5958482737634,2.));
#10389=CARTESIAN_POINT('Ctrl Pts',(45.1386236802588,30.5958482737634,2.));
#10390=CARTESIAN_POINT('Ctrl Pts',(45.118486015528,30.6272275031906,2.));
#10391=CARTESIAN_POINT('Ctrl Pts',(45.0778206411799,30.6905937439376,2.));
#10392=CARTESIAN_POINT('Ctrl Pts',(45.0167752059552,30.7346950196624,2.));
#10393=CARTESIAN_POINT('Ctrl Pts',(44.9859597274838,30.7569571578166,2.));
#10394=CARTESIAN_POINT('',(45.1386236802588,30.5958482737634,2.));
#10395=CARTESIAN_POINT('Ctrl Pts',(45.1929769362675,30.3338658659536,1.6));
#10396=CARTESIAN_POINT('Ctrl Pts',(45.1929769362675,30.3338658659536,2.));
#10397=CARTESIAN_POINT('Ctrl Pts',(45.1917742002753,30.3837106172858,1.6));
#10398=CARTESIAN_POINT('Ctrl Pts',(45.1917742002753,30.3837106172858,2.));
#10399=CARTESIAN_POINT('Ctrl Pts',(45.1895823570665,30.4745467445914,1.6));
#10400=CARTESIAN_POINT('Ctrl Pts',(45.1895823570665,30.4745467445914,2.));
#10401=CARTESIAN_POINT('Ctrl Pts',(45.1544691315355,30.5581299186041,1.6));
#10402=CARTESIAN_POINT('Ctrl Pts',(45.1544691315355,30.5581299186041,2.));
#10403=CARTESIAN_POINT('Ctrl Pts',(45.1386236802588,30.5958482737634,1.6));
#10404=CARTESIAN_POINT('Ctrl Pts',(45.1386236802588,30.5958482737634,2.));
#10405=CARTESIAN_POINT('',(45.1929769362675,30.3338658659536,2.));
#10406=CARTESIAN_POINT('Ctrl Pts',(45.1929769362675,30.3338658659536,2.));
#10407=CARTESIAN_POINT('Ctrl Pts',(45.1917742002753,30.3837106172858,2.));
#10408=CARTESIAN_POINT('Ctrl Pts',(45.1895823570665,30.4745467445914,2.));
#10409=CARTESIAN_POINT('Ctrl Pts',(45.1544691315355,30.5581299186041,2.));
#10410=CARTESIAN_POINT('Ctrl Pts',(45.1386236802588,30.5958482737634,2.));
#10411=CARTESIAN_POINT('',(45.1929769362675,30.3338658659536,2.));
#10412=CARTESIAN_POINT('Ctrl Pts',(45.1490883640979,30.0528649640946,1.6));
#10413=CARTESIAN_POINT('Ctrl Pts',(45.1490883640979,30.0528649640946,2.));
#10414=CARTESIAN_POINT('Ctrl Pts',(45.161835660679,30.1028362432634,1.6));
#10415=CARTESIAN_POINT('Ctrl Pts',(45.161835660679,30.1028362432634,2.));
#10416=CARTESIAN_POINT('Ctrl Pts',(45.1853864970854,30.1951589889716,1.6));
#10417=CARTESIAN_POINT('Ctrl Pts',(45.1853864970854,30.1951589889716,2.));
#10418=CARTESIAN_POINT('Ctrl Pts',(45.1905899445363,30.290246233351,1.6));
#10419=CARTESIAN_POINT('Ctrl Pts',(45.1905899445363,30.290246233351,2.));
#10420=CARTESIAN_POINT('Ctrl Pts',(45.1929769362675,30.3338658659536,1.6));
#10421=CARTESIAN_POINT('Ctrl Pts',(45.1929769362675,30.3338658659536,2.));
#10422=CARTESIAN_POINT('',(45.1490883640979,30.0528649640946,2.));
#10423=CARTESIAN_POINT('Ctrl Pts',(45.1490883640979,30.0528649640946,2.));
#10424=CARTESIAN_POINT('Ctrl Pts',(45.161835660679,30.1028362432634,2.));
#10425=CARTESIAN_POINT('Ctrl Pts',(45.1853864970854,30.1951589889716,2.));
#10426=CARTESIAN_POINT('Ctrl Pts',(45.1905899445363,30.290246233351,2.));
#10427=CARTESIAN_POINT('Ctrl Pts',(45.1929769362675,30.3338658659536,2.));
#10428=CARTESIAN_POINT('',(45.1490883640979,30.0528649640946,2.));
#10429=CARTESIAN_POINT('Origin',(45.3796702529566,30.0799595500573,2.));
#10430=CARTESIAN_POINT('',(45.6102521418154,30.10705413602,2.));
#10431=CARTESIAN_POINT('',(36.6879442358739,29.0586359808053,2.));
#10432=CARTESIAN_POINT('',(45.6102521418154,30.10705413602,2.));
#10433=CARTESIAN_POINT('Ctrl Pts',(45.6705410467692,30.4235122145623,1.6));
#10434=CARTESIAN_POINT('Ctrl Pts',(45.6705410467692,30.4235122145623,2.));
#10435=CARTESIAN_POINT('Ctrl Pts',(45.667392480741,30.3731435532525,1.6));
#10436=CARTESIAN_POINT('Ctrl Pts',(45.667392480741,30.3731435532525,2.));
#10437=CARTESIAN_POINT('Ctrl Pts',(45.6606443025069,30.2651906944302,1.6));
#10438=CARTESIAN_POINT('Ctrl Pts',(45.6606443025069,30.2651906944302,2.));
#10439=CARTESIAN_POINT('Ctrl Pts',(45.6277817040692,30.1620639749954,1.6));
#10440=CARTESIAN_POINT('Ctrl Pts',(45.6277817040692,30.1620639749954,2.));
#10441=CARTESIAN_POINT('Ctrl Pts',(45.6102521418154,30.10705413602,1.6));
#10442=CARTESIAN_POINT('Ctrl Pts',(45.6102521418154,30.10705413602,2.));
#10443=CARTESIAN_POINT('Ctrl Pts',(45.6705410467692,30.4235122145623,2.));
#10444=CARTESIAN_POINT('Ctrl Pts',(45.667392480741,30.3731435532525,2.));
#10445=CARTESIAN_POINT('Ctrl Pts',(45.6606443025069,30.2651906944302,2.));
#10446=CARTESIAN_POINT('Ctrl Pts',(45.6277817040692,30.1620639749954,2.));
#10447=CARTESIAN_POINT('Ctrl Pts',(45.6102521418154,30.10705413602,2.));
#10448=CARTESIAN_POINT('Origin',(28.5,23.75,1.6));
#10449=CARTESIAN_POINT('',(44.1528737858068,26.3811090291237,1.6));
#10450=CARTESIAN_POINT('',(44.0113724813082,26.842344399139,1.6));
#10451=CARTESIAN_POINT('Ctrl Pts',(44.1528737858068,26.3811090291237,1.6));
#10452=CARTESIAN_POINT('Ctrl Pts',(44.1478846940528,26.466683460985,1.6));
#10453=CARTESIAN_POINT('Ctrl Pts',(44.1382365804384,26.6321708646661,1.6));
#10454=CARTESIAN_POINT('Ctrl Pts',(44.0526849167845,26.7739028097432,1.6));
#10455=CARTESIAN_POINT('Ctrl Pts',(44.0113724813082,26.842344399139,1.6));
#10456=CARTESIAN_POINT('',(43.8986214885507,25.7755892156851,1.6));
#10457=CARTESIAN_POINT('Ctrl Pts',(43.8986214885507,25.7755892156851,1.6));
#10458=CARTESIAN_POINT('Ctrl Pts',(43.9727021034062,25.8620253198815,1.6));
#10459=CARTESIAN_POINT('Ctrl Pts',(44.1222447102457,26.0365092975293,1.6));
#10460=CARTESIAN_POINT('Ctrl Pts',(44.1426014133017,26.2655372482835,1.6));
#10461=CARTESIAN_POINT('Ctrl Pts',(44.1528737858068,26.3811090291237,1.6));
#10462=CARTESIAN_POINT('',(43.1671570005407,25.5060715974269,1.6));
#10463=CARTESIAN_POINT('Ctrl Pts',(43.1671570005407,25.5060715974269,1.6));
#10464=CARTESIAN_POINT('Ctrl Pts',(43.3126628240197,25.52014362276,1.6));
#10465=CARTESIAN_POINT('Ctrl Pts',(43.5811275391918,25.5461071353028,1.6));
#10466=CARTESIAN_POINT('Ctrl Pts',(43.7988863079235,25.7035014269766,1.6));
#10467=CARTESIAN_POINT('Ctrl Pts',(43.8986214885507,25.7755892156851,1.6));
#10468=CARTESIAN_POINT('',(43.168943666922,27.6670527523722,1.6));
#10469=CARTESIAN_POINT('',(43.168943666922,27.6670527523722,1.6));
#10470=CARTESIAN_POINT('',(43.0379772778142,27.669889734963,1.6));
#10471=CARTESIAN_POINT('Ctrl Pts',(43.0379772778142,27.669889734963,1.6));
#10472=CARTESIAN_POINT('Ctrl Pts',(43.0561683373627,27.6697015420595,1.6));
#10473=CARTESIAN_POINT('Ctrl Pts',(43.09983391082,27.6692498063575,1.6));
#10474=CARTESIAN_POINT('Ctrl Pts',(43.1434803285011,27.6678622521058,1.6));
#10475=CARTESIAN_POINT('Ctrl Pts',(43.168943666922,27.6670527523722,1.6));
#10476=CARTESIAN_POINT('',(41.924439844333,27.3024607127406,1.6));
#10477=CARTESIAN_POINT('Ctrl Pts',(41.924439844333,27.3024607127406,1.6));
#10478=CARTESIAN_POINT('Ctrl Pts',(42.0779604011809,27.4095957498649,1.6));
#10479=CARTESIAN_POINT('Ctrl Pts',(42.411010547988,27.6420163492623,1.6));
#10480=CARTESIAN_POINT('Ctrl Pts',(42.8183839699831,27.6601271611688,1.6));
#10481=CARTESIAN_POINT('Ctrl Pts',(43.0379772778142,27.669889734963,1.6));
#10482=CARTESIAN_POINT('',(41.5280204568803,26.3532658848812,1.6));
#10483=CARTESIAN_POINT('Ctrl Pts',(41.5280204568803,26.3532658848812,1.6));
#10484=CARTESIAN_POINT('Ctrl Pts',(41.5432588681378,26.536787569335,1.6));
#10485=CARTESIAN_POINT('Ctrl Pts',(41.5731218509584,26.8964382453446,1.6));
#10486=CARTESIAN_POINT('Ctrl Pts',(41.8089496762017,27.1689873242181,1.6));
#10487=CARTESIAN_POINT('Ctrl Pts',(41.924439844333,27.3024607127406,1.6));
#10488=CARTESIAN_POINT('',(41.9310326873034,25.3761242754968,1.6));
#10489=CARTESIAN_POINT('Ctrl Pts',(41.9310326873034,25.3761242754968,1.6));
#10490=CARTESIAN_POINT('Ctrl Pts',(41.8133837767365,25.5133284037982,1.6));
#10491=CARTESIAN_POINT('Ctrl Pts',(41.5723712200143,25.7944012806774,1.6));
#10492=CARTESIAN_POINT('Ctrl Pts',(41.5430359046696,26.164056011302,1.6));
#10493=CARTESIAN_POINT('Ctrl Pts',(41.5280204568803,26.3532658848812,1.6));
#10494=CARTESIAN_POINT('',(43.0657823697372,24.9986514910332,1.6));
#10495=CARTESIAN_POINT('Ctrl Pts',(43.0657823697372,24.9986514910332,1.6));
#10496=CARTESIAN_POINT('Ctrl Pts',(42.8419539644909,25.0090510265948,1.6));
#10497=CARTESIAN_POINT('Ctrl Pts',(42.4264854879896,25.0283545604396,1.6));
#10498=CARTESIAN_POINT('Ctrl Pts',(42.0874274710334,25.2663471800825,1.6));
#10499=CARTESIAN_POINT('Ctrl Pts',(41.9310326873034,25.3761242754968,1.6));
#10500=CARTESIAN_POINT('',(44.1643162324877,25.370185374289,1.6));
#10501=CARTESIAN_POINT('Ctrl Pts',(44.1643162324877,25.370185374289,1.6));
#10502=CARTESIAN_POINT('Ctrl Pts',(44.0129110618757,25.2618410025056,1.6));
#10503=CARTESIAN_POINT('Ctrl Pts',(43.6858153645139,25.0277738454825,1.6));
#10504=CARTESIAN_POINT('Ctrl Pts',(43.2824428871312,25.0088278275119,1.6));
#10505=CARTESIAN_POINT('Ctrl Pts',(43.0657823697372,24.9986514910332,1.6));
#10506=CARTESIAN_POINT('',(44.5566910719532,26.3780464575573,1.6));
#10507=CARTESIAN_POINT('Ctrl Pts',(44.5566910719532,26.3780464575573,1.6));
#10508=CARTESIAN_POINT('Ctrl Pts',(44.5434217261178,26.1802822501744,1.6));
#10509=CARTESIAN_POINT('Ctrl Pts',(44.5180466781262,25.8020965946318,1.6));
#10510=CARTESIAN_POINT('Ctrl Pts',(44.2785656912527,25.5096860131713,1.6));
#10511=CARTESIAN_POINT('Ctrl Pts',(44.1643162324877,25.370185374289,1.6));
#10512=CARTESIAN_POINT('',(44.3118111759296,27.2077181695659,1.6));
#10513=CARTESIAN_POINT('Ctrl Pts',(44.3118111759296,27.2077181695659,1.6));
#10514=CARTESIAN_POINT('Ctrl Pts',(44.3832702289246,27.0875375984171,1.6));
#10515=CARTESIAN_POINT('Ctrl Pts',(44.5349746685566,26.8323995097265,1.6));
#10516=CARTESIAN_POINT('Ctrl Pts',(44.5491780627177,26.5352344879494,1.6));
#10517=CARTESIAN_POINT('Ctrl Pts',(44.5566910719532,26.3780464575573,1.6));
#10518=CARTESIAN_POINT('',(43.6218652463032,27.6530359679339,1.6));
#10519=CARTESIAN_POINT('Ctrl Pts',(43.6218652463032,27.6530359679339,1.6));
#10520=CARTESIAN_POINT('Ctrl Pts',(43.7602914012631,27.6062949426239,1.6));
#10521=CARTESIAN_POINT('Ctrl Pts',(44.0281714647219,27.5158424639736,1.6));
#10522=CARTESIAN_POINT('Ctrl Pts',(44.2193995730645,27.3081070037198,1.6));
#10523=CARTESIAN_POINT('Ctrl Pts',(44.3118111759296,27.2077181695659,1.6));
#10524=CARTESIAN_POINT('',(43.5586900271873,27.1455842788471,1.6));
#10525=CARTESIAN_POINT('',(43.5586900271873,27.1455842788471,1.6));
#10526=CARTESIAN_POINT('Ctrl Pts',(44.0113724813082,26.842344399139,1.6));
#10527=CARTESIAN_POINT('Ctrl Pts',(43.953201804171,26.9040756346458,1.6));
#10528=CARTESIAN_POINT('Ctrl Pts',(43.8258019202392,27.0392735148424,1.6));
#10529=CARTESIAN_POINT('Ctrl Pts',(43.6527348321196,27.1081543653048,1.6));
#10530=CARTESIAN_POINT('Ctrl Pts',(43.5586900271873,27.1455842788471,1.6));
#10531=CARTESIAN_POINT('',(41.9318448091922,26.358389412184,1.6));
#10532=CARTESIAN_POINT('',(42.1578407356355,25.7893070277796,1.6));
#10533=CARTESIAN_POINT('Ctrl Pts',(41.9318448091922,26.358389412184,1.6));
#10534=CARTESIAN_POINT('Ctrl Pts',(41.940697703226,26.2506013363298,1.6));
#10535=CARTESIAN_POINT('Ctrl Pts',(41.9581790823279,26.0377574674797,1.6));
#10536=CARTESIAN_POINT('Ctrl Pts',(42.0918588682837,25.8714120473675,1.6));
#10537=CARTESIAN_POINT('Ctrl Pts',(42.1578407356355,25.7893070277796,1.6));
#10538=CARTESIAN_POINT('',(42.2161132701284,26.9666119181917,1.6));
#10539=CARTESIAN_POINT('Ctrl Pts',(42.2161132701284,26.9666119181917,1.6));
#10540=CARTESIAN_POINT('Ctrl Pts',(42.1332791613072,26.8823955991615,1.6));
#10541=CARTESIAN_POINT('Ctrl Pts',(41.9668858642406,26.7132257826494,1.6));
#10542=CARTESIAN_POINT('Ctrl Pts',(41.9435590440455,26.4770113136186,1.6));
#10543=CARTESIAN_POINT('Ctrl Pts',(41.9318448091922,26.358389412184,1.6));
#10544=CARTESIAN_POINT('',(42.7646974633048,27.1516981429745,1.6));
#10545=CARTESIAN_POINT('Ctrl Pts',(42.7646974633047,27.1516981429745,1.6));
#10546=CARTESIAN_POINT('Ctrl Pts',(42.6550097193349,27.1393672883896,1.6));
#10547=CARTESIAN_POINT('Ctrl Pts',(42.4580433670037,27.1172247648878,1.6));
#10548=CARTESIAN_POINT('Ctrl Pts',(42.2903989219287,27.0128582250002,1.6));
#10549=CARTESIAN_POINT('Ctrl Pts',(42.2161132701284,26.9666119181917,1.6));
#10550=CARTESIAN_POINT('',(42.7633597188271,25.5336900824014,1.6));
#10551=CARTESIAN_POINT('',(42.7633597188271,25.5336900824014,1.6));
#10552=CARTESIAN_POINT('Ctrl Pts',(42.1578407356355,25.7893070277796,1.6));
#10553=CARTESIAN_POINT('Ctrl Pts',(42.2422469539243,25.7208333057086,1.6));
#10554=CARTESIAN_POINT('Ctrl Pts',(42.4189561405441,25.5774797000465,1.6));
#10555=CARTESIAN_POINT('Ctrl Pts',(42.6451885804815,25.5487150975032,1.6));
#10556=CARTESIAN_POINT('Ctrl Pts',(42.7633597188271,25.5336900824014,1.6));
#10557=CARTESIAN_POINT('Ctrl Pts',(44.1528737858068,26.3811090291237,1.6));
#10558=CARTESIAN_POINT('Ctrl Pts',(44.1528737858068,26.3811090291237,2.));
#10559=CARTESIAN_POINT('Ctrl Pts',(44.1478846940528,26.466683460985,1.6));
#10560=CARTESIAN_POINT('Ctrl Pts',(44.1478846940528,26.466683460985,2.));
#10561=CARTESIAN_POINT('Ctrl Pts',(44.1382365804384,26.6321708646661,1.6));
#10562=CARTESIAN_POINT('Ctrl Pts',(44.1382365804384,26.6321708646661,2.));
#10563=CARTESIAN_POINT('Ctrl Pts',(44.0526849167845,26.7739028097432,1.6));
#10564=CARTESIAN_POINT('Ctrl Pts',(44.0526849167845,26.7739028097432,2.));
#10565=CARTESIAN_POINT('Ctrl Pts',(44.0113724813082,26.842344399139,1.6));
#10566=CARTESIAN_POINT('Ctrl Pts',(44.0113724813082,26.842344399139,2.));
#10567=CARTESIAN_POINT('',(44.0113724813082,26.842344399139,2.));
#10568=CARTESIAN_POINT('',(44.0113724813082,26.842344399139,2.));
#10569=CARTESIAN_POINT('',(44.1528737858068,26.3811090291237,2.));
#10570=CARTESIAN_POINT('Ctrl Pts',(44.1528737858068,26.3811090291237,2.));
#10571=CARTESIAN_POINT('Ctrl Pts',(44.1478846940528,26.466683460985,2.));
#10572=CARTESIAN_POINT('Ctrl Pts',(44.1382365804384,26.6321708646661,2.));
#10573=CARTESIAN_POINT('Ctrl Pts',(44.0526849167845,26.7739028097432,2.));
#10574=CARTESIAN_POINT('Ctrl Pts',(44.0113724813082,26.842344399139,2.));
#10575=CARTESIAN_POINT('',(44.1528737858068,26.3811090291237,2.));
#10576=CARTESIAN_POINT('Ctrl Pts',(43.8986214885507,25.7755892156851,1.6));
#10577=CARTESIAN_POINT('Ctrl Pts',(43.8986214885507,25.7755892156851,2.));
#10578=CARTESIAN_POINT('Ctrl Pts',(43.9727021034062,25.8620253198815,1.6));
#10579=CARTESIAN_POINT('Ctrl Pts',(43.9727021034062,25.8620253198815,2.));
#10580=CARTESIAN_POINT('Ctrl Pts',(44.1222447102457,26.0365092975293,1.6));
#10581=CARTESIAN_POINT('Ctrl Pts',(44.1222447102457,26.0365092975293,2.));
#10582=CARTESIAN_POINT('Ctrl Pts',(44.1426014133017,26.2655372482835,1.6));
#10583=CARTESIAN_POINT('Ctrl Pts',(44.1426014133017,26.2655372482835,2.));
#10584=CARTESIAN_POINT('Ctrl Pts',(44.1528737858068,26.3811090291237,1.6));
#10585=CARTESIAN_POINT('Ctrl Pts',(44.1528737858068,26.3811090291237,2.));
#10586=CARTESIAN_POINT('',(43.8986214885507,25.7755892156851,2.));
#10587=CARTESIAN_POINT('Ctrl Pts',(43.8986214885507,25.7755892156851,2.));
#10588=CARTESIAN_POINT('Ctrl Pts',(43.9727021034062,25.8620253198815,2.));
#10589=CARTESIAN_POINT('Ctrl Pts',(44.1222447102457,26.0365092975293,2.));
#10590=CARTESIAN_POINT('Ctrl Pts',(44.1426014133017,26.2655372482835,2.));
#10591=CARTESIAN_POINT('Ctrl Pts',(44.1528737858068,26.3811090291237,2.));
#10592=CARTESIAN_POINT('',(43.8986214885507,25.7755892156851,2.));
#10593=CARTESIAN_POINT('Ctrl Pts',(43.1671570005407,25.5060715974269,1.6));
#10594=CARTESIAN_POINT('Ctrl Pts',(43.1671570005407,25.5060715974269,2.));
#10595=CARTESIAN_POINT('Ctrl Pts',(43.3126628240197,25.52014362276,1.6));
#10596=CARTESIAN_POINT('Ctrl Pts',(43.3126628240197,25.52014362276,2.));
#10597=CARTESIAN_POINT('Ctrl Pts',(43.5811275391918,25.5461071353028,1.6));
#10598=CARTESIAN_POINT('Ctrl Pts',(43.5811275391918,25.5461071353028,2.));
#10599=CARTESIAN_POINT('Ctrl Pts',(43.7988863079235,25.7035014269766,1.6));
#10600=CARTESIAN_POINT('Ctrl Pts',(43.7988863079235,25.7035014269766,2.));
#10601=CARTESIAN_POINT('Ctrl Pts',(43.8986214885507,25.7755892156851,1.6));
#10602=CARTESIAN_POINT('Ctrl Pts',(43.8986214885507,25.7755892156851,2.));
#10603=CARTESIAN_POINT('',(43.1671570005407,25.5060715974269,2.));
#10604=CARTESIAN_POINT('Ctrl Pts',(43.1671570005407,25.5060715974269,2.));
#10605=CARTESIAN_POINT('Ctrl Pts',(43.3126628240197,25.52014362276,2.));
#10606=CARTESIAN_POINT('Ctrl Pts',(43.5811275391918,25.5461071353028,2.));
#10607=CARTESIAN_POINT('Ctrl Pts',(43.7988863079235,25.7035014269766,2.));
#10608=CARTESIAN_POINT('Ctrl Pts',(43.8986214885507,25.7755892156851,2.));
#10609=CARTESIAN_POINT('',(43.1671570005407,25.5060715974269,2.));
#10610=CARTESIAN_POINT('Origin',(43.1680503337314,26.5865621748996,2.));
#10611=CARTESIAN_POINT('',(43.168943666922,27.6670527523722,2.));
#10612=CARTESIAN_POINT('',(43.1668727079426,25.1622184005307,2.));
#10613=CARTESIAN_POINT('',(43.168943666922,27.6670527523722,2.));
#10614=CARTESIAN_POINT('Ctrl Pts',(43.0379772778142,27.669889734963,1.6));
#10615=CARTESIAN_POINT('Ctrl Pts',(43.0379772778142,27.669889734963,2.));
#10616=CARTESIAN_POINT('Ctrl Pts',(43.0561683373627,27.6697015420595,1.6));
#10617=CARTESIAN_POINT('Ctrl Pts',(43.0561683373627,27.6697015420595,2.));
#10618=CARTESIAN_POINT('Ctrl Pts',(43.09983391082,27.6692498063575,1.6));
#10619=CARTESIAN_POINT('Ctrl Pts',(43.09983391082,27.6692498063575,2.));
#10620=CARTESIAN_POINT('Ctrl Pts',(43.1434803285011,27.6678622521058,1.6));
#10621=CARTESIAN_POINT('Ctrl Pts',(43.1434803285011,27.6678622521058,2.));
#10622=CARTESIAN_POINT('Ctrl Pts',(43.168943666922,27.6670527523722,1.6));
#10623=CARTESIAN_POINT('Ctrl Pts',(43.168943666922,27.6670527523722,2.));
#10624=CARTESIAN_POINT('',(43.0379772778142,27.669889734963,2.));
#10625=CARTESIAN_POINT('Ctrl Pts',(43.0379772778142,27.669889734963,2.));
#10626=CARTESIAN_POINT('Ctrl Pts',(43.0561683373627,27.6697015420595,2.));
#10627=CARTESIAN_POINT('Ctrl Pts',(43.09983391082,27.6692498063575,2.));
#10628=CARTESIAN_POINT('Ctrl Pts',(43.1434803285011,27.6678622521058,2.));
#10629=CARTESIAN_POINT('Ctrl Pts',(43.168943666922,27.6670527523722,2.));
#10630=CARTESIAN_POINT('',(43.0379772778142,27.669889734963,2.));
#10631=CARTESIAN_POINT('Ctrl Pts',(41.924439844333,27.3024607127406,1.6));
#10632=CARTESIAN_POINT('Ctrl Pts',(41.924439844333,27.3024607127406,2.));
#10633=CARTESIAN_POINT('Ctrl Pts',(42.0779604011809,27.4095957498649,1.6));
#10634=CARTESIAN_POINT('Ctrl Pts',(42.0779604011809,27.4095957498649,2.));
#10635=CARTESIAN_POINT('Ctrl Pts',(42.411010547988,27.6420163492623,1.6));
#10636=CARTESIAN_POINT('Ctrl Pts',(42.411010547988,27.6420163492623,2.));
#10637=CARTESIAN_POINT('Ctrl Pts',(42.8183839699831,27.6601271611688,1.6));
#10638=CARTESIAN_POINT('Ctrl Pts',(42.8183839699831,27.6601271611688,2.));
#10639=CARTESIAN_POINT('Ctrl Pts',(43.0379772778142,27.669889734963,1.6));
#10640=CARTESIAN_POINT('Ctrl Pts',(43.0379772778142,27.669889734963,2.));
#10641=CARTESIAN_POINT('',(41.924439844333,27.3024607127406,2.));
#10642=CARTESIAN_POINT('Ctrl Pts',(41.924439844333,27.3024607127406,2.));
#10643=CARTESIAN_POINT('Ctrl Pts',(42.0779604011809,27.4095957498649,2.));
#10644=CARTESIAN_POINT('Ctrl Pts',(42.411010547988,27.6420163492623,2.));
#10645=CARTESIAN_POINT('Ctrl Pts',(42.8183839699831,27.6601271611688,2.));
#10646=CARTESIAN_POINT('Ctrl Pts',(43.0379772778142,27.669889734963,2.));
#10647=CARTESIAN_POINT('',(41.924439844333,27.3024607127406,2.));
#10648=CARTESIAN_POINT('Ctrl Pts',(41.5280204568803,26.3532658848812,1.6));
#10649=CARTESIAN_POINT('Ctrl Pts',(41.5280204568803,26.3532658848812,2.));
#10650=CARTESIAN_POINT('Ctrl Pts',(41.5432588681378,26.536787569335,1.6));
#10651=CARTESIAN_POINT('Ctrl Pts',(41.5432588681378,26.536787569335,2.));
#10652=CARTESIAN_POINT('Ctrl Pts',(41.5731218509584,26.8964382453446,1.6));
#10653=CARTESIAN_POINT('Ctrl Pts',(41.5731218509584,26.8964382453446,2.));
#10654=CARTESIAN_POINT('Ctrl Pts',(41.8089496762017,27.1689873242181,1.6));
#10655=CARTESIAN_POINT('Ctrl Pts',(41.8089496762017,27.1689873242181,2.));
#10656=CARTESIAN_POINT('Ctrl Pts',(41.924439844333,27.3024607127406,1.6));
#10657=CARTESIAN_POINT('Ctrl Pts',(41.924439844333,27.3024607127406,2.));
#10658=CARTESIAN_POINT('',(41.5280204568803,26.3532658848812,2.));
#10659=CARTESIAN_POINT('Ctrl Pts',(41.5280204568803,26.3532658848812,2.));
#10660=CARTESIAN_POINT('Ctrl Pts',(41.5432588681378,26.536787569335,2.));
#10661=CARTESIAN_POINT('Ctrl Pts',(41.5731218509584,26.8964382453446,2.));
#10662=CARTESIAN_POINT('Ctrl Pts',(41.8089496762017,27.1689873242181,2.));
#10663=CARTESIAN_POINT('Ctrl Pts',(41.924439844333,27.3024607127406,2.));
#10664=CARTESIAN_POINT('',(41.5280204568803,26.3532658848812,2.));
#10665=CARTESIAN_POINT('Ctrl Pts',(41.9310326873034,25.3761242754968,1.6));
#10666=CARTESIAN_POINT('Ctrl Pts',(41.9310326873034,25.3761242754968,2.));
#10667=CARTESIAN_POINT('Ctrl Pts',(41.8133837767365,25.5133284037982,1.6));
#10668=CARTESIAN_POINT('Ctrl Pts',(41.8133837767365,25.5133284037982,2.));
#10669=CARTESIAN_POINT('Ctrl Pts',(41.5723712200143,25.7944012806774,1.6));
#10670=CARTESIAN_POINT('Ctrl Pts',(41.5723712200143,25.7944012806774,2.));
#10671=CARTESIAN_POINT('Ctrl Pts',(41.5430359046696,26.164056011302,1.6));
#10672=CARTESIAN_POINT('Ctrl Pts',(41.5430359046696,26.164056011302,2.));
#10673=CARTESIAN_POINT('Ctrl Pts',(41.5280204568803,26.3532658848812,1.6));
#10674=CARTESIAN_POINT('Ctrl Pts',(41.5280204568803,26.3532658848812,2.));
#10675=CARTESIAN_POINT('',(41.9310326873034,25.3761242754968,2.));
#10676=CARTESIAN_POINT('Ctrl Pts',(41.9310326873034,25.3761242754968,2.));
#10677=CARTESIAN_POINT('Ctrl Pts',(41.8133837767365,25.5133284037982,2.));
#10678=CARTESIAN_POINT('Ctrl Pts',(41.5723712200143,25.7944012806774,2.));
#10679=CARTESIAN_POINT('Ctrl Pts',(41.5430359046696,26.164056011302,2.));
#10680=CARTESIAN_POINT('Ctrl Pts',(41.5280204568803,26.3532658848812,2.));
#10681=CARTESIAN_POINT('',(41.9310326873034,25.3761242754968,2.));
#10682=CARTESIAN_POINT('Ctrl Pts',(43.0657823697372,24.9986514910332,1.6));
#10683=CARTESIAN_POINT('Ctrl Pts',(43.0657823697372,24.9986514910332,2.));
#10684=CARTESIAN_POINT('Ctrl Pts',(42.8419539644909,25.0090510265948,1.6));
#10685=CARTESIAN_POINT('Ctrl Pts',(42.8419539644909,25.0090510265948,2.));
#10686=CARTESIAN_POINT('Ctrl Pts',(42.4264854879896,25.0283545604396,1.6));
#10687=CARTESIAN_POINT('Ctrl Pts',(42.4264854879896,25.0283545604396,2.));
#10688=CARTESIAN_POINT('Ctrl Pts',(42.0874274710334,25.2663471800825,1.6));
#10689=CARTESIAN_POINT('Ctrl Pts',(42.0874274710334,25.2663471800825,2.));
#10690=CARTESIAN_POINT('Ctrl Pts',(41.9310326873034,25.3761242754968,1.6));
#10691=CARTESIAN_POINT('Ctrl Pts',(41.9310326873034,25.3761242754968,2.));
#10692=CARTESIAN_POINT('',(43.0657823697372,24.9986514910332,2.));
#10693=CARTESIAN_POINT('Ctrl Pts',(43.0657823697372,24.9986514910332,2.));
#10694=CARTESIAN_POINT('Ctrl Pts',(42.8419539644909,25.0090510265948,2.));
#10695=CARTESIAN_POINT('Ctrl Pts',(42.4264854879896,25.0283545604396,2.));
#10696=CARTESIAN_POINT('Ctrl Pts',(42.0874274710334,25.2663471800825,2.));
#10697=CARTESIAN_POINT('Ctrl Pts',(41.9310326873034,25.3761242754968,2.));
#10698=CARTESIAN_POINT('',(43.0657823697372,24.9986514910332,2.));
#10699=CARTESIAN_POINT('Ctrl Pts',(44.1643162324877,25.370185374289,1.6));
#10700=CARTESIAN_POINT('Ctrl Pts',(44.1643162324877,25.370185374289,2.));
#10701=CARTESIAN_POINT('Ctrl Pts',(44.0129110618757,25.2618410025056,1.6));
#10702=CARTESIAN_POINT('Ctrl Pts',(44.0129110618757,25.2618410025056,2.));
#10703=CARTESIAN_POINT('Ctrl Pts',(43.6858153645139,25.0277738454825,1.6));
#10704=CARTESIAN_POINT('Ctrl Pts',(43.6858153645139,25.0277738454825,2.));
#10705=CARTESIAN_POINT('Ctrl Pts',(43.2824428871312,25.0088278275119,1.6));
#10706=CARTESIAN_POINT('Ctrl Pts',(43.2824428871312,25.0088278275119,2.));
#10707=CARTESIAN_POINT('Ctrl Pts',(43.0657823697372,24.9986514910332,1.6));
#10708=CARTESIAN_POINT('Ctrl Pts',(43.0657823697372,24.9986514910332,2.));
#10709=CARTESIAN_POINT('',(44.1643162324877,25.370185374289,2.));
#10710=CARTESIAN_POINT('Ctrl Pts',(44.1643162324877,25.370185374289,2.));
#10711=CARTESIAN_POINT('Ctrl Pts',(44.0129110618757,25.2618410025056,2.));
#10712=CARTESIAN_POINT('Ctrl Pts',(43.6858153645139,25.0277738454825,2.));
#10713=CARTESIAN_POINT('Ctrl Pts',(43.2824428871312,25.0088278275119,2.));
#10714=CARTESIAN_POINT('Ctrl Pts',(43.0657823697372,24.9986514910332,2.));
#10715=CARTESIAN_POINT('',(44.1643162324877,25.370185374289,2.));
#10716=CARTESIAN_POINT('Ctrl Pts',(44.5566910719532,26.3780464575573,1.6));
#10717=CARTESIAN_POINT('Ctrl Pts',(44.5566910719532,26.3780464575573,2.));
#10718=CARTESIAN_POINT('Ctrl Pts',(44.5434217261178,26.1802822501744,1.6));
#10719=CARTESIAN_POINT('Ctrl Pts',(44.5434217261178,26.1802822501744,2.));
#10720=CARTESIAN_POINT('Ctrl Pts',(44.5180466781262,25.8020965946318,1.6));
#10721=CARTESIAN_POINT('Ctrl Pts',(44.5180466781262,25.8020965946318,2.));
#10722=CARTESIAN_POINT('Ctrl Pts',(44.2785656912527,25.5096860131713,1.6));
#10723=CARTESIAN_POINT('Ctrl Pts',(44.2785656912527,25.5096860131713,2.));
#10724=CARTESIAN_POINT('Ctrl Pts',(44.1643162324877,25.370185374289,1.6));
#10725=CARTESIAN_POINT('Ctrl Pts',(44.1643162324877,25.370185374289,2.));
#10726=CARTESIAN_POINT('',(44.5566910719532,26.3780464575573,2.));
#10727=CARTESIAN_POINT('Ctrl Pts',(44.5566910719532,26.3780464575573,2.));
#10728=CARTESIAN_POINT('Ctrl Pts',(44.5434217261178,26.1802822501744,2.));
#10729=CARTESIAN_POINT('Ctrl Pts',(44.5180466781262,25.8020965946318,2.));
#10730=CARTESIAN_POINT('Ctrl Pts',(44.2785656912527,25.5096860131713,2.));
#10731=CARTESIAN_POINT('Ctrl Pts',(44.1643162324877,25.370185374289,2.));
#10732=CARTESIAN_POINT('',(44.5566910719532,26.3780464575573,2.));
#10733=CARTESIAN_POINT('Ctrl Pts',(44.3118111759296,27.2077181695659,1.6));
#10734=CARTESIAN_POINT('Ctrl Pts',(44.3118111759296,27.2077181695659,2.));
#10735=CARTESIAN_POINT('Ctrl Pts',(44.3832702289246,27.0875375984171,1.6));
#10736=CARTESIAN_POINT('Ctrl Pts',(44.3832702289246,27.0875375984171,2.));
#10737=CARTESIAN_POINT('Ctrl Pts',(44.5349746685566,26.8323995097265,1.6));
#10738=CARTESIAN_POINT('Ctrl Pts',(44.5349746685566,26.8323995097265,2.));
#10739=CARTESIAN_POINT('Ctrl Pts',(44.5491780627177,26.5352344879494,1.6));
#10740=CARTESIAN_POINT('Ctrl Pts',(44.5491780627177,26.5352344879494,2.));
#10741=CARTESIAN_POINT('Ctrl Pts',(44.5566910719532,26.3780464575573,1.6));
#10742=CARTESIAN_POINT('Ctrl Pts',(44.5566910719532,26.3780464575573,2.));
#10743=CARTESIAN_POINT('',(44.3118111759296,27.2077181695659,2.));
#10744=CARTESIAN_POINT('Ctrl Pts',(44.3118111759296,27.2077181695659,2.));
#10745=CARTESIAN_POINT('Ctrl Pts',(44.3832702289246,27.0875375984171,2.));
#10746=CARTESIAN_POINT('Ctrl Pts',(44.5349746685566,26.8323995097265,2.));
#10747=CARTESIAN_POINT('Ctrl Pts',(44.5491780627177,26.5352344879494,2.));
#10748=CARTESIAN_POINT('Ctrl Pts',(44.5566910719532,26.3780464575573,2.));
#10749=CARTESIAN_POINT('',(44.3118111759296,27.2077181695659,2.));
#10750=CARTESIAN_POINT('Ctrl Pts',(43.6218652463032,27.6530359679339,1.6));
#10751=CARTESIAN_POINT('Ctrl Pts',(43.6218652463032,27.6530359679339,2.));
#10752=CARTESIAN_POINT('Ctrl Pts',(43.7602914012631,27.6062949426239,1.6));
#10753=CARTESIAN_POINT('Ctrl Pts',(43.7602914012631,27.6062949426239,2.));
#10754=CARTESIAN_POINT('Ctrl Pts',(44.0281714647219,27.5158424639736,1.6));
#10755=CARTESIAN_POINT('Ctrl Pts',(44.0281714647219,27.5158424639736,2.));
#10756=CARTESIAN_POINT('Ctrl Pts',(44.2193995730645,27.3081070037198,1.6));
#10757=CARTESIAN_POINT('Ctrl Pts',(44.2193995730645,27.3081070037198,2.));
#10758=CARTESIAN_POINT('Ctrl Pts',(44.3118111759296,27.2077181695659,1.6));
#10759=CARTESIAN_POINT('Ctrl Pts',(44.3118111759296,27.2077181695659,2.));
#10760=CARTESIAN_POINT('',(43.6218652463032,27.6530359679339,2.));
#10761=CARTESIAN_POINT('Ctrl Pts',(43.6218652463032,27.6530359679339,2.));
#10762=CARTESIAN_POINT('Ctrl Pts',(43.7602914012631,27.6062949426239,2.));
#10763=CARTESIAN_POINT('Ctrl Pts',(44.0281714647219,27.5158424639736,2.));
#10764=CARTESIAN_POINT('Ctrl Pts',(44.2193995730645,27.3081070037198,2.));
#10765=CARTESIAN_POINT('Ctrl Pts',(44.3118111759296,27.2077181695659,2.));
#10766=CARTESIAN_POINT('',(43.6218652463032,27.6530359679339,2.));
#10767=CARTESIAN_POINT('Origin',(43.5902776367452,27.3993101233905,2.));
#10768=CARTESIAN_POINT('',(43.5586900271873,27.1455842788471,2.));
#10769=CARTESIAN_POINT('',(43.2514267614421,24.6775079448238,2.));
#10770=CARTESIAN_POINT('',(43.5586900271873,27.1455842788471,2.));
#10771=CARTESIAN_POINT('Ctrl Pts',(44.0113724813082,26.842344399139,1.6));
#10772=CARTESIAN_POINT('Ctrl Pts',(44.0113724813082,26.842344399139,2.));
#10773=CARTESIAN_POINT('Ctrl Pts',(43.953201804171,26.9040756346458,1.6));
#10774=CARTESIAN_POINT('Ctrl Pts',(43.953201804171,26.9040756346458,2.));
#10775=CARTESIAN_POINT('Ctrl Pts',(43.8258019202392,27.0392735148424,1.6));
#10776=CARTESIAN_POINT('Ctrl Pts',(43.8258019202392,27.0392735148424,2.));
#10777=CARTESIAN_POINT('Ctrl Pts',(43.6527348321196,27.1081543653048,1.6));
#10778=CARTESIAN_POINT('Ctrl Pts',(43.6527348321196,27.1081543653048,2.));
#10779=CARTESIAN_POINT('Ctrl Pts',(43.5586900271873,27.1455842788471,1.6));
#10780=CARTESIAN_POINT('Ctrl Pts',(43.5586900271873,27.1455842788471,2.));
#10781=CARTESIAN_POINT('Ctrl Pts',(44.0113724813082,26.842344399139,2.));
#10782=CARTESIAN_POINT('Ctrl Pts',(43.953201804171,26.9040756346458,2.));
#10783=CARTESIAN_POINT('Ctrl Pts',(43.8258019202392,27.0392735148424,2.));
#10784=CARTESIAN_POINT('Ctrl Pts',(43.6527348321196,27.1081543653048,2.));
#10785=CARTESIAN_POINT('Ctrl Pts',(43.5586900271873,27.1455842788471,2.));
#10786=CARTESIAN_POINT('Ctrl Pts',(41.9318448091922,26.358389412184,1.6));
#10787=CARTESIAN_POINT('Ctrl Pts',(41.9318448091922,26.358389412184,2.));
#10788=CARTESIAN_POINT('Ctrl Pts',(41.940697703226,26.2506013363298,1.6));
#10789=CARTESIAN_POINT('Ctrl Pts',(41.940697703226,26.2506013363298,2.));
#10790=CARTESIAN_POINT('Ctrl Pts',(41.9581790823279,26.0377574674797,1.6));
#10791=CARTESIAN_POINT('Ctrl Pts',(41.9581790823279,26.0377574674797,2.));
#10792=CARTESIAN_POINT('Ctrl Pts',(42.0918588682837,25.8714120473675,1.6));
#10793=CARTESIAN_POINT('Ctrl Pts',(42.0918588682837,25.8714120473675,2.));
#10794=CARTESIAN_POINT('Ctrl Pts',(42.1578407356355,25.7893070277796,1.6));
#10795=CARTESIAN_POINT('Ctrl Pts',(42.1578407356355,25.7893070277796,2.));
#10796=CARTESIAN_POINT('',(42.1578407356355,25.7893070277796,2.));
#10797=CARTESIAN_POINT('',(42.1578407356355,25.7893070277796,2.));
#10798=CARTESIAN_POINT('',(41.9318448091922,26.358389412184,2.));
#10799=CARTESIAN_POINT('Ctrl Pts',(41.9318448091922,26.358389412184,2.));
#10800=CARTESIAN_POINT('Ctrl Pts',(41.940697703226,26.2506013363298,2.));
#10801=CARTESIAN_POINT('Ctrl Pts',(41.9581790823279,26.0377574674797,2.));
#10802=CARTESIAN_POINT('Ctrl Pts',(42.0918588682837,25.8714120473675,2.));
#10803=CARTESIAN_POINT('Ctrl Pts',(42.1578407356355,25.7893070277796,2.));
#10804=CARTESIAN_POINT('',(41.9318448091922,26.358389412184,2.));
#10805=CARTESIAN_POINT('Ctrl Pts',(42.2161132701284,26.9666119181917,1.6));
#10806=CARTESIAN_POINT('Ctrl Pts',(42.2161132701284,26.9666119181917,2.));
#10807=CARTESIAN_POINT('Ctrl Pts',(42.1332791613072,26.8823955991615,1.6));
#10808=CARTESIAN_POINT('Ctrl Pts',(42.1332791613072,26.8823955991615,2.));
#10809=CARTESIAN_POINT('Ctrl Pts',(41.9668858642406,26.7132257826494,1.6));
#10810=CARTESIAN_POINT('Ctrl Pts',(41.9668858642406,26.7132257826494,2.));
#10811=CARTESIAN_POINT('Ctrl Pts',(41.9435590440455,26.4770113136186,1.6));
#10812=CARTESIAN_POINT('Ctrl Pts',(41.9435590440455,26.4770113136186,2.));
#10813=CARTESIAN_POINT('Ctrl Pts',(41.9318448091922,26.358389412184,1.6));
#10814=CARTESIAN_POINT('Ctrl Pts',(41.9318448091922,26.358389412184,2.));
#10815=CARTESIAN_POINT('',(42.2161132701284,26.9666119181917,2.));
#10816=CARTESIAN_POINT('Ctrl Pts',(42.2161132701284,26.9666119181917,2.));
#10817=CARTESIAN_POINT('Ctrl Pts',(42.1332791613072,26.8823955991615,2.));
#10818=CARTESIAN_POINT('Ctrl Pts',(41.9668858642406,26.7132257826494,2.));
#10819=CARTESIAN_POINT('Ctrl Pts',(41.9435590440455,26.4770113136186,2.));
#10820=CARTESIAN_POINT('Ctrl Pts',(41.9318448091922,26.358389412184,2.));
#10821=CARTESIAN_POINT('',(42.2161132701284,26.9666119181917,2.));
#10822=CARTESIAN_POINT('Ctrl Pts',(42.7646974633047,27.1516981429745,1.6));
#10823=CARTESIAN_POINT('Ctrl Pts',(42.7646974633047,27.1516981429745,2.));
#10824=CARTESIAN_POINT('Ctrl Pts',(42.6550097193349,27.1393672883896,1.6));
#10825=CARTESIAN_POINT('Ctrl Pts',(42.6550097193349,27.1393672883896,2.));
#10826=CARTESIAN_POINT('Ctrl Pts',(42.4580433670037,27.1172247648878,1.6));
#10827=CARTESIAN_POINT('Ctrl Pts',(42.4580433670037,27.1172247648878,2.));
#10828=CARTESIAN_POINT('Ctrl Pts',(42.2903989219287,27.0128582250002,1.6));
#10829=CARTESIAN_POINT('Ctrl Pts',(42.2903989219287,27.0128582250002,2.));
#10830=CARTESIAN_POINT('Ctrl Pts',(42.2161132701284,26.9666119181917,1.6));
#10831=CARTESIAN_POINT('Ctrl Pts',(42.2161132701284,26.9666119181917,2.));
#10832=CARTESIAN_POINT('',(42.7646974633048,27.1516981429745,2.));
#10833=CARTESIAN_POINT('Ctrl Pts',(42.7646974633047,27.1516981429745,2.));
#10834=CARTESIAN_POINT('Ctrl Pts',(42.6550097193349,27.1393672883896,2.));
#10835=CARTESIAN_POINT('Ctrl Pts',(42.4580433670037,27.1172247648878,2.));
#10836=CARTESIAN_POINT('Ctrl Pts',(42.2903989219287,27.0128582250002,2.));
#10837=CARTESIAN_POINT('Ctrl Pts',(42.2161132701284,26.9666119181917,2.));
#10838=CARTESIAN_POINT('',(42.7646974633048,27.1516981429745,2.));
#10839=CARTESIAN_POINT('Origin',(42.7640285910659,26.3426941126879,2.));
#10840=CARTESIAN_POINT('',(42.7633597188271,25.5336900824014,2.));
#10841=CARTESIAN_POINT('',(42.7629519165014,25.0404513054787,2.));
#10842=CARTESIAN_POINT('',(42.7633597188271,25.5336900824014,2.));
#10843=CARTESIAN_POINT('Ctrl Pts',(42.1578407356355,25.7893070277796,1.6));
#10844=CARTESIAN_POINT('Ctrl Pts',(42.1578407356355,25.7893070277796,2.));
#10845=CARTESIAN_POINT('Ctrl Pts',(42.2422469539243,25.7208333057086,1.6));
#10846=CARTESIAN_POINT('Ctrl Pts',(42.2422469539243,25.7208333057086,2.));
#10847=CARTESIAN_POINT('Ctrl Pts',(42.4189561405441,25.5774797000465,1.6));
#10848=CARTESIAN_POINT('Ctrl Pts',(42.4189561405441,25.5774797000465,2.));
#10849=CARTESIAN_POINT('Ctrl Pts',(42.6451885804815,25.5487150975032,1.6));
#10850=CARTESIAN_POINT('Ctrl Pts',(42.6451885804815,25.5487150975032,2.));
#10851=CARTESIAN_POINT('Ctrl Pts',(42.7633597188271,25.5336900824014,1.6));
#10852=CARTESIAN_POINT('Ctrl Pts',(42.7633597188271,25.5336900824014,2.));
#10853=CARTESIAN_POINT('Ctrl Pts',(42.1578407356355,25.7893070277796,2.));
#10854=CARTESIAN_POINT('Ctrl Pts',(42.2422469539243,25.7208333057086,2.));
#10855=CARTESIAN_POINT('Ctrl Pts',(42.4189561405441,25.5774797000465,2.));
#10856=CARTESIAN_POINT('Ctrl Pts',(42.6451885804815,25.5487150975032,2.));
#10857=CARTESIAN_POINT('Ctrl Pts',(42.7633597188271,25.5336900824014,2.));
#10858=CARTESIAN_POINT('Origin',(28.5,23.75,1.6));
#10859=CARTESIAN_POINT('',(20.,40.5,1.6));
#10860=CARTESIAN_POINT('',(20.,29.5,1.6));
#10861=CARTESIAN_POINT('',(20.,40.5,1.6));
#10862=CARTESIAN_POINT('',(4.,40.5,1.6));
#10863=CARTESIAN_POINT('',(4.,40.5,1.6));
#10864=CARTESIAN_POINT('',(4.,29.5,1.6));
#10865=CARTESIAN_POINT('',(4.,29.5,1.6));
#10866=CARTESIAN_POINT('',(20.,29.5,1.6));
#10867=CARTESIAN_POINT('',(19.6,29.9,1.6));
#10868=CARTESIAN_POINT('',(4.4,29.9,1.6));
#10869=CARTESIAN_POINT('',(19.6,29.9,1.6));
#10870=CARTESIAN_POINT('',(4.4,40.1,1.6));
#10871=CARTESIAN_POINT('',(4.4,29.9,1.6));
#10872=CARTESIAN_POINT('',(19.6,40.1,1.6));
#10873=CARTESIAN_POINT('',(4.4,40.1,1.6));
#10874=CARTESIAN_POINT('',(19.6,40.1,1.6));
#10875=CARTESIAN_POINT('Origin',(20.,35.,2.));
#10876=CARTESIAN_POINT('',(20.,29.5,2.));
#10877=CARTESIAN_POINT('',(20.,29.5,2.));
#10878=CARTESIAN_POINT('',(20.,40.5,2.));
#10879=CARTESIAN_POINT('',(20.,29.375,2.));
#10880=CARTESIAN_POINT('',(20.,40.5,2.));
#10881=CARTESIAN_POINT('Origin',(12.,40.5,2.));
#10882=CARTESIAN_POINT('',(4.,40.5,2.));
#10883=CARTESIAN_POINT('',(20.25,40.5,2.));
#10884=CARTESIAN_POINT('',(4.,40.5,2.));
#10885=CARTESIAN_POINT('Origin',(4.,35.,2.));
#10886=CARTESIAN_POINT('',(4.,29.5,2.));
#10887=CARTESIAN_POINT('',(4.,29.375,2.));
#10888=CARTESIAN_POINT('',(4.,29.5,2.));
#10889=CARTESIAN_POINT('Origin',(12.,29.5,2.));
#10890=CARTESIAN_POINT('',(20.25,29.5,2.));
#10891=CARTESIAN_POINT('Origin',(12.,29.9,2.));
#10892=CARTESIAN_POINT('',(19.6,29.9,2.));
#10893=CARTESIAN_POINT('',(19.6,29.9,2.));
#10894=CARTESIAN_POINT('',(4.4,29.9,2.));
#10895=CARTESIAN_POINT('',(20.25,29.9,2.));
#10896=CARTESIAN_POINT('',(4.4,29.9,2.));
#10897=CARTESIAN_POINT('Origin',(4.4,35.,2.));
#10898=CARTESIAN_POINT('',(4.4,40.1,2.));
#10899=CARTESIAN_POINT('',(4.4,29.375,2.));
#10900=CARTESIAN_POINT('',(4.4,40.1,2.));
#10901=CARTESIAN_POINT('Origin',(12.,40.1,2.));
#10902=CARTESIAN_POINT('',(19.6,40.1,2.));
#10903=CARTESIAN_POINT('',(20.25,40.1,2.));
#10904=CARTESIAN_POINT('',(19.6,40.1,2.));
#10905=CARTESIAN_POINT('Origin',(19.6,35.,2.));
#10906=CARTESIAN_POINT('',(19.6,29.375,2.));
#10907=CARTESIAN_POINT('Origin',(28.5,23.75,1.6));
#10908=CARTESIAN_POINT('',(4.,20.,1.6));
#10909=CARTESIAN_POINT('',(4.,7.,1.6));
#10910=CARTESIAN_POINT('',(4.,20.,1.6));
#10911=CARTESIAN_POINT('',(27.,7.,1.6));
#10912=CARTESIAN_POINT('',(4.,7.,1.6));
#10913=CARTESIAN_POINT('',(27.,20.,1.6));
#10914=CARTESIAN_POINT('',(27.,7.,1.6));
#10915=CARTESIAN_POINT('',(27.,20.,1.6));
#10916=CARTESIAN_POINT('',(26.6,7.4,1.6));
#10917=CARTESIAN_POINT('',(4.4,7.4,1.6));
#10918=CARTESIAN_POINT('',(26.6,7.4,1.6));
#10919=CARTESIAN_POINT('',(4.4,19.6,1.6));
#10920=CARTESIAN_POINT('',(4.4,7.4,1.6));
#10921=CARTESIAN_POINT('',(26.6,19.6,1.6));
#10922=CARTESIAN_POINT('',(4.4,19.6,1.6));
#10923=CARTESIAN_POINT('',(26.6,19.6,1.6));
#10924=CARTESIAN_POINT('Origin',(4.,13.5,2.));
#10925=CARTESIAN_POINT('',(4.,20.,2.));
#10926=CARTESIAN_POINT('',(4.,20.,2.));
#10927=CARTESIAN_POINT('',(4.,7.,2.));
#10928=CARTESIAN_POINT('',(4.,18.625,2.));
#10929=CARTESIAN_POINT('',(4.,7.,2.));
#10930=CARTESIAN_POINT('Origin',(15.5,7.,2.));
#10931=CARTESIAN_POINT('',(27.,7.,2.));
#10932=CARTESIAN_POINT('',(22.,7.,2.));
#10933=CARTESIAN_POINT('',(27.,7.,2.));
#10934=CARTESIAN_POINT('Origin',(27.,13.5,2.));
#10935=CARTESIAN_POINT('',(27.,20.,2.));
#10936=CARTESIAN_POINT('',(27.,18.625,2.));
#10937=CARTESIAN_POINT('',(27.,20.,2.));
#10938=CARTESIAN_POINT('Origin',(15.5,20.,2.));
#10939=CARTESIAN_POINT('',(22.,20.,2.));
#10940=CARTESIAN_POINT('Origin',(15.5,7.4,2.));
#10941=CARTESIAN_POINT('',(26.6,7.4,2.));
#10942=CARTESIAN_POINT('',(26.6,7.4,2.));
#10943=CARTESIAN_POINT('',(4.4,7.4,2.));
#10944=CARTESIAN_POINT('',(22.,7.4,2.));
#10945=CARTESIAN_POINT('',(4.4,7.4,2.));
#10946=CARTESIAN_POINT('Origin',(4.4,13.5,2.));
#10947=CARTESIAN_POINT('',(4.4,19.6,2.));
#10948=CARTESIAN_POINT('',(4.4,18.625,2.));
#10949=CARTESIAN_POINT('',(4.4,19.6,2.));
#10950=CARTESIAN_POINT('Origin',(15.5,19.6,2.));
#10951=CARTESIAN_POINT('',(26.6,19.6,2.));
#10952=CARTESIAN_POINT('',(22.,19.6,2.));
#10953=CARTESIAN_POINT('',(26.6,19.6,2.));
#10954=CARTESIAN_POINT('Origin',(26.6,13.5,2.));
#10955=CARTESIAN_POINT('',(26.6,18.625,2.));
#10956=CARTESIAN_POINT('Origin',(28.5,23.75,1.6));
#10957=CARTESIAN_POINT('',(8.38877068986505,11.9359820974487,1.6));
#10958=CARTESIAN_POINT('',(8.38877068986505,11.4639493716377,1.6));
#10959=CARTESIAN_POINT('',(8.38877068986505,11.9359820974487,1.6));
#10960=CARTESIAN_POINT('',(5.93310902049153,11.9359820974487,1.6));
#10961=CARTESIAN_POINT('',(5.93310902049153,11.9359820974487,1.6));
#10962=CARTESIAN_POINT('',(5.93310902049154,13.2975098384041,1.6));
#10963=CARTESIAN_POINT('',(5.93310902049154,13.2975098384041,1.6));
#10964=CARTESIAN_POINT('',(8.14593302239984,13.2975098384041,1.6));
#10965=CARTESIAN_POINT('',(8.14593302239984,13.2975098384041,1.6));
#10966=CARTESIAN_POINT('',(8.14593302239984,13.7668141616005,1.6));
#10967=CARTESIAN_POINT('',(8.14593302239984,13.7668141616005,1.6));
#10968=CARTESIAN_POINT('',(5.93310902049154,13.7668141616005,1.6));
#10969=CARTESIAN_POINT('',(5.93310902049154,13.7668141616005,1.6));
#10970=CARTESIAN_POINT('',(5.93310902049154,14.9919167054314,1.6));
#10971=CARTESIAN_POINT('',(5.93310902049154,14.9919167054314,1.6));
#10972=CARTESIAN_POINT('',(8.29600112666696,14.9919167054314,1.6));
#10973=CARTESIAN_POINT('',(8.29600112666696,14.9919167054314,1.6));
#10974=CARTESIAN_POINT('',(8.29600112666696,15.4639494312424,1.6));
#10975=CARTESIAN_POINT('',(8.29600112666696,15.4639494312424,1.6));
#10976=CARTESIAN_POINT('',(5.40377753009409,15.4639494312424,1.6));
#10977=CARTESIAN_POINT('',(5.40377753009409,15.4639494312424,1.6));
#10978=CARTESIAN_POINT('',(5.40377753009408,11.4639493716377,1.6));
#10979=CARTESIAN_POINT('',(5.40377753009408,11.4639493716377,1.6));
#10980=CARTESIAN_POINT('',(8.38877068986505,11.4639493716377,1.6));
#10981=CARTESIAN_POINT('Origin',(8.38877068986505,11.6999657345432,2.));
#10982=CARTESIAN_POINT('',(8.38877068986505,11.4639493716377,2.));
#10983=CARTESIAN_POINT('',(8.38877068986505,11.4639493716377,2.));
#10984=CARTESIAN_POINT('',(8.38877068986505,11.9359820974487,2.));
#10985=CARTESIAN_POINT('',(8.38877068986506,17.7249828672716,2.));
#10986=CARTESIAN_POINT('',(8.38877068986505,11.9359820974487,2.));
#10987=CARTESIAN_POINT('Origin',(7.16093985517829,11.9359820974487,2.));
#10988=CARTESIAN_POINT('',(5.93310902049153,11.9359820974487,2.));
#10989=CARTESIAN_POINT('',(17.8304699275891,11.9359820974487,2.));
#10990=CARTESIAN_POINT('',(5.93310902049153,11.9359820974487,2.));
#10991=CARTESIAN_POINT('Origin',(5.93310902049154,12.6167459679264,2.));
#10992=CARTESIAN_POINT('',(5.93310902049154,13.2975098384041,2.));
#10993=CARTESIAN_POINT('',(5.93310902049154,18.1833729839632,2.));
#10994=CARTESIAN_POINT('',(5.93310902049154,13.2975098384041,2.));
#10995=CARTESIAN_POINT('Origin',(7.03952102144569,13.2975098384041,2.));
#10996=CARTESIAN_POINT('',(8.14593302239984,13.2975098384041,2.));
#10997=CARTESIAN_POINT('',(17.7697605107228,13.2975098384041,2.));
#10998=CARTESIAN_POINT('',(8.14593302239984,13.2975098384041,2.));
#10999=CARTESIAN_POINT('Origin',(8.14593302239984,13.5321620000023,2.));
#11000=CARTESIAN_POINT('',(8.14593302239984,13.7668141616005,2.));
#11001=CARTESIAN_POINT('',(8.14593302239985,18.6410810000012,2.));
#11002=CARTESIAN_POINT('',(8.14593302239984,13.7668141616005,2.));
#11003=CARTESIAN_POINT('Origin',(7.03952102144569,13.7668141616005,2.));
#11004=CARTESIAN_POINT('',(5.93310902049154,13.7668141616005,2.));
#11005=CARTESIAN_POINT('',(17.7697605107228,13.7668141616005,2.));
#11006=CARTESIAN_POINT('',(5.93310902049154,13.7668141616005,2.));
#11007=CARTESIAN_POINT('Origin',(5.93310902049154,14.3793654335159,2.));
#11008=CARTESIAN_POINT('',(5.93310902049154,14.9919167054314,2.));
#11009=CARTESIAN_POINT('',(5.93310902049155,19.064682716758,2.));
#11010=CARTESIAN_POINT('',(5.93310902049154,14.9919167054314,2.));
#11011=CARTESIAN_POINT('Origin',(7.11455507357925,14.9919167054314,2.));
#11012=CARTESIAN_POINT('',(8.29600112666696,14.9919167054314,2.));
#11013=CARTESIAN_POINT('',(17.8072775367896,14.9919167054313,2.));
#11014=CARTESIAN_POINT('',(8.29600112666696,14.9919167054314,2.));
#11015=CARTESIAN_POINT('Origin',(8.29600112666696,15.2279330683369,2.));
#11016=CARTESIAN_POINT('',(8.29600112666696,15.4639494312424,2.));
#11017=CARTESIAN_POINT('',(8.29600112666698,19.4889665341685,2.));
#11018=CARTESIAN_POINT('',(8.29600112666696,15.4639494312424,2.));
#11019=CARTESIAN_POINT('Origin',(6.84988932838053,15.4639494312424,2.));
#11020=CARTESIAN_POINT('',(5.40377753009409,15.4639494312424,2.));
#11021=CARTESIAN_POINT('',(17.6749446641903,15.4639494312423,2.));
#11022=CARTESIAN_POINT('',(5.40377753009409,15.4639494312424,2.));
#11023=CARTESIAN_POINT('Origin',(5.40377753009408,13.46394940144,2.));
#11024=CARTESIAN_POINT('',(5.40377753009408,11.4639493716377,2.));
#11025=CARTESIAN_POINT('',(5.40377753009409,18.60697470072,2.));
#11026=CARTESIAN_POINT('',(5.40377753009408,11.4639493716377,2.));
#11027=CARTESIAN_POINT('Origin',(6.89627410997956,11.4639493716377,2.));
#11028=CARTESIAN_POINT('',(17.6981370549898,11.4639493716377,2.));
#11029=CARTESIAN_POINT('Origin',(28.5,23.75,1.6));
#11030=CARTESIAN_POINT('',(34.5,38.5,1.6));
#11031=CARTESIAN_POINT('',(34.5,9.,1.6));
#11032=CARTESIAN_POINT('',(34.5,38.5,1.6));
#11033=CARTESIAN_POINT('',(53.,9.,1.6));
#11034=CARTESIAN_POINT('',(34.5,9.,1.6));
#11035=CARTESIAN_POINT('',(53.,38.5,1.6));
#11036=CARTESIAN_POINT('',(53.,9.,1.6));
#11037=CARTESIAN_POINT('',(53.,38.5,1.6));
#11038=CARTESIAN_POINT('',(52.6,9.4,1.6));
#11039=CARTESIAN_POINT('',(34.9,9.4,1.6));
#11040=CARTESIAN_POINT('',(52.6,9.4,1.6));
#11041=CARTESIAN_POINT('',(34.9,38.1,1.6));
#11042=CARTESIAN_POINT('',(34.9,9.4,1.6));
#11043=CARTESIAN_POINT('',(52.6,38.1,1.6));
#11044=CARTESIAN_POINT('',(34.9,38.1,1.6));
#11045=CARTESIAN_POINT('',(52.6,38.1,1.6));
#11046=CARTESIAN_POINT('Origin',(34.5,23.75,2.));
#11047=CARTESIAN_POINT('',(34.5,38.5,2.));
#11048=CARTESIAN_POINT('',(34.5,38.5,2.));
#11049=CARTESIAN_POINT('',(34.5,9.,2.));
#11050=CARTESIAN_POINT('',(34.5,23.75,2.));
#11051=CARTESIAN_POINT('',(34.5,9.,2.));
#11052=CARTESIAN_POINT('Origin',(43.75,9.,2.));
#11053=CARTESIAN_POINT('',(53.,9.,2.));
#11054=CARTESIAN_POINT('',(36.125,9.,2.));
#11055=CARTESIAN_POINT('',(53.,9.,2.));
#11056=CARTESIAN_POINT('Origin',(53.,23.75,2.));
#11057=CARTESIAN_POINT('',(53.,38.5,2.));
#11058=CARTESIAN_POINT('',(53.,23.75,2.));
#11059=CARTESIAN_POINT('',(53.,38.5,2.));
#11060=CARTESIAN_POINT('Origin',(43.75,38.5,2.));
#11061=CARTESIAN_POINT('',(36.125,38.5,2.));
#11062=CARTESIAN_POINT('Origin',(43.75,9.4,2.));
#11063=CARTESIAN_POINT('',(52.6,9.4,2.));
#11064=CARTESIAN_POINT('',(52.6,9.4,2.));
#11065=CARTESIAN_POINT('',(34.9,9.4,2.));
#11066=CARTESIAN_POINT('',(36.125,9.4,2.));
#11067=CARTESIAN_POINT('',(34.9,9.4,2.));
#11068=CARTESIAN_POINT('Origin',(34.9,23.75,2.));
#11069=CARTESIAN_POINT('',(34.9,38.1,2.));
#11070=CARTESIAN_POINT('',(34.9,23.75,2.));
#11071=CARTESIAN_POINT('',(34.9,38.1,2.));
#11072=CARTESIAN_POINT('Origin',(43.75,38.1,2.));
#11073=CARTESIAN_POINT('',(52.6,38.1,2.));
#11074=CARTESIAN_POINT('',(36.125,38.1,2.));
#11075=CARTESIAN_POINT('',(52.6,38.1,2.));
#11076=CARTESIAN_POINT('Origin',(52.6,23.75,2.));
#11077=CARTESIAN_POINT('',(52.6,23.75,2.));
#11078=CARTESIAN_POINT('Origin',(28.5,23.75,1.6));
#11079=CARTESIAN_POINT('',(42.9761192017114,28.7558890014415,1.6));
#11080=CARTESIAN_POINT('',(44.4931719297014,28.7546347252987,1.6));
#11081=CARTESIAN_POINT('',(42.9761192017114,28.7558890014415,1.6));
#11082=CARTESIAN_POINT('',(42.4031992791703,28.8382177695746,1.6));
#11083=CARTESIAN_POINT('Ctrl Pts',(42.4031992791703,28.8382177695746,1.6));
#11084=CARTESIAN_POINT('Ctrl Pts',(42.4940900359145,28.8142747681384,1.6));
#11085=CARTESIAN_POINT('Ctrl Pts',(42.6818451296814,28.7648151680565,1.6));
#11086=CARTESIAN_POINT('Ctrl Pts',(42.8759691072113,28.7589268376459,1.6));
#11087=CARTESIAN_POINT('Ctrl Pts',(42.9761192017114,28.7558890014415,1.6));
#11088=CARTESIAN_POINT('',(42.1345919799808,29.0212497422017,1.6));
#11089=CARTESIAN_POINT('Ctrl Pts',(42.1345919799808,29.0212497422017,1.6));
#11090=CARTESIAN_POINT('Ctrl Pts',(42.1708113216634,28.9812839026197,1.6));
#11091=CARTESIAN_POINT('Ctrl Pts',(42.2455613371499,28.8988018091056,1.6));
#11092=CARTESIAN_POINT('Ctrl Pts',(42.3495811721376,28.8588244932758,1.6));
#11093=CARTESIAN_POINT('Ctrl Pts',(42.4031992791703,28.8382177695746,1.6));
#11094=CARTESIAN_POINT('',(42.0379691202387,29.3105529214888,1.6));
#11095=CARTESIAN_POINT('Ctrl Pts',(42.0379691202387,29.3105529214888,1.6));
#11096=CARTESIAN_POINT('Ctrl Pts',(42.0419542537817,29.2582625458386,1.6));
#11097=CARTESIAN_POINT('Ctrl Pts',(42.0499208516203,29.1537299400579,1.6));
#11098=CARTESIAN_POINT('Ctrl Pts',(42.1063769380226,29.0653962466066,1.6));
#11099=CARTESIAN_POINT('Ctrl Pts',(42.1345919799808,29.0212497422017,1.6));
#11100=CARTESIAN_POINT('',(42.1446787357288,29.6706282689403,1.6));
#11101=CARTESIAN_POINT('Ctrl Pts',(42.1446787357288,29.6706282689403,1.6));
#11102=CARTESIAN_POINT('Ctrl Pts',(42.1136077592501,29.611906515923,1.6));
#11103=CARTESIAN_POINT('Ctrl Pts',(42.0538223468577,29.498916690098,1.6));
#11104=CARTESIAN_POINT('Ctrl Pts',(42.0431128178663,29.3716689512416,1.6));
#11105=CARTESIAN_POINT('Ctrl Pts',(42.0379691202387,29.3105529214888,1.6));
#11106=CARTESIAN_POINT('',(41.6891573404999,29.8401724635428,1.6));
#11107=CARTESIAN_POINT('',(41.6891573404999,29.8401724635428,1.6));
#11108=CARTESIAN_POINT('',(41.5304861462355,29.3355284306476,1.6));
#11109=CARTESIAN_POINT('Ctrl Pts',(41.5304861462355,29.3355284306476,1.6));
#11110=CARTESIAN_POINT('Ctrl Pts',(41.5384002811304,29.4206024968227,1.6));
#11111=CARTESIAN_POINT('Ctrl Pts',(41.5550812210896,29.5999165227773,1.6));
#11112=CARTESIAN_POINT('Ctrl Pts',(41.6429678175555,29.7574037547128,1.6));
#11113=CARTESIAN_POINT('Ctrl Pts',(41.6891573404999,29.8401724635428,1.6));
#11114=CARTESIAN_POINT('',(41.6284519258434,29.0203044563687,1.6));
#11115=CARTESIAN_POINT('Ctrl Pts',(41.6284519258434,29.0203044563687,1.6));
#11116=CARTESIAN_POINT('Ctrl Pts',(41.5998430028659,29.0691906541501,1.6));
#11117=CARTESIAN_POINT('Ctrl Pts',(41.5427835218262,29.1666924397853,1.6));
#11118=CARTESIAN_POINT('Ctrl Pts',(41.5345776798371,29.2793539953244,1.6));
#11119=CARTESIAN_POINT('Ctrl Pts',(41.5304861462355,29.3355284306476,1.6));
#11120=CARTESIAN_POINT('',(42.034742166566,28.7075542656811,1.6));
#11121=CARTESIAN_POINT('Ctrl Pts',(42.034742166566,28.7075542656811,1.6));
#11122=CARTESIAN_POINT('Ctrl Pts',(41.9455277808636,28.7568655578851,1.6));
#11123=CARTESIAN_POINT('Ctrl Pts',(41.7937850487779,28.8407380201881,1.6));
#11124=CARTESIAN_POINT('Ctrl Pts',(41.6766992527965,28.967903579869,1.6));
#11125=CARTESIAN_POINT('Ctrl Pts',(41.6284519258434,29.0203044563687,1.6));
#11126=CARTESIAN_POINT('',(41.5954516143666,28.7079174644343,1.6));
#11127=CARTESIAN_POINT('',(41.5954516143666,28.7079174644343,1.6));
#11128=CARTESIAN_POINT('',(41.5950861593195,28.2658979145066,1.6));
#11129=CARTESIAN_POINT('',(41.5950861593195,28.2658979145066,1.6));
#11130=CARTESIAN_POINT('',(44.492765868757,28.2635021569552,1.6));
#11131=CARTESIAN_POINT('',(44.492765868757,28.2635021569552,1.6));
#11132=CARTESIAN_POINT('',(44.4931719297014,28.7546347252987,1.6));
#11133=CARTESIAN_POINT('Origin',(43.7346455657064,28.7552618633701,2.));
#11134=CARTESIAN_POINT('',(44.4931719297014,28.7546347252987,2.));
#11135=CARTESIAN_POINT('',(44.4931719297014,28.7546347252987,2.));
#11136=CARTESIAN_POINT('',(42.9761192017114,28.7558890014415,2.));
#11137=CARTESIAN_POINT('',(36.1193971256573,28.7615580350612,2.));
#11138=CARTESIAN_POINT('',(42.9761192017114,28.7558890014415,2.));
#11139=CARTESIAN_POINT('Ctrl Pts',(42.4031992791703,28.8382177695746,1.6));
#11140=CARTESIAN_POINT('Ctrl Pts',(42.4031992791703,28.8382177695746,2.));
#11141=CARTESIAN_POINT('Ctrl Pts',(42.4940900359145,28.8142747681384,1.6));
#11142=CARTESIAN_POINT('Ctrl Pts',(42.4940900359145,28.8142747681384,2.));
#11143=CARTESIAN_POINT('Ctrl Pts',(42.6818451296814,28.7648151680565,1.6));
#11144=CARTESIAN_POINT('Ctrl Pts',(42.6818451296814,28.7648151680565,2.));
#11145=CARTESIAN_POINT('Ctrl Pts',(42.8759691072113,28.7589268376459,1.6));
#11146=CARTESIAN_POINT('Ctrl Pts',(42.8759691072113,28.7589268376459,2.));
#11147=CARTESIAN_POINT('Ctrl Pts',(42.9761192017114,28.7558890014415,1.6));
#11148=CARTESIAN_POINT('Ctrl Pts',(42.9761192017114,28.7558890014415,2.));
#11149=CARTESIAN_POINT('',(42.4031992791703,28.8382177695746,2.));
#11150=CARTESIAN_POINT('Ctrl Pts',(42.4031992791703,28.8382177695746,2.));
#11151=CARTESIAN_POINT('Ctrl Pts',(42.4940900359145,28.8142747681384,2.));
#11152=CARTESIAN_POINT('Ctrl Pts',(42.6818451296814,28.7648151680565,2.));
#11153=CARTESIAN_POINT('Ctrl Pts',(42.8759691072113,28.7589268376459,2.));
#11154=CARTESIAN_POINT('Ctrl Pts',(42.9761192017114,28.7558890014415,2.));
#11155=CARTESIAN_POINT('',(42.4031992791703,28.8382177695746,2.));
#11156=CARTESIAN_POINT('Ctrl Pts',(42.1345919799808,29.0212497422017,1.6));
#11157=CARTESIAN_POINT('Ctrl Pts',(42.1345919799808,29.0212497422017,2.));
#11158=CARTESIAN_POINT('Ctrl Pts',(42.1708113216634,28.9812839026197,1.6));
#11159=CARTESIAN_POINT('Ctrl Pts',(42.1708113216634,28.9812839026197,2.));
#11160=CARTESIAN_POINT('Ctrl Pts',(42.2455613371499,28.8988018091056,1.6));
#11161=CARTESIAN_POINT('Ctrl Pts',(42.2455613371499,28.8988018091056,2.));
#11162=CARTESIAN_POINT('Ctrl Pts',(42.3495811721376,28.8588244932758,1.6));
#11163=CARTESIAN_POINT('Ctrl Pts',(42.3495811721376,28.8588244932758,2.));
#11164=CARTESIAN_POINT('Ctrl Pts',(42.4031992791703,28.8382177695746,1.6));
#11165=CARTESIAN_POINT('Ctrl Pts',(42.4031992791703,28.8382177695746,2.));
#11166=CARTESIAN_POINT('',(42.1345919799808,29.0212497422017,2.));
#11167=CARTESIAN_POINT('Ctrl Pts',(42.1345919799808,29.0212497422017,2.));
#11168=CARTESIAN_POINT('Ctrl Pts',(42.1708113216634,28.9812839026197,2.));
#11169=CARTESIAN_POINT('Ctrl Pts',(42.2455613371499,28.8988018091056,2.));
#11170=CARTESIAN_POINT('Ctrl Pts',(42.3495811721376,28.8588244932758,2.));
#11171=CARTESIAN_POINT('Ctrl Pts',(42.4031992791703,28.8382177695746,2.));
#11172=CARTESIAN_POINT('',(42.1345919799808,29.0212497422017,2.));
#11173=CARTESIAN_POINT('Ctrl Pts',(42.0379691202387,29.3105529214888,1.6));
#11174=CARTESIAN_POINT('Ctrl Pts',(42.0379691202387,29.3105529214888,2.));
#11175=CARTESIAN_POINT('Ctrl Pts',(42.0419542537817,29.2582625458386,1.6));
#11176=CARTESIAN_POINT('Ctrl Pts',(42.0419542537817,29.2582625458386,2.));
#11177=CARTESIAN_POINT('Ctrl Pts',(42.0499208516203,29.1537299400579,1.6));
#11178=CARTESIAN_POINT('Ctrl Pts',(42.0499208516203,29.1537299400579,2.));
#11179=CARTESIAN_POINT('Ctrl Pts',(42.1063769380226,29.0653962466066,1.6));
#11180=CARTESIAN_POINT('Ctrl Pts',(42.1063769380226,29.0653962466066,2.));
#11181=CARTESIAN_POINT('Ctrl Pts',(42.1345919799808,29.0212497422017,1.6));
#11182=CARTESIAN_POINT('Ctrl Pts',(42.1345919799808,29.0212497422017,2.));
#11183=CARTESIAN_POINT('',(42.0379691202387,29.3105529214888,2.));
#11184=CARTESIAN_POINT('Ctrl Pts',(42.0379691202387,29.3105529214888,2.));
#11185=CARTESIAN_POINT('Ctrl Pts',(42.0419542537817,29.2582625458386,2.));
#11186=CARTESIAN_POINT('Ctrl Pts',(42.0499208516203,29.1537299400579,2.));
#11187=CARTESIAN_POINT('Ctrl Pts',(42.1063769380226,29.0653962466066,2.));
#11188=CARTESIAN_POINT('Ctrl Pts',(42.1345919799808,29.0212497422017,2.));
#11189=CARTESIAN_POINT('',(42.0379691202387,29.3105529214888,2.));
#11190=CARTESIAN_POINT('Ctrl Pts',(42.1446787357288,29.6706282689403,1.6));
#11191=CARTESIAN_POINT('Ctrl Pts',(42.1446787357288,29.6706282689403,2.));
#11192=CARTESIAN_POINT('Ctrl Pts',(42.1136077592501,29.611906515923,1.6));
#11193=CARTESIAN_POINT('Ctrl Pts',(42.1136077592501,29.611906515923,2.));
#11194=CARTESIAN_POINT('Ctrl Pts',(42.0538223468577,29.498916690098,1.6));
#11195=CARTESIAN_POINT('Ctrl Pts',(42.0538223468577,29.498916690098,2.));
#11196=CARTESIAN_POINT('Ctrl Pts',(42.0431128178663,29.3716689512416,1.6));
#11197=CARTESIAN_POINT('Ctrl Pts',(42.0431128178663,29.3716689512416,2.));
#11198=CARTESIAN_POINT('Ctrl Pts',(42.0379691202387,29.3105529214888,1.6));
#11199=CARTESIAN_POINT('Ctrl Pts',(42.0379691202387,29.3105529214888,2.));
#11200=CARTESIAN_POINT('',(42.1446787357288,29.6706282689403,2.));
#11201=CARTESIAN_POINT('Ctrl Pts',(42.1446787357288,29.6706282689403,2.));
#11202=CARTESIAN_POINT('Ctrl Pts',(42.1136077592501,29.611906515923,2.));
#11203=CARTESIAN_POINT('Ctrl Pts',(42.0538223468577,29.498916690098,2.));
#11204=CARTESIAN_POINT('Ctrl Pts',(42.0431128178663,29.3716689512416,2.));
#11205=CARTESIAN_POINT('Ctrl Pts',(42.0379691202387,29.3105529214888,2.));
#11206=CARTESIAN_POINT('',(42.1446787357288,29.6706282689403,2.));
#11207=CARTESIAN_POINT('Origin',(41.9169180381144,29.7554003662416,2.));
#11208=CARTESIAN_POINT('',(41.6891573404999,29.8401724635428,2.));
#11209=CARTESIAN_POINT('',(37.006329154014,31.5831121841691,2.));
#11210=CARTESIAN_POINT('',(41.6891573404999,29.8401724635428,2.));
#11211=CARTESIAN_POINT('Ctrl Pts',(41.5304861462355,29.3355284306476,1.6));
#11212=CARTESIAN_POINT('Ctrl Pts',(41.5304861462355,29.3355284306476,2.));
#11213=CARTESIAN_POINT('Ctrl Pts',(41.5384002811304,29.4206024968227,1.6));
#11214=CARTESIAN_POINT('Ctrl Pts',(41.5384002811304,29.4206024968227,2.));
#11215=CARTESIAN_POINT('Ctrl Pts',(41.5550812210896,29.5999165227773,1.6));
#11216=CARTESIAN_POINT('Ctrl Pts',(41.5550812210896,29.5999165227773,2.));
#11217=CARTESIAN_POINT('Ctrl Pts',(41.6429678175555,29.7574037547128,1.6));
#11218=CARTESIAN_POINT('Ctrl Pts',(41.6429678175555,29.7574037547128,2.));
#11219=CARTESIAN_POINT('Ctrl Pts',(41.6891573404999,29.8401724635428,1.6));
#11220=CARTESIAN_POINT('Ctrl Pts',(41.6891573404999,29.8401724635428,2.));
#11221=CARTESIAN_POINT('',(41.5304861462355,29.3355284306476,2.));
#11222=CARTESIAN_POINT('Ctrl Pts',(41.5304861462355,29.3355284306476,2.));
#11223=CARTESIAN_POINT('Ctrl Pts',(41.5384002811304,29.4206024968227,2.));
#11224=CARTESIAN_POINT('Ctrl Pts',(41.5550812210896,29.5999165227773,2.));
#11225=CARTESIAN_POINT('Ctrl Pts',(41.6429678175555,29.7574037547128,2.));
#11226=CARTESIAN_POINT('Ctrl Pts',(41.6891573404999,29.8401724635428,2.));
#11227=CARTESIAN_POINT('',(41.5304861462355,29.3355284306476,2.));
#11228=CARTESIAN_POINT('Ctrl Pts',(41.6284519258434,29.0203044563687,1.6));
#11229=CARTESIAN_POINT('Ctrl Pts',(41.6284519258434,29.0203044563687,2.));
#11230=CARTESIAN_POINT('Ctrl Pts',(41.5998430028659,29.0691906541501,1.6));
#11231=CARTESIAN_POINT('Ctrl Pts',(41.5998430028659,29.0691906541501,2.));
#11232=CARTESIAN_POINT('Ctrl Pts',(41.5427835218262,29.1666924397853,1.6));
#11233=CARTESIAN_POINT('Ctrl Pts',(41.5427835218262,29.1666924397853,2.));
#11234=CARTESIAN_POINT('Ctrl Pts',(41.5345776798371,29.2793539953244,1.6));
#11235=CARTESIAN_POINT('Ctrl Pts',(41.5345776798371,29.2793539953244,2.));
#11236=CARTESIAN_POINT('Ctrl Pts',(41.5304861462355,29.3355284306476,1.6));
#11237=CARTESIAN_POINT('Ctrl Pts',(41.5304861462355,29.3355284306476,2.));
#11238=CARTESIAN_POINT('',(41.6284519258434,29.0203044563687,2.));
#11239=CARTESIAN_POINT('Ctrl Pts',(41.6284519258434,29.0203044563687,2.));
#11240=CARTESIAN_POINT('Ctrl Pts',(41.5998430028659,29.0691906541501,2.));
#11241=CARTESIAN_POINT('Ctrl Pts',(41.5427835218262,29.1666924397853,2.));
#11242=CARTESIAN_POINT('Ctrl Pts',(41.5345776798371,29.2793539953244,2.));
#11243=CARTESIAN_POINT('Ctrl Pts',(41.5304861462355,29.3355284306476,2.));
#11244=CARTESIAN_POINT('',(41.6284519258434,29.0203044563687,2.));
#11245=CARTESIAN_POINT('Ctrl Pts',(42.034742166566,28.7075542656811,1.6));
#11246=CARTESIAN_POINT('Ctrl Pts',(42.034742166566,28.7075542656811,2.));
#11247=CARTESIAN_POINT('Ctrl Pts',(41.9455277808636,28.7568655578851,1.6));
#11248=CARTESIAN_POINT('Ctrl Pts',(41.9455277808636,28.7568655578851,2.));
#11249=CARTESIAN_POINT('Ctrl Pts',(41.7937850487779,28.8407380201881,1.6));
#11250=CARTESIAN_POINT('Ctrl Pts',(41.7937850487779,28.8407380201881,2.));
#11251=CARTESIAN_POINT('Ctrl Pts',(41.6766992527965,28.967903579869,1.6));
#11252=CARTESIAN_POINT('Ctrl Pts',(41.6766992527965,28.967903579869,2.));
#11253=CARTESIAN_POINT('Ctrl Pts',(41.6284519258434,29.0203044563687,1.6));
#11254=CARTESIAN_POINT('Ctrl Pts',(41.6284519258434,29.0203044563687,2.));
#11255=CARTESIAN_POINT('',(42.034742166566,28.7075542656811,2.));
#11256=CARTESIAN_POINT('Ctrl Pts',(42.034742166566,28.7075542656811,2.));
#11257=CARTESIAN_POINT('Ctrl Pts',(41.9455277808636,28.7568655578851,2.));
#11258=CARTESIAN_POINT('Ctrl Pts',(41.7937850487779,28.8407380201881,2.));
#11259=CARTESIAN_POINT('Ctrl Pts',(41.6766992527965,28.967903579869,2.));
#11260=CARTESIAN_POINT('Ctrl Pts',(41.6284519258434,29.0203044563687,2.));
#11261=CARTESIAN_POINT('',(42.034742166566,28.7075542656811,2.));
#11262=CARTESIAN_POINT('Origin',(41.8150968904663,28.7077358650577,2.));
#11263=CARTESIAN_POINT('',(41.5954516143666,28.7079174644343,2.));
#11264=CARTESIAN_POINT('',(35.1596024850886,28.7132385266971,2.));
#11265=CARTESIAN_POINT('',(41.5954516143666,28.7079174644343,2.));
#11266=CARTESIAN_POINT('Origin',(41.595268886843,28.4869076894705,2.));
#11267=CARTESIAN_POINT('',(41.5950861593195,28.2658979145066,2.));
#11268=CARTESIAN_POINT('',(41.5933062107493,26.1130419827842,2.));
#11269=CARTESIAN_POINT('',(41.5950861593195,28.2658979145066,2.));
#11270=CARTESIAN_POINT('Origin',(43.0439260140382,28.2647000357309,2.));
#11271=CARTESIAN_POINT('',(44.492765868757,28.2635021569552,2.));
#11272=CARTESIAN_POINT('',(35.7738343193511,28.2707108370698,2.));
#11273=CARTESIAN_POINT('',(44.492765868757,28.2635021569552,2.));
#11274=CARTESIAN_POINT('Origin',(44.4929688992292,28.509068441127,2.));
#11275=CARTESIAN_POINT('',(44.4909960716612,26.1229244798367,2.));
#11276=CARTESIAN_POINT('Origin',(28.5,23.75,1.6));
#11277=CARTESIAN_POINT('',(44.0338253711512,24.2979868587014,1.6));
#11278=CARTESIAN_POINT('',(44.0694348206887,24.4657612390459,1.6));
#11279=CARTESIAN_POINT('Ctrl Pts',(44.0338253711512,24.2979868587014,1.6));
#11280=CARTESIAN_POINT('Ctrl Pts',(44.0441520815847,24.3214105209457,1.6));
#11281=CARTESIAN_POINT('Ctrl Pts',(44.0676344515712,24.3746746370264,1.6));
#11282=CARTESIAN_POINT('Ctrl Pts',(44.0687883600717,24.43305466773,1.6));
#11283=CARTESIAN_POINT('Ctrl Pts',(44.0694348206887,24.4657612390459,1.6));
#11284=CARTESIAN_POINT('',(43.9382575054355,24.2134820845431,1.6));
#11285=CARTESIAN_POINT('Ctrl Pts',(43.9382575054355,24.2134820845431,1.6));
#11286=CARTESIAN_POINT('Ctrl Pts',(43.9573246382969,24.2235924851624,1.6));
#11287=CARTESIAN_POINT('Ctrl Pts',(43.9959499879375,24.2440736850244,1.6));
#11288=CARTESIAN_POINT('Ctrl Pts',(44.0210936841634,24.2798641205656,1.6));
#11289=CARTESIAN_POINT('Ctrl Pts',(44.0338253711512,24.2979868587014,1.6));
#11290=CARTESIAN_POINT('',(43.6681135791065,24.187784558657,1.6));
#11291=CARTESIAN_POINT('Ctrl Pts',(43.6681135791065,24.187784558657,1.6));
#11292=CARTESIAN_POINT('Ctrl Pts',(43.7259785074853,24.1870122229023,1.6));
#11293=CARTESIAN_POINT('Ctrl Pts',(43.8171694093952,24.1857950781478,1.6));
#11294=CARTESIAN_POINT('Ctrl Pts',(43.9058492180504,24.2060718725616,1.6));
#11295=CARTESIAN_POINT('Ctrl Pts',(43.9382575054355,24.2134820845431,1.6));
#11296=CARTESIAN_POINT('',(41.9737075892275,24.1891854677817,1.6));
#11297=CARTESIAN_POINT('',(41.9737075892275,24.1891854677817,1.6));
#11298=CARTESIAN_POINT('',(41.9741159057266,24.6830461397842,1.6));
#11299=CARTESIAN_POINT('',(41.9741159057266,24.6830461397842,1.6));
#11300=CARTESIAN_POINT('',(41.5921241730355,24.6833619647442,1.6));
#11301=CARTESIAN_POINT('',(41.5921241730354,24.6833619647442,1.6));
#11302=CARTESIAN_POINT('',(41.5917158565364,24.1895012927417,1.6));
#11303=CARTESIAN_POINT('',(41.5917158565364,24.1895012927417,1.6));
#11304=CARTESIAN_POINT('',(40.5794377053003,24.1903382289348,1.6));
#11305=CARTESIAN_POINT('',(40.5794377053003,24.1903382289348,1.6));
#11306=CARTESIAN_POINT('',(40.873713202991,23.7016907239269,1.6));
#11307=CARTESIAN_POINT('',(40.873713202991,23.7016907239269,1.6));
#11308=CARTESIAN_POINT('',(41.5913120516395,23.7010974241033,1.6));
#11309=CARTESIAN_POINT('',(41.5913120516395,23.7010974241033,1.6));
#11310=CARTESIAN_POINT('',(41.5910142740735,23.3409340969611,1.6));
#11311=CARTESIAN_POINT('',(41.5910142740735,23.3409340969611,1.6));
#11312=CARTESIAN_POINT('',(41.9730060067646,23.3406182720012,1.6));
#11313=CARTESIAN_POINT('',(41.9730060067646,23.3406182720012,1.6));
#11314=CARTESIAN_POINT('',(41.9733037843306,23.7007815991433,1.6));
#11315=CARTESIAN_POINT('',(41.9733037843306,23.7007815991433,1.6));
#11316=CARTESIAN_POINT('',(43.6404245652964,23.6994032490147,1.6));
#11317=CARTESIAN_POINT('',(43.6404245652964,23.6994032490147,1.6));
#11318=CARTESIAN_POINT('',(44.2202829471441,23.7589510931393,1.6));
#11319=CARTESIAN_POINT('Ctrl Pts',(44.2202829471441,23.7589510931393,1.6));
#11320=CARTESIAN_POINT('Ctrl Pts',(44.1492668446256,23.7417566455631,1.6));
#11321=CARTESIAN_POINT('Ctrl Pts',(43.9592261257911,23.6957439095571,1.6));
#11322=CARTESIAN_POINT('Ctrl Pts',(43.7631987140062,23.6979939952895,1.6));
#11323=CARTESIAN_POINT('Ctrl Pts',(43.6404245652964,23.6994032490147,1.6));
#11324=CARTESIAN_POINT('',(44.4428279241862,23.9661347066153,1.6));
#11325=CARTESIAN_POINT('Ctrl Pts',(44.4428279241862,23.9661347066153,1.6));
#11326=CARTESIAN_POINT('Ctrl Pts',(44.4131845570212,23.9210451928922,1.6));
#11327=CARTESIAN_POINT('Ctrl Pts',(44.3557937823873,23.8337500450087,1.6));
#11328=CARTESIAN_POINT('Ctrl Pts',(44.2644473193339,23.7833288393456,1.6));
#11329=CARTESIAN_POINT('Ctrl Pts',(44.2202829471441,23.7589510931393,1.6));
#11330=CARTESIAN_POINT('',(44.5277551461889,24.3807985185478,1.6));
#11331=CARTESIAN_POINT('Ctrl Pts',(44.5277551461889,24.3807985185478,1.6));
#11332=CARTESIAN_POINT('Ctrl Pts',(44.5261436564653,24.3004642193398,1.6));
#11333=CARTESIAN_POINT('Ctrl Pts',(44.5232585219961,24.1566375152036,1.6));
#11334=CARTESIAN_POINT('Ctrl Pts',(44.4674601547018,24.0244770442678,1.6));
#11335=CARTESIAN_POINT('Ctrl Pts',(44.4428279241862,23.9661347066153,1.6));
#11336=CARTESIAN_POINT('',(44.4844057324001,24.7519121427597,1.6));
#11337=CARTESIAN_POINT('Ctrl Pts',(44.4844057324001,24.7519121427597,1.6));
#11338=CARTESIAN_POINT('Ctrl Pts',(44.4970684764187,24.686623414882,1.6));
#11339=CARTESIAN_POINT('Ctrl Pts',(44.52085552806,24.5639780909818,1.6));
#11340=CARTESIAN_POINT('Ctrl Pts',(44.5255566218071,24.4391676556114,1.6));
#11341=CARTESIAN_POINT('Ctrl Pts',(44.5277551461889,24.3807985185478,1.6));
#11342=CARTESIAN_POINT('',(44.0505133302735,24.681329405946,1.6));
#11343=CARTESIAN_POINT('',(44.0505133302735,24.681329405946,1.6));
#11344=CARTESIAN_POINT('Ctrl Pts',(44.0694348206887,24.4657612390459,1.6));
#11345=CARTESIAN_POINT('Ctrl Pts',(44.0683377942982,24.4974070594039,1.6));
#11346=CARTESIAN_POINT('Ctrl Pts',(44.0658358255637,24.5695811235784,1.6));
#11347=CARTESIAN_POINT('Ctrl Pts',(44.0560233667232,24.6411442339242,1.6));
#11348=CARTESIAN_POINT('Ctrl Pts',(44.0505133302735,24.681329405946,1.6));
#11349=CARTESIAN_POINT('Ctrl Pts',(44.0338253711512,24.2979868587014,1.6));
#11350=CARTESIAN_POINT('Ctrl Pts',(44.0338253711512,24.2979868587014,2.));
#11351=CARTESIAN_POINT('Ctrl Pts',(44.0441520815847,24.3214105209457,1.6));
#11352=CARTESIAN_POINT('Ctrl Pts',(44.0441520815847,24.3214105209457,2.));
#11353=CARTESIAN_POINT('Ctrl Pts',(44.0676344515712,24.3746746370264,1.6));
#11354=CARTESIAN_POINT('Ctrl Pts',(44.0676344515712,24.3746746370264,2.));
#11355=CARTESIAN_POINT('Ctrl Pts',(44.0687883600717,24.43305466773,1.6));
#11356=CARTESIAN_POINT('Ctrl Pts',(44.0687883600717,24.43305466773,2.));
#11357=CARTESIAN_POINT('Ctrl Pts',(44.0694348206887,24.4657612390459,1.6));
#11358=CARTESIAN_POINT('Ctrl Pts',(44.0694348206887,24.4657612390459,2.));
#11359=CARTESIAN_POINT('',(44.0694348206887,24.4657612390459,2.));
#11360=CARTESIAN_POINT('',(44.0694348206887,24.4657612390459,2.));
#11361=CARTESIAN_POINT('',(44.0338253711512,24.2979868587014,2.));
#11362=CARTESIAN_POINT('Ctrl Pts',(44.0338253711512,24.2979868587014,2.));
#11363=CARTESIAN_POINT('Ctrl Pts',(44.0441520815847,24.3214105209457,2.));
#11364=CARTESIAN_POINT('Ctrl Pts',(44.0676344515712,24.3746746370264,2.));
#11365=CARTESIAN_POINT('Ctrl Pts',(44.0687883600717,24.43305466773,2.));
#11366=CARTESIAN_POINT('Ctrl Pts',(44.0694348206887,24.4657612390459,2.));
#11367=CARTESIAN_POINT('',(44.0338253711512,24.2979868587014,2.));
#11368=CARTESIAN_POINT('Ctrl Pts',(43.9382575054355,24.2134820845431,1.6));
#11369=CARTESIAN_POINT('Ctrl Pts',(43.9382575054355,24.2134820845431,2.));
#11370=CARTESIAN_POINT('Ctrl Pts',(43.9573246382969,24.2235924851624,1.6));
#11371=CARTESIAN_POINT('Ctrl Pts',(43.9573246382969,24.2235924851624,2.));
#11372=CARTESIAN_POINT('Ctrl Pts',(43.9959499879375,24.2440736850244,1.6));
#11373=CARTESIAN_POINT('Ctrl Pts',(43.9959499879375,24.2440736850244,2.));
#11374=CARTESIAN_POINT('Ctrl Pts',(44.0210936841634,24.2798641205656,1.6));
#11375=CARTESIAN_POINT('Ctrl Pts',(44.0210936841634,24.2798641205656,2.));
#11376=CARTESIAN_POINT('Ctrl Pts',(44.0338253711512,24.2979868587014,1.6));
#11377=CARTESIAN_POINT('Ctrl Pts',(44.0338253711512,24.2979868587014,2.));
#11378=CARTESIAN_POINT('',(43.9382575054355,24.2134820845431,2.));
#11379=CARTESIAN_POINT('Ctrl Pts',(43.9382575054355,24.2134820845431,2.));
#11380=CARTESIAN_POINT('Ctrl Pts',(43.9573246382969,24.2235924851624,2.));
#11381=CARTESIAN_POINT('Ctrl Pts',(43.9959499879375,24.2440736850244,2.));
#11382=CARTESIAN_POINT('Ctrl Pts',(44.0210936841634,24.2798641205656,2.));
#11383=CARTESIAN_POINT('Ctrl Pts',(44.0338253711512,24.2979868587014,2.));
#11384=CARTESIAN_POINT('',(43.9382575054355,24.2134820845431,2.));
#11385=CARTESIAN_POINT('Ctrl Pts',(43.6681135791065,24.187784558657,1.6));
#11386=CARTESIAN_POINT('Ctrl Pts',(43.6681135791065,24.187784558657,2.));
#11387=CARTESIAN_POINT('Ctrl Pts',(43.7259785074853,24.1870122229023,1.6));
#11388=CARTESIAN_POINT('Ctrl Pts',(43.7259785074853,24.1870122229023,2.));
#11389=CARTESIAN_POINT('Ctrl Pts',(43.8171694093952,24.1857950781478,1.6));
#11390=CARTESIAN_POINT('Ctrl Pts',(43.8171694093952,24.1857950781478,2.));
#11391=CARTESIAN_POINT('Ctrl Pts',(43.9058492180504,24.2060718725616,1.6));
#11392=CARTESIAN_POINT('Ctrl Pts',(43.9058492180504,24.2060718725616,2.));
#11393=CARTESIAN_POINT('Ctrl Pts',(43.9382575054355,24.2134820845431,1.6));
#11394=CARTESIAN_POINT('Ctrl Pts',(43.9382575054355,24.2134820845431,2.));
#11395=CARTESIAN_POINT('',(43.6681135791065,24.187784558657,2.));
#11396=CARTESIAN_POINT('Ctrl Pts',(43.6681135791065,24.187784558657,2.));
#11397=CARTESIAN_POINT('Ctrl Pts',(43.7259785074853,24.1870122229023,2.));
#11398=CARTESIAN_POINT('Ctrl Pts',(43.8171694093952,24.1857950781478,2.));
#11399=CARTESIAN_POINT('Ctrl Pts',(43.9058492180504,24.2060718725616,2.));
#11400=CARTESIAN_POINT('Ctrl Pts',(43.9382575054355,24.2134820845431,2.));
#11401=CARTESIAN_POINT('',(43.6681135791065,24.187784558657,2.));
#11402=CARTESIAN_POINT('Origin',(42.820910584167,24.1884850132194,2.));
#11403=CARTESIAN_POINT('',(41.9737075892275,24.1891854677817,2.));
#11404=CARTESIAN_POINT('',(35.6606414530239,24.1944050149316,2.));
#11405=CARTESIAN_POINT('',(41.9737075892275,24.1891854677817,2.));
#11406=CARTESIAN_POINT('Origin',(41.973911747477,24.436115803783,2.));
#11407=CARTESIAN_POINT('',(41.9741159057266,24.6830461397842,2.));
#11408=CARTESIAN_POINT('',(41.9736235074119,24.0874881274604,2.));
#11409=CARTESIAN_POINT('',(41.9741159057266,24.6830461397842,2.));
#11410=CARTESIAN_POINT('Origin',(41.783120039381,24.6832040522642,2.));
#11411=CARTESIAN_POINT('',(41.5921241730355,24.6833619647442,2.));
#11412=CARTESIAN_POINT('',(35.1419503388804,24.6886948704552,2.));
#11413=CARTESIAN_POINT('',(41.5921241730355,24.6833619647442,2.));
#11414=CARTESIAN_POINT('Origin',(41.5919200147859,24.4364316287429,2.));
#11415=CARTESIAN_POINT('',(41.5917158565364,24.1895012927417,2.));
#11416=CARTESIAN_POINT('',(41.5916317747208,24.0878039524204,2.));
#11417=CARTESIAN_POINT('',(41.5917158565364,24.1895012927417,2.));
#11418=CARTESIAN_POINT('Origin',(41.0855767809184,24.1899197608382,2.));
#11419=CARTESIAN_POINT('',(40.5794377053003,24.1903382289348,2.));
#11420=CARTESIAN_POINT('',(34.7929745513996,24.195122388741,2.));
#11421=CARTESIAN_POINT('',(40.5794377053003,24.1903382289348,2.));
#11422=CARTESIAN_POINT('Origin',(40.7265754541457,23.9460144764309,2.));
#11423=CARTESIAN_POINT('',(40.873713202991,23.7016907239269,2.));
#11424=CARTESIAN_POINT('',(39.1428439727506,26.5758169678349,2.));
#11425=CARTESIAN_POINT('',(40.873713202991,23.7016907239269,2.));
#11426=CARTESIAN_POINT('Origin',(41.2325126273152,23.7013940740151,2.));
#11427=CARTESIAN_POINT('',(41.5913120516395,23.7010974241033,2.));
#11428=CARTESIAN_POINT('',(34.8662405721495,23.7066576110102,2.));
#11429=CARTESIAN_POINT('',(41.5913120516395,23.7010974241033,2.));
#11430=CARTESIAN_POINT('Origin',(41.5911631628565,23.5210157605322,2.));
#11431=CARTESIAN_POINT('',(41.5910142740735,23.3409340969611,2.));
#11432=CARTESIAN_POINT('',(41.5912533487561,23.6300960183151,2.));
#11433=CARTESIAN_POINT('',(41.5910142740735,23.3409340969611,2.));
#11434=CARTESIAN_POINT('Origin',(41.7820101404191,23.3407761844812,2.));
#11435=CARTESIAN_POINT('',(41.9730060067646,23.3406182720012,2.));
#11436=CARTESIAN_POINT('',(35.1408404399185,23.3462670026722,2.));
#11437=CARTESIAN_POINT('',(41.9730060067646,23.3406182720012,2.));
#11438=CARTESIAN_POINT('Origin',(41.9731548955476,23.5206999355723,2.));
#11439=CARTESIAN_POINT('',(41.9733037843306,23.7007815991433,2.));
#11440=CARTESIAN_POINT('',(41.9732450814472,23.6297801933552,2.));
#11441=CARTESIAN_POINT('',(41.9733037843306,23.7007815991433,2.));
#11442=CARTESIAN_POINT('Origin',(42.8068641748135,23.700092424079,2.));
#11443=CARTESIAN_POINT('',(43.6404245652964,23.6994032490147,2.));
#11444=CARTESIAN_POINT('',(35.6534163458987,23.7060067860422,2.));
#11445=CARTESIAN_POINT('',(43.6404245652964,23.6994032490147,2.));
#11446=CARTESIAN_POINT('Ctrl Pts',(44.2202829471441,23.7589510931393,1.6));
#11447=CARTESIAN_POINT('Ctrl Pts',(44.2202829471441,23.7589510931393,2.));
#11448=CARTESIAN_POINT('Ctrl Pts',(44.1492668446256,23.7417566455631,1.6));
#11449=CARTESIAN_POINT('Ctrl Pts',(44.1492668446256,23.7417566455631,2.));
#11450=CARTESIAN_POINT('Ctrl Pts',(43.9592261257911,23.6957439095571,1.6));
#11451=CARTESIAN_POINT('Ctrl Pts',(43.9592261257911,23.6957439095571,2.));
#11452=CARTESIAN_POINT('Ctrl Pts',(43.7631987140062,23.6979939952895,1.6));
#11453=CARTESIAN_POINT('Ctrl Pts',(43.7631987140062,23.6979939952895,2.));
#11454=CARTESIAN_POINT('Ctrl Pts',(43.6404245652964,23.6994032490147,1.6));
#11455=CARTESIAN_POINT('Ctrl Pts',(43.6404245652964,23.6994032490147,2.));
#11456=CARTESIAN_POINT('',(44.2202829471441,23.7589510931393,2.));
#11457=CARTESIAN_POINT('Ctrl Pts',(44.2202829471441,23.7589510931393,2.));
#11458=CARTESIAN_POINT('Ctrl Pts',(44.1492668446256,23.7417566455631,2.));
#11459=CARTESIAN_POINT('Ctrl Pts',(43.9592261257911,23.6957439095571,2.));
#11460=CARTESIAN_POINT('Ctrl Pts',(43.7631987140062,23.6979939952895,2.));
#11461=CARTESIAN_POINT('Ctrl Pts',(43.6404245652964,23.6994032490147,2.));
#11462=CARTESIAN_POINT('',(44.2202829471441,23.7589510931393,2.));
#11463=CARTESIAN_POINT('Ctrl Pts',(44.4428279241862,23.9661347066153,1.6));
#11464=CARTESIAN_POINT('Ctrl Pts',(44.4428279241862,23.9661347066153,2.));
#11465=CARTESIAN_POINT('Ctrl Pts',(44.4131845570212,23.9210451928922,1.6));
#11466=CARTESIAN_POINT('Ctrl Pts',(44.4131845570212,23.9210451928922,2.));
#11467=CARTESIAN_POINT('Ctrl Pts',(44.3557937823873,23.8337500450087,1.6));
#11468=CARTESIAN_POINT('Ctrl Pts',(44.3557937823873,23.8337500450087,2.));
#11469=CARTESIAN_POINT('Ctrl Pts',(44.2644473193339,23.7833288393456,1.6));
#11470=CARTESIAN_POINT('Ctrl Pts',(44.2644473193339,23.7833288393456,2.));
#11471=CARTESIAN_POINT('Ctrl Pts',(44.2202829471441,23.7589510931393,1.6));
#11472=CARTESIAN_POINT('Ctrl Pts',(44.2202829471441,23.7589510931393,2.));
#11473=CARTESIAN_POINT('',(44.4428279241862,23.9661347066153,2.));
#11474=CARTESIAN_POINT('Ctrl Pts',(44.4428279241862,23.9661347066153,2.));
#11475=CARTESIAN_POINT('Ctrl Pts',(44.4131845570212,23.9210451928922,2.));
#11476=CARTESIAN_POINT('Ctrl Pts',(44.3557937823873,23.8337500450087,2.));
#11477=CARTESIAN_POINT('Ctrl Pts',(44.2644473193339,23.7833288393456,2.));
#11478=CARTESIAN_POINT('Ctrl Pts',(44.2202829471441,23.7589510931393,2.));
#11479=CARTESIAN_POINT('',(44.4428279241862,23.9661347066153,2.));
#11480=CARTESIAN_POINT('Ctrl Pts',(44.5277551461889,24.3807985185478,1.6));
#11481=CARTESIAN_POINT('Ctrl Pts',(44.5277551461889,24.3807985185478,2.));
#11482=CARTESIAN_POINT('Ctrl Pts',(44.5261436564653,24.3004642193398,1.6));
#11483=CARTESIAN_POINT('Ctrl Pts',(44.5261436564653,24.3004642193398,2.));
#11484=CARTESIAN_POINT('Ctrl Pts',(44.5232585219961,24.1566375152036,1.6));
#11485=CARTESIAN_POINT('Ctrl Pts',(44.5232585219961,24.1566375152036,2.));
#11486=CARTESIAN_POINT('Ctrl Pts',(44.4674601547018,24.0244770442678,1.6));
#11487=CARTESIAN_POINT('Ctrl Pts',(44.4674601547018,24.0244770442678,2.));
#11488=CARTESIAN_POINT('Ctrl Pts',(44.4428279241862,23.9661347066153,1.6));
#11489=CARTESIAN_POINT('Ctrl Pts',(44.4428279241862,23.9661347066153,2.));
#11490=CARTESIAN_POINT('',(44.5277551461889,24.3807985185478,2.));
#11491=CARTESIAN_POINT('Ctrl Pts',(44.5277551461889,24.3807985185478,2.));
#11492=CARTESIAN_POINT('Ctrl Pts',(44.5261436564653,24.3004642193398,2.));
#11493=CARTESIAN_POINT('Ctrl Pts',(44.5232585219961,24.1566375152036,2.));
#11494=CARTESIAN_POINT('Ctrl Pts',(44.4674601547018,24.0244770442678,2.));
#11495=CARTESIAN_POINT('Ctrl Pts',(44.4428279241862,23.9661347066153,2.));
#11496=CARTESIAN_POINT('',(44.5277551461889,24.3807985185478,2.));
#11497=CARTESIAN_POINT('Ctrl Pts',(44.4844057324001,24.7519121427597,1.6));
#11498=CARTESIAN_POINT('Ctrl Pts',(44.4844057324001,24.7519121427597,2.));
#11499=CARTESIAN_POINT('Ctrl Pts',(44.4970684764187,24.686623414882,1.6));
#11500=CARTESIAN_POINT('Ctrl Pts',(44.4970684764187,24.686623414882,2.));
#11501=CARTESIAN_POINT('Ctrl Pts',(44.52085552806,24.5639780909818,1.6));
#11502=CARTESIAN_POINT('Ctrl Pts',(44.52085552806,24.5639780909818,2.));
#11503=CARTESIAN_POINT('Ctrl Pts',(44.5255566218071,24.4391676556114,1.6));
#11504=CARTESIAN_POINT('Ctrl Pts',(44.5255566218071,24.4391676556114,2.));
#11505=CARTESIAN_POINT('Ctrl Pts',(44.5277551461889,24.3807985185478,1.6));
#11506=CARTESIAN_POINT('Ctrl Pts',(44.5277551461889,24.3807985185478,2.));
#11507=CARTESIAN_POINT('',(44.4844057324001,24.7519121427597,2.));
#11508=CARTESIAN_POINT('Ctrl Pts',(44.4844057324001,24.7519121427597,2.));
#11509=CARTESIAN_POINT('Ctrl Pts',(44.4970684764187,24.686623414882,2.));
#11510=CARTESIAN_POINT('Ctrl Pts',(44.52085552806,24.5639780909818,2.));
#11511=CARTESIAN_POINT('Ctrl Pts',(44.5255566218071,24.4391676556114,2.));
#11512=CARTESIAN_POINT('Ctrl Pts',(44.5277551461889,24.3807985185478,2.));
#11513=CARTESIAN_POINT('',(44.4844057324001,24.7519121427597,2.));
#11514=CARTESIAN_POINT('Origin',(44.2674595313368,24.7166207743528,2.));
#11515=CARTESIAN_POINT('',(44.0505133302735,24.681329405946,2.));
#11516=CARTESIAN_POINT('',(36.5103806953871,23.4547506626899,2.));
#11517=CARTESIAN_POINT('',(44.0505133302735,24.681329405946,2.));
#11518=CARTESIAN_POINT('Ctrl Pts',(44.0694348206887,24.4657612390459,1.6));
#11519=CARTESIAN_POINT('Ctrl Pts',(44.0694348206887,24.4657612390459,2.));
#11520=CARTESIAN_POINT('Ctrl Pts',(44.0683377942982,24.4974070594039,1.6));
#11521=CARTESIAN_POINT('Ctrl Pts',(44.0683377942982,24.4974070594039,2.));
#11522=CARTESIAN_POINT('Ctrl Pts',(44.0658358255637,24.5695811235784,1.6));
#11523=CARTESIAN_POINT('Ctrl Pts',(44.0658358255637,24.5695811235784,2.));
#11524=CARTESIAN_POINT('Ctrl Pts',(44.0560233667232,24.6411442339242,1.6));
#11525=CARTESIAN_POINT('Ctrl Pts',(44.0560233667232,24.6411442339242,2.));
#11526=CARTESIAN_POINT('Ctrl Pts',(44.0505133302735,24.681329405946,1.6));
#11527=CARTESIAN_POINT('Ctrl Pts',(44.0505133302735,24.681329405946,2.));
#11528=CARTESIAN_POINT('Ctrl Pts',(44.0694348206887,24.4657612390459,2.));
#11529=CARTESIAN_POINT('Ctrl Pts',(44.0683377942982,24.4974070594039,2.));
#11530=CARTESIAN_POINT('Ctrl Pts',(44.0658358255637,24.5695811235784,2.));
#11531=CARTESIAN_POINT('Ctrl Pts',(44.0560233667232,24.6411442339242,2.));
#11532=CARTESIAN_POINT('Ctrl Pts',(44.0505133302735,24.681329405946,2.));
#11533=CARTESIAN_POINT('Origin',(28.5,23.75,1.6));
#11534=CARTESIAN_POINT('',(44.0325417683628,22.745463418729,1.6));
#11535=CARTESIAN_POINT('',(44.0681512179002,22.9132377990735,1.6));
#11536=CARTESIAN_POINT('Ctrl Pts',(44.0325417683628,22.745463418729,1.6));
#11537=CARTESIAN_POINT('Ctrl Pts',(44.0428684787963,22.7688870809733,1.6));
#11538=CARTESIAN_POINT('Ctrl Pts',(44.0663508487827,22.822151197054,1.6));
#11539=CARTESIAN_POINT('Ctrl Pts',(44.0675047572833,22.8805312277576,1.6));
#11540=CARTESIAN_POINT('Ctrl Pts',(44.0681512179002,22.9132377990735,1.6));
#11541=CARTESIAN_POINT('',(43.936973902647,22.6609586445707,1.6));
#11542=CARTESIAN_POINT('Ctrl Pts',(43.936973902647,22.6609586445707,1.6));
#11543=CARTESIAN_POINT('Ctrl Pts',(43.95604106878,22.6710688059046,1.6));
#11544=CARTESIAN_POINT('Ctrl Pts',(43.9946667210881,22.6915496457811,1.6));
#11545=CARTESIAN_POINT('Ctrl Pts',(44.0198101441123,22.7273404077101,1.6));
#11546=CARTESIAN_POINT('Ctrl Pts',(44.0325417683628,22.745463418729,1.6));
#11547=CARTESIAN_POINT('',(43.666829976318,22.6352611186846,1.6));
#11548=CARTESIAN_POINT('Ctrl Pts',(43.666829976318,22.6352611186846,1.6));
#11549=CARTESIAN_POINT('Ctrl Pts',(43.7246949046968,22.6344887829299,1.6));
#11550=CARTESIAN_POINT('Ctrl Pts',(43.8158858066068,22.6332716381754,1.6));
#11551=CARTESIAN_POINT('Ctrl Pts',(43.904565615262,22.6535484325892,1.6));
#11552=CARTESIAN_POINT('Ctrl Pts',(43.936973902647,22.6609586445707,1.6));
#11553=CARTESIAN_POINT('',(41.9724239864391,22.6366620278093,1.6));
#11554=CARTESIAN_POINT('',(41.9724239864391,22.6366620278093,1.6));
#11555=CARTESIAN_POINT('',(41.9728323029381,23.1305226998118,1.6));
#11556=CARTESIAN_POINT('',(41.9728323029381,23.1305226998118,1.6));
#11557=CARTESIAN_POINT('',(41.590840570247,23.1308385247718,1.6));
#11558=CARTESIAN_POINT('',(41.590840570247,23.1308385247718,1.6));
#11559=CARTESIAN_POINT('',(41.5904322537479,22.6369778527693,1.6));
#11560=CARTESIAN_POINT('',(41.5904322537479,22.6369778527693,1.6));
#11561=CARTESIAN_POINT('',(40.5781541025119,22.6378147889624,1.6));
#11562=CARTESIAN_POINT('',(40.5781541025119,22.6378147889624,1.6));
#11563=CARTESIAN_POINT('',(40.8724296002026,22.1491672839545,1.6));
#11564=CARTESIAN_POINT('',(40.8724296002026,22.1491672839545,1.6));
#11565=CARTESIAN_POINT('',(41.590028448851,22.1485739841309,1.6));
#11566=CARTESIAN_POINT('',(41.590028448851,22.1485739841309,1.6));
#11567=CARTESIAN_POINT('',(41.5897306712851,21.7884106569888,1.6));
#11568=CARTESIAN_POINT('',(41.5897306712851,21.7884106569888,1.6));
#11569=CARTESIAN_POINT('',(41.9717224039762,21.7880948320288,1.6));
#11570=CARTESIAN_POINT('',(41.9717224039762,21.7880948320288,1.6));
#11571=CARTESIAN_POINT('',(41.9720201815421,22.1482581591709,1.6));
#11572=CARTESIAN_POINT('',(41.9720201815421,22.1482581591709,1.6));
#11573=CARTESIAN_POINT('',(43.639140962508,22.1468798090423,1.6));
#11574=CARTESIAN_POINT('',(43.639140962508,22.1468798090423,1.6));
#11575=CARTESIAN_POINT('',(44.2189993448485,22.2064282492132,1.6));
#11576=CARTESIAN_POINT('Ctrl Pts',(44.2189993448485,22.2064282492132,1.6));
#11577=CARTESIAN_POINT('Ctrl Pts',(44.1479832414299,22.1892338238435,1.6));
#11578=CARTESIAN_POINT('Ctrl Pts',(43.9579425122505,22.1432211453415,1.6));
#11579=CARTESIAN_POINT('Ctrl Pts',(43.761915108958,22.1454708155372,1.6));
#11580=CARTESIAN_POINT('Ctrl Pts',(43.639140962508,22.1468798090423,1.6));
#11581=CARTESIAN_POINT('',(44.4415443213978,22.4136112666429,1.6));
#11582=CARTESIAN_POINT('Ctrl Pts',(44.4415443213978,22.4136112666429,1.6));
#11583=CARTESIAN_POINT('Ctrl Pts',(44.4119009825747,22.3685217111432,1.6));
#11584=CARTESIAN_POINT('Ctrl Pts',(44.3545103237995,22.2812265751451,1.6));
#11585=CARTESIAN_POINT('Ctrl Pts',(44.2631637300756,22.2308057727642,1.6));
#11586=CARTESIAN_POINT('Ctrl Pts',(44.2189993448485,22.2064282492132,1.6));
#11587=CARTESIAN_POINT('',(44.5264715434005,22.8282750785755,1.6));
#11588=CARTESIAN_POINT('Ctrl Pts',(44.5264715434005,22.8282750785755,1.6));
#11589=CARTESIAN_POINT('Ctrl Pts',(44.524859999684,22.7479409924246,1.6));
#11590=CARTESIAN_POINT('Ctrl Pts',(44.5219747615806,22.604114322386,1.6));
#11591=CARTESIAN_POINT('Ctrl Pts',(44.4661765558561,22.4719538036652,1.6));
#11592=CARTESIAN_POINT('Ctrl Pts',(44.4415443213978,22.4136112666429,1.6));
#11593=CARTESIAN_POINT('',(44.4831221296117,23.1993887027873,1.6));
#11594=CARTESIAN_POINT('Ctrl Pts',(44.4831221296117,23.1993887027873,1.6));
#11595=CARTESIAN_POINT('Ctrl Pts',(44.4957848736302,23.1340999749096,1.6));
#11596=CARTESIAN_POINT('Ctrl Pts',(44.5195719252715,23.0114546510094,1.6));
#11597=CARTESIAN_POINT('Ctrl Pts',(44.5242730190186,22.886644215639,1.6));
#11598=CARTESIAN_POINT('Ctrl Pts',(44.5264715434005,22.8282750785755,1.6));
#11599=CARTESIAN_POINT('',(44.0492297274851,23.1288059659736,1.6));
#11600=CARTESIAN_POINT('',(44.0492297274851,23.1288059659736,1.6));
#11601=CARTESIAN_POINT('Ctrl Pts',(44.0681512179002,22.9132377990735,1.6));
#11602=CARTESIAN_POINT('Ctrl Pts',(44.0670541793099,22.9448834196818,1.6));
#11603=CARTESIAN_POINT('Ctrl Pts',(44.0645521671022,23.0170574797215,1.6));
#11604=CARTESIAN_POINT('Ctrl Pts',(44.0547397611478,23.0886205949492,1.6));
#11605=CARTESIAN_POINT('Ctrl Pts',(44.0492297274851,23.1288059659736,1.6));
#11606=CARTESIAN_POINT('Ctrl Pts',(44.0325417683628,22.745463418729,1.6));
#11607=CARTESIAN_POINT('Ctrl Pts',(44.0325417683628,22.745463418729,2.));
#11608=CARTESIAN_POINT('Ctrl Pts',(44.0428684787963,22.7688870809733,1.6));
#11609=CARTESIAN_POINT('Ctrl Pts',(44.0428684787963,22.7688870809733,2.));
#11610=CARTESIAN_POINT('Ctrl Pts',(44.0663508487827,22.822151197054,1.6));
#11611=CARTESIAN_POINT('Ctrl Pts',(44.0663508487827,22.822151197054,2.));
#11612=CARTESIAN_POINT('Ctrl Pts',(44.0675047572833,22.8805312277576,1.6));
#11613=CARTESIAN_POINT('Ctrl Pts',(44.0675047572833,22.8805312277576,2.));
#11614=CARTESIAN_POINT('Ctrl Pts',(44.0681512179002,22.9132377990735,1.6));
#11615=CARTESIAN_POINT('Ctrl Pts',(44.0681512179002,22.9132377990735,2.));
#11616=CARTESIAN_POINT('',(44.0681512179002,22.9132377990735,2.));
#11617=CARTESIAN_POINT('',(44.0681512179002,22.9132377990735,2.));
#11618=CARTESIAN_POINT('',(44.0325417683628,22.745463418729,2.));
#11619=CARTESIAN_POINT('Ctrl Pts',(44.0325417683628,22.745463418729,2.));
#11620=CARTESIAN_POINT('Ctrl Pts',(44.0428684787963,22.7688870809733,2.));
#11621=CARTESIAN_POINT('Ctrl Pts',(44.0663508487827,22.822151197054,2.));
#11622=CARTESIAN_POINT('Ctrl Pts',(44.0675047572833,22.8805312277576,2.));
#11623=CARTESIAN_POINT('Ctrl Pts',(44.0681512179002,22.9132377990735,2.));
#11624=CARTESIAN_POINT('',(44.0325417683628,22.745463418729,2.));
#11625=CARTESIAN_POINT('Ctrl Pts',(43.936973902647,22.6609586445707,1.6));
#11626=CARTESIAN_POINT('Ctrl Pts',(43.936973902647,22.6609586445707,2.));
#11627=CARTESIAN_POINT('Ctrl Pts',(43.95604106878,22.6710688059046,1.6));
#11628=CARTESIAN_POINT('Ctrl Pts',(43.95604106878,22.6710688059046,2.));
#11629=CARTESIAN_POINT('Ctrl Pts',(43.9946667210881,22.6915496457811,1.6));
#11630=CARTESIAN_POINT('Ctrl Pts',(43.9946667210881,22.6915496457811,2.));
#11631=CARTESIAN_POINT('Ctrl Pts',(44.0198101441123,22.7273404077101,1.6));
#11632=CARTESIAN_POINT('Ctrl Pts',(44.0198101441123,22.7273404077101,2.));
#11633=CARTESIAN_POINT('Ctrl Pts',(44.0325417683628,22.745463418729,1.6));
#11634=CARTESIAN_POINT('Ctrl Pts',(44.0325417683628,22.745463418729,2.));
#11635=CARTESIAN_POINT('',(43.936973902647,22.6609586445707,2.));
#11636=CARTESIAN_POINT('Ctrl Pts',(43.936973902647,22.6609586445707,2.));
#11637=CARTESIAN_POINT('Ctrl Pts',(43.95604106878,22.6710688059046,2.));
#11638=CARTESIAN_POINT('Ctrl Pts',(43.9946667210881,22.6915496457811,2.));
#11639=CARTESIAN_POINT('Ctrl Pts',(44.0198101441123,22.7273404077101,2.));
#11640=CARTESIAN_POINT('Ctrl Pts',(44.0325417683628,22.745463418729,2.));
#11641=CARTESIAN_POINT('',(43.936973902647,22.6609586445707,2.));
#11642=CARTESIAN_POINT('Ctrl Pts',(43.666829976318,22.6352611186846,1.6));
#11643=CARTESIAN_POINT('Ctrl Pts',(43.666829976318,22.6352611186846,2.));
#11644=CARTESIAN_POINT('Ctrl Pts',(43.7246949046968,22.6344887829299,1.6));
#11645=CARTESIAN_POINT('Ctrl Pts',(43.7246949046968,22.6344887829299,2.));
#11646=CARTESIAN_POINT('Ctrl Pts',(43.8158858066068,22.6332716381754,1.6));
#11647=CARTESIAN_POINT('Ctrl Pts',(43.8158858066068,22.6332716381754,2.));
#11648=CARTESIAN_POINT('Ctrl Pts',(43.904565615262,22.6535484325892,1.6));
#11649=CARTESIAN_POINT('Ctrl Pts',(43.904565615262,22.6535484325892,2.));
#11650=CARTESIAN_POINT('Ctrl Pts',(43.936973902647,22.6609586445707,1.6));
#11651=CARTESIAN_POINT('Ctrl Pts',(43.936973902647,22.6609586445707,2.));
#11652=CARTESIAN_POINT('',(43.666829976318,22.6352611186846,2.));
#11653=CARTESIAN_POINT('Ctrl Pts',(43.666829976318,22.6352611186846,2.));
#11654=CARTESIAN_POINT('Ctrl Pts',(43.7246949046968,22.6344887829299,2.));
#11655=CARTESIAN_POINT('Ctrl Pts',(43.8158858066068,22.6332716381754,2.));
#11656=CARTESIAN_POINT('Ctrl Pts',(43.904565615262,22.6535484325892,2.));
#11657=CARTESIAN_POINT('Ctrl Pts',(43.936973902647,22.6609586445707,2.));
#11658=CARTESIAN_POINT('',(43.666829976318,22.6352611186846,2.));
#11659=CARTESIAN_POINT('Origin',(42.8196269813785,22.635961573247,2.));
#11660=CARTESIAN_POINT('',(41.9724239864391,22.6366620278093,2.));
#11661=CARTESIAN_POINT('',(35.6593578502354,22.6418815749592,2.));
#11662=CARTESIAN_POINT('',(41.9724239864391,22.6366620278093,2.));
#11663=CARTESIAN_POINT('Origin',(41.9726281446886,22.8835923638106,2.));
#11664=CARTESIAN_POINT('',(41.9728323029381,23.1305226998118,2.));
#11665=CARTESIAN_POINT('',(41.9729817060177,23.3112264074742,2.));
#11666=CARTESIAN_POINT('',(41.9728323029381,23.1305226998118,2.));
#11667=CARTESIAN_POINT('Origin',(41.7818364365925,23.1306806122918,2.));
#11668=CARTESIAN_POINT('',(41.590840570247,23.1308385247718,2.));
#11669=CARTESIAN_POINT('',(35.1406667360919,23.1361714304828,2.));
#11670=CARTESIAN_POINT('',(41.590840570247,23.1308385247718,2.));
#11671=CARTESIAN_POINT('Origin',(41.5906364119975,22.8839081887705,2.));
#11672=CARTESIAN_POINT('',(41.5904322537479,22.6369778527693,2.));
#11673=CARTESIAN_POINT('',(41.5909899733266,23.3115422324342,2.));
#11674=CARTESIAN_POINT('',(41.5904322537479,22.6369778527693,2.));
#11675=CARTESIAN_POINT('Origin',(41.0842931781299,22.6373963208658,2.));
#11676=CARTESIAN_POINT('',(40.5781541025119,22.6378147889624,2.));
#11677=CARTESIAN_POINT('',(34.7916909486111,22.6425989487686,2.));
#11678=CARTESIAN_POINT('',(40.5781541025119,22.6378147889624,2.));
#11679=CARTESIAN_POINT('Origin',(40.7252918513572,22.3934910364585,2.));
#11680=CARTESIAN_POINT('',(40.8724296002026,22.1491672839545,2.));
#11681=CARTESIAN_POINT('',(38.7986676894174,25.5926703674177,2.));
#11682=CARTESIAN_POINT('',(40.8724296002026,22.1491672839545,2.));
#11683=CARTESIAN_POINT('Origin',(41.2312290245268,22.1488706340427,2.));
#11684=CARTESIAN_POINT('',(41.590028448851,22.1485739841309,2.));
#11685=CARTESIAN_POINT('',(34.8649569693611,22.1541341710378,2.));
#11686=CARTESIAN_POINT('',(41.590028448851,22.1485739841309,2.));
#11687=CARTESIAN_POINT('Origin',(41.589879560068,21.9684923205598,2.));
#11688=CARTESIAN_POINT('',(41.5897306712851,21.7884106569888,2.));
#11689=CARTESIAN_POINT('',(41.5906115473618,22.8538342983289,2.));
#11690=CARTESIAN_POINT('',(41.5897306712851,21.7884106569888,2.));
#11691=CARTESIAN_POINT('Origin',(41.7807265376306,21.7882527445088,2.));
#11692=CARTESIAN_POINT('',(41.9717224039762,21.7880948320288,2.));
#11693=CARTESIAN_POINT('',(35.13955683713,21.7937435626998,2.));
#11694=CARTESIAN_POINT('',(41.9717224039762,21.7880948320288,2.));
#11695=CARTESIAN_POINT('Origin',(41.9718712927591,21.9681764955999,2.));
#11696=CARTESIAN_POINT('',(41.9720201815421,22.1482581591709,2.));
#11697=CARTESIAN_POINT('',(41.972603280053,22.853518473369,2.));
#11698=CARTESIAN_POINT('',(41.9720201815421,22.1482581591709,2.));
#11699=CARTESIAN_POINT('Origin',(42.8055805720251,22.1475689841066,2.));
#11700=CARTESIAN_POINT('',(43.639140962508,22.1468798090423,2.));
#11701=CARTESIAN_POINT('',(35.6521327431102,22.1534833460698,2.));
#11702=CARTESIAN_POINT('',(43.639140962508,22.1468798090423,2.));
#11703=CARTESIAN_POINT('Ctrl Pts',(44.2189993448485,22.2064282492132,1.6));
#11704=CARTESIAN_POINT('Ctrl Pts',(44.2189993448485,22.2064282492132,2.));
#11705=CARTESIAN_POINT('Ctrl Pts',(44.1479832414299,22.1892338238435,1.6));
#11706=CARTESIAN_POINT('Ctrl Pts',(44.1479832414299,22.1892338238435,2.));
#11707=CARTESIAN_POINT('Ctrl Pts',(43.9579425122505,22.1432211453415,1.6));
#11708=CARTESIAN_POINT('Ctrl Pts',(43.9579425122505,22.1432211453415,2.));
#11709=CARTESIAN_POINT('Ctrl Pts',(43.761915108958,22.1454708155372,1.6));
#11710=CARTESIAN_POINT('Ctrl Pts',(43.761915108958,22.1454708155372,2.));
#11711=CARTESIAN_POINT('Ctrl Pts',(43.639140962508,22.1468798090423,1.6));
#11712=CARTESIAN_POINT('Ctrl Pts',(43.639140962508,22.1468798090423,2.));
#11713=CARTESIAN_POINT('',(44.2189993448485,22.2064282492132,2.));
#11714=CARTESIAN_POINT('Ctrl Pts',(44.2189993448485,22.2064282492132,2.));
#11715=CARTESIAN_POINT('Ctrl Pts',(44.1479832414299,22.1892338238435,2.));
#11716=CARTESIAN_POINT('Ctrl Pts',(43.9579425122505,22.1432211453415,2.));
#11717=CARTESIAN_POINT('Ctrl Pts',(43.761915108958,22.1454708155372,2.));
#11718=CARTESIAN_POINT('Ctrl Pts',(43.639140962508,22.1468798090423,2.));
#11719=CARTESIAN_POINT('',(44.2189993448485,22.2064282492132,2.));
#11720=CARTESIAN_POINT('Ctrl Pts',(44.4415443213978,22.4136112666429,1.6));
#11721=CARTESIAN_POINT('Ctrl Pts',(44.4415443213978,22.4136112666429,2.));
#11722=CARTESIAN_POINT('Ctrl Pts',(44.4119009825747,22.3685217111432,1.6));
#11723=CARTESIAN_POINT('Ctrl Pts',(44.4119009825747,22.3685217111432,2.));
#11724=CARTESIAN_POINT('Ctrl Pts',(44.3545103237995,22.2812265751451,1.6));
#11725=CARTESIAN_POINT('Ctrl Pts',(44.3545103237995,22.2812265751451,2.));
#11726=CARTESIAN_POINT('Ctrl Pts',(44.2631637300756,22.2308057727642,1.6));
#11727=CARTESIAN_POINT('Ctrl Pts',(44.2631637300756,22.2308057727642,2.));
#11728=CARTESIAN_POINT('Ctrl Pts',(44.2189993448485,22.2064282492132,1.6));
#11729=CARTESIAN_POINT('Ctrl Pts',(44.2189993448485,22.2064282492132,2.));
#11730=CARTESIAN_POINT('',(44.4415443213978,22.4136112666429,2.));
#11731=CARTESIAN_POINT('Ctrl Pts',(44.4415443213978,22.4136112666429,2.));
#11732=CARTESIAN_POINT('Ctrl Pts',(44.4119009825747,22.3685217111432,2.));
#11733=CARTESIAN_POINT('Ctrl Pts',(44.3545103237995,22.2812265751451,2.));
#11734=CARTESIAN_POINT('Ctrl Pts',(44.2631637300756,22.2308057727642,2.));
#11735=CARTESIAN_POINT('Ctrl Pts',(44.2189993448485,22.2064282492132,2.));
#11736=CARTESIAN_POINT('',(44.4415443213978,22.4136112666429,2.));
#11737=CARTESIAN_POINT('Ctrl Pts',(44.5264715434005,22.8282750785755,1.6));
#11738=CARTESIAN_POINT('Ctrl Pts',(44.5264715434005,22.8282750785755,2.));
#11739=CARTESIAN_POINT('Ctrl Pts',(44.524859999684,22.7479409924246,1.6));
#11740=CARTESIAN_POINT('Ctrl Pts',(44.524859999684,22.7479409924246,2.));
#11741=CARTESIAN_POINT('Ctrl Pts',(44.5219747615806,22.604114322386,1.6));
#11742=CARTESIAN_POINT('Ctrl Pts',(44.5219747615806,22.604114322386,2.));
#11743=CARTESIAN_POINT('Ctrl Pts',(44.4661765558561,22.4719538036652,1.6));
#11744=CARTESIAN_POINT('Ctrl Pts',(44.4661765558561,22.4719538036652,2.));
#11745=CARTESIAN_POINT('Ctrl Pts',(44.4415443213978,22.4136112666429,1.6));
#11746=CARTESIAN_POINT('Ctrl Pts',(44.4415443213978,22.4136112666429,2.));
#11747=CARTESIAN_POINT('',(44.5264715434005,22.8282750785755,2.));
#11748=CARTESIAN_POINT('Ctrl Pts',(44.5264715434005,22.8282750785755,2.));
#11749=CARTESIAN_POINT('Ctrl Pts',(44.524859999684,22.7479409924246,2.));
#11750=CARTESIAN_POINT('Ctrl Pts',(44.5219747615806,22.604114322386,2.));
#11751=CARTESIAN_POINT('Ctrl Pts',(44.4661765558561,22.4719538036652,2.));
#11752=CARTESIAN_POINT('Ctrl Pts',(44.4415443213978,22.4136112666429,2.));
#11753=CARTESIAN_POINT('',(44.5264715434005,22.8282750785755,2.));
#11754=CARTESIAN_POINT('Ctrl Pts',(44.4831221296117,23.1993887027873,1.6));
#11755=CARTESIAN_POINT('Ctrl Pts',(44.4831221296117,23.1993887027873,2.));
#11756=CARTESIAN_POINT('Ctrl Pts',(44.4957848736302,23.1340999749096,1.6));
#11757=CARTESIAN_POINT('Ctrl Pts',(44.4957848736302,23.1340999749096,2.));
#11758=CARTESIAN_POINT('Ctrl Pts',(44.5195719252715,23.0114546510094,1.6));
#11759=CARTESIAN_POINT('Ctrl Pts',(44.5195719252715,23.0114546510094,2.));
#11760=CARTESIAN_POINT('Ctrl Pts',(44.5242730190186,22.886644215639,1.6));
#11761=CARTESIAN_POINT('Ctrl Pts',(44.5242730190186,22.886644215639,2.));
#11762=CARTESIAN_POINT('Ctrl Pts',(44.5264715434005,22.8282750785755,1.6));
#11763=CARTESIAN_POINT('Ctrl Pts',(44.5264715434005,22.8282750785755,2.));
#11764=CARTESIAN_POINT('',(44.4831221296117,23.1993887027873,2.));
#11765=CARTESIAN_POINT('Ctrl Pts',(44.4831221296117,23.1993887027873,2.));
#11766=CARTESIAN_POINT('Ctrl Pts',(44.4957848736302,23.1340999749096,2.));
#11767=CARTESIAN_POINT('Ctrl Pts',(44.5195719252715,23.0114546510094,2.));
#11768=CARTESIAN_POINT('Ctrl Pts',(44.5242730190186,22.886644215639,2.));
#11769=CARTESIAN_POINT('Ctrl Pts',(44.5264715434005,22.8282750785755,2.));
#11770=CARTESIAN_POINT('',(44.4831221296117,23.1993887027873,2.));
#11771=CARTESIAN_POINT('Origin',(44.2661759285484,23.1640973343804,2.));
#11772=CARTESIAN_POINT('',(44.0492297274851,23.1288059659736,2.));
#11773=CARTESIAN_POINT('',(36.6327439786014,21.9223412776532,2.));
#11774=CARTESIAN_POINT('',(44.0492297274851,23.1288059659736,2.));
#11775=CARTESIAN_POINT('Ctrl Pts',(44.0681512179002,22.9132377990735,1.6));
#11776=CARTESIAN_POINT('Ctrl Pts',(44.0681512179002,22.9132377990735,2.));
#11777=CARTESIAN_POINT('Ctrl Pts',(44.0670541793099,22.9448834196818,1.6));
#11778=CARTESIAN_POINT('Ctrl Pts',(44.0670541793099,22.9448834196818,2.));
#11779=CARTESIAN_POINT('Ctrl Pts',(44.0645521671022,23.0170574797215,1.6));
#11780=CARTESIAN_POINT('Ctrl Pts',(44.0645521671022,23.0170574797215,2.));
#11781=CARTESIAN_POINT('Ctrl Pts',(44.0547397611478,23.0886205949492,1.6));
#11782=CARTESIAN_POINT('Ctrl Pts',(44.0547397611478,23.0886205949492,2.));
#11783=CARTESIAN_POINT('Ctrl Pts',(44.0492297274851,23.1288059659736,1.6));
#11784=CARTESIAN_POINT('Ctrl Pts',(44.0492297274851,23.1288059659736,2.));
#11785=CARTESIAN_POINT('Ctrl Pts',(44.0681512179002,22.9132377990735,2.));
#11786=CARTESIAN_POINT('Ctrl Pts',(44.0670541793099,22.9448834196818,2.));
#11787=CARTESIAN_POINT('Ctrl Pts',(44.0645521671022,23.0170574797215,2.));
#11788=CARTESIAN_POINT('Ctrl Pts',(44.0547397611478,23.0886205949492,2.));
#11789=CARTESIAN_POINT('Ctrl Pts',(44.0492297274851,23.1288059659736,2.));
#11790=CARTESIAN_POINT('Origin',(28.5,23.75,1.6));
#11791=CARTESIAN_POINT('',(44.4169624319698,17.4327290044962,1.6));
#11792=CARTESIAN_POINT('',(44.4832775860146,16.7873808092103,1.6));
#11793=CARTESIAN_POINT('Ctrl Pts',(44.4169624319698,17.4327290044962,1.6));
#11794=CARTESIAN_POINT('Ctrl Pts',(44.4363421711483,17.3353541357012,1.6));
#11795=CARTESIAN_POINT('Ctrl Pts',(44.4787191265265,17.1224281292216,1.6));
#11796=CARTESIAN_POINT('Ctrl Pts',(44.4816740187975,16.9052431923115,1.6));
#11797=CARTESIAN_POINT('Ctrl Pts',(44.4832775860146,16.7873808092103,1.6));
#11798=CARTESIAN_POINT('',(44.2195074833834,17.870819056972,1.6));
#11799=CARTESIAN_POINT('Ctrl Pts',(44.2195074833834,17.870819056972,1.6));
#11800=CARTESIAN_POINT('Ctrl Pts',(44.2609814902157,17.8066600939885,1.6));
#11801=CARTESIAN_POINT('Ctrl Pts',(44.3488570020476,17.6707194858488,1.6));
#11802=CARTESIAN_POINT('Ctrl Pts',(44.3934275447523,17.5149703051366,1.6));
#11803=CARTESIAN_POINT('Ctrl Pts',(44.4169624319698,17.4327290044962,1.6));
#11804=CARTESIAN_POINT('',(43.84730811196,18.1644419389937,1.6));
#11805=CARTESIAN_POINT('Ctrl Pts',(43.84730811196,18.1644419389937,1.6));
#11806=CARTESIAN_POINT('Ctrl Pts',(43.9218115997065,18.1242334990269,1.6));
#11807=CARTESIAN_POINT('Ctrl Pts',(44.0631444433412,18.047958235539,1.6));
#11808=CARTESIAN_POINT('Ctrl Pts',(44.1693079693761,17.9276886386411,1.6));
#11809=CARTESIAN_POINT('Ctrl Pts',(44.2195074833834,17.870819056972,1.6));
#11810=CARTESIAN_POINT('',(43.3248963103798,18.2835640347943,1.6));
#11811=CARTESIAN_POINT('Ctrl Pts',(43.3248963103798,18.2835640347943,1.6));
#11812=CARTESIAN_POINT('Ctrl Pts',(43.4164566281576,18.2787706637326,1.6));
#11813=CARTESIAN_POINT('Ctrl Pts',(43.597528382571,18.2692911847536,1.6));
#11814=CARTESIAN_POINT('Ctrl Pts',(43.7646786539609,18.1991270448265,1.6));
#11815=CARTESIAN_POINT('Ctrl Pts',(43.84730811196,18.1644419389937,1.6));
#11816=CARTESIAN_POINT('',(42.7190054030075,18.0889765229753,1.6));
#11817=CARTESIAN_POINT('Ctrl Pts',(42.7190054030075,18.0889765229753,1.6));
#11818=CARTESIAN_POINT('Ctrl Pts',(42.8096280795424,18.1457948537265,1.6));
#11819=CARTESIAN_POINT('Ctrl Pts',(42.9949074814943,18.2619607709561,1.6));
#11820=CARTESIAN_POINT('Ctrl Pts',(43.2133149212248,18.2762591748162,1.6));
#11821=CARTESIAN_POINT('Ctrl Pts',(43.3248963103798,18.2835640347943,1.6));
#11822=CARTESIAN_POINT('',(42.3556520459957,17.5312956138381,1.6));
#11823=CARTESIAN_POINT('Ctrl Pts',(42.3556520459957,17.5312956138381,1.6));
#11824=CARTESIAN_POINT('Ctrl Pts',(42.3954863221716,17.6436817401572,1.6));
#11825=CARTESIAN_POINT('Ctrl Pts',(42.4718660255606,17.8591750242668,1.6));
#11826=CARTESIAN_POINT('Ctrl Pts',(42.6390248523382,18.0146069481985,1.6));
#11827=CARTESIAN_POINT('Ctrl Pts',(42.7190054030075,18.0889765229753,1.6));
#11828=CARTESIAN_POINT('',(41.9903787270962,17.9517890478777,1.6));
#11829=CARTESIAN_POINT('Ctrl Pts',(41.9903787270962,17.9517890478777,1.6));
#11830=CARTESIAN_POINT('Ctrl Pts',(42.0631008624365,17.8975336048426,1.6));
#11831=CARTESIAN_POINT('Ctrl Pts',(42.2151980985243,17.7840591738493,1.6));
#11832=CARTESIAN_POINT('Ctrl Pts',(42.3074884235803,17.6179717727066,1.6));
#11833=CARTESIAN_POINT('Ctrl Pts',(42.3556520459957,17.5312956138381,1.6));
#11834=CARTESIAN_POINT('',(41.5075470098875,18.0913418931044,1.6));
#11835=CARTESIAN_POINT('Ctrl Pts',(41.5075470098875,18.0913418931044,1.6));
#11836=CARTESIAN_POINT('Ctrl Pts',(41.5921346323412,18.0852579086486,1.6));
#11837=CARTESIAN_POINT('Ctrl Pts',(41.7629235653348,18.0729738748455,1.6));
#11838=CARTESIAN_POINT('Ctrl Pts',(41.9140842625153,17.9924376373282,1.6));
#11839=CARTESIAN_POINT('Ctrl Pts',(41.9903787270962,17.9517890478777,1.6));
#11840=CARTESIAN_POINT('',(40.9794502623899,17.9348895000559,1.6));
#11841=CARTESIAN_POINT('Ctrl Pts',(40.9794502623899,17.9348895000559,1.6));
#11842=CARTESIAN_POINT('Ctrl Pts',(41.0636292093589,17.9805738721457,1.6));
#11843=CARTESIAN_POINT('Ctrl Pts',(41.2286890202124,18.070152728708,1.6));
#11844=CARTESIAN_POINT('Ctrl Pts',(41.4158408489198,18.0843735544056,1.6));
#11845=CARTESIAN_POINT('Ctrl Pts',(41.5075470098875,18.0913418931044,1.6));
#11846=CARTESIAN_POINT('',(40.6052853458634,17.5013651065541,1.6));
#11847=CARTESIAN_POINT('Ctrl Pts',(40.6052853458634,17.5013651065541,1.6));
#11848=CARTESIAN_POINT('Ctrl Pts',(40.6510899736385,17.5885165920088,1.6));
#11849=CARTESIAN_POINT('Ctrl Pts',(40.7422747382371,17.7620118930648,1.6));
#11850=CARTESIAN_POINT('Ctrl Pts',(40.9006374955284,17.8774427521926,1.6));
#11851=CARTESIAN_POINT('Ctrl Pts',(40.9794502623899,17.9348895000559,1.6));
#11852=CARTESIAN_POINT('',(40.4832585904836,16.7661312891268,1.6));
#11853=CARTESIAN_POINT('Ctrl Pts',(40.4832585904836,16.7661312891268,1.6));
#11854=CARTESIAN_POINT('Ctrl Pts',(40.4859128343055,16.9051403709874,1.6));
#11855=CARTESIAN_POINT('Ctrl Pts',(40.4907136062873,17.1565682541149,1.6));
#11856=CARTESIAN_POINT('Ctrl Pts',(40.5698857718817,17.3948321889975,1.6));
#11857=CARTESIAN_POINT('Ctrl Pts',(40.6052853458634,17.5013651065541,1.6));
#11858=CARTESIAN_POINT('',(40.4820178497631,15.265449716287,1.6));
#11859=CARTESIAN_POINT('',(40.4820178497631,15.265449716287,1.6));
#11860=CARTESIAN_POINT('',(44.4820165422222,15.262142578151,1.6));
#11861=CARTESIAN_POINT('',(44.4820165422222,15.262142578151,1.6));
#11862=CARTESIAN_POINT('',(44.4832775860146,16.7873808092103,1.6));
#11863=CARTESIAN_POINT('',(42.6360161902864,16.7179667734149,1.6));
#11864=CARTESIAN_POINT('',(42.6352514427453,15.7930011267881,1.6));
#11865=CARTESIAN_POINT('',(42.6360161902864,16.7179667734149,1.6));
#11866=CARTESIAN_POINT('',(42.7033487515077,17.3031772085775,1.6));
#11867=CARTESIAN_POINT('Ctrl Pts',(42.7033487515077,17.3031772085775,1.6));
#11868=CARTESIAN_POINT('Ctrl Pts',(42.6838833572088,17.2208781504517,1.6));
#11869=CARTESIAN_POINT('Ctrl Pts',(42.6384309708694,17.0287069296756,1.6));
#11870=CARTESIAN_POINT('Ctrl Pts',(42.6368945977588,16.8310024989566,1.6));
#11871=CARTESIAN_POINT('Ctrl Pts',(42.6360161902864,16.7179667734149,1.6));
#11872=CARTESIAN_POINT('',(42.935535242887,17.620857366581,1.6));
#11873=CARTESIAN_POINT('Ctrl Pts',(42.935535242887,17.620857366581,1.6));
#11874=CARTESIAN_POINT('Ctrl Pts',(42.8843872712108,17.5784472883482,1.6));
#11875=CARTESIAN_POINT('Ctrl Pts',(42.780323778593,17.4921615429224,1.6));
#11876=CARTESIAN_POINT('Ctrl Pts',(42.7292960011773,17.3668812940786,1.6));
#11877=CARTESIAN_POINT('Ctrl Pts',(42.7033487515077,17.3031772085775,1.6));
#11878=CARTESIAN_POINT('',(43.3244428761349,17.7351332429887,1.6));
#11879=CARTESIAN_POINT('Ctrl Pts',(43.3244428761349,17.7351332429887,1.6));
#11880=CARTESIAN_POINT('Ctrl Pts',(43.2531462142542,17.730990726361,1.6));
#11881=CARTESIAN_POINT('Ctrl Pts',(43.1145372121149,17.7229371922829,1.6));
#11882=CARTESIAN_POINT('Ctrl Pts',(42.9940480775418,17.6542256026325,1.6));
#11883=CARTESIAN_POINT('Ctrl Pts',(42.935535242887,17.620857366581,1.6));
#11884=CARTESIAN_POINT('',(43.6613486229808,17.6557277133135,1.6));
#11885=CARTESIAN_POINT('Ctrl Pts',(43.6613486229808,17.6557277133135,1.6));
#11886=CARTESIAN_POINT('Ctrl Pts',(43.6097457967266,17.6788406329296,1.6));
#11887=CARTESIAN_POINT('Ctrl Pts',(43.5026194796537,17.7268225388638,1.6));
#11888=CARTESIAN_POINT('Ctrl Pts',(43.3852667230107,17.732296231927,1.6));
#11889=CARTESIAN_POINT('Ctrl Pts',(43.3244428761349,17.7351332429887,1.6));
#11890=CARTESIAN_POINT('',(43.8835555138436,17.4536340869157,1.6));
#11891=CARTESIAN_POINT('Ctrl Pts',(43.8835555138436,17.4536340869157,1.6));
#11892=CARTESIAN_POINT('Ctrl Pts',(43.8543950866068,17.4932070695124,1.6));
#11893=CARTESIAN_POINT('Ctrl Pts',(43.7938794905995,17.5753314707834,1.6));
#11894=CARTESIAN_POINT('Ctrl Pts',(43.706580941788,17.6282887586129,1.6));
#11895=CARTESIAN_POINT('Ctrl Pts',(43.6613486229808,17.6557277133135,1.6));
#11896=CARTESIAN_POINT('',(43.9924430935065,17.1479504950735,1.6));
#11897=CARTESIAN_POINT('Ctrl Pts',(43.9924430935065,17.1479504950735,1.6));
#11898=CARTESIAN_POINT('Ctrl Pts',(43.9806661793477,17.2048877061671,1.6));
#11899=CARTESIAN_POINT('Ctrl Pts',(43.9585271741586,17.3119219593558,1.6));
#11900=CARTESIAN_POINT('Ctrl Pts',(43.9074581897297,17.4084530272997,1.6));
#11901=CARTESIAN_POINT('Ctrl Pts',(43.8835555138436,17.4536340869157,1.6));
#11902=CARTESIAN_POINT('',(44.0112450215379,16.7877710785617,1.6));
#11903=CARTESIAN_POINT('Ctrl Pts',(44.0112450215379,16.7877710785617,1.6));
#11904=CARTESIAN_POINT('Ctrl Pts',(44.0114433493482,16.8606373452638,1.6));
#11905=CARTESIAN_POINT('Ctrl Pts',(44.0117712146964,16.9810961143443,1.6));
#11906=CARTESIAN_POINT('Ctrl Pts',(43.9979168613972,17.1006969548726,1.6));
#11907=CARTESIAN_POINT('Ctrl Pts',(43.9924430935065,17.1479504950735,1.6));
#11908=CARTESIAN_POINT('',(44.0104216208287,15.7918641569816,1.6));
#11909=CARTESIAN_POINT('',(44.0104216208287,15.7918641569816,1.6));
#11910=CARTESIAN_POINT('',(42.6352514427453,15.7930011267881,1.6));
#11911=CARTESIAN_POINT('',(40.9551490337037,16.5938447102621,1.6));
#11912=CARTESIAN_POINT('',(40.9544880573229,15.7943907564148,1.6));
#11913=CARTESIAN_POINT('',(40.9551490337037,16.5938447102621,1.6));
#11914=CARTESIAN_POINT('',(41.0115868654681,17.2022567752652,1.6));
#11915=CARTESIAN_POINT('Ctrl Pts',(41.0115868654681,17.2022567752652,1.6));
#11916=CARTESIAN_POINT('Ctrl Pts',(40.9953641977976,17.1222358893842,1.6));
#11917=CARTESIAN_POINT('Ctrl Pts',(40.9547209037398,16.92175638369,1.6));
#11918=CARTESIAN_POINT('Ctrl Pts',(40.9549883424662,16.7169207316582,1.6));
#11919=CARTESIAN_POINT('Ctrl Pts',(40.9551490337037,16.5938447102621,1.6));
#11920=CARTESIAN_POINT('',(41.2191793272974,17.4749366715595,1.6));
#11921=CARTESIAN_POINT('Ctrl Pts',(41.2191793272974,17.4749366715595,1.6));
#11922=CARTESIAN_POINT('Ctrl Pts',(41.1725572125041,17.4394293870656,1.6));
#11923=CARTESIAN_POINT('Ctrl Pts',(41.0783305165339,17.3676665741695,1.6));
#11924=CARTESIAN_POINT('Ctrl Pts',(41.0339888604238,17.2577753065637,1.6));
#11925=CARTESIAN_POINT('Ctrl Pts',(41.0115868654681,17.2022567752652,1.6));
#11926=CARTESIAN_POINT('',(41.5698720555343,17.5701444245701,1.6));
#11927=CARTESIAN_POINT('Ctrl Pts',(41.5698720555343,17.5701444245701,1.6));
#11928=CARTESIAN_POINT('Ctrl Pts',(41.5062232682219,17.5666876281962,1.6));
#11929=CARTESIAN_POINT('Ctrl Pts',(41.3824256241759,17.5599641183683,1.6));
#11930=CARTESIAN_POINT('Ctrl Pts',(41.272559402926,17.5027398844222,1.6));
#11931=CARTESIAN_POINT('Ctrl Pts',(41.2191793272974,17.4749366715595,1.6));
#11932=CARTESIAN_POINT('',(41.9190368820592,17.4675365840653,1.6));
#11933=CARTESIAN_POINT('Ctrl Pts',(41.9190368820592,17.4675365840653,1.6));
#11934=CARTESIAN_POINT('Ctrl Pts',(41.8680470094478,17.4973993274673,1.6));
#11935=CARTESIAN_POINT('Ctrl Pts',(41.7604029422171,17.5604421827214,1.6));
#11936=CARTESIAN_POINT('Ctrl Pts',(41.6355719224323,17.56679884628,1.6));
#11937=CARTESIAN_POINT('Ctrl Pts',(41.5698720555343,17.5701444245701,1.6));
#11938=CARTESIAN_POINT('',(42.1179667194313,17.1631427484262,1.6));
#11939=CARTESIAN_POINT('Ctrl Pts',(42.1179667194313,17.1631427484262,1.6));
#11940=CARTESIAN_POINT('Ctrl Pts',(42.096073047061,17.2252741971334,1.6));
#11941=CARTESIAN_POINT('Ctrl Pts',(42.0545090830655,17.3432274236808,1.6));
#11942=CARTESIAN_POINT('Ctrl Pts',(41.9625546430557,17.4276047287393,1.6));
#11943=CARTESIAN_POINT('Ctrl Pts',(41.9190368820592,17.4675365840653,1.6));
#11944=CARTESIAN_POINT('',(42.1639342941154,16.6583296723181,1.6));
#11945=CARTESIAN_POINT('Ctrl Pts',(42.1639342941154,16.6583296723181,1.6));
#11946=CARTESIAN_POINT('Ctrl Pts',(42.1640800909767,16.7594679823554,1.6));
#11947=CARTESIAN_POINT('Ctrl Pts',(42.1643249919346,16.9293541430608,1.6));
#11948=CARTESIAN_POINT('Ctrl Pts',(42.1313220310943,17.0957908062741,1.6));
#11949=CARTESIAN_POINT('Ctrl Pts',(42.1179667194313,17.1631427484262,1.6));
#11950=CARTESIAN_POINT('',(42.1632191762918,15.7933913958931,1.6));
#11951=CARTESIAN_POINT('',(42.1632191762918,15.7933913958931,1.6));
#11952=CARTESIAN_POINT('',(40.9544880573229,15.7943907564148,1.6));
#11953=CARTESIAN_POINT('Ctrl Pts',(44.4169624319698,17.4327290044962,1.6));
#11954=CARTESIAN_POINT('Ctrl Pts',(44.4169624319698,17.4327290044962,2.));
#11955=CARTESIAN_POINT('Ctrl Pts',(44.4363421711483,17.3353541357012,1.6));
#11956=CARTESIAN_POINT('Ctrl Pts',(44.4363421711483,17.3353541357012,2.));
#11957=CARTESIAN_POINT('Ctrl Pts',(44.4787191265265,17.1224281292216,1.6));
#11958=CARTESIAN_POINT('Ctrl Pts',(44.4787191265265,17.1224281292216,2.));
#11959=CARTESIAN_POINT('Ctrl Pts',(44.4816740187975,16.9052431923115,1.6));
#11960=CARTESIAN_POINT('Ctrl Pts',(44.4816740187975,16.9052431923115,2.));
#11961=CARTESIAN_POINT('Ctrl Pts',(44.4832775860146,16.7873808092103,1.6));
#11962=CARTESIAN_POINT('Ctrl Pts',(44.4832775860146,16.7873808092103,2.));
#11963=CARTESIAN_POINT('',(44.4832775860146,16.7873808092103,2.));
#11964=CARTESIAN_POINT('',(44.4832775860146,16.7873808092103,2.));
#11965=CARTESIAN_POINT('',(44.4169624319698,17.4327290044962,2.));
#11966=CARTESIAN_POINT('Ctrl Pts',(44.4169624319698,17.4327290044962,2.));
#11967=CARTESIAN_POINT('Ctrl Pts',(44.4363421711483,17.3353541357012,2.));
#11968=CARTESIAN_POINT('Ctrl Pts',(44.4787191265265,17.1224281292216,2.));
#11969=CARTESIAN_POINT('Ctrl Pts',(44.4816740187975,16.9052431923115,2.));
#11970=CARTESIAN_POINT('Ctrl Pts',(44.4832775860146,16.7873808092103,2.));
#11971=CARTESIAN_POINT('',(44.4169624319698,17.4327290044962,2.));
#11972=CARTESIAN_POINT('Ctrl Pts',(44.2195074833834,17.870819056972,1.6));
#11973=CARTESIAN_POINT('Ctrl Pts',(44.2195074833834,17.870819056972,2.));
#11974=CARTESIAN_POINT('Ctrl Pts',(44.2609814902157,17.8066600939885,1.6));
#11975=CARTESIAN_POINT('Ctrl Pts',(44.2609814902157,17.8066600939885,2.));
#11976=CARTESIAN_POINT('Ctrl Pts',(44.3488570020476,17.6707194858488,1.6));
#11977=CARTESIAN_POINT('Ctrl Pts',(44.3488570020476,17.6707194858488,2.));
#11978=CARTESIAN_POINT('Ctrl Pts',(44.3934275447523,17.5149703051366,1.6));
#11979=CARTESIAN_POINT('Ctrl Pts',(44.3934275447523,17.5149703051366,2.));
#11980=CARTESIAN_POINT('Ctrl Pts',(44.4169624319698,17.4327290044962,1.6));
#11981=CARTESIAN_POINT('Ctrl Pts',(44.4169624319698,17.4327290044962,2.));
#11982=CARTESIAN_POINT('',(44.2195074833834,17.870819056972,2.));
#11983=CARTESIAN_POINT('Ctrl Pts',(44.2195074833834,17.870819056972,2.));
#11984=CARTESIAN_POINT('Ctrl Pts',(44.2609814902157,17.8066600939885,2.));
#11985=CARTESIAN_POINT('Ctrl Pts',(44.3488570020476,17.6707194858488,2.));
#11986=CARTESIAN_POINT('Ctrl Pts',(44.3934275447523,17.5149703051366,2.));
#11987=CARTESIAN_POINT('Ctrl Pts',(44.4169624319698,17.4327290044962,2.));
#11988=CARTESIAN_POINT('',(44.2195074833834,17.870819056972,2.));
#11989=CARTESIAN_POINT('Ctrl Pts',(43.84730811196,18.1644419389937,1.6));
#11990=CARTESIAN_POINT('Ctrl Pts',(43.84730811196,18.1644419389937,2.));
#11991=CARTESIAN_POINT('Ctrl Pts',(43.9218115997065,18.1242334990269,1.6));
#11992=CARTESIAN_POINT('Ctrl Pts',(43.9218115997065,18.1242334990269,2.));
#11993=CARTESIAN_POINT('Ctrl Pts',(44.0631444433412,18.047958235539,1.6));
#11994=CARTESIAN_POINT('Ctrl Pts',(44.0631444433412,18.047958235539,2.));
#11995=CARTESIAN_POINT('Ctrl Pts',(44.1693079693761,17.9276886386411,1.6));
#11996=CARTESIAN_POINT('Ctrl Pts',(44.1693079693761,17.9276886386411,2.));
#11997=CARTESIAN_POINT('Ctrl Pts',(44.2195074833834,17.870819056972,1.6));
#11998=CARTESIAN_POINT('Ctrl Pts',(44.2195074833834,17.870819056972,2.));
#11999=CARTESIAN_POINT('',(43.84730811196,18.1644419389937,2.));
#12000=CARTESIAN_POINT('Ctrl Pts',(43.84730811196,18.1644419389937,2.));
#12001=CARTESIAN_POINT('Ctrl Pts',(43.9218115997065,18.1242334990269,2.));
#12002=CARTESIAN_POINT('Ctrl Pts',(44.0631444433412,18.047958235539,2.));
#12003=CARTESIAN_POINT('Ctrl Pts',(44.1693079693761,17.9276886386411,2.));
#12004=CARTESIAN_POINT('Ctrl Pts',(44.2195074833834,17.870819056972,2.));
#12005=CARTESIAN_POINT('',(43.84730811196,18.1644419389937,2.));
#12006=CARTESIAN_POINT('Ctrl Pts',(43.3248963103798,18.2835640347943,1.6));
#12007=CARTESIAN_POINT('Ctrl Pts',(43.3248963103798,18.2835640347943,2.));
#12008=CARTESIAN_POINT('Ctrl Pts',(43.4164566281576,18.2787706637326,1.6));
#12009=CARTESIAN_POINT('Ctrl Pts',(43.4164566281576,18.2787706637326,2.));
#12010=CARTESIAN_POINT('Ctrl Pts',(43.597528382571,18.2692911847536,1.6));
#12011=CARTESIAN_POINT('Ctrl Pts',(43.597528382571,18.2692911847536,2.));
#12012=CARTESIAN_POINT('Ctrl Pts',(43.7646786539609,18.1991270448265,1.6));
#12013=CARTESIAN_POINT('Ctrl Pts',(43.7646786539609,18.1991270448265,2.));
#12014=CARTESIAN_POINT('Ctrl Pts',(43.84730811196,18.1644419389937,1.6));
#12015=CARTESIAN_POINT('Ctrl Pts',(43.84730811196,18.1644419389937,2.));
#12016=CARTESIAN_POINT('',(43.3248963103798,18.2835640347943,2.));
#12017=CARTESIAN_POINT('Ctrl Pts',(43.3248963103798,18.2835640347943,2.));
#12018=CARTESIAN_POINT('Ctrl Pts',(43.4164566281576,18.2787706637326,2.));
#12019=CARTESIAN_POINT('Ctrl Pts',(43.597528382571,18.2692911847536,2.));
#12020=CARTESIAN_POINT('Ctrl Pts',(43.7646786539609,18.1991270448265,2.));
#12021=CARTESIAN_POINT('Ctrl Pts',(43.84730811196,18.1644419389937,2.));
#12022=CARTESIAN_POINT('',(43.3248963103798,18.2835640347943,2.));
#12023=CARTESIAN_POINT('Ctrl Pts',(42.7190054030075,18.0889765229753,1.6));
#12024=CARTESIAN_POINT('Ctrl Pts',(42.7190054030075,18.0889765229753,2.));
#12025=CARTESIAN_POINT('Ctrl Pts',(42.8096280795424,18.1457948537265,1.6));
#12026=CARTESIAN_POINT('Ctrl Pts',(42.8096280795424,18.1457948537265,2.));
#12027=CARTESIAN_POINT('Ctrl Pts',(42.9949074814943,18.2619607709561,1.6));
#12028=CARTESIAN_POINT('Ctrl Pts',(42.9949074814943,18.2619607709561,2.));
#12029=CARTESIAN_POINT('Ctrl Pts',(43.2133149212248,18.2762591748162,1.6));
#12030=CARTESIAN_POINT('Ctrl Pts',(43.2133149212248,18.2762591748162,2.));
#12031=CARTESIAN_POINT('Ctrl Pts',(43.3248963103798,18.2835640347943,1.6));
#12032=CARTESIAN_POINT('Ctrl Pts',(43.3248963103798,18.2835640347943,2.));
#12033=CARTESIAN_POINT('',(42.7190054030075,18.0889765229753,2.));
#12034=CARTESIAN_POINT('Ctrl Pts',(42.7190054030075,18.0889765229753,2.));
#12035=CARTESIAN_POINT('Ctrl Pts',(42.8096280795424,18.1457948537265,2.));
#12036=CARTESIAN_POINT('Ctrl Pts',(42.9949074814943,18.2619607709561,2.));
#12037=CARTESIAN_POINT('Ctrl Pts',(43.2133149212248,18.2762591748162,2.));
#12038=CARTESIAN_POINT('Ctrl Pts',(43.3248963103798,18.2835640347943,2.));
#12039=CARTESIAN_POINT('',(42.7190054030075,18.0889765229753,2.));
#12040=CARTESIAN_POINT('Ctrl Pts',(42.3556520459957,17.5312956138381,1.6));
#12041=CARTESIAN_POINT('Ctrl Pts',(42.3556520459957,17.5312956138381,2.));
#12042=CARTESIAN_POINT('Ctrl Pts',(42.3954863221716,17.6436817401572,1.6));
#12043=CARTESIAN_POINT('Ctrl Pts',(42.3954863221716,17.6436817401572,2.));
#12044=CARTESIAN_POINT('Ctrl Pts',(42.4718660255606,17.8591750242668,1.6));
#12045=CARTESIAN_POINT('Ctrl Pts',(42.4718660255606,17.8591750242668,2.));
#12046=CARTESIAN_POINT('Ctrl Pts',(42.6390248523382,18.0146069481985,1.6));
#12047=CARTESIAN_POINT('Ctrl Pts',(42.6390248523382,18.0146069481985,2.));
#12048=CARTESIAN_POINT('Ctrl Pts',(42.7190054030075,18.0889765229753,1.6));
#12049=CARTESIAN_POINT('Ctrl Pts',(42.7190054030075,18.0889765229753,2.));
#12050=CARTESIAN_POINT('',(42.3556520459957,17.5312956138381,2.));
#12051=CARTESIAN_POINT('Ctrl Pts',(42.3556520459957,17.5312956138381,2.));
#12052=CARTESIAN_POINT('Ctrl Pts',(42.3954863221716,17.6436817401572,2.));
#12053=CARTESIAN_POINT('Ctrl Pts',(42.4718660255606,17.8591750242668,2.));
#12054=CARTESIAN_POINT('Ctrl Pts',(42.6390248523382,18.0146069481985,2.));
#12055=CARTESIAN_POINT('Ctrl Pts',(42.7190054030075,18.0889765229753,2.));
#12056=CARTESIAN_POINT('',(42.3556520459957,17.5312956138381,2.));
#12057=CARTESIAN_POINT('Ctrl Pts',(41.9903787270962,17.9517890478777,1.6));
#12058=CARTESIAN_POINT('Ctrl Pts',(41.9903787270962,17.9517890478777,2.));
#12059=CARTESIAN_POINT('Ctrl Pts',(42.0631008624365,17.8975336048426,1.6));
#12060=CARTESIAN_POINT('Ctrl Pts',(42.0631008624365,17.8975336048426,2.));
#12061=CARTESIAN_POINT('Ctrl Pts',(42.2151980985243,17.7840591738493,1.6));
#12062=CARTESIAN_POINT('Ctrl Pts',(42.2151980985243,17.7840591738493,2.));
#12063=CARTESIAN_POINT('Ctrl Pts',(42.3074884235803,17.6179717727066,1.6));
#12064=CARTESIAN_POINT('Ctrl Pts',(42.3074884235803,17.6179717727066,2.));
#12065=CARTESIAN_POINT('Ctrl Pts',(42.3556520459957,17.5312956138381,1.6));
#12066=CARTESIAN_POINT('Ctrl Pts',(42.3556520459957,17.5312956138381,2.));
#12067=CARTESIAN_POINT('',(41.9903787270962,17.9517890478777,2.));
#12068=CARTESIAN_POINT('Ctrl Pts',(41.9903787270962,17.9517890478777,2.));
#12069=CARTESIAN_POINT('Ctrl Pts',(42.0631008624365,17.8975336048426,2.));
#12070=CARTESIAN_POINT('Ctrl Pts',(42.2151980985243,17.7840591738493,2.));
#12071=CARTESIAN_POINT('Ctrl Pts',(42.3074884235803,17.6179717727066,2.));
#12072=CARTESIAN_POINT('Ctrl Pts',(42.3556520459957,17.5312956138381,2.));
#12073=CARTESIAN_POINT('',(41.9903787270962,17.9517890478777,2.));
#12074=CARTESIAN_POINT('Ctrl Pts',(41.5075470098875,18.0913418931044,1.6));
#12075=CARTESIAN_POINT('Ctrl Pts',(41.5075470098875,18.0913418931044,2.));
#12076=CARTESIAN_POINT('Ctrl Pts',(41.5921346323412,18.0852579086486,1.6));
#12077=CARTESIAN_POINT('Ctrl Pts',(41.5921346323412,18.0852579086486,2.));
#12078=CARTESIAN_POINT('Ctrl Pts',(41.7629235653348,18.0729738748455,1.6));
#12079=CARTESIAN_POINT('Ctrl Pts',(41.7629235653348,18.0729738748455,2.));
#12080=CARTESIAN_POINT('Ctrl Pts',(41.9140842625153,17.9924376373282,1.6));
#12081=CARTESIAN_POINT('Ctrl Pts',(41.9140842625153,17.9924376373282,2.));
#12082=CARTESIAN_POINT('Ctrl Pts',(41.9903787270962,17.9517890478777,1.6));
#12083=CARTESIAN_POINT('Ctrl Pts',(41.9903787270962,17.9517890478777,2.));
#12084=CARTESIAN_POINT('',(41.5075470098875,18.0913418931044,2.));
#12085=CARTESIAN_POINT('Ctrl Pts',(41.5075470098875,18.0913418931044,2.));
#12086=CARTESIAN_POINT('Ctrl Pts',(41.5921346323412,18.0852579086486,2.));
#12087=CARTESIAN_POINT('Ctrl Pts',(41.7629235653348,18.0729738748455,2.));
#12088=CARTESIAN_POINT('Ctrl Pts',(41.9140842625153,17.9924376373282,2.));
#12089=CARTESIAN_POINT('Ctrl Pts',(41.9903787270962,17.9517890478777,2.));
#12090=CARTESIAN_POINT('',(41.5075470098875,18.0913418931044,2.));
#12091=CARTESIAN_POINT('Ctrl Pts',(40.9794502623899,17.9348895000559,1.6));
#12092=CARTESIAN_POINT('Ctrl Pts',(40.9794502623899,17.9348895000559,2.));
#12093=CARTESIAN_POINT('Ctrl Pts',(41.0636292093589,17.9805738721457,1.6));
#12094=CARTESIAN_POINT('Ctrl Pts',(41.0636292093589,17.9805738721457,2.));
#12095=CARTESIAN_POINT('Ctrl Pts',(41.2286890202124,18.070152728708,1.6));
#12096=CARTESIAN_POINT('Ctrl Pts',(41.2286890202124,18.070152728708,2.));
#12097=CARTESIAN_POINT('Ctrl Pts',(41.4158408489198,18.0843735544056,1.6));
#12098=CARTESIAN_POINT('Ctrl Pts',(41.4158408489198,18.0843735544056,2.));
#12099=CARTESIAN_POINT('Ctrl Pts',(41.5075470098875,18.0913418931044,1.6));
#12100=CARTESIAN_POINT('Ctrl Pts',(41.5075470098875,18.0913418931044,2.));
#12101=CARTESIAN_POINT('',(40.9794502623899,17.9348895000559,2.));
#12102=CARTESIAN_POINT('Ctrl Pts',(40.9794502623899,17.9348895000559,2.));
#12103=CARTESIAN_POINT('Ctrl Pts',(41.0636292093589,17.9805738721457,2.));
#12104=CARTESIAN_POINT('Ctrl Pts',(41.2286890202124,18.070152728708,2.));
#12105=CARTESIAN_POINT('Ctrl Pts',(41.4158408489198,18.0843735544056,2.));
#12106=CARTESIAN_POINT('Ctrl Pts',(41.5075470098875,18.0913418931044,2.));
#12107=CARTESIAN_POINT('',(40.9794502623899,17.9348895000559,2.));
#12108=CARTESIAN_POINT('Ctrl Pts',(40.6052853458634,17.5013651065541,1.6));
#12109=CARTESIAN_POINT('Ctrl Pts',(40.6052853458634,17.5013651065541,2.));
#12110=CARTESIAN_POINT('Ctrl Pts',(40.6510899736385,17.5885165920088,1.6));
#12111=CARTESIAN_POINT('Ctrl Pts',(40.6510899736385,17.5885165920088,2.));
#12112=CARTESIAN_POINT('Ctrl Pts',(40.7422747382371,17.7620118930648,1.6));
#12113=CARTESIAN_POINT('Ctrl Pts',(40.7422747382371,17.7620118930648,2.));
#12114=CARTESIAN_POINT('Ctrl Pts',(40.9006374955284,17.8774427521926,1.6));
#12115=CARTESIAN_POINT('Ctrl Pts',(40.9006374955284,17.8774427521926,2.));
#12116=CARTESIAN_POINT('Ctrl Pts',(40.9794502623899,17.9348895000559,1.6));
#12117=CARTESIAN_POINT('Ctrl Pts',(40.9794502623899,17.9348895000559,2.));
#12118=CARTESIAN_POINT('',(40.6052853458634,17.5013651065541,2.));
#12119=CARTESIAN_POINT('Ctrl Pts',(40.6052853458634,17.5013651065541,2.));
#12120=CARTESIAN_POINT('Ctrl Pts',(40.6510899736385,17.5885165920088,2.));
#12121=CARTESIAN_POINT('Ctrl Pts',(40.7422747382371,17.7620118930648,2.));
#12122=CARTESIAN_POINT('Ctrl Pts',(40.9006374955284,17.8774427521926,2.));
#12123=CARTESIAN_POINT('Ctrl Pts',(40.9794502623899,17.9348895000559,2.));
#12124=CARTESIAN_POINT('',(40.6052853458634,17.5013651065541,2.));
#12125=CARTESIAN_POINT('Ctrl Pts',(40.4832585904836,16.7661312891268,1.6));
#12126=CARTESIAN_POINT('Ctrl Pts',(40.4832585904836,16.7661312891268,2.));
#12127=CARTESIAN_POINT('Ctrl Pts',(40.4859128343055,16.9051403709874,1.6));
#12128=CARTESIAN_POINT('Ctrl Pts',(40.4859128343055,16.9051403709874,2.));
#12129=CARTESIAN_POINT('Ctrl Pts',(40.4907136062873,17.1565682541149,1.6));
#12130=CARTESIAN_POINT('Ctrl Pts',(40.4907136062873,17.1565682541149,2.));
#12131=CARTESIAN_POINT('Ctrl Pts',(40.5698857718817,17.3948321889975,1.6));
#12132=CARTESIAN_POINT('Ctrl Pts',(40.5698857718817,17.3948321889975,2.));
#12133=CARTESIAN_POINT('Ctrl Pts',(40.6052853458634,17.5013651065541,1.6));
#12134=CARTESIAN_POINT('Ctrl Pts',(40.6052853458634,17.5013651065541,2.));
#12135=CARTESIAN_POINT('',(40.4832585904836,16.7661312891268,2.));
#12136=CARTESIAN_POINT('Ctrl Pts',(40.4832585904836,16.7661312891268,2.));
#12137=CARTESIAN_POINT('Ctrl Pts',(40.4859128343055,16.9051403709874,2.));
#12138=CARTESIAN_POINT('Ctrl Pts',(40.4907136062873,17.1565682541149,2.));
#12139=CARTESIAN_POINT('Ctrl Pts',(40.5698857718817,17.3948321889975,2.));
#12140=CARTESIAN_POINT('Ctrl Pts',(40.6052853458634,17.5013651065541,2.));
#12141=CARTESIAN_POINT('',(40.4832585904836,16.7661312891268,2.));
#12142=CARTESIAN_POINT('Origin',(40.4826382201234,16.0157905027069,2.));
#12143=CARTESIAN_POINT('',(40.4820178497631,15.265449716287,2.));
#12144=CARTESIAN_POINT('',(40.4858313858787,19.8779390796948,2.));
#12145=CARTESIAN_POINT('',(40.4820178497631,15.265449716287,2.));
#12146=CARTESIAN_POINT('Origin',(42.4820171959927,15.263796147219,2.));
#12147=CARTESIAN_POINT('',(44.4820165422222,15.262142578151,2.));
#12148=CARTESIAN_POINT('',(35.4875052470609,15.2695791034118,2.));
#12149=CARTESIAN_POINT('',(44.4820165422222,15.262142578151,2.));
#12150=CARTESIAN_POINT('Origin',(44.4826470641184,16.0247616936806,2.));
#12151=CARTESIAN_POINT('',(44.4858351541058,19.8807711061135,2.));
#12152=CARTESIAN_POINT('Origin',(42.6356338165159,16.2554839501015,2.));
#12153=CARTESIAN_POINT('',(42.6352514427453,15.7930011267881,2.));
#12154=CARTESIAN_POINT('',(42.6352514427453,15.7930011267881,2.));
#12155=CARTESIAN_POINT('',(42.6360161902864,16.7179667734149,2.));
#12156=CARTESIAN_POINT('',(42.6387271590245,19.996895853903,2.));
#12157=CARTESIAN_POINT('',(42.6360161902864,16.7179667734149,2.));
#12158=CARTESIAN_POINT('Ctrl Pts',(42.7033487515077,17.3031772085775,1.6));
#12159=CARTESIAN_POINT('Ctrl Pts',(42.7033487515077,17.3031772085775,2.));
#12160=CARTESIAN_POINT('Ctrl Pts',(42.6838833572088,17.2208781504517,1.6));
#12161=CARTESIAN_POINT('Ctrl Pts',(42.6838833572088,17.2208781504517,2.));
#12162=CARTESIAN_POINT('Ctrl Pts',(42.6384309708694,17.0287069296756,1.6));
#12163=CARTESIAN_POINT('Ctrl Pts',(42.6384309708694,17.0287069296756,2.));
#12164=CARTESIAN_POINT('Ctrl Pts',(42.6368945977588,16.8310024989566,1.6));
#12165=CARTESIAN_POINT('Ctrl Pts',(42.6368945977588,16.8310024989566,2.));
#12166=CARTESIAN_POINT('Ctrl Pts',(42.6360161902864,16.7179667734149,1.6));
#12167=CARTESIAN_POINT('Ctrl Pts',(42.6360161902864,16.7179667734149,2.));
#12168=CARTESIAN_POINT('',(42.7033487515077,17.3031772085775,2.));
#12169=CARTESIAN_POINT('Ctrl Pts',(42.7033487515077,17.3031772085775,2.));
#12170=CARTESIAN_POINT('Ctrl Pts',(42.6838833572088,17.2208781504517,2.));
#12171=CARTESIAN_POINT('Ctrl Pts',(42.6384309708694,17.0287069296756,2.));
#12172=CARTESIAN_POINT('Ctrl Pts',(42.6368945977588,16.8310024989566,2.));
#12173=CARTESIAN_POINT('Ctrl Pts',(42.6360161902864,16.7179667734149,2.));
#12174=CARTESIAN_POINT('',(42.7033487515077,17.3031772085775,2.));
#12175=CARTESIAN_POINT('Ctrl Pts',(42.935535242887,17.620857366581,1.6));
#12176=CARTESIAN_POINT('Ctrl Pts',(42.935535242887,17.620857366581,2.));
#12177=CARTESIAN_POINT('Ctrl Pts',(42.8843872712108,17.5784472883482,1.6));
#12178=CARTESIAN_POINT('Ctrl Pts',(42.8843872712108,17.5784472883482,2.));
#12179=CARTESIAN_POINT('Ctrl Pts',(42.780323778593,17.4921615429224,1.6));
#12180=CARTESIAN_POINT('Ctrl Pts',(42.780323778593,17.4921615429224,2.));
#12181=CARTESIAN_POINT('Ctrl Pts',(42.7292960011773,17.3668812940786,1.6));
#12182=CARTESIAN_POINT('Ctrl Pts',(42.7292960011773,17.3668812940786,2.));
#12183=CARTESIAN_POINT('Ctrl Pts',(42.7033487515077,17.3031772085775,1.6));
#12184=CARTESIAN_POINT('Ctrl Pts',(42.7033487515077,17.3031772085775,2.));
#12185=CARTESIAN_POINT('',(42.935535242887,17.620857366581,2.));
#12186=CARTESIAN_POINT('Ctrl Pts',(42.935535242887,17.620857366581,2.));
#12187=CARTESIAN_POINT('Ctrl Pts',(42.8843872712108,17.5784472883482,2.));
#12188=CARTESIAN_POINT('Ctrl Pts',(42.780323778593,17.4921615429224,2.));
#12189=CARTESIAN_POINT('Ctrl Pts',(42.7292960011773,17.3668812940786,2.));
#12190=CARTESIAN_POINT('Ctrl Pts',(42.7033487515077,17.3031772085775,2.));
#12191=CARTESIAN_POINT('',(42.935535242887,17.620857366581,2.));
#12192=CARTESIAN_POINT('Ctrl Pts',(43.3244428761349,17.7351332429887,1.6));
#12193=CARTESIAN_POINT('Ctrl Pts',(43.3244428761349,17.7351332429887,2.));
#12194=CARTESIAN_POINT('Ctrl Pts',(43.2531462142542,17.730990726361,1.6));
#12195=CARTESIAN_POINT('Ctrl Pts',(43.2531462142542,17.730990726361,2.));
#12196=CARTESIAN_POINT('Ctrl Pts',(43.1145372121149,17.7229371922829,1.6));
#12197=CARTESIAN_POINT('Ctrl Pts',(43.1145372121149,17.7229371922829,2.));
#12198=CARTESIAN_POINT('Ctrl Pts',(42.9940480775418,17.6542256026325,1.6));
#12199=CARTESIAN_POINT('Ctrl Pts',(42.9940480775418,17.6542256026325,2.));
#12200=CARTESIAN_POINT('Ctrl Pts',(42.935535242887,17.620857366581,1.6));
#12201=CARTESIAN_POINT('Ctrl Pts',(42.935535242887,17.620857366581,2.));
#12202=CARTESIAN_POINT('',(43.3244428761349,17.7351332429887,2.));
#12203=CARTESIAN_POINT('Ctrl Pts',(43.3244428761349,17.7351332429887,2.));
#12204=CARTESIAN_POINT('Ctrl Pts',(43.2531462142542,17.730990726361,2.));
#12205=CARTESIAN_POINT('Ctrl Pts',(43.1145372121149,17.7229371922829,2.));
#12206=CARTESIAN_POINT('Ctrl Pts',(42.9940480775418,17.6542256026325,2.));
#12207=CARTESIAN_POINT('Ctrl Pts',(42.935535242887,17.620857366581,2.));
#12208=CARTESIAN_POINT('',(43.3244428761349,17.7351332429887,2.));
#12209=CARTESIAN_POINT('Ctrl Pts',(43.6613486229808,17.6557277133135,1.6));
#12210=CARTESIAN_POINT('Ctrl Pts',(43.6613486229808,17.6557277133135,2.));
#12211=CARTESIAN_POINT('Ctrl Pts',(43.6097457967266,17.6788406329296,1.6));
#12212=CARTESIAN_POINT('Ctrl Pts',(43.6097457967266,17.6788406329296,2.));
#12213=CARTESIAN_POINT('Ctrl Pts',(43.5026194796537,17.7268225388638,1.6));
#12214=CARTESIAN_POINT('Ctrl Pts',(43.5026194796537,17.7268225388638,2.));
#12215=CARTESIAN_POINT('Ctrl Pts',(43.3852667230107,17.732296231927,1.6));
#12216=CARTESIAN_POINT('Ctrl Pts',(43.3852667230107,17.732296231927,2.));
#12217=CARTESIAN_POINT('Ctrl Pts',(43.3244428761349,17.7351332429887,1.6));
#12218=CARTESIAN_POINT('Ctrl Pts',(43.3244428761349,17.7351332429887,2.));
#12219=CARTESIAN_POINT('',(43.6613486229808,17.6557277133135,2.));
#12220=CARTESIAN_POINT('Ctrl Pts',(43.6613486229808,17.6557277133135,2.));
#12221=CARTESIAN_POINT('Ctrl Pts',(43.6097457967266,17.6788406329296,2.));
#12222=CARTESIAN_POINT('Ctrl Pts',(43.5026194796537,17.7268225388638,2.));
#12223=CARTESIAN_POINT('Ctrl Pts',(43.3852667230107,17.732296231927,2.));
#12224=CARTESIAN_POINT('Ctrl Pts',(43.3244428761349,17.7351332429887,2.));
#12225=CARTESIAN_POINT('',(43.6613486229808,17.6557277133135,2.));
#12226=CARTESIAN_POINT('Ctrl Pts',(43.8835555138436,17.4536340869157,1.6));
#12227=CARTESIAN_POINT('Ctrl Pts',(43.8835555138436,17.4536340869157,2.));
#12228=CARTESIAN_POINT('Ctrl Pts',(43.8543950866068,17.4932070695124,1.6));
#12229=CARTESIAN_POINT('Ctrl Pts',(43.8543950866068,17.4932070695124,2.));
#12230=CARTESIAN_POINT('Ctrl Pts',(43.7938794905995,17.5753314707834,1.6));
#12231=CARTESIAN_POINT('Ctrl Pts',(43.7938794905995,17.5753314707834,2.));
#12232=CARTESIAN_POINT('Ctrl Pts',(43.706580941788,17.6282887586129,1.6));
#12233=CARTESIAN_POINT('Ctrl Pts',(43.706580941788,17.6282887586129,2.));
#12234=CARTESIAN_POINT('Ctrl Pts',(43.6613486229808,17.6557277133135,1.6));
#12235=CARTESIAN_POINT('Ctrl Pts',(43.6613486229808,17.6557277133135,2.));
#12236=CARTESIAN_POINT('',(43.8835555138436,17.4536340869157,2.));
#12237=CARTESIAN_POINT('Ctrl Pts',(43.8835555138436,17.4536340869157,2.));
#12238=CARTESIAN_POINT('Ctrl Pts',(43.8543950866068,17.4932070695124,2.));
#12239=CARTESIAN_POINT('Ctrl Pts',(43.7938794905995,17.5753314707834,2.));
#12240=CARTESIAN_POINT('Ctrl Pts',(43.706580941788,17.6282887586129,2.));
#12241=CARTESIAN_POINT('Ctrl Pts',(43.6613486229808,17.6557277133135,2.));
#12242=CARTESIAN_POINT('',(43.8835555138436,17.4536340869157,2.));
#12243=CARTESIAN_POINT('Ctrl Pts',(43.9924430935065,17.1479504950735,1.6));
#12244=CARTESIAN_POINT('Ctrl Pts',(43.9924430935065,17.1479504950735,2.));
#12245=CARTESIAN_POINT('Ctrl Pts',(43.9806661793477,17.2048877061671,1.6));
#12246=CARTESIAN_POINT('Ctrl Pts',(43.9806661793477,17.2048877061671,2.));
#12247=CARTESIAN_POINT('Ctrl Pts',(43.9585271741586,17.3119219593558,1.6));
#12248=CARTESIAN_POINT('Ctrl Pts',(43.9585271741586,17.3119219593558,2.));
#12249=CARTESIAN_POINT('Ctrl Pts',(43.9074581897297,17.4084530272997,1.6));
#12250=CARTESIAN_POINT('Ctrl Pts',(43.9074581897297,17.4084530272997,2.));
#12251=CARTESIAN_POINT('Ctrl Pts',(43.8835555138436,17.4536340869157,1.6));
#12252=CARTESIAN_POINT('Ctrl Pts',(43.8835555138436,17.4536340869157,2.));
#12253=CARTESIAN_POINT('',(43.9924430935065,17.1479504950735,2.));
#12254=CARTESIAN_POINT('Ctrl Pts',(43.9924430935065,17.1479504950735,2.));
#12255=CARTESIAN_POINT('Ctrl Pts',(43.9806661793477,17.2048877061671,2.));
#12256=CARTESIAN_POINT('Ctrl Pts',(43.9585271741586,17.3119219593558,2.));
#12257=CARTESIAN_POINT('Ctrl Pts',(43.9074581897297,17.4084530272997,2.));
#12258=CARTESIAN_POINT('Ctrl Pts',(43.8835555138436,17.4536340869157,2.));
#12259=CARTESIAN_POINT('',(43.9924430935065,17.1479504950735,2.));
#12260=CARTESIAN_POINT('Ctrl Pts',(44.0112450215379,16.7877710785617,1.6));
#12261=CARTESIAN_POINT('Ctrl Pts',(44.0112450215379,16.7877710785617,2.));
#12262=CARTESIAN_POINT('Ctrl Pts',(44.0114433493482,16.8606373452638,1.6));
#12263=CARTESIAN_POINT('Ctrl Pts',(44.0114433493482,16.8606373452638,2.));
#12264=CARTESIAN_POINT('Ctrl Pts',(44.0117712146964,16.9810961143443,1.6));
#12265=CARTESIAN_POINT('Ctrl Pts',(44.0117712146964,16.9810961143443,2.));
#12266=CARTESIAN_POINT('Ctrl Pts',(43.9979168613972,17.1006969548726,1.6));
#12267=CARTESIAN_POINT('Ctrl Pts',(43.9979168613972,17.1006969548726,2.));
#12268=CARTESIAN_POINT('Ctrl Pts',(43.9924430935065,17.1479504950735,1.6));
#12269=CARTESIAN_POINT('Ctrl Pts',(43.9924430935065,17.1479504950735,2.));
#12270=CARTESIAN_POINT('',(44.0112450215379,16.7877710785617,2.));
#12271=CARTESIAN_POINT('Ctrl Pts',(44.0112450215379,16.7877710785617,2.));
#12272=CARTESIAN_POINT('Ctrl Pts',(44.0114433493482,16.8606373452638,2.));
#12273=CARTESIAN_POINT('Ctrl Pts',(44.0117712146964,16.9810961143443,2.));
#12274=CARTESIAN_POINT('Ctrl Pts',(43.9979168613972,17.1006969548726,2.));
#12275=CARTESIAN_POINT('Ctrl Pts',(43.9924430935065,17.1479504950735,2.));
#12276=CARTESIAN_POINT('',(44.0112450215379,16.7877710785617,2.));
#12277=CARTESIAN_POINT('Origin',(44.0108333211833,16.2898176177716,2.));
#12278=CARTESIAN_POINT('',(44.0104216208287,15.7918641569816,2.));
#12279=CARTESIAN_POINT('',(44.0139120003999,20.0134942028348,2.));
#12280=CARTESIAN_POINT('',(44.0104216208287,15.7918641569816,2.));
#12281=CARTESIAN_POINT('Origin',(43.322836531787,15.7924326418848,2.));
#12282=CARTESIAN_POINT('',(35.9081337364996,15.7985630054842,2.));
#12283=CARTESIAN_POINT('Origin',(40.9548185455133,16.1941177333384,2.));
#12284=CARTESIAN_POINT('',(40.9544880573229,15.7943907564148,2.));
#12285=CARTESIAN_POINT('',(40.9544880573229,15.7943907564148,2.));
#12286=CARTESIAN_POINT('',(40.9551490337037,16.5938447102621,2.));
#12287=CARTESIAN_POINT('',(40.957937830812,19.9669075603348,2.));
#12288=CARTESIAN_POINT('',(40.9551490337037,16.5938447102621,2.));
#12289=CARTESIAN_POINT('Ctrl Pts',(41.0115868654681,17.2022567752652,1.6));
#12290=CARTESIAN_POINT('Ctrl Pts',(41.0115868654681,17.2022567752652,2.));
#12291=CARTESIAN_POINT('Ctrl Pts',(40.9953641977976,17.1222358893842,1.6));
#12292=CARTESIAN_POINT('Ctrl Pts',(40.9953641977976,17.1222358893842,2.));
#12293=CARTESIAN_POINT('Ctrl Pts',(40.9547209037398,16.92175638369,1.6));
#12294=CARTESIAN_POINT('Ctrl Pts',(40.9547209037398,16.92175638369,2.));
#12295=CARTESIAN_POINT('Ctrl Pts',(40.9549883424662,16.7169207316582,1.6));
#12296=CARTESIAN_POINT('Ctrl Pts',(40.9549883424662,16.7169207316582,2.));
#12297=CARTESIAN_POINT('Ctrl Pts',(40.9551490337037,16.5938447102621,1.6));
#12298=CARTESIAN_POINT('Ctrl Pts',(40.9551490337037,16.5938447102621,2.));
#12299=CARTESIAN_POINT('',(41.0115868654681,17.2022567752652,2.));
#12300=CARTESIAN_POINT('Ctrl Pts',(41.0115868654681,17.2022567752652,2.));
#12301=CARTESIAN_POINT('Ctrl Pts',(40.9953641977976,17.1222358893842,2.));
#12302=CARTESIAN_POINT('Ctrl Pts',(40.9547209037398,16.92175638369,2.));
#12303=CARTESIAN_POINT('Ctrl Pts',(40.9549883424662,16.7169207316582,2.));
#12304=CARTESIAN_POINT('Ctrl Pts',(40.9551490337037,16.5938447102621,2.));
#12305=CARTESIAN_POINT('',(41.0115868654681,17.2022567752652,2.));
#12306=CARTESIAN_POINT('Ctrl Pts',(41.2191793272974,17.4749366715595,1.6));
#12307=CARTESIAN_POINT('Ctrl Pts',(41.2191793272974,17.4749366715595,2.));
#12308=CARTESIAN_POINT('Ctrl Pts',(41.1725572125041,17.4394293870656,1.6));
#12309=CARTESIAN_POINT('Ctrl Pts',(41.1725572125041,17.4394293870656,2.));
#12310=CARTESIAN_POINT('Ctrl Pts',(41.0783305165339,17.3676665741695,1.6));
#12311=CARTESIAN_POINT('Ctrl Pts',(41.0783305165339,17.3676665741695,2.));
#12312=CARTESIAN_POINT('Ctrl Pts',(41.0339888604238,17.2577753065637,1.6));
#12313=CARTESIAN_POINT('Ctrl Pts',(41.0339888604238,17.2577753065637,2.));
#12314=CARTESIAN_POINT('Ctrl Pts',(41.0115868654681,17.2022567752652,1.6));
#12315=CARTESIAN_POINT('Ctrl Pts',(41.0115868654681,17.2022567752652,2.));
#12316=CARTESIAN_POINT('',(41.2191793272974,17.4749366715595,2.));
#12317=CARTESIAN_POINT('Ctrl Pts',(41.2191793272974,17.4749366715595,2.));
#12318=CARTESIAN_POINT('Ctrl Pts',(41.1725572125041,17.4394293870656,2.));
#12319=CARTESIAN_POINT('Ctrl Pts',(41.0783305165339,17.3676665741695,2.));
#12320=CARTESIAN_POINT('Ctrl Pts',(41.0339888604238,17.2577753065637,2.));
#12321=CARTESIAN_POINT('Ctrl Pts',(41.0115868654681,17.2022567752652,2.));
#12322=CARTESIAN_POINT('',(41.2191793272974,17.4749366715595,2.));
#12323=CARTESIAN_POINT('Ctrl Pts',(41.5698720555343,17.5701444245701,1.6));
#12324=CARTESIAN_POINT('Ctrl Pts',(41.5698720555343,17.5701444245701,2.));
#12325=CARTESIAN_POINT('Ctrl Pts',(41.5062232682219,17.5666876281962,1.6));
#12326=CARTESIAN_POINT('Ctrl Pts',(41.5062232682219,17.5666876281962,2.));
#12327=CARTESIAN_POINT('Ctrl Pts',(41.3824256241759,17.5599641183683,1.6));
#12328=CARTESIAN_POINT('Ctrl Pts',(41.3824256241759,17.5599641183683,2.));
#12329=CARTESIAN_POINT('Ctrl Pts',(41.272559402926,17.5027398844222,1.6));
#12330=CARTESIAN_POINT('Ctrl Pts',(41.272559402926,17.5027398844222,2.));
#12331=CARTESIAN_POINT('Ctrl Pts',(41.2191793272974,17.4749366715595,1.6));
#12332=CARTESIAN_POINT('Ctrl Pts',(41.2191793272974,17.4749366715595,2.));
#12333=CARTESIAN_POINT('',(41.5698720555343,17.5701444245701,2.));
#12334=CARTESIAN_POINT('Ctrl Pts',(41.5698720555343,17.5701444245701,2.));
#12335=CARTESIAN_POINT('Ctrl Pts',(41.5062232682219,17.5666876281962,2.));
#12336=CARTESIAN_POINT('Ctrl Pts',(41.3824256241759,17.5599641183683,2.));
#12337=CARTESIAN_POINT('Ctrl Pts',(41.272559402926,17.5027398844222,2.));
#12338=CARTESIAN_POINT('Ctrl Pts',(41.2191793272974,17.4749366715595,2.));
#12339=CARTESIAN_POINT('',(41.5698720555343,17.5701444245701,2.));
#12340=CARTESIAN_POINT('Ctrl Pts',(41.9190368820592,17.4675365840653,1.6));
#12341=CARTESIAN_POINT('Ctrl Pts',(41.9190368820592,17.4675365840653,2.));
#12342=CARTESIAN_POINT('Ctrl Pts',(41.8680470094478,17.4973993274673,1.6));
#12343=CARTESIAN_POINT('Ctrl Pts',(41.8680470094478,17.4973993274673,2.));
#12344=CARTESIAN_POINT('Ctrl Pts',(41.7604029422171,17.5604421827214,1.6));
#12345=CARTESIAN_POINT('Ctrl Pts',(41.7604029422171,17.5604421827214,2.));
#12346=CARTESIAN_POINT('Ctrl Pts',(41.6355719224323,17.56679884628,1.6));
#12347=CARTESIAN_POINT('Ctrl Pts',(41.6355719224323,17.56679884628,2.));
#12348=CARTESIAN_POINT('Ctrl Pts',(41.5698720555343,17.5701444245701,1.6));
#12349=CARTESIAN_POINT('Ctrl Pts',(41.5698720555343,17.5701444245701,2.));
#12350=CARTESIAN_POINT('',(41.9190368820592,17.4675365840653,2.));
#12351=CARTESIAN_POINT('Ctrl Pts',(41.9190368820592,17.4675365840653,2.));
#12352=CARTESIAN_POINT('Ctrl Pts',(41.8680470094478,17.4973993274673,2.));
#12353=CARTESIAN_POINT('Ctrl Pts',(41.7604029422171,17.5604421827214,2.));
#12354=CARTESIAN_POINT('Ctrl Pts',(41.6355719224323,17.56679884628,2.));
#12355=CARTESIAN_POINT('Ctrl Pts',(41.5698720555343,17.5701444245701,2.));
#12356=CARTESIAN_POINT('',(41.9190368820592,17.4675365840653,2.));
#12357=CARTESIAN_POINT('Ctrl Pts',(42.1179667194313,17.1631427484262,1.6));
#12358=CARTESIAN_POINT('Ctrl Pts',(42.1179667194313,17.1631427484262,2.));
#12359=CARTESIAN_POINT('Ctrl Pts',(42.096073047061,17.2252741971334,1.6));
#12360=CARTESIAN_POINT('Ctrl Pts',(42.096073047061,17.2252741971334,2.));
#12361=CARTESIAN_POINT('Ctrl Pts',(42.0545090830655,17.3432274236808,1.6));
#12362=CARTESIAN_POINT('Ctrl Pts',(42.0545090830655,17.3432274236808,2.));
#12363=CARTESIAN_POINT('Ctrl Pts',(41.9625546430557,17.4276047287393,1.6));
#12364=CARTESIAN_POINT('Ctrl Pts',(41.9625546430557,17.4276047287393,2.));
#12365=CARTESIAN_POINT('Ctrl Pts',(41.9190368820592,17.4675365840653,1.6));
#12366=CARTESIAN_POINT('Ctrl Pts',(41.9190368820592,17.4675365840653,2.));
#12367=CARTESIAN_POINT('',(42.1179667194313,17.1631427484262,2.));
#12368=CARTESIAN_POINT('Ctrl Pts',(42.1179667194313,17.1631427484262,2.));
#12369=CARTESIAN_POINT('Ctrl Pts',(42.096073047061,17.2252741971334,2.));
#12370=CARTESIAN_POINT('Ctrl Pts',(42.0545090830655,17.3432274236808,2.));
#12371=CARTESIAN_POINT('Ctrl Pts',(41.9625546430557,17.4276047287393,2.));
#12372=CARTESIAN_POINT('Ctrl Pts',(41.9190368820592,17.4675365840653,2.));
#12373=CARTESIAN_POINT('',(42.1179667194313,17.1631427484262,2.));
#12374=CARTESIAN_POINT('Ctrl Pts',(42.1639342941154,16.6583296723181,1.6));
#12375=CARTESIAN_POINT('Ctrl Pts',(42.1639342941154,16.6583296723181,2.));
#12376=CARTESIAN_POINT('Ctrl Pts',(42.1640800909767,16.7594679823554,1.6));
#12377=CARTESIAN_POINT('Ctrl Pts',(42.1640800909767,16.7594679823554,2.));
#12378=CARTESIAN_POINT('Ctrl Pts',(42.1643249919346,16.9293541430608,1.6));
#12379=CARTESIAN_POINT('Ctrl Pts',(42.1643249919346,16.9293541430608,2.));
#12380=CARTESIAN_POINT('Ctrl Pts',(42.1313220310943,17.0957908062741,1.6));
#12381=CARTESIAN_POINT('Ctrl Pts',(42.1313220310943,17.0957908062741,2.));
#12382=CARTESIAN_POINT('Ctrl Pts',(42.1179667194313,17.1631427484262,1.6));
#12383=CARTESIAN_POINT('Ctrl Pts',(42.1179667194313,17.1631427484262,2.));
#12384=CARTESIAN_POINT('',(42.1639342941154,16.6583296723181,2.));
#12385=CARTESIAN_POINT('Ctrl Pts',(42.1639342941154,16.6583296723181,2.));
#12386=CARTESIAN_POINT('Ctrl Pts',(42.1640800909767,16.7594679823554,2.));
#12387=CARTESIAN_POINT('Ctrl Pts',(42.1643249919346,16.9293541430608,2.));
#12388=CARTESIAN_POINT('Ctrl Pts',(42.1313220310943,17.0957908062741,2.));
#12389=CARTESIAN_POINT('Ctrl Pts',(42.1179667194313,17.1631427484262,2.));
#12390=CARTESIAN_POINT('',(42.1639342941154,16.6583296723181,2.));
#12391=CARTESIAN_POINT('Origin',(42.1635767352036,16.2258605341056,2.));
#12392=CARTESIAN_POINT('',(42.1632191762918,15.7933913958931,2.));
#12393=CARTESIAN_POINT('',(42.1666824851416,19.9822792804576,2.));
#12394=CARTESIAN_POINT('',(42.1632191762918,15.7933913958931,2.));
#12395=CARTESIAN_POINT('Origin',(41.5588536168073,15.793891076154,2.));
#12396=CARTESIAN_POINT('',(35.0261422790098,15.7992922226188,2.));
#12397=CARTESIAN_POINT('Origin',(28.5,23.75,1.6));
#12398=CARTESIAN_POINT('',(15.6160726331547,33.5436932990396,1.6));
#12399=CARTESIAN_POINT('',(15.8643671058491,34.5614286014879,1.6));
#12400=CARTESIAN_POINT('Ctrl Pts',(15.6160726331547,33.5436932990396,1.6));
#12401=CARTESIAN_POINT('Ctrl Pts',(15.6878482786023,33.6698949349792,1.6));
#12402=CARTESIAN_POINT('Ctrl Pts',(15.8656354367467,33.9824944256137,1.6));
#12403=CARTESIAN_POINT('Ctrl Pts',(15.8648408842381,34.3451707608349,1.6));
#12404=CARTESIAN_POINT('Ctrl Pts',(15.8643671058491,34.5614286014879,1.6));
#12405=CARTESIAN_POINT('',(14.7838761590794,33.2790278146112,1.6));
#12406=CARTESIAN_POINT('Ctrl Pts',(14.7838761590794,33.2790278146112,1.6));
#12407=CARTESIAN_POINT('Ctrl Pts',(14.9568655037058,33.2829256290662,1.6));
#12408=CARTESIAN_POINT('Ctrl Pts',(15.2625860547081,33.28981415729,1.6));
#12409=CARTESIAN_POINT('Ctrl Pts',(15.5090626846134,33.466837215808,1.6));
#12410=CARTESIAN_POINT('Ctrl Pts',(15.6160726331547,33.5436932990396,1.6));
#12411=CARTESIAN_POINT('',(14.2067953132466,33.4127249071444,1.6));
#12412=CARTESIAN_POINT('Ctrl Pts',(14.2067953132466,33.4127249071444,1.6));
#12413=CARTESIAN_POINT('Ctrl Pts',(14.2928941250116,33.3737677376346,1.6));
#12414=CARTESIAN_POINT('Ctrl Pts',(14.4760623151846,33.2908895412103,1.6));
#12415=CARTESIAN_POINT('Ctrl Pts',(14.6772548425888,33.2831365086513,1.6));
#12416=CARTESIAN_POINT('Ctrl Pts',(14.7838761590794,33.2790278146112,1.6));
#12417=CARTESIAN_POINT('',(13.8739170812443,33.7933524200762,1.6));
#12418=CARTESIAN_POINT('Ctrl Pts',(13.8739170812443,33.7933524200762,1.6));
#12419=CARTESIAN_POINT('Ctrl Pts',(13.9122402935346,33.7156262317363,1.6));
#12420=CARTESIAN_POINT('Ctrl Pts',(13.9893577599605,33.5592184996722,1.6));
#12421=CARTESIAN_POINT('Ctrl Pts',(14.1340215880361,33.4617545447879,1.6));
#12422=CARTESIAN_POINT('Ctrl Pts',(14.2067953132466,33.4127249071444,1.6));
#12423=CARTESIAN_POINT('',(13.7770547651127,34.5614286014879,1.6));
#12424=CARTESIAN_POINT('Ctrl Pts',(13.7770547651127,34.5614286014879,1.6));
#12425=CARTESIAN_POINT('Ctrl Pts',(13.7775928018465,34.4095037461532,1.6));
#12426=CARTESIAN_POINT('Ctrl Pts',(13.7785151479593,34.1490618637649,1.6));
#12427=CARTESIAN_POINT('Ctrl Pts',(13.8458577664797,33.8979725561839,1.6));
#12428=CARTESIAN_POINT('Ctrl Pts',(13.8739170812443,33.7933524200762,1.6));
#12429=CARTESIAN_POINT('',(13.7770547651127,36.8697507927263,1.6));
#12430=CARTESIAN_POINT('',(13.7770547651127,36.8697507927263,1.6));
#12431=CARTESIAN_POINT('',(13.2477232002095,36.8697507927263,1.6));
#12432=CARTESIAN_POINT('',(13.2477232002095,36.8697507927263,1.6));
#12433=CARTESIAN_POINT('',(13.2477232002095,34.5587001988733,1.6));
#12434=CARTESIAN_POINT('',(13.2477232002095,34.5587001988733,1.6));
#12435=CARTESIAN_POINT('',(13.4005197070912,33.5559718558634,1.6));
#12436=CARTESIAN_POINT('Ctrl Pts',(13.4005197070912,33.5559718558634,1.6));
#12437=CARTESIAN_POINT('Ctrl Pts',(13.3561139156431,33.6996787046292,1.6));
#12438=CARTESIAN_POINT('Ctrl Pts',(13.2553572498837,34.0257493016454,1.6));
#12439=CARTESIAN_POINT('Ctrl Pts',(13.250461358884,34.3675429252613,1.6));
#12440=CARTESIAN_POINT('Ctrl Pts',(13.2477232002095,34.5587001988733,1.6));
#12441=CARTESIAN_POINT('',(13.9107515596226,32.9952623197878,1.6));
#12442=CARTESIAN_POINT('Ctrl Pts',(13.9107515596226,32.9952623197878,1.6));
#12443=CARTESIAN_POINT('Ctrl Pts',(13.8002920384507,33.0666775025246,1.6));
#12444=CARTESIAN_POINT('Ctrl Pts',(13.5807183498753,33.2086380590022,1.6));
#12445=CARTESIAN_POINT('Ctrl Pts',(13.4603400640559,33.4406678147611,1.6));
#12446=CARTESIAN_POINT('Ctrl Pts',(13.4005197070912,33.5559718558634,1.6));
#12447=CARTESIAN_POINT('',(14.8302604936436,32.8015379855478,1.6));
#12448=CARTESIAN_POINT('Ctrl Pts',(14.8302604936436,32.8015379855478,1.6));
#12449=CARTESIAN_POINT('Ctrl Pts',(14.6574831820777,32.8065242383957,1.6));
#12450=CARTESIAN_POINT('Ctrl Pts',(14.3387088666138,32.8157238799685,1.6));
#12451=CARTESIAN_POINT('Ctrl Pts',(14.0451843053926,32.9388645318733,1.6));
#12452=CARTESIAN_POINT('Ctrl Pts',(13.9107515596226,32.9952623197878,1.6));
#12453=CARTESIAN_POINT('',(15.7647766851262,33.0239115903223,1.6));
#12454=CARTESIAN_POINT('Ctrl Pts',(15.7647766851262,33.0239115903223,1.6));
#12455=CARTESIAN_POINT('Ctrl Pts',(15.6298457642219,32.9591736206165,1.6));
#12456=CARTESIAN_POINT('Ctrl Pts',(15.335184879027,32.8177994468439,1.6));
#12457=CARTESIAN_POINT('Ctrl Pts',(15.0077542837102,32.8072543036363,1.6));
#12458=CARTESIAN_POINT('Ctrl Pts',(14.8302604936436,32.8015379855478,1.6));
#12459=CARTESIAN_POINT('',(16.2572731756047,33.6009921381319,1.6));
#12460=CARTESIAN_POINT('Ctrl Pts',(16.2572731756047,33.6009921381319,1.6));
#12461=CARTESIAN_POINT('Ctrl Pts',(16.2011213454566,33.487334046763,1.6));
#12462=CARTESIAN_POINT('Ctrl Pts',(16.0857151286111,33.2537379145589,1.6));
#12463=CARTESIAN_POINT('Ctrl Pts',(15.8736564797139,33.1018811931596,1.6));
#12464=CARTESIAN_POINT('Ctrl Pts',(15.7647766851262,33.0239115903223,1.6));
#12465=CARTESIAN_POINT('',(16.3936986707524,34.5587001988733,1.6));
#12466=CARTESIAN_POINT('Ctrl Pts',(16.3936986707524,34.5587001988733,1.6));
#12467=CARTESIAN_POINT('Ctrl Pts',(16.3911773484145,34.3770370444324,1.6));
#12468=CARTESIAN_POINT('Ctrl Pts',(16.3866596465552,34.0515332568838,1.6));
#12469=CARTESIAN_POINT('Ctrl Pts',(16.2969264261346,33.7390700973238,1.6));
#12470=CARTESIAN_POINT('Ctrl Pts',(16.2572731756047,33.6009921381319,1.6));
#12471=CARTESIAN_POINT('',(16.3936986707524,36.8697507927263,1.6));
#12472=CARTESIAN_POINT('',(16.3936986707524,36.8697507927263,1.6));
#12473=CARTESIAN_POINT('',(15.8643671058491,36.8697507927263,1.6));
#12474=CARTESIAN_POINT('',(15.8643671058491,36.8697507927263,1.6));
#12475=CARTESIAN_POINT('',(15.8643671058491,34.5614286014879,1.6));
#12476=CARTESIAN_POINT('Ctrl Pts',(15.6160726331547,33.5436932990396,1.6));
#12477=CARTESIAN_POINT('Ctrl Pts',(15.6160726331547,33.5436932990396,2.));
#12478=CARTESIAN_POINT('Ctrl Pts',(15.6878482786023,33.6698949349792,1.6));
#12479=CARTESIAN_POINT('Ctrl Pts',(15.6878482786023,33.6698949349792,2.));
#12480=CARTESIAN_POINT('Ctrl Pts',(15.8656354367467,33.9824944256137,1.6));
#12481=CARTESIAN_POINT('Ctrl Pts',(15.8656354367467,33.9824944256137,2.));
#12482=CARTESIAN_POINT('Ctrl Pts',(15.8648408842381,34.3451707608349,1.6));
#12483=CARTESIAN_POINT('Ctrl Pts',(15.8648408842381,34.3451707608349,2.));
#12484=CARTESIAN_POINT('Ctrl Pts',(15.8643671058491,34.5614286014879,1.6));
#12485=CARTESIAN_POINT('Ctrl Pts',(15.8643671058491,34.5614286014879,2.));
#12486=CARTESIAN_POINT('',(15.8643671058491,34.5614286014879,2.));
#12487=CARTESIAN_POINT('',(15.8643671058491,34.5614286014879,2.));
#12488=CARTESIAN_POINT('',(15.6160726331547,33.5436932990396,2.));
#12489=CARTESIAN_POINT('Ctrl Pts',(15.6160726331547,33.5436932990396,2.));
#12490=CARTESIAN_POINT('Ctrl Pts',(15.6878482786023,33.6698949349792,2.));
#12491=CARTESIAN_POINT('Ctrl Pts',(15.8656354367467,33.9824944256137,2.));
#12492=CARTESIAN_POINT('Ctrl Pts',(15.8648408842381,34.3451707608349,2.));
#12493=CARTESIAN_POINT('Ctrl Pts',(15.8643671058491,34.5614286014879,2.));
#12494=CARTESIAN_POINT('',(15.6160726331547,33.5436932990396,2.));
#12495=CARTESIAN_POINT('Ctrl Pts',(14.7838761590794,33.2790278146112,1.6));
#12496=CARTESIAN_POINT('Ctrl Pts',(14.7838761590794,33.2790278146112,2.));
#12497=CARTESIAN_POINT('Ctrl Pts',(14.9568655037058,33.2829256290662,1.6));
#12498=CARTESIAN_POINT('Ctrl Pts',(14.9568655037058,33.2829256290662,2.));
#12499=CARTESIAN_POINT('Ctrl Pts',(15.2625860547081,33.28981415729,1.6));
#12500=CARTESIAN_POINT('Ctrl Pts',(15.2625860547081,33.28981415729,2.));
#12501=CARTESIAN_POINT('Ctrl Pts',(15.5090626846134,33.466837215808,1.6));
#12502=CARTESIAN_POINT('Ctrl Pts',(15.5090626846134,33.466837215808,2.));
#12503=CARTESIAN_POINT('Ctrl Pts',(15.6160726331547,33.5436932990396,1.6));
#12504=CARTESIAN_POINT('Ctrl Pts',(15.6160726331547,33.5436932990396,2.));
#12505=CARTESIAN_POINT('',(14.7838761590794,33.2790278146112,2.));
#12506=CARTESIAN_POINT('Ctrl Pts',(14.7838761590794,33.2790278146112,2.));
#12507=CARTESIAN_POINT('Ctrl Pts',(14.9568655037058,33.2829256290662,2.));
#12508=CARTESIAN_POINT('Ctrl Pts',(15.2625860547081,33.28981415729,2.));
#12509=CARTESIAN_POINT('Ctrl Pts',(15.5090626846134,33.466837215808,2.));
#12510=CARTESIAN_POINT('Ctrl Pts',(15.6160726331547,33.5436932990396,2.));
#12511=CARTESIAN_POINT('',(14.7838761590794,33.2790278146112,2.));
#12512=CARTESIAN_POINT('Ctrl Pts',(14.2067953132466,33.4127249071444,1.6));
#12513=CARTESIAN_POINT('Ctrl Pts',(14.2067953132466,33.4127249071444,2.));
#12514=CARTESIAN_POINT('Ctrl Pts',(14.2928941250116,33.3737677376346,1.6));
#12515=CARTESIAN_POINT('Ctrl Pts',(14.2928941250116,33.3737677376346,2.));
#12516=CARTESIAN_POINT('Ctrl Pts',(14.4760623151846,33.2908895412103,1.6));
#12517=CARTESIAN_POINT('Ctrl Pts',(14.4760623151846,33.2908895412103,2.));
#12518=CARTESIAN_POINT('Ctrl Pts',(14.6772548425888,33.2831365086513,1.6));
#12519=CARTESIAN_POINT('Ctrl Pts',(14.6772548425888,33.2831365086513,2.));
#12520=CARTESIAN_POINT('Ctrl Pts',(14.7838761590794,33.2790278146112,1.6));
#12521=CARTESIAN_POINT('Ctrl Pts',(14.7838761590794,33.2790278146112,2.));
#12522=CARTESIAN_POINT('',(14.2067953132466,33.4127249071444,2.));
#12523=CARTESIAN_POINT('Ctrl Pts',(14.2067953132466,33.4127249071444,2.));
#12524=CARTESIAN_POINT('Ctrl Pts',(14.2928941250116,33.3737677376346,2.));
#12525=CARTESIAN_POINT('Ctrl Pts',(14.4760623151846,33.2908895412103,2.));
#12526=CARTESIAN_POINT('Ctrl Pts',(14.6772548425888,33.2831365086513,2.));
#12527=CARTESIAN_POINT('Ctrl Pts',(14.7838761590794,33.2790278146112,2.));
#12528=CARTESIAN_POINT('',(14.2067953132466,33.4127249071444,2.));
#12529=CARTESIAN_POINT('Ctrl Pts',(13.8739170812443,33.7933524200762,1.6));
#12530=CARTESIAN_POINT('Ctrl Pts',(13.8739170812443,33.7933524200762,2.));
#12531=CARTESIAN_POINT('Ctrl Pts',(13.9122402935346,33.7156262317363,1.6));
#12532=CARTESIAN_POINT('Ctrl Pts',(13.9122402935346,33.7156262317363,2.));
#12533=CARTESIAN_POINT('Ctrl Pts',(13.9893577599605,33.5592184996722,1.6));
#12534=CARTESIAN_POINT('Ctrl Pts',(13.9893577599605,33.5592184996722,2.));
#12535=CARTESIAN_POINT('Ctrl Pts',(14.1340215880361,33.4617545447879,1.6));
#12536=CARTESIAN_POINT('Ctrl Pts',(14.1340215880361,33.4617545447879,2.));
#12537=CARTESIAN_POINT('Ctrl Pts',(14.2067953132466,33.4127249071444,1.6));
#12538=CARTESIAN_POINT('Ctrl Pts',(14.2067953132466,33.4127249071444,2.));
#12539=CARTESIAN_POINT('',(13.8739170812443,33.7933524200762,2.));
#12540=CARTESIAN_POINT('Ctrl Pts',(13.8739170812443,33.7933524200762,2.));
#12541=CARTESIAN_POINT('Ctrl Pts',(13.9122402935346,33.7156262317363,2.));
#12542=CARTESIAN_POINT('Ctrl Pts',(13.9893577599605,33.5592184996722,2.));
#12543=CARTESIAN_POINT('Ctrl Pts',(14.1340215880361,33.4617545447879,2.));
#12544=CARTESIAN_POINT('Ctrl Pts',(14.2067953132466,33.4127249071444,2.));
#12545=CARTESIAN_POINT('',(13.8739170812443,33.7933524200762,2.));
#12546=CARTESIAN_POINT('Ctrl Pts',(13.7770547651127,34.5614286014879,1.6));
#12547=CARTESIAN_POINT('Ctrl Pts',(13.7770547651127,34.5614286014879,2.));
#12548=CARTESIAN_POINT('Ctrl Pts',(13.7775928018465,34.4095037461532,1.6));
#12549=CARTESIAN_POINT('Ctrl Pts',(13.7775928018465,34.4095037461532,2.));
#12550=CARTESIAN_POINT('Ctrl Pts',(13.7785151479593,34.1490618637649,1.6));
#12551=CARTESIAN_POINT('Ctrl Pts',(13.7785151479593,34.1490618637649,2.));
#12552=CARTESIAN_POINT('Ctrl Pts',(13.8458577664797,33.8979725561839,1.6));
#12553=CARTESIAN_POINT('Ctrl Pts',(13.8458577664797,33.8979725561839,2.));
#12554=CARTESIAN_POINT('Ctrl Pts',(13.8739170812443,33.7933524200762,1.6));
#12555=CARTESIAN_POINT('Ctrl Pts',(13.8739170812443,33.7933524200762,2.));
#12556=CARTESIAN_POINT('',(13.7770547651127,34.5614286014879,2.));
#12557=CARTESIAN_POINT('Ctrl Pts',(13.7770547651127,34.5614286014879,2.));
#12558=CARTESIAN_POINT('Ctrl Pts',(13.7775928018465,34.4095037461532,2.));
#12559=CARTESIAN_POINT('Ctrl Pts',(13.7785151479593,34.1490618637649,2.));
#12560=CARTESIAN_POINT('Ctrl Pts',(13.8458577664797,33.8979725561839,2.));
#12561=CARTESIAN_POINT('Ctrl Pts',(13.8739170812443,33.7933524200762,2.));
#12562=CARTESIAN_POINT('',(13.7770547651127,34.5614286014879,2.));
#12563=CARTESIAN_POINT('Origin',(13.7770547651127,35.7155896971071,2.));
#12564=CARTESIAN_POINT('',(13.7770547651127,36.8697507927263,2.));
#12565=CARTESIAN_POINT('',(13.7770547651127,29.7327948485536,2.));
#12566=CARTESIAN_POINT('',(13.7770547651127,36.8697507927263,2.));
#12567=CARTESIAN_POINT('Origin',(13.5123889826611,36.8697507927263,2.));
#12568=CARTESIAN_POINT('',(13.2477232002095,36.8697507927263,2.));
#12569=CARTESIAN_POINT('',(21.0061944913306,36.8697507927263,2.));
#12570=CARTESIAN_POINT('',(13.2477232002095,36.8697507927263,2.));
#12571=CARTESIAN_POINT('Origin',(13.2477232002095,35.7142254957998,2.));
#12572=CARTESIAN_POINT('',(13.2477232002095,34.5587001988733,2.));
#12573=CARTESIAN_POINT('',(13.2477232002095,29.7321127478999,2.));
#12574=CARTESIAN_POINT('',(13.2477232002095,34.5587001988733,2.));
#12575=CARTESIAN_POINT('Ctrl Pts',(13.4005197070912,33.5559718558634,1.6));
#12576=CARTESIAN_POINT('Ctrl Pts',(13.4005197070912,33.5559718558634,2.));
#12577=CARTESIAN_POINT('Ctrl Pts',(13.3561139156431,33.6996787046292,1.6));
#12578=CARTESIAN_POINT('Ctrl Pts',(13.3561139156431,33.6996787046292,2.));
#12579=CARTESIAN_POINT('Ctrl Pts',(13.2553572498837,34.0257493016454,1.6));
#12580=CARTESIAN_POINT('Ctrl Pts',(13.2553572498837,34.0257493016454,2.));
#12581=CARTESIAN_POINT('Ctrl Pts',(13.250461358884,34.3675429252613,1.6));
#12582=CARTESIAN_POINT('Ctrl Pts',(13.250461358884,34.3675429252613,2.));
#12583=CARTESIAN_POINT('Ctrl Pts',(13.2477232002095,34.5587001988733,1.6));
#12584=CARTESIAN_POINT('Ctrl Pts',(13.2477232002095,34.5587001988733,2.));
#12585=CARTESIAN_POINT('',(13.4005197070912,33.5559718558634,2.));
#12586=CARTESIAN_POINT('Ctrl Pts',(13.4005197070912,33.5559718558634,2.));
#12587=CARTESIAN_POINT('Ctrl Pts',(13.3561139156431,33.6996787046292,2.));
#12588=CARTESIAN_POINT('Ctrl Pts',(13.2553572498837,34.0257493016454,2.));
#12589=CARTESIAN_POINT('Ctrl Pts',(13.250461358884,34.3675429252613,2.));
#12590=CARTESIAN_POINT('Ctrl Pts',(13.2477232002095,34.5587001988733,2.));
#12591=CARTESIAN_POINT('',(13.4005197070912,33.5559718558634,2.));
#12592=CARTESIAN_POINT('Ctrl Pts',(13.9107515596226,32.9952623197878,1.6));
#12593=CARTESIAN_POINT('Ctrl Pts',(13.9107515596226,32.9952623197878,2.));
#12594=CARTESIAN_POINT('Ctrl Pts',(13.8002920384507,33.0666775025246,1.6));
#12595=CARTESIAN_POINT('Ctrl Pts',(13.8002920384507,33.0666775025246,2.));
#12596=CARTESIAN_POINT('Ctrl Pts',(13.5807183498753,33.2086380590022,1.6));
#12597=CARTESIAN_POINT('Ctrl Pts',(13.5807183498753,33.2086380590022,2.));
#12598=CARTESIAN_POINT('Ctrl Pts',(13.4603400640559,33.4406678147611,1.6));
#12599=CARTESIAN_POINT('Ctrl Pts',(13.4603400640559,33.4406678147611,2.));
#12600=CARTESIAN_POINT('Ctrl Pts',(13.4005197070912,33.5559718558634,1.6));
#12601=CARTESIAN_POINT('Ctrl Pts',(13.4005197070912,33.5559718558634,2.));
#12602=CARTESIAN_POINT('',(13.9107515596226,32.9952623197878,2.));
#12603=CARTESIAN_POINT('Ctrl Pts',(13.9107515596226,32.9952623197878,2.));
#12604=CARTESIAN_POINT('Ctrl Pts',(13.8002920384507,33.0666775025246,2.));
#12605=CARTESIAN_POINT('Ctrl Pts',(13.5807183498753,33.2086380590022,2.));
#12606=CARTESIAN_POINT('Ctrl Pts',(13.4603400640559,33.4406678147611,2.));
#12607=CARTESIAN_POINT('Ctrl Pts',(13.4005197070912,33.5559718558634,2.));
#12608=CARTESIAN_POINT('',(13.9107515596226,32.9952623197878,2.));
#12609=CARTESIAN_POINT('Ctrl Pts',(14.8302604936436,32.8015379855478,1.6));
#12610=CARTESIAN_POINT('Ctrl Pts',(14.8302604936436,32.8015379855478,2.));
#12611=CARTESIAN_POINT('Ctrl Pts',(14.6574831820777,32.8065242383957,1.6));
#12612=CARTESIAN_POINT('Ctrl Pts',(14.6574831820777,32.8065242383957,2.));
#12613=CARTESIAN_POINT('Ctrl Pts',(14.3387088666138,32.8157238799685,1.6));
#12614=CARTESIAN_POINT('Ctrl Pts',(14.3387088666138,32.8157238799685,2.));
#12615=CARTESIAN_POINT('Ctrl Pts',(14.0451843053926,32.9388645318733,1.6));
#12616=CARTESIAN_POINT('Ctrl Pts',(14.0451843053926,32.9388645318733,2.));
#12617=CARTESIAN_POINT('Ctrl Pts',(13.9107515596226,32.9952623197878,1.6));
#12618=CARTESIAN_POINT('Ctrl Pts',(13.9107515596226,32.9952623197878,2.));
#12619=CARTESIAN_POINT('',(14.8302604936436,32.8015379855478,2.));
#12620=CARTESIAN_POINT('Ctrl Pts',(14.8302604936436,32.8015379855478,2.));
#12621=CARTESIAN_POINT('Ctrl Pts',(14.6574831820777,32.8065242383957,2.));
#12622=CARTESIAN_POINT('Ctrl Pts',(14.3387088666138,32.8157238799685,2.));
#12623=CARTESIAN_POINT('Ctrl Pts',(14.0451843053926,32.9388645318733,2.));
#12624=CARTESIAN_POINT('Ctrl Pts',(13.9107515596226,32.9952623197878,2.));
#12625=CARTESIAN_POINT('',(14.8302604936436,32.8015379855478,2.));
#12626=CARTESIAN_POINT('Ctrl Pts',(15.7647766851262,33.0239115903223,1.6));
#12627=CARTESIAN_POINT('Ctrl Pts',(15.7647766851262,33.0239115903223,2.));
#12628=CARTESIAN_POINT('Ctrl Pts',(15.6298457642219,32.9591736206165,1.6));
#12629=CARTESIAN_POINT('Ctrl Pts',(15.6298457642219,32.9591736206165,2.));
#12630=CARTESIAN_POINT('Ctrl Pts',(15.335184879027,32.8177994468439,1.6));
#12631=CARTESIAN_POINT('Ctrl Pts',(15.335184879027,32.8177994468439,2.));
#12632=CARTESIAN_POINT('Ctrl Pts',(15.0077542837102,32.8072543036363,1.6));
#12633=CARTESIAN_POINT('Ctrl Pts',(15.0077542837102,32.8072543036363,2.));
#12634=CARTESIAN_POINT('Ctrl Pts',(14.8302604936436,32.8015379855478,1.6));
#12635=CARTESIAN_POINT('Ctrl Pts',(14.8302604936436,32.8015379855478,2.));
#12636=CARTESIAN_POINT('',(15.7647766851262,33.0239115903223,2.));
#12637=CARTESIAN_POINT('Ctrl Pts',(15.7647766851262,33.0239115903223,2.));
#12638=CARTESIAN_POINT('Ctrl Pts',(15.6298457642219,32.9591736206165,2.));
#12639=CARTESIAN_POINT('Ctrl Pts',(15.335184879027,32.8177994468439,2.));
#12640=CARTESIAN_POINT('Ctrl Pts',(15.0077542837102,32.8072543036363,2.));
#12641=CARTESIAN_POINT('Ctrl Pts',(14.8302604936436,32.8015379855478,2.));
#12642=CARTESIAN_POINT('',(15.7647766851262,33.0239115903223,2.));
#12643=CARTESIAN_POINT('Ctrl Pts',(16.2572731756047,33.6009921381319,1.6));
#12644=CARTESIAN_POINT('Ctrl Pts',(16.2572731756047,33.6009921381319,2.));
#12645=CARTESIAN_POINT('Ctrl Pts',(16.2011213454566,33.487334046763,1.6));
#12646=CARTESIAN_POINT('Ctrl Pts',(16.2011213454566,33.487334046763,2.));
#12647=CARTESIAN_POINT('Ctrl Pts',(16.0857151286111,33.2537379145589,1.6));
#12648=CARTESIAN_POINT('Ctrl Pts',(16.0857151286111,33.2537379145589,2.));
#12649=CARTESIAN_POINT('Ctrl Pts',(15.8736564797139,33.1018811931596,1.6));
#12650=CARTESIAN_POINT('Ctrl Pts',(15.8736564797139,33.1018811931596,2.));
#12651=CARTESIAN_POINT('Ctrl Pts',(15.7647766851262,33.0239115903223,1.6));
#12652=CARTESIAN_POINT('Ctrl Pts',(15.7647766851262,33.0239115903223,2.));
#12653=CARTESIAN_POINT('',(16.2572731756047,33.6009921381319,2.));
#12654=CARTESIAN_POINT('Ctrl Pts',(16.2572731756047,33.6009921381319,2.));
#12655=CARTESIAN_POINT('Ctrl Pts',(16.2011213454566,33.487334046763,2.));
#12656=CARTESIAN_POINT('Ctrl Pts',(16.0857151286111,33.2537379145589,2.));
#12657=CARTESIAN_POINT('Ctrl Pts',(15.8736564797139,33.1018811931596,2.));
#12658=CARTESIAN_POINT('Ctrl Pts',(15.7647766851262,33.0239115903223,2.));
#12659=CARTESIAN_POINT('',(16.2572731756047,33.6009921381319,2.));
#12660=CARTESIAN_POINT('Ctrl Pts',(16.3936986707524,34.5587001988733,1.6));
#12661=CARTESIAN_POINT('Ctrl Pts',(16.3936986707524,34.5587001988733,2.));
#12662=CARTESIAN_POINT('Ctrl Pts',(16.3911773484145,34.3770370444324,1.6));
#12663=CARTESIAN_POINT('Ctrl Pts',(16.3911773484145,34.3770370444324,2.));
#12664=CARTESIAN_POINT('Ctrl Pts',(16.3866596465552,34.0515332568838,1.6));
#12665=CARTESIAN_POINT('Ctrl Pts',(16.3866596465552,34.0515332568838,2.));
#12666=CARTESIAN_POINT('Ctrl Pts',(16.2969264261346,33.7390700973238,1.6));
#12667=CARTESIAN_POINT('Ctrl Pts',(16.2969264261346,33.7390700973238,2.));
#12668=CARTESIAN_POINT('Ctrl Pts',(16.2572731756047,33.6009921381319,1.6));
#12669=CARTESIAN_POINT('Ctrl Pts',(16.2572731756047,33.6009921381319,2.));
#12670=CARTESIAN_POINT('',(16.3936986707524,34.5587001988733,2.));
#12671=CARTESIAN_POINT('Ctrl Pts',(16.3936986707524,34.5587001988733,2.));
#12672=CARTESIAN_POINT('Ctrl Pts',(16.3911773484145,34.3770370444324,2.));
#12673=CARTESIAN_POINT('Ctrl Pts',(16.3866596465552,34.0515332568838,2.));
#12674=CARTESIAN_POINT('Ctrl Pts',(16.2969264261346,33.7390700973238,2.));
#12675=CARTESIAN_POINT('Ctrl Pts',(16.2572731756047,33.6009921381319,2.));
#12676=CARTESIAN_POINT('',(16.3936986707524,34.5587001988733,2.));
#12677=CARTESIAN_POINT('Origin',(16.3936986707524,35.7142254957998,2.));
#12678=CARTESIAN_POINT('',(16.3936986707524,36.8697507927263,2.));
#12679=CARTESIAN_POINT('',(16.3936986707524,29.7321127478999,2.));
#12680=CARTESIAN_POINT('',(16.3936986707524,36.8697507927263,2.));
#12681=CARTESIAN_POINT('Origin',(16.1290328883007,36.8697507927263,2.));
#12682=CARTESIAN_POINT('',(15.8643671058491,36.8697507927263,2.));
#12683=CARTESIAN_POINT('',(22.3145164441504,36.8697507927263,2.));
#12684=CARTESIAN_POINT('',(15.8643671058491,36.8697507927263,2.));
#12685=CARTESIAN_POINT('Origin',(15.8643671058491,35.7155896971071,2.));
#12686=CARTESIAN_POINT('',(15.8643671058491,29.7327948485536,2.));
#12687=CARTESIAN_POINT('Origin',(28.5,23.75,1.6));
#12688=CARTESIAN_POINT('',(20.1186473869285,11.848669637503,1.6));
#12689=CARTESIAN_POINT('',(20.8717163108787,12.1051499140876,1.6));
#12690=CARTESIAN_POINT('Ctrl Pts',(20.1186473869285,11.848669637503,1.6));
#12691=CARTESIAN_POINT('Ctrl Pts',(20.2596648808721,11.8580948597261,1.6));
#12692=CARTESIAN_POINT('Ctrl Pts',(20.5339446057898,11.8764269636824,1.6));
#12693=CARTESIAN_POINT('Ctrl Pts',(20.7612682690775,12.0303597478107,1.6));
#12694=CARTESIAN_POINT('Ctrl Pts',(20.8717163108787,12.1051499140876,1.6));
#12695=CARTESIAN_POINT('',(19.4392474197349,12.0369371665138,1.6));
#12696=CARTESIAN_POINT('Ctrl Pts',(19.4392474197349,12.0369371665138,1.6));
#12697=CARTESIAN_POINT('Ctrl Pts',(19.5459870852613,11.9820257673906,1.6));
#12698=CARTESIAN_POINT('Ctrl Pts',(19.759419343736,11.8722271852696,1.6));
#12699=CARTESIAN_POINT('Ctrl Pts',(19.9989223133593,11.8565209987564,1.6));
#12700=CARTESIAN_POINT('Ctrl Pts',(20.1186473869285,11.848669637503,1.6));
#12701=CARTESIAN_POINT('',(18.9767642520866,12.6058319104332,1.6));
#12702=CARTESIAN_POINT('Ctrl Pts',(18.9767642520866,12.6058319104332,1.6));
#12703=CARTESIAN_POINT('Ctrl Pts',(19.0315624466817,12.4879822667835,1.6));
#12704=CARTESIAN_POINT('Ctrl Pts',(19.1379757484302,12.2591285648816,1.6));
#12705=CARTESIAN_POINT('Ctrl Pts',(19.34084631765,12.1095091357882,1.6));
#12706=CARTESIAN_POINT('Ctrl Pts',(19.4392474197349,12.0369371665138,1.6));
#12707=CARTESIAN_POINT('',(18.828061392208,13.4966915739197,1.6));
#12708=CARTESIAN_POINT('Ctrl Pts',(18.828061392208,13.4966915739197,1.6));
#12709=CARTESIAN_POINT('Ctrl Pts',(18.8327251598011,13.3360824329461,1.6));
#12710=CARTESIAN_POINT('Ctrl Pts',(18.8415520004365,13.0321068887815,1.6));
#12711=CARTESIAN_POINT('Ctrl Pts',(18.9334307478153,12.7424466651581,1.6));
#12712=CARTESIAN_POINT('Ctrl Pts',(18.9767642520866,12.6058319104332,1.6));
#12713=CARTESIAN_POINT('',(18.9535720848045,14.2647680533546,1.6));
#12714=CARTESIAN_POINT('Ctrl Pts',(18.9535720848045,14.2647680533546,1.6));
#12715=CARTESIAN_POINT('Ctrl Pts',(18.9169651269528,14.1395432265668,1.6));
#12716=CARTESIAN_POINT('Ctrl Pts',(18.8436273148937,13.8886697491994,1.6));
#12717=CARTESIAN_POINT('Ctrl Pts',(18.8332558735819,13.6274980395292,1.6));
#12718=CARTESIAN_POINT('Ctrl Pts',(18.828061392208,13.4966915739197,1.6));
#12719=CARTESIAN_POINT('',(19.3887706302604,14.8582196128982,1.6));
#12720=CARTESIAN_POINT('Ctrl Pts',(19.3887706302604,14.8582196128982,1.6));
#12721=CARTESIAN_POINT('Ctrl Pts',(19.2930370461392,14.7777059627245,1.6));
#12722=CARTESIAN_POINT('Ctrl Pts',(19.0998817054063,14.6152588792301,1.6));
#12723=CARTESIAN_POINT('Ctrl Pts',(19.0026252978019,14.3822770802019,1.6));
#12724=CARTESIAN_POINT('Ctrl Pts',(18.9535720848045,14.2647680533546,1.6));
#12725=CARTESIAN_POINT('',(20.15957551231,15.079229165377,1.6));
#12726=CARTESIAN_POINT('Ctrl Pts',(20.15957551231,15.079229165377,1.6));
#12727=CARTESIAN_POINT('Ctrl Pts',(20.0151601272606,15.0720714808071,1.6));
#12728=CARTESIAN_POINT('Ctrl Pts',(19.7404726305248,15.0584570971578,1.6));
#12729=CARTESIAN_POINT('Ctrl Pts',(19.501910215804,14.922634333208,1.6));
#12730=CARTESIAN_POINT('Ctrl Pts',(19.3887706302604,14.8582196128982,1.6));
#12731=CARTESIAN_POINT('',(20.8253319763145,14.8800477278846,1.6));
#12732=CARTESIAN_POINT('Ctrl Pts',(20.8253319763145,14.8800477278846,1.6));
#12733=CARTESIAN_POINT('Ctrl Pts',(20.7282885037058,14.9381003739675,1.6));
#12734=CARTESIAN_POINT('Ctrl Pts',(20.5236534707244,15.0605156670983,1.6));
#12735=CARTESIAN_POINT('Ctrl Pts',(20.2850347668287,15.0727805971811,1.6));
#12736=CARTESIAN_POINT('Ctrl Pts',(20.15957551231,15.079229165377,1.6));
#12737=CARTESIAN_POINT('',(21.2291522525749,14.2443039906639,1.6));
#12738=CARTESIAN_POINT('Ctrl Pts',(21.2291522525749,14.2443039906639,1.6));
#12739=CARTESIAN_POINT('Ctrl Pts',(21.1819762253015,14.3763683482473,1.6));
#12740=CARTESIAN_POINT('Ctrl Pts',(21.0951170383741,14.6195215636576,1.6));
#12741=CARTESIAN_POINT('Ctrl Pts',(20.909935462651,14.7983477938437,1.6));
#12742=CARTESIAN_POINT('Ctrl Pts',(20.8253319763145,14.8800477278846,1.6));
#12743=CARTESIAN_POINT('',(21.7502983116111,14.3670871747154,1.6));
#12744=CARTESIAN_POINT('',(21.7502983116111,14.3670871747154,1.6));
#12745=CARTESIAN_POINT('',(21.1800392173728,15.2265688670295,1.6));
#12746=CARTESIAN_POINT('Ctrl Pts',(21.1800392173728,15.2265688670295,1.6));
#12747=CARTESIAN_POINT('Ctrl Pts',(21.3069224909766,15.111498731136,1.6));
#12748=CARTESIAN_POINT('Ctrl Pts',(21.5693042556295,14.8735453393529,1.6));
#12749=CARTESIAN_POINT('Ctrl Pts',(21.6886606175489,14.5395619736138,1.6));
#12750=CARTESIAN_POINT('Ctrl Pts',(21.7502983116111,14.3670871747154,1.6));
#12751=CARTESIAN_POINT('',(20.1704891227683,15.5321621788162,1.6));
#12752=CARTESIAN_POINT('Ctrl Pts',(20.1704891227683,15.5321621788162,1.6));
#12753=CARTESIAN_POINT('Ctrl Pts',(20.3593529258242,15.5217957719089,1.6));
#12754=CARTESIAN_POINT('Ctrl Pts',(20.721334597738,15.5019272251395,1.6));
#12755=CARTESIAN_POINT('Ctrl Pts',(21.0316369853844,15.3156540717365,1.6));
#12756=CARTESIAN_POINT('Ctrl Pts',(21.1800392173728,15.2265688670295,1.6));
#12757=CARTESIAN_POINT('',(19.20050220718,15.2906888616699,1.6));
#12758=CARTESIAN_POINT('Ctrl Pts',(19.20050220718,15.2906888616699,1.6));
#12759=CARTESIAN_POINT('Ctrl Pts',(19.3522548471087,15.36111488623,1.6));
#12760=CARTESIAN_POINT('Ctrl Pts',(19.6599568882815,15.5039145865779,1.6));
#12761=CARTESIAN_POINT('Ctrl Pts',(19.9987713429875,15.5226610866311,1.6));
#12762=CARTESIAN_POINT('Ctrl Pts',(20.1704891227683,15.5321621788162,1.6));
#12763=CARTESIAN_POINT('',(18.5211034320793,14.5840039742607,1.6));
#12764=CARTESIAN_POINT('Ctrl Pts',(18.5211034320793,14.5840039742607,1.6));
#12765=CARTESIAN_POINT('Ctrl Pts',(18.6083013678567,14.7293124449168,1.6));
#12766=CARTESIAN_POINT('Ctrl Pts',(18.7808607735972,15.0168690610441,1.6));
#12767=CARTESIAN_POINT('Ctrl Pts',(19.0616177158401,15.2000654849361,1.6));
#12768=CARTESIAN_POINT('Ctrl Pts',(19.20050220718,15.2906888616699,1.6));
#12769=CARTESIAN_POINT('',(18.2823582195243,13.4939628732818,1.6));
#12770=CARTESIAN_POINT('Ctrl Pts',(18.2823582195243,13.4939628732818,1.6));
#12771=CARTESIAN_POINT('Ctrl Pts',(18.2903292570408,13.6916192033566,1.6));
#12772=CARTESIAN_POINT('Ctrl Pts',(18.3055657143177,14.0694347916597,1.6));
#12773=CARTESIAN_POINT('Ctrl Pts',(18.4515104825161,14.4178595632342,1.6));
#12774=CARTESIAN_POINT('Ctrl Pts',(18.5211034320793,14.5840039742607,1.6));
#12775=CARTESIAN_POINT('',(18.493817617794,12.4216574323791,1.6));
#12776=CARTESIAN_POINT('Ctrl Pts',(18.493817617794,12.4216574323791,1.6));
#12777=CARTESIAN_POINT('Ctrl Pts',(18.4321453170079,12.5924859227218,1.6));
#12778=CARTESIAN_POINT('Ctrl Pts',(18.3070236844995,12.9390651701016,1.6));
#12779=CARTESIAN_POINT('Ctrl Pts',(18.2906575209342,13.3072539142187,1.6));
#12780=CARTESIAN_POINT('Ctrl Pts',(18.2823582195243,13.4939628732818,1.6));
#12781=CARTESIAN_POINT('',(19.1104622386894,11.6590380561966,1.6));
#12782=CARTESIAN_POINT('Ctrl Pts',(19.1104622386894,11.6590380561966,1.6));
#12783=CARTESIAN_POINT('Ctrl Pts',(18.9824679913937,11.7590636118834,1.6));
#12784=CARTESIAN_POINT('Ctrl Pts',(18.7183580194108,11.9654615341978,1.6));
#12785=CARTESIAN_POINT('Ctrl Pts',(18.5701832278533,12.2665063868643,1.6));
#12786=CARTESIAN_POINT('Ctrl Pts',(18.493817617794,12.4216574323791,1.6));
#12787=CARTESIAN_POINT('',(20.1623042129478,11.3957366240638,1.6));
#12788=CARTESIAN_POINT('Ctrl Pts',(20.1623042129478,11.3957366240638,1.6));
#12789=CARTESIAN_POINT('Ctrl Pts',(19.9630009735904,11.4029105861491,1.6));
#12790=CARTESIAN_POINT('Ctrl Pts',(19.5928628571525,11.4162337856225,1.6));
#12791=CARTESIAN_POINT('Ctrl Pts',(19.2628004355053,11.5823624398255,1.6));
#12792=CARTESIAN_POINT('Ctrl Pts',(19.1104622386894,11.6590380561966,1.6));
#12793=CARTESIAN_POINT('',(21.2196023963889,11.7381650102752,1.6));
#12794=CARTESIAN_POINT('Ctrl Pts',(21.2196023963889,11.7381650102752,1.6));
#12795=CARTESIAN_POINT('Ctrl Pts',(21.064119318061,11.6383217232701,1.6));
#12796=CARTESIAN_POINT('Ctrl Pts',(20.7422588431737,11.4316393748411,1.6));
#12797=CARTESIAN_POINT('Ctrl Pts',(20.3599360378073,11.407971246884,1.6));
#12798=CARTESIAN_POINT('Ctrl Pts',(20.1623042129478,11.3957366240638,1.6));
#12799=CARTESIAN_POINT('',(21.818511059185,12.7327078474182,1.6));
#12800=CARTESIAN_POINT('Ctrl Pts',(21.818511059185,12.7327078474182,1.6));
#12801=CARTESIAN_POINT('Ctrl Pts',(21.7561848542674,12.5317276981249,1.6));
#12802=CARTESIAN_POINT('Ctrl Pts',(21.637879728563,12.1502351644842,1.6));
#12803=CARTESIAN_POINT('Ctrl Pts',(21.3539503996405,11.8705193076735,1.6));
#12804=CARTESIAN_POINT('Ctrl Pts',(21.2196023963889,11.7381650102752,1.6));
#12805=CARTESIAN_POINT('',(21.2891800903282,12.8664049399513,1.6));
#12806=CARTESIAN_POINT('',(21.2891800903282,12.8664049399513,1.6));
#12807=CARTESIAN_POINT('Ctrl Pts',(20.8717163108787,12.1051499140876,1.6));
#12808=CARTESIAN_POINT('Ctrl Pts',(20.9672016124777,12.2060876239548,1.6));
#12809=CARTESIAN_POINT('Ctrl Pts',(21.1721620078703,12.4227516819611,1.6));
#12810=CARTESIAN_POINT('Ctrl Pts',(21.2484386155482,12.7119408807066,1.6));
#12811=CARTESIAN_POINT('Ctrl Pts',(21.2891800903282,12.8664049399513,1.6));
#12812=CARTESIAN_POINT('Ctrl Pts',(20.1186473869285,11.848669637503,1.6));
#12813=CARTESIAN_POINT('Ctrl Pts',(20.1186473869285,11.848669637503,2.));
#12814=CARTESIAN_POINT('Ctrl Pts',(20.2596648808721,11.8580948597261,1.6));
#12815=CARTESIAN_POINT('Ctrl Pts',(20.2596648808721,11.8580948597261,2.));
#12816=CARTESIAN_POINT('Ctrl Pts',(20.5339446057898,11.8764269636824,1.6));
#12817=CARTESIAN_POINT('Ctrl Pts',(20.5339446057898,11.8764269636824,2.));
#12818=CARTESIAN_POINT('Ctrl Pts',(20.7612682690775,12.0303597478107,1.6));
#12819=CARTESIAN_POINT('Ctrl Pts',(20.7612682690775,12.0303597478107,2.));
#12820=CARTESIAN_POINT('Ctrl Pts',(20.8717163108787,12.1051499140876,1.6));
#12821=CARTESIAN_POINT('Ctrl Pts',(20.8717163108787,12.1051499140876,2.));
#12822=CARTESIAN_POINT('',(20.8717163108787,12.1051499140876,2.));
#12823=CARTESIAN_POINT('',(20.8717163108787,12.1051499140876,2.));
#12824=CARTESIAN_POINT('',(20.1186473869285,11.848669637503,2.));
#12825=CARTESIAN_POINT('Ctrl Pts',(20.1186473869285,11.848669637503,2.));
#12826=CARTESIAN_POINT('Ctrl Pts',(20.2596648808721,11.8580948597261,2.));
#12827=CARTESIAN_POINT('Ctrl Pts',(20.5339446057898,11.8764269636824,2.));
#12828=CARTESIAN_POINT('Ctrl Pts',(20.7612682690775,12.0303597478107,2.));
#12829=CARTESIAN_POINT('Ctrl Pts',(20.8717163108787,12.1051499140876,2.));
#12830=CARTESIAN_POINT('',(20.1186473869285,11.848669637503,2.));
#12831=CARTESIAN_POINT('Ctrl Pts',(19.4392474197349,12.0369371665138,1.6));
#12832=CARTESIAN_POINT('Ctrl Pts',(19.4392474197349,12.0369371665138,2.));
#12833=CARTESIAN_POINT('Ctrl Pts',(19.5459870852613,11.9820257673906,1.6));
#12834=CARTESIAN_POINT('Ctrl Pts',(19.5459870852613,11.9820257673906,2.));
#12835=CARTESIAN_POINT('Ctrl Pts',(19.759419343736,11.8722271852696,1.6));
#12836=CARTESIAN_POINT('Ctrl Pts',(19.759419343736,11.8722271852696,2.));
#12837=CARTESIAN_POINT('Ctrl Pts',(19.9989223133593,11.8565209987564,1.6));
#12838=CARTESIAN_POINT('Ctrl Pts',(19.9989223133593,11.8565209987564,2.));
#12839=CARTESIAN_POINT('Ctrl Pts',(20.1186473869285,11.848669637503,1.6));
#12840=CARTESIAN_POINT('Ctrl Pts',(20.1186473869285,11.848669637503,2.));
#12841=CARTESIAN_POINT('',(19.4392474197349,12.0369371665138,2.));
#12842=CARTESIAN_POINT('Ctrl Pts',(19.4392474197349,12.0369371665138,2.));
#12843=CARTESIAN_POINT('Ctrl Pts',(19.5459870852613,11.9820257673906,2.));
#12844=CARTESIAN_POINT('Ctrl Pts',(19.759419343736,11.8722271852696,2.));
#12845=CARTESIAN_POINT('Ctrl Pts',(19.9989223133593,11.8565209987564,2.));
#12846=CARTESIAN_POINT('Ctrl Pts',(20.1186473869285,11.848669637503,2.));
#12847=CARTESIAN_POINT('',(19.4392474197349,12.0369371665138,2.));
#12848=CARTESIAN_POINT('Ctrl Pts',(18.9767642520866,12.6058319104332,1.6));
#12849=CARTESIAN_POINT('Ctrl Pts',(18.9767642520866,12.6058319104332,2.));
#12850=CARTESIAN_POINT('Ctrl Pts',(19.0315624466817,12.4879822667835,1.6));
#12851=CARTESIAN_POINT('Ctrl Pts',(19.0315624466817,12.4879822667835,2.));
#12852=CARTESIAN_POINT('Ctrl Pts',(19.1379757484302,12.2591285648816,1.6));
#12853=CARTESIAN_POINT('Ctrl Pts',(19.1379757484302,12.2591285648816,2.));
#12854=CARTESIAN_POINT('Ctrl Pts',(19.34084631765,12.1095091357882,1.6));
#12855=CARTESIAN_POINT('Ctrl Pts',(19.34084631765,12.1095091357882,2.));
#12856=CARTESIAN_POINT('Ctrl Pts',(19.4392474197349,12.0369371665138,1.6));
#12857=CARTESIAN_POINT('Ctrl Pts',(19.4392474197349,12.0369371665138,2.));
#12858=CARTESIAN_POINT('',(18.9767642520866,12.6058319104332,2.));
#12859=CARTESIAN_POINT('Ctrl Pts',(18.9767642520866,12.6058319104332,2.));
#12860=CARTESIAN_POINT('Ctrl Pts',(19.0315624466817,12.4879822667835,2.));
#12861=CARTESIAN_POINT('Ctrl Pts',(19.1379757484302,12.2591285648816,2.));
#12862=CARTESIAN_POINT('Ctrl Pts',(19.34084631765,12.1095091357882,2.));
#12863=CARTESIAN_POINT('Ctrl Pts',(19.4392474197349,12.0369371665138,2.));
#12864=CARTESIAN_POINT('',(18.9767642520866,12.6058319104332,2.));
#12865=CARTESIAN_POINT('Ctrl Pts',(18.828061392208,13.4966915739197,1.6));
#12866=CARTESIAN_POINT('Ctrl Pts',(18.828061392208,13.4966915739197,2.));
#12867=CARTESIAN_POINT('Ctrl Pts',(18.8327251598011,13.3360824329461,1.6));
#12868=CARTESIAN_POINT('Ctrl Pts',(18.8327251598011,13.3360824329461,2.));
#12869=CARTESIAN_POINT('Ctrl Pts',(18.8415520004365,13.0321068887815,1.6));
#12870=CARTESIAN_POINT('Ctrl Pts',(18.8415520004365,13.0321068887815,2.));
#12871=CARTESIAN_POINT('Ctrl Pts',(18.9334307478153,12.7424466651581,1.6));
#12872=CARTESIAN_POINT('Ctrl Pts',(18.9334307478153,12.7424466651581,2.));
#12873=CARTESIAN_POINT('Ctrl Pts',(18.9767642520866,12.6058319104332,1.6));
#12874=CARTESIAN_POINT('Ctrl Pts',(18.9767642520866,12.6058319104332,2.));
#12875=CARTESIAN_POINT('',(18.828061392208,13.4966915739197,2.));
#12876=CARTESIAN_POINT('Ctrl Pts',(18.828061392208,13.4966915739197,2.));
#12877=CARTESIAN_POINT('Ctrl Pts',(18.8327251598011,13.3360824329461,2.));
#12878=CARTESIAN_POINT('Ctrl Pts',(18.8415520004365,13.0321068887815,2.));
#12879=CARTESIAN_POINT('Ctrl Pts',(18.9334307478153,12.7424466651581,2.));
#12880=CARTESIAN_POINT('Ctrl Pts',(18.9767642520866,12.6058319104332,2.));
#12881=CARTESIAN_POINT('',(18.828061392208,13.4966915739197,2.));
#12882=CARTESIAN_POINT('Ctrl Pts',(18.9535720848045,14.2647680533546,1.6));
#12883=CARTESIAN_POINT('Ctrl Pts',(18.9535720848045,14.2647680533546,2.));
#12884=CARTESIAN_POINT('Ctrl Pts',(18.9169651269528,14.1395432265668,1.6));
#12885=CARTESIAN_POINT('Ctrl Pts',(18.9169651269528,14.1395432265668,2.));
#12886=CARTESIAN_POINT('Ctrl Pts',(18.8436273148937,13.8886697491994,1.6));
#12887=CARTESIAN_POINT('Ctrl Pts',(18.8436273148937,13.8886697491994,2.));
#12888=CARTESIAN_POINT('Ctrl Pts',(18.8332558735819,13.6274980395292,1.6));
#12889=CARTESIAN_POINT('Ctrl Pts',(18.8332558735819,13.6274980395292,2.));
#12890=CARTESIAN_POINT('Ctrl Pts',(18.828061392208,13.4966915739197,1.6));
#12891=CARTESIAN_POINT('Ctrl Pts',(18.828061392208,13.4966915739197,2.));
#12892=CARTESIAN_POINT('',(18.9535720848045,14.2647680533546,2.));
#12893=CARTESIAN_POINT('Ctrl Pts',(18.9535720848045,14.2647680533546,2.));
#12894=CARTESIAN_POINT('Ctrl Pts',(18.9169651269528,14.1395432265668,2.));
#12895=CARTESIAN_POINT('Ctrl Pts',(18.8436273148937,13.8886697491994,2.));
#12896=CARTESIAN_POINT('Ctrl Pts',(18.8332558735819,13.6274980395292,2.));
#12897=CARTESIAN_POINT('Ctrl Pts',(18.828061392208,13.4966915739197,2.));
#12898=CARTESIAN_POINT('',(18.9535720848045,14.2647680533546,2.));
#12899=CARTESIAN_POINT('Ctrl Pts',(19.3887706302604,14.8582196128982,1.6));
#12900=CARTESIAN_POINT('Ctrl Pts',(19.3887706302604,14.8582196128982,2.));
#12901=CARTESIAN_POINT('Ctrl Pts',(19.2930370461392,14.7777059627245,1.6));
#12902=CARTESIAN_POINT('Ctrl Pts',(19.2930370461392,14.7777059627245,2.));
#12903=CARTESIAN_POINT('Ctrl Pts',(19.0998817054063,14.6152588792301,1.6));
#12904=CARTESIAN_POINT('Ctrl Pts',(19.0998817054063,14.6152588792301,2.));
#12905=CARTESIAN_POINT('Ctrl Pts',(19.0026252978019,14.3822770802019,1.6));
#12906=CARTESIAN_POINT('Ctrl Pts',(19.0026252978019,14.3822770802019,2.));
#12907=CARTESIAN_POINT('Ctrl Pts',(18.9535720848045,14.2647680533546,1.6));
#12908=CARTESIAN_POINT('Ctrl Pts',(18.9535720848045,14.2647680533546,2.));
#12909=CARTESIAN_POINT('',(19.3887706302604,14.8582196128982,2.));
#12910=CARTESIAN_POINT('Ctrl Pts',(19.3887706302604,14.8582196128982,2.));
#12911=CARTESIAN_POINT('Ctrl Pts',(19.2930370461392,14.7777059627245,2.));
#12912=CARTESIAN_POINT('Ctrl Pts',(19.0998817054063,14.6152588792301,2.));
#12913=CARTESIAN_POINT('Ctrl Pts',(19.0026252978019,14.3822770802019,2.));
#12914=CARTESIAN_POINT('Ctrl Pts',(18.9535720848045,14.2647680533546,2.));
#12915=CARTESIAN_POINT('',(19.3887706302604,14.8582196128982,2.));
#12916=CARTESIAN_POINT('Ctrl Pts',(20.15957551231,15.079229165377,1.6));
#12917=CARTESIAN_POINT('Ctrl Pts',(20.15957551231,15.079229165377,2.));
#12918=CARTESIAN_POINT('Ctrl Pts',(20.0151601272606,15.0720714808071,1.6));
#12919=CARTESIAN_POINT('Ctrl Pts',(20.0151601272606,15.0720714808071,2.));
#12920=CARTESIAN_POINT('Ctrl Pts',(19.7404726305248,15.0584570971578,1.6));
#12921=CARTESIAN_POINT('Ctrl Pts',(19.7404726305248,15.0584570971578,2.));
#12922=CARTESIAN_POINT('Ctrl Pts',(19.501910215804,14.922634333208,1.6));
#12923=CARTESIAN_POINT('Ctrl Pts',(19.501910215804,14.922634333208,2.));
#12924=CARTESIAN_POINT('Ctrl Pts',(19.3887706302604,14.8582196128982,1.6));
#12925=CARTESIAN_POINT('Ctrl Pts',(19.3887706302604,14.8582196128982,2.));
#12926=CARTESIAN_POINT('',(20.15957551231,15.079229165377,2.));
#12927=CARTESIAN_POINT('Ctrl Pts',(20.15957551231,15.079229165377,2.));
#12928=CARTESIAN_POINT('Ctrl Pts',(20.0151601272606,15.0720714808071,2.));
#12929=CARTESIAN_POINT('Ctrl Pts',(19.7404726305248,15.0584570971578,2.));
#12930=CARTESIAN_POINT('Ctrl Pts',(19.501910215804,14.922634333208,2.));
#12931=CARTESIAN_POINT('Ctrl Pts',(19.3887706302604,14.8582196128982,2.));
#12932=CARTESIAN_POINT('',(20.15957551231,15.079229165377,2.));
#12933=CARTESIAN_POINT('Ctrl Pts',(20.8253319763145,14.8800477278846,1.6));
#12934=CARTESIAN_POINT('Ctrl Pts',(20.8253319763145,14.8800477278846,2.));
#12935=CARTESIAN_POINT('Ctrl Pts',(20.7282885037058,14.9381003739675,1.6));
#12936=CARTESIAN_POINT('Ctrl Pts',(20.7282885037058,14.9381003739675,2.));
#12937=CARTESIAN_POINT('Ctrl Pts',(20.5236534707244,15.0605156670983,1.6));
#12938=CARTESIAN_POINT('Ctrl Pts',(20.5236534707244,15.0605156670983,2.));
#12939=CARTESIAN_POINT('Ctrl Pts',(20.2850347668287,15.0727805971811,1.6));
#12940=CARTESIAN_POINT('Ctrl Pts',(20.2850347668287,15.0727805971811,2.));
#12941=CARTESIAN_POINT('Ctrl Pts',(20.15957551231,15.079229165377,1.6));
#12942=CARTESIAN_POINT('Ctrl Pts',(20.15957551231,15.079229165377,2.));
#12943=CARTESIAN_POINT('',(20.8253319763145,14.8800477278846,2.));
#12944=CARTESIAN_POINT('Ctrl Pts',(20.8253319763145,14.8800477278846,2.));
#12945=CARTESIAN_POINT('Ctrl Pts',(20.7282885037058,14.9381003739675,2.));
#12946=CARTESIAN_POINT('Ctrl Pts',(20.5236534707244,15.0605156670983,2.));
#12947=CARTESIAN_POINT('Ctrl Pts',(20.2850347668287,15.0727805971811,2.));
#12948=CARTESIAN_POINT('Ctrl Pts',(20.15957551231,15.079229165377,2.));
#12949=CARTESIAN_POINT('',(20.8253319763145,14.8800477278846,2.));
#12950=CARTESIAN_POINT('Ctrl Pts',(21.2291522525749,14.2443039906639,1.6));
#12951=CARTESIAN_POINT('Ctrl Pts',(21.2291522525749,14.2443039906639,2.));
#12952=CARTESIAN_POINT('Ctrl Pts',(21.1819762253015,14.3763683482473,1.6));
#12953=CARTESIAN_POINT('Ctrl Pts',(21.1819762253015,14.3763683482473,2.));
#12954=CARTESIAN_POINT('Ctrl Pts',(21.0951170383741,14.6195215636576,1.6));
#12955=CARTESIAN_POINT('Ctrl Pts',(21.0951170383741,14.6195215636576,2.));
#12956=CARTESIAN_POINT('Ctrl Pts',(20.909935462651,14.7983477938437,1.6));
#12957=CARTESIAN_POINT('Ctrl Pts',(20.909935462651,14.7983477938437,2.));
#12958=CARTESIAN_POINT('Ctrl Pts',(20.8253319763145,14.8800477278846,1.6));
#12959=CARTESIAN_POINT('Ctrl Pts',(20.8253319763145,14.8800477278846,2.));
#12960=CARTESIAN_POINT('',(21.2291522525749,14.2443039906639,2.));
#12961=CARTESIAN_POINT('Ctrl Pts',(21.2291522525749,14.2443039906639,2.));
#12962=CARTESIAN_POINT('Ctrl Pts',(21.1819762253015,14.3763683482473,2.));
#12963=CARTESIAN_POINT('Ctrl Pts',(21.0951170383741,14.6195215636576,2.));
#12964=CARTESIAN_POINT('Ctrl Pts',(20.909935462651,14.7983477938437,2.));
#12965=CARTESIAN_POINT('Ctrl Pts',(20.8253319763145,14.8800477278846,2.));
#12966=CARTESIAN_POINT('',(21.2291522525749,14.2443039906639,2.));
#12967=CARTESIAN_POINT('Origin',(21.489725282093,14.3056955826896,2.));
#12968=CARTESIAN_POINT('',(21.7502983116111,14.3670871747154,2.));
#12969=CARTESIAN_POINT('',(25.8645715226127,15.3364192000574,2.));
#12970=CARTESIAN_POINT('',(21.7502983116111,14.3670871747154,2.));
#12971=CARTESIAN_POINT('Ctrl Pts',(21.1800392173728,15.2265688670295,1.6));
#12972=CARTESIAN_POINT('Ctrl Pts',(21.1800392173728,15.2265688670295,2.));
#12973=CARTESIAN_POINT('Ctrl Pts',(21.3069224909766,15.111498731136,1.6));
#12974=CARTESIAN_POINT('Ctrl Pts',(21.3069224909766,15.111498731136,2.));
#12975=CARTESIAN_POINT('Ctrl Pts',(21.5693042556295,14.8735453393529,1.6));
#12976=CARTESIAN_POINT('Ctrl Pts',(21.5693042556295,14.8735453393529,2.));
#12977=CARTESIAN_POINT('Ctrl Pts',(21.6886606175489,14.5395619736138,1.6));
#12978=CARTESIAN_POINT('Ctrl Pts',(21.6886606175489,14.5395619736138,2.));
#12979=CARTESIAN_POINT('Ctrl Pts',(21.7502983116111,14.3670871747154,1.6));
#12980=CARTESIAN_POINT('Ctrl Pts',(21.7502983116111,14.3670871747154,2.));
#12981=CARTESIAN_POINT('',(21.1800392173728,15.2265688670295,2.));
#12982=CARTESIAN_POINT('Ctrl Pts',(21.1800392173728,15.2265688670295,2.));
#12983=CARTESIAN_POINT('Ctrl Pts',(21.3069224909766,15.111498731136,2.));
#12984=CARTESIAN_POINT('Ctrl Pts',(21.5693042556295,14.8735453393529,2.));
#12985=CARTESIAN_POINT('Ctrl Pts',(21.6886606175489,14.5395619736138,2.));
#12986=CARTESIAN_POINT('Ctrl Pts',(21.7502983116111,14.3670871747154,2.));
#12987=CARTESIAN_POINT('',(21.1800392173728,15.2265688670295,2.));
#12988=CARTESIAN_POINT('Ctrl Pts',(20.1704891227683,15.5321621788162,1.6));
#12989=CARTESIAN_POINT('Ctrl Pts',(20.1704891227683,15.5321621788162,2.));
#12990=CARTESIAN_POINT('Ctrl Pts',(20.3593529258242,15.5217957719089,1.6));
#12991=CARTESIAN_POINT('Ctrl Pts',(20.3593529258242,15.5217957719089,2.));
#12992=CARTESIAN_POINT('Ctrl Pts',(20.721334597738,15.5019272251395,1.6));
#12993=CARTESIAN_POINT('Ctrl Pts',(20.721334597738,15.5019272251395,2.));
#12994=CARTESIAN_POINT('Ctrl Pts',(21.0316369853844,15.3156540717365,1.6));
#12995=CARTESIAN_POINT('Ctrl Pts',(21.0316369853844,15.3156540717365,2.));
#12996=CARTESIAN_POINT('Ctrl Pts',(21.1800392173728,15.2265688670295,1.6));
#12997=CARTESIAN_POINT('Ctrl Pts',(21.1800392173728,15.2265688670295,2.));
#12998=CARTESIAN_POINT('',(20.1704891227683,15.5321621788162,2.));
#12999=CARTESIAN_POINT('Ctrl Pts',(20.1704891227683,15.5321621788162,2.));
#13000=CARTESIAN_POINT('Ctrl Pts',(20.3593529258242,15.5217957719089,2.));
#13001=CARTESIAN_POINT('Ctrl Pts',(20.721334597738,15.5019272251395,2.));
#13002=CARTESIAN_POINT('Ctrl Pts',(21.0316369853844,15.3156540717365,2.));
#13003=CARTESIAN_POINT('Ctrl Pts',(21.1800392173728,15.2265688670295,2.));
#13004=CARTESIAN_POINT('',(20.1704891227683,15.5321621788162,2.));
#13005=CARTESIAN_POINT('Ctrl Pts',(19.20050220718,15.2906888616699,1.6));
#13006=CARTESIAN_POINT('Ctrl Pts',(19.20050220718,15.2906888616699,2.));
#13007=CARTESIAN_POINT('Ctrl Pts',(19.3522548471087,15.36111488623,1.6));
#13008=CARTESIAN_POINT('Ctrl Pts',(19.3522548471087,15.36111488623,2.));
#13009=CARTESIAN_POINT('Ctrl Pts',(19.6599568882815,15.5039145865779,1.6));
#13010=CARTESIAN_POINT('Ctrl Pts',(19.6599568882815,15.5039145865779,2.));
#13011=CARTESIAN_POINT('Ctrl Pts',(19.9987713429875,15.5226610866311,1.6));
#13012=CARTESIAN_POINT('Ctrl Pts',(19.9987713429875,15.5226610866311,2.));
#13013=CARTESIAN_POINT('Ctrl Pts',(20.1704891227683,15.5321621788162,1.6));
#13014=CARTESIAN_POINT('Ctrl Pts',(20.1704891227683,15.5321621788162,2.));
#13015=CARTESIAN_POINT('',(19.20050220718,15.2906888616699,2.));
#13016=CARTESIAN_POINT('Ctrl Pts',(19.20050220718,15.2906888616699,2.));
#13017=CARTESIAN_POINT('Ctrl Pts',(19.3522548471087,15.36111488623,2.));
#13018=CARTESIAN_POINT('Ctrl Pts',(19.6599568882815,15.5039145865779,2.));
#13019=CARTESIAN_POINT('Ctrl Pts',(19.9987713429875,15.5226610866311,2.));
#13020=CARTESIAN_POINT('Ctrl Pts',(20.1704891227683,15.5321621788162,2.));
#13021=CARTESIAN_POINT('',(19.20050220718,15.2906888616699,2.));
#13022=CARTESIAN_POINT('Ctrl Pts',(18.5211034320793,14.5840039742607,1.6));
#13023=CARTESIAN_POINT('Ctrl Pts',(18.5211034320793,14.5840039742607,2.));
#13024=CARTESIAN_POINT('Ctrl Pts',(18.6083013678567,14.7293124449168,1.6));
#13025=CARTESIAN_POINT('Ctrl Pts',(18.6083013678567,14.7293124449168,2.));
#13026=CARTESIAN_POINT('Ctrl Pts',(18.7808607735972,15.0168690610441,1.6));
#13027=CARTESIAN_POINT('Ctrl Pts',(18.7808607735972,15.0168690610441,2.));
#13028=CARTESIAN_POINT('Ctrl Pts',(19.0616177158401,15.2000654849361,1.6));
#13029=CARTESIAN_POINT('Ctrl Pts',(19.0616177158401,15.2000654849361,2.));
#13030=CARTESIAN_POINT('Ctrl Pts',(19.20050220718,15.2906888616699,1.6));
#13031=CARTESIAN_POINT('Ctrl Pts',(19.20050220718,15.2906888616699,2.));
#13032=CARTESIAN_POINT('',(18.5211034320793,14.5840039742607,2.));
#13033=CARTESIAN_POINT('Ctrl Pts',(18.5211034320793,14.5840039742607,2.));
#13034=CARTESIAN_POINT('Ctrl Pts',(18.6083013678567,14.7293124449168,2.));
#13035=CARTESIAN_POINT('Ctrl Pts',(18.7808607735972,15.0168690610441,2.));
#13036=CARTESIAN_POINT('Ctrl Pts',(19.0616177158401,15.2000654849361,2.));
#13037=CARTESIAN_POINT('Ctrl Pts',(19.20050220718,15.2906888616699,2.));
#13038=CARTESIAN_POINT('',(18.5211034320793,14.5840039742607,2.));
#13039=CARTESIAN_POINT('Ctrl Pts',(18.2823582195243,13.4939628732818,1.6));
#13040=CARTESIAN_POINT('Ctrl Pts',(18.2823582195243,13.4939628732818,2.));
#13041=CARTESIAN_POINT('Ctrl Pts',(18.2903292570408,13.6916192033566,1.6));
#13042=CARTESIAN_POINT('Ctrl Pts',(18.2903292570408,13.6916192033566,2.));
#13043=CARTESIAN_POINT('Ctrl Pts',(18.3055657143177,14.0694347916597,1.6));
#13044=CARTESIAN_POINT('Ctrl Pts',(18.3055657143177,14.0694347916597,2.));
#13045=CARTESIAN_POINT('Ctrl Pts',(18.4515104825161,14.4178595632342,1.6));
#13046=CARTESIAN_POINT('Ctrl Pts',(18.4515104825161,14.4178595632342,2.));
#13047=CARTESIAN_POINT('Ctrl Pts',(18.5211034320793,14.5840039742607,1.6));
#13048=CARTESIAN_POINT('Ctrl Pts',(18.5211034320793,14.5840039742607,2.));
#13049=CARTESIAN_POINT('',(18.2823582195243,13.4939628732818,2.));
#13050=CARTESIAN_POINT('Ctrl Pts',(18.2823582195243,13.4939628732818,2.));
#13051=CARTESIAN_POINT('Ctrl Pts',(18.2903292570408,13.6916192033566,2.));
#13052=CARTESIAN_POINT('Ctrl Pts',(18.3055657143177,14.0694347916597,2.));
#13053=CARTESIAN_POINT('Ctrl Pts',(18.4515104825161,14.4178595632342,2.));
#13054=CARTESIAN_POINT('Ctrl Pts',(18.5211034320793,14.5840039742607,2.));
#13055=CARTESIAN_POINT('',(18.2823582195243,13.4939628732818,2.));
#13056=CARTESIAN_POINT('Ctrl Pts',(18.493817617794,12.4216574323791,1.6));
#13057=CARTESIAN_POINT('Ctrl Pts',(18.493817617794,12.4216574323791,2.));
#13058=CARTESIAN_POINT('Ctrl Pts',(18.4321453170079,12.5924859227218,1.6));
#13059=CARTESIAN_POINT('Ctrl Pts',(18.4321453170079,12.5924859227218,2.));
#13060=CARTESIAN_POINT('Ctrl Pts',(18.3070236844995,12.9390651701016,1.6));
#13061=CARTESIAN_POINT('Ctrl Pts',(18.3070236844995,12.9390651701016,2.));
#13062=CARTESIAN_POINT('Ctrl Pts',(18.2906575209342,13.3072539142187,1.6));
#13063=CARTESIAN_POINT('Ctrl Pts',(18.2906575209342,13.3072539142187,2.));
#13064=CARTESIAN_POINT('Ctrl Pts',(18.2823582195243,13.4939628732818,1.6));
#13065=CARTESIAN_POINT('Ctrl Pts',(18.2823582195243,13.4939628732818,2.));
#13066=CARTESIAN_POINT('',(18.493817617794,12.4216574323791,2.));
#13067=CARTESIAN_POINT('Ctrl Pts',(18.493817617794,12.4216574323791,2.));
#13068=CARTESIAN_POINT('Ctrl Pts',(18.4321453170079,12.5924859227218,2.));
#13069=CARTESIAN_POINT('Ctrl Pts',(18.3070236844995,12.9390651701016,2.));
#13070=CARTESIAN_POINT('Ctrl Pts',(18.2906575209342,13.3072539142187,2.));
#13071=CARTESIAN_POINT('Ctrl Pts',(18.2823582195243,13.4939628732818,2.));
#13072=CARTESIAN_POINT('',(18.493817617794,12.4216574323791,2.));
#13073=CARTESIAN_POINT('Ctrl Pts',(19.1104622386894,11.6590380561966,1.6));
#13074=CARTESIAN_POINT('Ctrl Pts',(19.1104622386894,11.6590380561966,2.));
#13075=CARTESIAN_POINT('Ctrl Pts',(18.9824679913937,11.7590636118834,1.6));
#13076=CARTESIAN_POINT('Ctrl Pts',(18.9824679913937,11.7590636118834,2.));
#13077=CARTESIAN_POINT('Ctrl Pts',(18.7183580194108,11.9654615341978,1.6));
#13078=CARTESIAN_POINT('Ctrl Pts',(18.7183580194108,11.9654615341978,2.));
#13079=CARTESIAN_POINT('Ctrl Pts',(18.5701832278533,12.2665063868643,1.6));
#13080=CARTESIAN_POINT('Ctrl Pts',(18.5701832278533,12.2665063868643,2.));
#13081=CARTESIAN_POINT('Ctrl Pts',(18.493817617794,12.4216574323791,1.6));
#13082=CARTESIAN_POINT('Ctrl Pts',(18.493817617794,12.4216574323791,2.));
#13083=CARTESIAN_POINT('',(19.1104622386894,11.6590380561966,2.));
#13084=CARTESIAN_POINT('Ctrl Pts',(19.1104622386894,11.6590380561966,2.));
#13085=CARTESIAN_POINT('Ctrl Pts',(18.9824679913937,11.7590636118834,2.));
#13086=CARTESIAN_POINT('Ctrl Pts',(18.7183580194108,11.9654615341978,2.));
#13087=CARTESIAN_POINT('Ctrl Pts',(18.5701832278533,12.2665063868643,2.));
#13088=CARTESIAN_POINT('Ctrl Pts',(18.493817617794,12.4216574323791,2.));
#13089=CARTESIAN_POINT('',(19.1104622386894,11.6590380561966,2.));
#13090=CARTESIAN_POINT('Ctrl Pts',(20.1623042129478,11.3957366240638,1.6));
#13091=CARTESIAN_POINT('Ctrl Pts',(20.1623042129478,11.3957366240638,2.));
#13092=CARTESIAN_POINT('Ctrl Pts',(19.9630009735904,11.4029105861491,1.6));
#13093=CARTESIAN_POINT('Ctrl Pts',(19.9630009735904,11.4029105861491,2.));
#13094=CARTESIAN_POINT('Ctrl Pts',(19.5928628571525,11.4162337856225,1.6));
#13095=CARTESIAN_POINT('Ctrl Pts',(19.5928628571525,11.4162337856225,2.));
#13096=CARTESIAN_POINT('Ctrl Pts',(19.2628004355053,11.5823624398255,1.6));
#13097=CARTESIAN_POINT('Ctrl Pts',(19.2628004355053,11.5823624398255,2.));
#13098=CARTESIAN_POINT('Ctrl Pts',(19.1104622386894,11.6590380561966,1.6));
#13099=CARTESIAN_POINT('Ctrl Pts',(19.1104622386894,11.6590380561966,2.));
#13100=CARTESIAN_POINT('',(20.1623042129478,11.3957366240638,2.));
#13101=CARTESIAN_POINT('Ctrl Pts',(20.1623042129478,11.3957366240638,2.));
#13102=CARTESIAN_POINT('Ctrl Pts',(19.9630009735904,11.4029105861491,2.));
#13103=CARTESIAN_POINT('Ctrl Pts',(19.5928628571525,11.4162337856225,2.));
#13104=CARTESIAN_POINT('Ctrl Pts',(19.2628004355053,11.5823624398255,2.));
#13105=CARTESIAN_POINT('Ctrl Pts',(19.1104622386894,11.6590380561966,2.));
#13106=CARTESIAN_POINT('',(20.1623042129478,11.3957366240638,2.));
#13107=CARTESIAN_POINT('Ctrl Pts',(21.2196023963889,11.7381650102752,1.6));
#13108=CARTESIAN_POINT('Ctrl Pts',(21.2196023963889,11.7381650102752,2.));
#13109=CARTESIAN_POINT('Ctrl Pts',(21.064119318061,11.6383217232701,1.6));
#13110=CARTESIAN_POINT('Ctrl Pts',(21.064119318061,11.6383217232701,2.));
#13111=CARTESIAN_POINT('Ctrl Pts',(20.7422588431737,11.4316393748411,1.6));
#13112=CARTESIAN_POINT('Ctrl Pts',(20.7422588431737,11.4316393748411,2.));
#13113=CARTESIAN_POINT('Ctrl Pts',(20.3599360378073,11.407971246884,1.6));
#13114=CARTESIAN_POINT('Ctrl Pts',(20.3599360378073,11.407971246884,2.));
#13115=CARTESIAN_POINT('Ctrl Pts',(20.1623042129478,11.3957366240638,1.6));
#13116=CARTESIAN_POINT('Ctrl Pts',(20.1623042129478,11.3957366240638,2.));
#13117=CARTESIAN_POINT('',(21.2196023963889,11.7381650102752,2.));
#13118=CARTESIAN_POINT('Ctrl Pts',(21.2196023963889,11.7381650102752,2.));
#13119=CARTESIAN_POINT('Ctrl Pts',(21.064119318061,11.6383217232701,2.));
#13120=CARTESIAN_POINT('Ctrl Pts',(20.7422588431737,11.4316393748411,2.));
#13121=CARTESIAN_POINT('Ctrl Pts',(20.3599360378073,11.407971246884,2.));
#13122=CARTESIAN_POINT('Ctrl Pts',(20.1623042129478,11.3957366240638,2.));
#13123=CARTESIAN_POINT('',(21.2196023963889,11.7381650102752,2.));
#13124=CARTESIAN_POINT('Ctrl Pts',(21.818511059185,12.7327078474182,1.6));
#13125=CARTESIAN_POINT('Ctrl Pts',(21.818511059185,12.7327078474182,2.));
#13126=CARTESIAN_POINT('Ctrl Pts',(21.7561848542674,12.5317276981249,1.6));
#13127=CARTESIAN_POINT('Ctrl Pts',(21.7561848542674,12.5317276981249,2.));
#13128=CARTESIAN_POINT('Ctrl Pts',(21.637879728563,12.1502351644842,1.6));
#13129=CARTESIAN_POINT('Ctrl Pts',(21.637879728563,12.1502351644842,2.));
#13130=CARTESIAN_POINT('Ctrl Pts',(21.3539503996405,11.8705193076735,1.6));
#13131=CARTESIAN_POINT('Ctrl Pts',(21.3539503996405,11.8705193076735,2.));
#13132=CARTESIAN_POINT('Ctrl Pts',(21.2196023963889,11.7381650102752,1.6));
#13133=CARTESIAN_POINT('Ctrl Pts',(21.2196023963889,11.7381650102752,2.));
#13134=CARTESIAN_POINT('',(21.818511059185,12.7327078474182,2.));
#13135=CARTESIAN_POINT('Ctrl Pts',(21.818511059185,12.7327078474182,2.));
#13136=CARTESIAN_POINT('Ctrl Pts',(21.7561848542674,12.5317276981249,2.));
#13137=CARTESIAN_POINT('Ctrl Pts',(21.637879728563,12.1502351644842,2.));
#13138=CARTESIAN_POINT('Ctrl Pts',(21.3539503996405,11.8705193076735,2.));
#13139=CARTESIAN_POINT('Ctrl Pts',(21.2196023963889,11.7381650102752,2.));
#13140=CARTESIAN_POINT('',(21.818511059185,12.7327078474182,2.));
#13141=CARTESIAN_POINT('Origin',(21.5538455747566,12.7995563936847,2.));
#13142=CARTESIAN_POINT('',(21.2891800903282,12.8664049399513,2.));
#13143=CARTESIAN_POINT('',(23.5186589152626,12.3032887531134,2.));
#13144=CARTESIAN_POINT('',(21.2891800903282,12.8664049399513,2.));
#13145=CARTESIAN_POINT('Ctrl Pts',(20.8717163108787,12.1051499140876,1.6));
#13146=CARTESIAN_POINT('Ctrl Pts',(20.8717163108787,12.1051499140876,2.));
#13147=CARTESIAN_POINT('Ctrl Pts',(20.9672016124777,12.2060876239548,1.6));
#13148=CARTESIAN_POINT('Ctrl Pts',(20.9672016124777,12.2060876239548,2.));
#13149=CARTESIAN_POINT('Ctrl Pts',(21.1721620078703,12.4227516819611,1.6));
#13150=CARTESIAN_POINT('Ctrl Pts',(21.1721620078703,12.4227516819611,2.));
#13151=CARTESIAN_POINT('Ctrl Pts',(21.2484386155482,12.7119408807066,1.6));
#13152=CARTESIAN_POINT('Ctrl Pts',(21.2484386155482,12.7119408807066,2.));
#13153=CARTESIAN_POINT('Ctrl Pts',(21.2891800903282,12.8664049399513,1.6));
#13154=CARTESIAN_POINT('Ctrl Pts',(21.2891800903282,12.8664049399513,2.));
#13155=CARTESIAN_POINT('Ctrl Pts',(20.8717163108787,12.1051499140876,2.));
#13156=CARTESIAN_POINT('Ctrl Pts',(20.9672016124777,12.2060876239548,2.));
#13157=CARTESIAN_POINT('Ctrl Pts',(21.1721620078703,12.4227516819611,2.));
#13158=CARTESIAN_POINT('Ctrl Pts',(21.2484386155482,12.7119408807066,2.));
#13159=CARTESIAN_POINT('Ctrl Pts',(21.2891800903282,12.8664049399513,2.));
#13160=CARTESIAN_POINT('Origin',(28.5,23.75,1.6));
#13161=CARTESIAN_POINT('',(23.5456593536338,11.393007923426,1.6));
#13162=CARTESIAN_POINT('',(22.6711709999046,11.7067870391029,1.6));
#13163=CARTESIAN_POINT('Ctrl Pts',(23.5456593536338,11.393007923426,1.6));
#13164=CARTESIAN_POINT('Ctrl Pts',(23.3795861570959,11.4043074386426,1.6));
#13165=CARTESIAN_POINT('Ctrl Pts',(23.0578362633011,11.4261990978426,1.6));
#13166=CARTESIAN_POINT('Ctrl Pts',(22.7972527311649,11.6152944310157,1.6));
#13167=CARTESIAN_POINT('Ctrl Pts',(22.6711709999046,11.7067870391029,1.6));
#13168=CARTESIAN_POINT('',(24.511552622219,11.7572644246238,1.6));
#13169=CARTESIAN_POINT('Ctrl Pts',(24.511552622219,11.7572644246238,1.6));
#13170=CARTESIAN_POINT('Ctrl Pts',(24.3732083333292,11.6510462306759,1.6));
#13171=CARTESIAN_POINT('Ctrl Pts',(24.0885118852489,11.4324615476278,1.6));
#13172=CARTESIAN_POINT('Ctrl Pts',(23.7299718390097,11.4064034500382,1.6));
#13173=CARTESIAN_POINT('Ctrl Pts',(23.5456593536338,11.393007923426,1.6));
#13174=CARTESIAN_POINT('',(24.8935444854698,12.6453956854957,1.6));
#13175=CARTESIAN_POINT('Ctrl Pts',(24.8935444854698,12.6453956854957,1.6));
#13176=CARTESIAN_POINT('Ctrl Pts',(24.8774935091471,12.4772931168321,1.6));
#13177=CARTESIAN_POINT('Ctrl Pts',(24.8453231498271,12.1403715534459,1.6));
#13178=CARTESIAN_POINT('Ctrl Pts',(24.6229670698748,11.8851477025651,1.6));
#13179=CARTESIAN_POINT('Ctrl Pts',(24.511552622219,11.7572644246238,1.6));
#13180=CARTESIAN_POINT('',(24.6970911525688,13.290688682856,1.6));
#13181=CARTESIAN_POINT('Ctrl Pts',(24.6970911525688,13.290688682856,1.6));
#13182=CARTESIAN_POINT('Ctrl Pts',(24.7543534054461,13.1964932270173,1.6));
#13183=CARTESIAN_POINT('Ctrl Pts',(24.8746704372711,12.9985737060691,1.6));
#13184=CARTESIAN_POINT('Ctrl Pts',(24.8870543988419,12.7668405352934,1.6));
#13185=CARTESIAN_POINT('Ctrl Pts',(24.8935444854698,12.6453956854957,1.6));
#13186=CARTESIAN_POINT('',(24.1459317707023,13.6303886664528,1.6));
#13187=CARTESIAN_POINT('Ctrl Pts',(24.1459317707023,13.6303886664528,1.6));
#13188=CARTESIAN_POINT('Ctrl Pts',(24.2564535392856,13.5972070218029,1.6));
#13189=CARTESIAN_POINT('Ctrl Pts',(24.4707045059821,13.5328830471332,1.6));
#13190=CARTESIAN_POINT('Ctrl Pts',(24.6232409319803,13.3696955832047,1.6));
#13191=CARTESIAN_POINT('Ctrl Pts',(24.6970911525688,13.290688682856,1.6));
#13192=CARTESIAN_POINT('',(24.5579369567832,13.9687240017074,1.6));
#13193=CARTESIAN_POINT('Ctrl Pts',(24.5579369567832,13.9687240017074,1.6));
#13194=CARTESIAN_POINT('Ctrl Pts',(24.5041273649026,13.9005908472902,1.6));
#13195=CARTESIAN_POINT('Ctrl Pts',(24.3915507698677,13.7580475150476,1.6));
#13196=CARTESIAN_POINT('Ctrl Pts',(24.2301735670183,13.6741727823306,1.6));
#13197=CARTESIAN_POINT('Ctrl Pts',(24.1459317707023,13.6303886664528,1.6));
#13198=CARTESIAN_POINT('',(24.6970911525688,14.4407567275184,1.6));
#13199=CARTESIAN_POINT('Ctrl Pts',(24.6970911525688,14.4407567275184,1.6));
#13200=CARTESIAN_POINT('Ctrl Pts',(24.6914124093806,14.3564698190759,1.6));
#13201=CARTESIAN_POINT('Ctrl Pts',(24.6801126989588,14.188753543448,1.6));
#13202=CARTESIAN_POINT('Ctrl Pts',(24.5985231470947,14.0418167506951,1.6));
#13203=CARTESIAN_POINT('Ctrl Pts',(24.5579369567832,13.9687240017074,1.6));
#13204=CARTESIAN_POINT('',(24.5511158012351,14.9564456833023,1.6));
#13205=CARTESIAN_POINT('Ctrl Pts',(24.5511158012351,14.9564456833023,1.6));
#13206=CARTESIAN_POINT('Ctrl Pts',(24.5936902770762,14.8747109400145,1.6));
#13207=CARTESIAN_POINT('Ctrl Pts',(24.6779997204414,14.712853146723,1.6));
#13208=CARTESIAN_POINT('Ctrl Pts',(24.6907697274917,14.5308514420623,1.6));
#13209=CARTESIAN_POINT('Ctrl Pts',(24.6970911525688,14.4407567275184,1.6));
#13210=CARTESIAN_POINT('',(24.1295607589683,15.3398018968719,1.6));
#13211=CARTESIAN_POINT('Ctrl Pts',(24.1295607589683,15.3398018968719,1.6));
#13212=CARTESIAN_POINT('Ctrl Pts',(24.2154217146117,15.2896804826624,1.6));
#13213=CARTESIAN_POINT('Ctrl Pts',(24.3832406039912,15.1917160469798,1.6));
#13214=CARTESIAN_POINT('Ctrl Pts',(24.4960318101745,15.0336436900502,1.6));
#13215=CARTESIAN_POINT('Ctrl Pts',(24.5511158012351,14.9564456833023,1.6));
#13216=CARTESIAN_POINT('',(23.526559641262,15.4803201449531,1.6));
#13217=CARTESIAN_POINT('Ctrl Pts',(23.526559641262,15.4803201449531,1.6));
#13218=CARTESIAN_POINT('Ctrl Pts',(23.6328390405213,15.4748198701021,1.6));
#13219=CARTESIAN_POINT('Ctrl Pts',(23.8422959088644,15.4639798545078,1.6));
#13220=CARTESIAN_POINT('Ctrl Pts',(24.0347558810576,15.3807838551889,1.6));
#13221=CARTESIAN_POINT('Ctrl Pts',(24.1295607589683,15.3398018968719,1.6));
#13222=CARTESIAN_POINT('',(22.7325625919303,15.2088332069534,1.6));
#13223=CARTESIAN_POINT('Ctrl Pts',(22.7325625919303,15.2088332069534,1.6));
#13224=CARTESIAN_POINT('Ctrl Pts',(22.8479965288451,15.2879913057844,1.6));
#13225=CARTESIAN_POINT('Ctrl Pts',(23.0870404611945,15.4519141843384,1.6));
#13226=CARTESIAN_POINT('Ctrl Pts',(23.3767502508783,15.4706380199494,1.6));
#13227=CARTESIAN_POINT('Ctrl Pts',(23.526559641262,15.4803201449531,1.6));
#13228=CARTESIAN_POINT('',(22.3232849143943,14.4434854281562,1.6));
#13229=CARTESIAN_POINT('Ctrl Pts',(22.3232849143943,14.4434854281563,1.6));
#13230=CARTESIAN_POINT('Ctrl Pts',(22.3600108250783,14.5963383803532,1.6));
#13231=CARTESIAN_POINT('Ctrl Pts',(22.4300206916189,14.8877188957534,1.6));
#13232=CARTESIAN_POINT('Ctrl Pts',(22.6350757236836,15.1053618249205,1.6));
#13233=CARTESIAN_POINT('Ctrl Pts',(22.7325625919303,15.2088332069534,1.6));
#13234=CARTESIAN_POINT('',(22.8144176506004,14.3561729682106,1.6));
#13235=CARTESIAN_POINT('',(22.8144176506004,14.3561729682106,1.6));
#13236=CARTESIAN_POINT('',(23.0599840187034,14.8964184415954,1.6));
#13237=CARTESIAN_POINT('Ctrl Pts',(23.0599840187034,14.8964184415954,1.6));
#13238=CARTESIAN_POINT('Ctrl Pts',(23.0014130707676,14.8243497521487,1.6));
#13239=CARTESIAN_POINT('Ctrl Pts',(22.8729574219909,14.6662913531365,1.6));
#13240=CARTESIAN_POINT('Ctrl Pts',(22.8350439851753,14.4654423659785,1.6));
#13241=CARTESIAN_POINT('Ctrl Pts',(22.8144176506004,14.3561729682106,1.6));
#13242=CARTESIAN_POINT('',(23.5374732517204,15.0765004647392,1.6));
#13243=CARTESIAN_POINT('Ctrl Pts',(23.5374732517204,15.0765004647392,1.6));
#13244=CARTESIAN_POINT('Ctrl Pts',(23.4467723396413,15.0697545619803,1.6));
#13245=CARTESIAN_POINT('Ctrl Pts',(23.2696792225189,15.0565832176134,1.6));
#13246=CARTESIAN_POINT('Ctrl Pts',(23.1287393895746,14.9489336559411,1.6));
#13247=CARTESIAN_POINT('Ctrl Pts',(23.0599840187034,14.8964184415954,1.6));
#13248=CARTESIAN_POINT('',(24.0095062755546,14.8991471422332,1.6));
#13249=CARTESIAN_POINT('Ctrl Pts',(24.0095062755546,14.8991471422332,1.6));
#13250=CARTESIAN_POINT('Ctrl Pts',(23.9425318606855,14.9508571962492,1.6));
#13251=CARTESIAN_POINT('Ctrl Pts',(23.8036564791553,15.0580810293269,1.6));
#13252=CARTESIAN_POINT('Ctrl Pts',(23.6282748598029,15.070217144894,1.6));
#13253=CARTESIAN_POINT('Ctrl Pts',(23.5374732517204,15.0765004647392,1.6));
#13254=CARTESIAN_POINT('',(24.1923161052665,14.4516709340233,1.6));
#13255=CARTESIAN_POINT('Ctrl Pts',(24.1923161052665,14.4516709340233,1.6));
#13256=CARTESIAN_POINT('Ctrl Pts',(24.1852168676207,14.5373377877461,1.6));
#13257=CARTESIAN_POINT('Ctrl Pts',(24.1712499201957,14.7058776369127,1.6));
#13258=CARTESIAN_POINT('Ctrl Pts',(24.0628216912653,14.8354398847195,1.6));
#13259=CARTESIAN_POINT('Ctrl Pts',(24.0095062755546,14.8991471422332,1.6));
#13260=CARTESIAN_POINT('',(23.9412935279807,13.946895886721,1.6));
#13261=CARTESIAN_POINT('Ctrl Pts',(23.9412935279807,13.946895886721,1.6));
#13262=CARTESIAN_POINT('Ctrl Pts',(24.0144781501663,14.0109222147818,1.6));
#13263=CARTESIAN_POINT('Ctrl Pts',(24.1667687817928,14.1441552581442,1.6));
#13264=CARTESIAN_POINT('Ctrl Pts',(24.1835824140488,14.3465426233999,1.6));
#13265=CARTESIAN_POINT('Ctrl Pts',(24.1923161052665,14.4516709340233,1.6));
#13266=CARTESIAN_POINT('',(23.3764906429252,13.7831851733345,1.6));
#13267=CARTESIAN_POINT('Ctrl Pts',(23.3764906429252,13.7831851733345,1.6));
#13268=CARTESIAN_POINT('Ctrl Pts',(23.4779437548247,13.7896665876198,1.6));
#13269=CARTESIAN_POINT('Ctrl Pts',(23.6783991467907,13.8024728428123,1.6));
#13270=CARTESIAN_POINT('Ctrl Pts',(23.8543792640121,13.8991488694412,1.6));
#13271=CARTESIAN_POINT('Ctrl Pts',(23.9412935279807,13.946895886721,1.6));
#13272=CARTESIAN_POINT('',(23.297364284893,13.7886425746101,1.6));
#13273=CARTESIAN_POINT('Ctrl Pts',(23.297364284893,13.7886425746101,1.6));
#13274=CARTESIAN_POINT('Ctrl Pts',(23.3121290210172,13.7870585946526,1.6));
#13275=CARTESIAN_POINT('Ctrl Pts',(23.338438530495,13.7842360765017,1.6));
#13276=CARTESIAN_POINT('Ctrl Pts',(23.3648855356355,13.7835056770655,1.6));
#13277=CARTESIAN_POINT('Ctrl Pts',(23.3764906429252,13.7831851733345,1.6));
#13278=CARTESIAN_POINT('',(23.2427938484153,13.3575373781341,1.6));
#13279=CARTESIAN_POINT('',(23.2427938484153,13.3575373781341,1.6));
#13280=CARTESIAN_POINT('',(23.5893149875602,13.4121075165886,1.6));
#13281=CARTESIAN_POINT('Ctrl Pts',(23.5893149875602,13.4121075165886,1.6));
#13282=CARTESIAN_POINT('Ctrl Pts',(23.5370295743171,13.4089968550304,1.6));
#13283=CARTESIAN_POINT('Ctrl Pts',(23.4198332250855,13.4020243907101,1.6));
#13284=CARTESIAN_POINT('Ctrl Pts',(23.3058983619585,13.3733944791949,1.6));
#13285=CARTESIAN_POINT('Ctrl Pts',(23.2427938484153,13.3575373781341,1.6));
#13286=CARTESIAN_POINT('',(24.1513891719779,13.1924623144287,1.6));
#13287=CARTESIAN_POINT('Ctrl Pts',(24.1513891719779,13.1924623144287,1.6));
#13288=CARTESIAN_POINT('Ctrl Pts',(24.0713414999621,13.256514002391,1.6));
#13289=CARTESIAN_POINT('Ctrl Pts',(23.9070844915615,13.3879474142909,1.6));
#13290=CARTESIAN_POINT('Ctrl Pts',(23.6970123059973,13.4039192600131,1.6));
#13291=CARTESIAN_POINT('Ctrl Pts',(23.5893149875602,13.4121075165886,1.6));
#13292=CARTESIAN_POINT('',(24.3723984264335,12.6344814789909,1.6));
#13293=CARTESIAN_POINT('Ctrl Pts',(24.3723984264335,12.6344814789909,1.6));
#13294=CARTESIAN_POINT('Ctrl Pts',(24.3640720416786,12.7414223697639,1.6));
#13295=CARTESIAN_POINT('Ctrl Pts',(24.3477957767153,12.9504684713881,1.6));
#13296=CARTESIAN_POINT('Ctrl Pts',(24.2158405722621,13.1130513289124,1.6));
#13297=CARTESIAN_POINT('Ctrl Pts',(24.1513891719779,13.1924623144287,1.6));
#13298=CARTESIAN_POINT('',(24.1336532138786,12.0396655691284,1.6));
#13299=CARTESIAN_POINT('Ctrl Pts',(24.1336532138786,12.0396655691284,1.6));
#13300=CARTESIAN_POINT('Ctrl Pts',(24.2032836016406,12.1252293787016,1.6));
#13301=CARTESIAN_POINT('Ctrl Pts',(24.3443836550369,12.2986171550389,1.6));
#13302=CARTESIAN_POINT('Ctrl Pts',(24.3629793692241,12.5215580059733,1.6));
#13303=CARTESIAN_POINT('Ctrl Pts',(24.3723984264335,12.6344814789909,1.6));
#13304=CARTESIAN_POINT('',(23.5483868621787,11.7995563042778,1.6));
#13305=CARTESIAN_POINT('Ctrl Pts',(23.5483868621787,11.7995563042778,1.6));
#13306=CARTESIAN_POINT('Ctrl Pts',(23.6591415262358,11.8092980885554,1.6));
#13307=CARTESIAN_POINT('Ctrl Pts',(23.8792200211221,11.8286558035518,1.6));
#13308=CARTESIAN_POINT('Ctrl Pts',(24.0492105455949,11.9696345034245,1.6));
#13309=CARTESIAN_POINT('Ctrl Pts',(24.1336532138786,12.0396655691284,1.6));
#13310=CARTESIAN_POINT('',(23.0531628631553,11.983731080355,1.6));
#13311=CARTESIAN_POINT('Ctrl Pts',(23.0531628631553,11.983731080355,1.6));
#13312=CARTESIAN_POINT('Ctrl Pts',(23.1254286724966,11.9300180819593,1.6));
#13313=CARTESIAN_POINT('Ctrl Pts',(23.2724994805017,11.8207047822616,1.6));
#13314=CARTESIAN_POINT('Ctrl Pts',(23.4553719655682,11.8066864726863,1.6));
#13315=CARTESIAN_POINT('Ctrl Pts',(23.5483868621787,11.7995563042778,1.6));
#13316=CARTESIAN_POINT('',(22.7653046153983,12.5853681457657,1.6));
#13317=CARTESIAN_POINT('Ctrl Pts',(22.7653046153983,12.5853681457657,1.6));
#13318=CARTESIAN_POINT('Ctrl Pts',(22.7936090141318,12.4607517827462,1.6));
#13319=CARTESIAN_POINT('Ctrl Pts',(22.8443113823409,12.237523415234,1.6));
#13320=CARTESIAN_POINT('Ctrl Pts',(22.9891706951247,12.061493142061,1.6));
#13321=CARTESIAN_POINT('Ctrl Pts',(23.0531628631553,11.983731080355,1.6));
#13322=CARTESIAN_POINT('',(22.2741718791923,12.5198838008064,1.6));
#13323=CARTESIAN_POINT('',(22.2741718791923,12.5198838008064,1.6));
#13324=CARTESIAN_POINT('Ctrl Pts',(22.6711709999046,11.7067870391029,1.6));
#13325=CARTESIAN_POINT('Ctrl Pts',(22.5675169055093,11.8206372704585,1.6));
#13326=CARTESIAN_POINT('Ctrl Pts',(22.3561970833971,12.0527439786197,1.6));
#13327=CARTESIAN_POINT('Ctrl Pts',(22.301857469673,12.3622122419278,1.6));
#13328=CARTESIAN_POINT('Ctrl Pts',(22.2741718791923,12.5198838008064,1.6));
#13329=CARTESIAN_POINT('Ctrl Pts',(23.5456593536338,11.393007923426,1.6));
#13330=CARTESIAN_POINT('Ctrl Pts',(23.5456593536338,11.393007923426,2.));
#13331=CARTESIAN_POINT('Ctrl Pts',(23.3795861570959,11.4043074386426,1.6));
#13332=CARTESIAN_POINT('Ctrl Pts',(23.3795861570959,11.4043074386426,2.));
#13333=CARTESIAN_POINT('Ctrl Pts',(23.0578362633011,11.4261990978426,1.6));
#13334=CARTESIAN_POINT('Ctrl Pts',(23.0578362633011,11.4261990978426,2.));
#13335=CARTESIAN_POINT('Ctrl Pts',(22.7972527311649,11.6152944310157,1.6));
#13336=CARTESIAN_POINT('Ctrl Pts',(22.7972527311649,11.6152944310157,2.));
#13337=CARTESIAN_POINT('Ctrl Pts',(22.6711709999046,11.7067870391029,1.6));
#13338=CARTESIAN_POINT('Ctrl Pts',(22.6711709999046,11.7067870391029,2.));
#13339=CARTESIAN_POINT('',(22.6711709999046,11.7067870391029,2.));
#13340=CARTESIAN_POINT('',(22.6711709999046,11.7067870391029,2.));
#13341=CARTESIAN_POINT('',(23.5456593536338,11.393007923426,2.));
#13342=CARTESIAN_POINT('Ctrl Pts',(23.5456593536338,11.393007923426,2.));
#13343=CARTESIAN_POINT('Ctrl Pts',(23.3795861570959,11.4043074386426,2.));
#13344=CARTESIAN_POINT('Ctrl Pts',(23.0578362633011,11.4261990978426,2.));
#13345=CARTESIAN_POINT('Ctrl Pts',(22.7972527311649,11.6152944310157,2.));
#13346=CARTESIAN_POINT('Ctrl Pts',(22.6711709999046,11.7067870391029,2.));
#13347=CARTESIAN_POINT('',(23.5456593536338,11.393007923426,2.));
#13348=CARTESIAN_POINT('Ctrl Pts',(24.511552622219,11.7572644246238,1.6));
#13349=CARTESIAN_POINT('Ctrl Pts',(24.511552622219,11.7572644246238,2.));
#13350=CARTESIAN_POINT('Ctrl Pts',(24.3732083333292,11.6510462306759,1.6));
#13351=CARTESIAN_POINT('Ctrl Pts',(24.3732083333292,11.6510462306759,2.));
#13352=CARTESIAN_POINT('Ctrl Pts',(24.0885118852489,11.4324615476278,1.6));
#13353=CARTESIAN_POINT('Ctrl Pts',(24.0885118852489,11.4324615476278,2.));
#13354=CARTESIAN_POINT('Ctrl Pts',(23.7299718390097,11.4064034500382,1.6));
#13355=CARTESIAN_POINT('Ctrl Pts',(23.7299718390097,11.4064034500382,2.));
#13356=CARTESIAN_POINT('Ctrl Pts',(23.5456593536338,11.393007923426,1.6));
#13357=CARTESIAN_POINT('Ctrl Pts',(23.5456593536338,11.393007923426,2.));
#13358=CARTESIAN_POINT('',(24.511552622219,11.7572644246238,2.));
#13359=CARTESIAN_POINT('Ctrl Pts',(24.511552622219,11.7572644246238,2.));
#13360=CARTESIAN_POINT('Ctrl Pts',(24.3732083333292,11.6510462306759,2.));
#13361=CARTESIAN_POINT('Ctrl Pts',(24.0885118852489,11.4324615476278,2.));
#13362=CARTESIAN_POINT('Ctrl Pts',(23.7299718390097,11.4064034500382,2.));
#13363=CARTESIAN_POINT('Ctrl Pts',(23.5456593536338,11.393007923426,2.));
#13364=CARTESIAN_POINT('',(24.511552622219,11.7572644246238,2.));
#13365=CARTESIAN_POINT('Ctrl Pts',(24.8935444854698,12.6453956854957,1.6));
#13366=CARTESIAN_POINT('Ctrl Pts',(24.8935444854698,12.6453956854957,2.));
#13367=CARTESIAN_POINT('Ctrl Pts',(24.8774935091471,12.4772931168321,1.6));
#13368=CARTESIAN_POINT('Ctrl Pts',(24.8774935091471,12.4772931168321,2.));
#13369=CARTESIAN_POINT('Ctrl Pts',(24.8453231498271,12.1403715534459,1.6));
#13370=CARTESIAN_POINT('Ctrl Pts',(24.8453231498271,12.1403715534459,2.));
#13371=CARTESIAN_POINT('Ctrl Pts',(24.6229670698748,11.8851477025651,1.6));
#13372=CARTESIAN_POINT('Ctrl Pts',(24.6229670698748,11.8851477025651,2.));
#13373=CARTESIAN_POINT('Ctrl Pts',(24.511552622219,11.7572644246238,1.6));
#13374=CARTESIAN_POINT('Ctrl Pts',(24.511552622219,11.7572644246238,2.));
#13375=CARTESIAN_POINT('',(24.8935444854698,12.6453956854957,2.));
#13376=CARTESIAN_POINT('Ctrl Pts',(24.8935444854698,12.6453956854957,2.));
#13377=CARTESIAN_POINT('Ctrl Pts',(24.8774935091471,12.4772931168321,2.));
#13378=CARTESIAN_POINT('Ctrl Pts',(24.8453231498271,12.1403715534459,2.));
#13379=CARTESIAN_POINT('Ctrl Pts',(24.6229670698748,11.8851477025651,2.));
#13380=CARTESIAN_POINT('Ctrl Pts',(24.511552622219,11.7572644246238,2.));
#13381=CARTESIAN_POINT('',(24.8935444854698,12.6453956854957,2.));
#13382=CARTESIAN_POINT('Ctrl Pts',(24.6970911525688,13.290688682856,1.6));
#13383=CARTESIAN_POINT('Ctrl Pts',(24.6970911525688,13.290688682856,2.));
#13384=CARTESIAN_POINT('Ctrl Pts',(24.7543534054461,13.1964932270173,1.6));
#13385=CARTESIAN_POINT('Ctrl Pts',(24.7543534054461,13.1964932270173,2.));
#13386=CARTESIAN_POINT('Ctrl Pts',(24.8746704372711,12.9985737060691,1.6));
#13387=CARTESIAN_POINT('Ctrl Pts',(24.8746704372711,12.9985737060691,2.));
#13388=CARTESIAN_POINT('Ctrl Pts',(24.8870543988419,12.7668405352934,1.6));
#13389=CARTESIAN_POINT('Ctrl Pts',(24.8870543988419,12.7668405352934,2.));
#13390=CARTESIAN_POINT('Ctrl Pts',(24.8935444854698,12.6453956854957,1.6));
#13391=CARTESIAN_POINT('Ctrl Pts',(24.8935444854698,12.6453956854957,2.));
#13392=CARTESIAN_POINT('',(24.6970911525688,13.290688682856,2.));
#13393=CARTESIAN_POINT('Ctrl Pts',(24.6970911525688,13.290688682856,2.));
#13394=CARTESIAN_POINT('Ctrl Pts',(24.7543534054461,13.1964932270173,2.));
#13395=CARTESIAN_POINT('Ctrl Pts',(24.8746704372711,12.9985737060691,2.));
#13396=CARTESIAN_POINT('Ctrl Pts',(24.8870543988419,12.7668405352934,2.));
#13397=CARTESIAN_POINT('Ctrl Pts',(24.8935444854698,12.6453956854957,2.));
#13398=CARTESIAN_POINT('',(24.6970911525688,13.290688682856,2.));
#13399=CARTESIAN_POINT('Ctrl Pts',(24.1459317707023,13.6303886664528,1.6));
#13400=CARTESIAN_POINT('Ctrl Pts',(24.1459317707023,13.6303886664528,2.));
#13401=CARTESIAN_POINT('Ctrl Pts',(24.2564535392856,13.5972070218029,1.6));
#13402=CARTESIAN_POINT('Ctrl Pts',(24.2564535392856,13.5972070218029,2.));
#13403=CARTESIAN_POINT('Ctrl Pts',(24.4707045059821,13.5328830471332,1.6));
#13404=CARTESIAN_POINT('Ctrl Pts',(24.4707045059821,13.5328830471332,2.));
#13405=CARTESIAN_POINT('Ctrl Pts',(24.6232409319803,13.3696955832047,1.6));
#13406=CARTESIAN_POINT('Ctrl Pts',(24.6232409319803,13.3696955832047,2.));
#13407=CARTESIAN_POINT('Ctrl Pts',(24.6970911525688,13.290688682856,1.6));
#13408=CARTESIAN_POINT('Ctrl Pts',(24.6970911525688,13.290688682856,2.));
#13409=CARTESIAN_POINT('',(24.1459317707023,13.6303886664528,2.));
#13410=CARTESIAN_POINT('Ctrl Pts',(24.1459317707023,13.6303886664528,2.));
#13411=CARTESIAN_POINT('Ctrl Pts',(24.2564535392856,13.5972070218029,2.));
#13412=CARTESIAN_POINT('Ctrl Pts',(24.4707045059821,13.5328830471332,2.));
#13413=CARTESIAN_POINT('Ctrl Pts',(24.6232409319803,13.3696955832047,2.));
#13414=CARTESIAN_POINT('Ctrl Pts',(24.6970911525688,13.290688682856,2.));
#13415=CARTESIAN_POINT('',(24.1459317707023,13.6303886664528,2.));
#13416=CARTESIAN_POINT('Ctrl Pts',(24.5579369567832,13.9687240017074,1.6));
#13417=CARTESIAN_POINT('Ctrl Pts',(24.5579369567832,13.9687240017074,2.));
#13418=CARTESIAN_POINT('Ctrl Pts',(24.5041273649026,13.9005908472902,1.6));
#13419=CARTESIAN_POINT('Ctrl Pts',(24.5041273649026,13.9005908472902,2.));
#13420=CARTESIAN_POINT('Ctrl Pts',(24.3915507698677,13.7580475150476,1.6));
#13421=CARTESIAN_POINT('Ctrl Pts',(24.3915507698677,13.7580475150476,2.));
#13422=CARTESIAN_POINT('Ctrl Pts',(24.2301735670183,13.6741727823306,1.6));
#13423=CARTESIAN_POINT('Ctrl Pts',(24.2301735670183,13.6741727823306,2.));
#13424=CARTESIAN_POINT('Ctrl Pts',(24.1459317707023,13.6303886664528,1.6));
#13425=CARTESIAN_POINT('Ctrl Pts',(24.1459317707023,13.6303886664528,2.));
#13426=CARTESIAN_POINT('',(24.5579369567832,13.9687240017074,2.));
#13427=CARTESIAN_POINT('Ctrl Pts',(24.5579369567832,13.9687240017074,2.));
#13428=CARTESIAN_POINT('Ctrl Pts',(24.5041273649026,13.9005908472902,2.));
#13429=CARTESIAN_POINT('Ctrl Pts',(24.3915507698677,13.7580475150476,2.));
#13430=CARTESIAN_POINT('Ctrl Pts',(24.2301735670183,13.6741727823306,2.));
#13431=CARTESIAN_POINT('Ctrl Pts',(24.1459317707023,13.6303886664528,2.));
#13432=CARTESIAN_POINT('',(24.5579369567832,13.9687240017074,2.));
#13433=CARTESIAN_POINT('Ctrl Pts',(24.6970911525688,14.4407567275184,1.6));
#13434=CARTESIAN_POINT('Ctrl Pts',(24.6970911525688,14.4407567275184,2.));
#13435=CARTESIAN_POINT('Ctrl Pts',(24.6914124093806,14.3564698190759,1.6));
#13436=CARTESIAN_POINT('Ctrl Pts',(24.6914124093806,14.3564698190759,2.));
#13437=CARTESIAN_POINT('Ctrl Pts',(24.6801126989588,14.188753543448,1.6));
#13438=CARTESIAN_POINT('Ctrl Pts',(24.6801126989588,14.188753543448,2.));
#13439=CARTESIAN_POINT('Ctrl Pts',(24.5985231470947,14.0418167506951,1.6));
#13440=CARTESIAN_POINT('Ctrl Pts',(24.5985231470947,14.0418167506951,2.));
#13441=CARTESIAN_POINT('Ctrl Pts',(24.5579369567832,13.9687240017074,1.6));
#13442=CARTESIAN_POINT('Ctrl Pts',(24.5579369567832,13.9687240017074,2.));
#13443=CARTESIAN_POINT('',(24.6970911525688,14.4407567275184,2.));
#13444=CARTESIAN_POINT('Ctrl Pts',(24.6970911525688,14.4407567275184,2.));
#13445=CARTESIAN_POINT('Ctrl Pts',(24.6914124093806,14.3564698190759,2.));
#13446=CARTESIAN_POINT('Ctrl Pts',(24.6801126989588,14.188753543448,2.));
#13447=CARTESIAN_POINT('Ctrl Pts',(24.5985231470947,14.0418167506951,2.));
#13448=CARTESIAN_POINT('Ctrl Pts',(24.5579369567832,13.9687240017074,2.));
#13449=CARTESIAN_POINT('',(24.6970911525688,14.4407567275184,2.));
#13450=CARTESIAN_POINT('Ctrl Pts',(24.5511158012351,14.9564456833023,1.6));
#13451=CARTESIAN_POINT('Ctrl Pts',(24.5511158012351,14.9564456833023,2.));
#13452=CARTESIAN_POINT('Ctrl Pts',(24.5936902770762,14.8747109400145,1.6));
#13453=CARTESIAN_POINT('Ctrl Pts',(24.5936902770762,14.8747109400145,2.));
#13454=CARTESIAN_POINT('Ctrl Pts',(24.6779997204414,14.712853146723,1.6));
#13455=CARTESIAN_POINT('Ctrl Pts',(24.6779997204414,14.712853146723,2.));
#13456=CARTESIAN_POINT('Ctrl Pts',(24.6907697274917,14.5308514420623,1.6));
#13457=CARTESIAN_POINT('Ctrl Pts',(24.6907697274917,14.5308514420623,2.));
#13458=CARTESIAN_POINT('Ctrl Pts',(24.6970911525688,14.4407567275184,1.6));
#13459=CARTESIAN_POINT('Ctrl Pts',(24.6970911525688,14.4407567275184,2.));
#13460=CARTESIAN_POINT('',(24.5511158012351,14.9564456833023,2.));
#13461=CARTESIAN_POINT('Ctrl Pts',(24.5511158012351,14.9564456833023,2.));
#13462=CARTESIAN_POINT('Ctrl Pts',(24.5936902770762,14.8747109400145,2.));
#13463=CARTESIAN_POINT('Ctrl Pts',(24.6779997204414,14.712853146723,2.));
#13464=CARTESIAN_POINT('Ctrl Pts',(24.6907697274917,14.5308514420623,2.));
#13465=CARTESIAN_POINT('Ctrl Pts',(24.6970911525688,14.4407567275184,2.));
#13466=CARTESIAN_POINT('',(24.5511158012351,14.9564456833023,2.));
#13467=CARTESIAN_POINT('Ctrl Pts',(24.1295607589683,15.3398018968719,1.6));
#13468=CARTESIAN_POINT('Ctrl Pts',(24.1295607589683,15.3398018968719,2.));
#13469=CARTESIAN_POINT('Ctrl Pts',(24.2154217146117,15.2896804826624,1.6));
#13470=CARTESIAN_POINT('Ctrl Pts',(24.2154217146117,15.2896804826624,2.));
#13471=CARTESIAN_POINT('Ctrl Pts',(24.3832406039912,15.1917160469798,1.6));
#13472=CARTESIAN_POINT('Ctrl Pts',(24.3832406039912,15.1917160469798,2.));
#13473=CARTESIAN_POINT('Ctrl Pts',(24.4960318101745,15.0336436900502,1.6));
#13474=CARTESIAN_POINT('Ctrl Pts',(24.4960318101745,15.0336436900502,2.));
#13475=CARTESIAN_POINT('Ctrl Pts',(24.5511158012351,14.9564456833023,1.6));
#13476=CARTESIAN_POINT('Ctrl Pts',(24.5511158012351,14.9564456833023,2.));
#13477=CARTESIAN_POINT('',(24.1295607589683,15.3398018968719,2.));
#13478=CARTESIAN_POINT('Ctrl Pts',(24.1295607589683,15.3398018968719,2.));
#13479=CARTESIAN_POINT('Ctrl Pts',(24.2154217146117,15.2896804826624,2.));
#13480=CARTESIAN_POINT('Ctrl Pts',(24.3832406039912,15.1917160469798,2.));
#13481=CARTESIAN_POINT('Ctrl Pts',(24.4960318101745,15.0336436900502,2.));
#13482=CARTESIAN_POINT('Ctrl Pts',(24.5511158012351,14.9564456833023,2.));
#13483=CARTESIAN_POINT('',(24.1295607589683,15.3398018968719,2.));
#13484=CARTESIAN_POINT('Ctrl Pts',(23.526559641262,15.4803201449531,1.6));
#13485=CARTESIAN_POINT('Ctrl Pts',(23.526559641262,15.4803201449531,2.));
#13486=CARTESIAN_POINT('Ctrl Pts',(23.6328390405213,15.4748198701021,1.6));
#13487=CARTESIAN_POINT('Ctrl Pts',(23.6328390405213,15.4748198701021,2.));
#13488=CARTESIAN_POINT('Ctrl Pts',(23.8422959088644,15.4639798545078,1.6));
#13489=CARTESIAN_POINT('Ctrl Pts',(23.8422959088644,15.4639798545078,2.));
#13490=CARTESIAN_POINT('Ctrl Pts',(24.0347558810576,15.3807838551889,1.6));
#13491=CARTESIAN_POINT('Ctrl Pts',(24.0347558810576,15.3807838551889,2.));
#13492=CARTESIAN_POINT('Ctrl Pts',(24.1295607589683,15.3398018968719,1.6));
#13493=CARTESIAN_POINT('Ctrl Pts',(24.1295607589683,15.3398018968719,2.));
#13494=CARTESIAN_POINT('',(23.526559641262,15.4803201449531,2.));
#13495=CARTESIAN_POINT('Ctrl Pts',(23.526559641262,15.4803201449531,2.));
#13496=CARTESIAN_POINT('Ctrl Pts',(23.6328390405213,15.4748198701021,2.));
#13497=CARTESIAN_POINT('Ctrl Pts',(23.8422959088644,15.4639798545078,2.));
#13498=CARTESIAN_POINT('Ctrl Pts',(24.0347558810576,15.3807838551889,2.));
#13499=CARTESIAN_POINT('Ctrl Pts',(24.1295607589683,15.3398018968719,2.));
#13500=CARTESIAN_POINT('',(23.526559641262,15.4803201449531,2.));
#13501=CARTESIAN_POINT('Ctrl Pts',(22.7325625919303,15.2088332069534,1.6));
#13502=CARTESIAN_POINT('Ctrl Pts',(22.7325625919303,15.2088332069534,2.));
#13503=CARTESIAN_POINT('Ctrl Pts',(22.8479965288451,15.2879913057844,1.6));
#13504=CARTESIAN_POINT('Ctrl Pts',(22.8479965288451,15.2879913057844,2.));
#13505=CARTESIAN_POINT('Ctrl Pts',(23.0870404611945,15.4519141843384,1.6));
#13506=CARTESIAN_POINT('Ctrl Pts',(23.0870404611945,15.4519141843384,2.));
#13507=CARTESIAN_POINT('Ctrl Pts',(23.3767502508783,15.4706380199494,1.6));
#13508=CARTESIAN_POINT('Ctrl Pts',(23.3767502508783,15.4706380199494,2.));
#13509=CARTESIAN_POINT('Ctrl Pts',(23.526559641262,15.4803201449531,1.6));
#13510=CARTESIAN_POINT('Ctrl Pts',(23.526559641262,15.4803201449531,2.));
#13511=CARTESIAN_POINT('',(22.7325625919303,15.2088332069534,2.));
#13512=CARTESIAN_POINT('Ctrl Pts',(22.7325625919303,15.2088332069534,2.));
#13513=CARTESIAN_POINT('Ctrl Pts',(22.8479965288451,15.2879913057844,2.));
#13514=CARTESIAN_POINT('Ctrl Pts',(23.0870404611945,15.4519141843384,2.));
#13515=CARTESIAN_POINT('Ctrl Pts',(23.3767502508783,15.4706380199494,2.));
#13516=CARTESIAN_POINT('Ctrl Pts',(23.526559641262,15.4803201449531,2.));
#13517=CARTESIAN_POINT('',(22.7325625919303,15.2088332069534,2.));
#13518=CARTESIAN_POINT('Ctrl Pts',(22.3232849143943,14.4434854281563,1.6));
#13519=CARTESIAN_POINT('Ctrl Pts',(22.3232849143943,14.4434854281563,2.));
#13520=CARTESIAN_POINT('Ctrl Pts',(22.3600108250783,14.5963383803532,1.6));
#13521=CARTESIAN_POINT('Ctrl Pts',(22.3600108250783,14.5963383803532,2.));
#13522=CARTESIAN_POINT('Ctrl Pts',(22.4300206916189,14.8877188957534,1.6));
#13523=CARTESIAN_POINT('Ctrl Pts',(22.4300206916189,14.8877188957534,2.));
#13524=CARTESIAN_POINT('Ctrl Pts',(22.6350757236836,15.1053618249205,1.6));
#13525=CARTESIAN_POINT('Ctrl Pts',(22.6350757236836,15.1053618249205,2.));
#13526=CARTESIAN_POINT('Ctrl Pts',(22.7325625919303,15.2088332069534,1.6));
#13527=CARTESIAN_POINT('Ctrl Pts',(22.7325625919303,15.2088332069534,2.));
#13528=CARTESIAN_POINT('',(22.3232849143943,14.4434854281562,2.));
#13529=CARTESIAN_POINT('Ctrl Pts',(22.3232849143943,14.4434854281563,2.));
#13530=CARTESIAN_POINT('Ctrl Pts',(22.3600108250783,14.5963383803532,2.));
#13531=CARTESIAN_POINT('Ctrl Pts',(22.4300206916189,14.8877188957534,2.));
#13532=CARTESIAN_POINT('Ctrl Pts',(22.6350757236836,15.1053618249205,2.));
#13533=CARTESIAN_POINT('Ctrl Pts',(22.7325625919303,15.2088332069534,2.));
#13534=CARTESIAN_POINT('',(22.3232849143943,14.4434854281562,2.));
#13535=CARTESIAN_POINT('Origin',(22.5688512824973,14.3998291981834,2.));
#13536=CARTESIAN_POINT('',(22.8144176506004,14.3561729682106,2.));
#13537=CARTESIAN_POINT('',(24.6379072533618,14.031997137187,2.));
#13538=CARTESIAN_POINT('',(22.8144176506004,14.3561729682106,2.));
#13539=CARTESIAN_POINT('Ctrl Pts',(23.0599840187034,14.8964184415954,1.6));
#13540=CARTESIAN_POINT('Ctrl Pts',(23.0599840187034,14.8964184415954,2.));
#13541=CARTESIAN_POINT('Ctrl Pts',(23.0014130707676,14.8243497521487,1.6));
#13542=CARTESIAN_POINT('Ctrl Pts',(23.0014130707676,14.8243497521487,2.));
#13543=CARTESIAN_POINT('Ctrl Pts',(22.8729574219909,14.6662913531365,1.6));
#13544=CARTESIAN_POINT('Ctrl Pts',(22.8729574219909,14.6662913531365,2.));
#13545=CARTESIAN_POINT('Ctrl Pts',(22.8350439851753,14.4654423659785,1.6));
#13546=CARTESIAN_POINT('Ctrl Pts',(22.8350439851753,14.4654423659785,2.));
#13547=CARTESIAN_POINT('Ctrl Pts',(22.8144176506004,14.3561729682106,1.6));
#13548=CARTESIAN_POINT('Ctrl Pts',(22.8144176506004,14.3561729682106,2.));
#13549=CARTESIAN_POINT('',(23.0599840187034,14.8964184415954,2.));
#13550=CARTESIAN_POINT('Ctrl Pts',(23.0599840187034,14.8964184415954,2.));
#13551=CARTESIAN_POINT('Ctrl Pts',(23.0014130707676,14.8243497521487,2.));
#13552=CARTESIAN_POINT('Ctrl Pts',(22.8729574219909,14.6662913531365,2.));
#13553=CARTESIAN_POINT('Ctrl Pts',(22.8350439851753,14.4654423659785,2.));
#13554=CARTESIAN_POINT('Ctrl Pts',(22.8144176506004,14.3561729682106,2.));
#13555=CARTESIAN_POINT('',(23.0599840187034,14.8964184415954,2.));
#13556=CARTESIAN_POINT('Ctrl Pts',(23.5374732517204,15.0765004647392,1.6));
#13557=CARTESIAN_POINT('Ctrl Pts',(23.5374732517204,15.0765004647392,2.));
#13558=CARTESIAN_POINT('Ctrl Pts',(23.4467723396413,15.0697545619803,1.6));
#13559=CARTESIAN_POINT('Ctrl Pts',(23.4467723396413,15.0697545619803,2.));
#13560=CARTESIAN_POINT('Ctrl Pts',(23.2696792225189,15.0565832176134,1.6));
#13561=CARTESIAN_POINT('Ctrl Pts',(23.2696792225189,15.0565832176134,2.));
#13562=CARTESIAN_POINT('Ctrl Pts',(23.1287393895746,14.9489336559411,1.6));
#13563=CARTESIAN_POINT('Ctrl Pts',(23.1287393895746,14.9489336559411,2.));
#13564=CARTESIAN_POINT('Ctrl Pts',(23.0599840187034,14.8964184415954,1.6));
#13565=CARTESIAN_POINT('Ctrl Pts',(23.0599840187034,14.8964184415954,2.));
#13566=CARTESIAN_POINT('',(23.5374732517204,15.0765004647392,2.));
#13567=CARTESIAN_POINT('Ctrl Pts',(23.5374732517204,15.0765004647392,2.));
#13568=CARTESIAN_POINT('Ctrl Pts',(23.4467723396413,15.0697545619803,2.));
#13569=CARTESIAN_POINT('Ctrl Pts',(23.2696792225189,15.0565832176134,2.));
#13570=CARTESIAN_POINT('Ctrl Pts',(23.1287393895746,14.9489336559411,2.));
#13571=CARTESIAN_POINT('Ctrl Pts',(23.0599840187034,14.8964184415954,2.));
#13572=CARTESIAN_POINT('',(23.5374732517204,15.0765004647392,2.));
#13573=CARTESIAN_POINT('Ctrl Pts',(24.0095062755546,14.8991471422332,1.6));
#13574=CARTESIAN_POINT('Ctrl Pts',(24.0095062755546,14.8991471422332,2.));
#13575=CARTESIAN_POINT('Ctrl Pts',(23.9425318606855,14.9508571962492,1.6));
#13576=CARTESIAN_POINT('Ctrl Pts',(23.9425318606855,14.9508571962492,2.));
#13577=CARTESIAN_POINT('Ctrl Pts',(23.8036564791553,15.0580810293269,1.6));
#13578=CARTESIAN_POINT('Ctrl Pts',(23.8036564791553,15.0580810293269,2.));
#13579=CARTESIAN_POINT('Ctrl Pts',(23.6282748598029,15.070217144894,1.6));
#13580=CARTESIAN_POINT('Ctrl Pts',(23.6282748598029,15.070217144894,2.));
#13581=CARTESIAN_POINT('Ctrl Pts',(23.5374732517204,15.0765004647392,1.6));
#13582=CARTESIAN_POINT('Ctrl Pts',(23.5374732517204,15.0765004647392,2.));
#13583=CARTESIAN_POINT('',(24.0095062755546,14.8991471422332,2.));
#13584=CARTESIAN_POINT('Ctrl Pts',(24.0095062755546,14.8991471422332,2.));
#13585=CARTESIAN_POINT('Ctrl Pts',(23.9425318606855,14.9508571962492,2.));
#13586=CARTESIAN_POINT('Ctrl Pts',(23.8036564791553,15.0580810293269,2.));
#13587=CARTESIAN_POINT('Ctrl Pts',(23.6282748598029,15.070217144894,2.));
#13588=CARTESIAN_POINT('Ctrl Pts',(23.5374732517204,15.0765004647392,2.));
#13589=CARTESIAN_POINT('',(24.0095062755546,14.8991471422332,2.));
#13590=CARTESIAN_POINT('Ctrl Pts',(24.1923161052665,14.4516709340233,1.6));
#13591=CARTESIAN_POINT('Ctrl Pts',(24.1923161052665,14.4516709340233,2.));
#13592=CARTESIAN_POINT('Ctrl Pts',(24.1852168676207,14.5373377877461,1.6));
#13593=CARTESIAN_POINT('Ctrl Pts',(24.1852168676207,14.5373377877461,2.));
#13594=CARTESIAN_POINT('Ctrl Pts',(24.1712499201957,14.7058776369127,1.6));
#13595=CARTESIAN_POINT('Ctrl Pts',(24.1712499201957,14.7058776369127,2.));
#13596=CARTESIAN_POINT('Ctrl Pts',(24.0628216912653,14.8354398847195,1.6));
#13597=CARTESIAN_POINT('Ctrl Pts',(24.0628216912653,14.8354398847195,2.));
#13598=CARTESIAN_POINT('Ctrl Pts',(24.0095062755546,14.8991471422332,1.6));
#13599=CARTESIAN_POINT('Ctrl Pts',(24.0095062755546,14.8991471422332,2.));
#13600=CARTESIAN_POINT('',(24.1923161052665,14.4516709340233,2.));
#13601=CARTESIAN_POINT('Ctrl Pts',(24.1923161052665,14.4516709340233,2.));
#13602=CARTESIAN_POINT('Ctrl Pts',(24.1852168676207,14.5373377877461,2.));
#13603=CARTESIAN_POINT('Ctrl Pts',(24.1712499201957,14.7058776369127,2.));
#13604=CARTESIAN_POINT('Ctrl Pts',(24.0628216912653,14.8354398847195,2.));
#13605=CARTESIAN_POINT('Ctrl Pts',(24.0095062755546,14.8991471422332,2.));
#13606=CARTESIAN_POINT('',(24.1923161052665,14.4516709340233,2.));
#13607=CARTESIAN_POINT('Ctrl Pts',(23.9412935279807,13.946895886721,1.6));
#13608=CARTESIAN_POINT('Ctrl Pts',(23.9412935279807,13.946895886721,2.));
#13609=CARTESIAN_POINT('Ctrl Pts',(24.0144781501663,14.0109222147818,1.6));
#13610=CARTESIAN_POINT('Ctrl Pts',(24.0144781501663,14.0109222147818,2.));
#13611=CARTESIAN_POINT('Ctrl Pts',(24.1667687817928,14.1441552581442,1.6));
#13612=CARTESIAN_POINT('Ctrl Pts',(24.1667687817928,14.1441552581442,2.));
#13613=CARTESIAN_POINT('Ctrl Pts',(24.1835824140488,14.3465426233999,1.6));
#13614=CARTESIAN_POINT('Ctrl Pts',(24.1835824140488,14.3465426233999,2.));
#13615=CARTESIAN_POINT('Ctrl Pts',(24.1923161052665,14.4516709340233,1.6));
#13616=CARTESIAN_POINT('Ctrl Pts',(24.1923161052665,14.4516709340233,2.));
#13617=CARTESIAN_POINT('',(23.9412935279807,13.946895886721,2.));
#13618=CARTESIAN_POINT('Ctrl Pts',(23.9412935279807,13.946895886721,2.));
#13619=CARTESIAN_POINT('Ctrl Pts',(24.0144781501663,14.0109222147818,2.));
#13620=CARTESIAN_POINT('Ctrl Pts',(24.1667687817928,14.1441552581442,2.));
#13621=CARTESIAN_POINT('Ctrl Pts',(24.1835824140488,14.3465426233999,2.));
#13622=CARTESIAN_POINT('Ctrl Pts',(24.1923161052665,14.4516709340233,2.));
#13623=CARTESIAN_POINT('',(23.9412935279807,13.946895886721,2.));
#13624=CARTESIAN_POINT('Ctrl Pts',(23.3764906429252,13.7831851733345,1.6));
#13625=CARTESIAN_POINT('Ctrl Pts',(23.3764906429252,13.7831851733345,2.));
#13626=CARTESIAN_POINT('Ctrl Pts',(23.4779437548247,13.7896665876198,1.6));
#13627=CARTESIAN_POINT('Ctrl Pts',(23.4779437548247,13.7896665876198,2.));
#13628=CARTESIAN_POINT('Ctrl Pts',(23.6783991467907,13.8024728428123,1.6));
#13629=CARTESIAN_POINT('Ctrl Pts',(23.6783991467907,13.8024728428123,2.));
#13630=CARTESIAN_POINT('Ctrl Pts',(23.8543792640121,13.8991488694412,1.6));
#13631=CARTESIAN_POINT('Ctrl Pts',(23.8543792640121,13.8991488694412,2.));
#13632=CARTESIAN_POINT('Ctrl Pts',(23.9412935279807,13.946895886721,1.6));
#13633=CARTESIAN_POINT('Ctrl Pts',(23.9412935279807,13.946895886721,2.));
#13634=CARTESIAN_POINT('',(23.3764906429252,13.7831851733345,2.));
#13635=CARTESIAN_POINT('Ctrl Pts',(23.3764906429252,13.7831851733345,2.));
#13636=CARTESIAN_POINT('Ctrl Pts',(23.4779437548247,13.7896665876198,2.));
#13637=CARTESIAN_POINT('Ctrl Pts',(23.6783991467907,13.8024728428123,2.));
#13638=CARTESIAN_POINT('Ctrl Pts',(23.8543792640121,13.8991488694412,2.));
#13639=CARTESIAN_POINT('Ctrl Pts',(23.9412935279807,13.946895886721,2.));
#13640=CARTESIAN_POINT('',(23.3764906429252,13.7831851733345,2.));
#13641=CARTESIAN_POINT('Ctrl Pts',(23.297364284893,13.7886425746101,1.6));
#13642=CARTESIAN_POINT('Ctrl Pts',(23.297364284893,13.7886425746101,2.));
#13643=CARTESIAN_POINT('Ctrl Pts',(23.3121290210172,13.7870585946526,1.6));
#13644=CARTESIAN_POINT('Ctrl Pts',(23.3121290210172,13.7870585946526,2.));
#13645=CARTESIAN_POINT('Ctrl Pts',(23.338438530495,13.7842360765017,1.6));
#13646=CARTESIAN_POINT('Ctrl Pts',(23.338438530495,13.7842360765017,2.));
#13647=CARTESIAN_POINT('Ctrl Pts',(23.3648855356355,13.7835056770655,1.6));
#13648=CARTESIAN_POINT('Ctrl Pts',(23.3648855356355,13.7835056770655,2.));
#13649=CARTESIAN_POINT('Ctrl Pts',(23.3764906429252,13.7831851733345,1.6));
#13650=CARTESIAN_POINT('Ctrl Pts',(23.3764906429252,13.7831851733345,2.));
#13651=CARTESIAN_POINT('',(23.297364284893,13.7886425746101,2.));
#13652=CARTESIAN_POINT('Ctrl Pts',(23.297364284893,13.7886425746101,2.));
#13653=CARTESIAN_POINT('Ctrl Pts',(23.3121290210172,13.7870585946526,2.));
#13654=CARTESIAN_POINT('Ctrl Pts',(23.338438530495,13.7842360765017,2.));
#13655=CARTESIAN_POINT('Ctrl Pts',(23.3648855356355,13.7835056770655,2.));
#13656=CARTESIAN_POINT('Ctrl Pts',(23.3764906429252,13.7831851733345,2.));
#13657=CARTESIAN_POINT('',(23.297364284893,13.7886425746101,2.));
#13658=CARTESIAN_POINT('Origin',(23.2700790666541,13.5730899763721,2.));
#13659=CARTESIAN_POINT('',(23.2427938484153,13.3575373781341,2.));
#13660=CARTESIAN_POINT('',(23.9452704093411,18.9070860965445,2.));
#13661=CARTESIAN_POINT('',(23.2427938484153,13.3575373781341,2.));
#13662=CARTESIAN_POINT('Ctrl Pts',(23.5893149875602,13.4121075165886,1.6));
#13663=CARTESIAN_POINT('Ctrl Pts',(23.5893149875602,13.4121075165886,2.));
#13664=CARTESIAN_POINT('Ctrl Pts',(23.5370295743171,13.4089968550304,1.6));
#13665=CARTESIAN_POINT('Ctrl Pts',(23.5370295743171,13.4089968550304,2.));
#13666=CARTESIAN_POINT('Ctrl Pts',(23.4198332250855,13.4020243907101,1.6));
#13667=CARTESIAN_POINT('Ctrl Pts',(23.4198332250855,13.4020243907101,2.));
#13668=CARTESIAN_POINT('Ctrl Pts',(23.3058983619585,13.3733944791949,1.6));
#13669=CARTESIAN_POINT('Ctrl Pts',(23.3058983619585,13.3733944791949,2.));
#13670=CARTESIAN_POINT('Ctrl Pts',(23.2427938484153,13.3575373781341,1.6));
#13671=CARTESIAN_POINT('Ctrl Pts',(23.2427938484153,13.3575373781341,2.));
#13672=CARTESIAN_POINT('',(23.5893149875602,13.4121075165886,2.));
#13673=CARTESIAN_POINT('Ctrl Pts',(23.5893149875602,13.4121075165886,2.));
#13674=CARTESIAN_POINT('Ctrl Pts',(23.5370295743171,13.4089968550304,2.));
#13675=CARTESIAN_POINT('Ctrl Pts',(23.4198332250855,13.4020243907101,2.));
#13676=CARTESIAN_POINT('Ctrl Pts',(23.3058983619585,13.3733944791949,2.));
#13677=CARTESIAN_POINT('Ctrl Pts',(23.2427938484153,13.3575373781341,2.));
#13678=CARTESIAN_POINT('',(23.5893149875602,13.4121075165886,2.));
#13679=CARTESIAN_POINT('Ctrl Pts',(24.1513891719779,13.1924623144287,1.6));
#13680=CARTESIAN_POINT('Ctrl Pts',(24.1513891719779,13.1924623144287,2.));
#13681=CARTESIAN_POINT('Ctrl Pts',(24.0713414999621,13.256514002391,1.6));
#13682=CARTESIAN_POINT('Ctrl Pts',(24.0713414999621,13.256514002391,2.));
#13683=CARTESIAN_POINT('Ctrl Pts',(23.9070844915615,13.3879474142909,1.6));
#13684=CARTESIAN_POINT('Ctrl Pts',(23.9070844915615,13.3879474142909,2.));
#13685=CARTESIAN_POINT('Ctrl Pts',(23.6970123059973,13.4039192600131,1.6));
#13686=CARTESIAN_POINT('Ctrl Pts',(23.6970123059973,13.4039192600131,2.));
#13687=CARTESIAN_POINT('Ctrl Pts',(23.5893149875602,13.4121075165886,1.6));
#13688=CARTESIAN_POINT('Ctrl Pts',(23.5893149875602,13.4121075165886,2.));
#13689=CARTESIAN_POINT('',(24.1513891719779,13.1924623144287,2.));
#13690=CARTESIAN_POINT('Ctrl Pts',(24.1513891719779,13.1924623144287,2.));
#13691=CARTESIAN_POINT('Ctrl Pts',(24.0713414999621,13.256514002391,2.));
#13692=CARTESIAN_POINT('Ctrl Pts',(23.9070844915615,13.3879474142909,2.));
#13693=CARTESIAN_POINT('Ctrl Pts',(23.6970123059973,13.4039192600131,2.));
#13694=CARTESIAN_POINT('Ctrl Pts',(23.5893149875602,13.4121075165886,2.));
#13695=CARTESIAN_POINT('',(24.1513891719779,13.1924623144287,2.));
#13696=CARTESIAN_POINT('Ctrl Pts',(24.3723984264335,12.6344814789909,1.6));
#13697=CARTESIAN_POINT('Ctrl Pts',(24.3723984264335,12.6344814789909,2.));
#13698=CARTESIAN_POINT('Ctrl Pts',(24.3640720416786,12.7414223697639,1.6));
#13699=CARTESIAN_POINT('Ctrl Pts',(24.3640720416786,12.7414223697639,2.));
#13700=CARTESIAN_POINT('Ctrl Pts',(24.3477957767153,12.9504684713881,1.6));
#13701=CARTESIAN_POINT('Ctrl Pts',(24.3477957767153,12.9504684713881,2.));
#13702=CARTESIAN_POINT('Ctrl Pts',(24.2158405722621,13.1130513289124,1.6));
#13703=CARTESIAN_POINT('Ctrl Pts',(24.2158405722621,13.1130513289124,2.));
#13704=CARTESIAN_POINT('Ctrl Pts',(24.1513891719779,13.1924623144287,1.6));
#13705=CARTESIAN_POINT('Ctrl Pts',(24.1513891719779,13.1924623144287,2.));
#13706=CARTESIAN_POINT('',(24.3723984264335,12.6344814789909,2.));
#13707=CARTESIAN_POINT('Ctrl Pts',(24.3723984264335,12.6344814789909,2.));
#13708=CARTESIAN_POINT('Ctrl Pts',(24.3640720416786,12.7414223697639,2.));
#13709=CARTESIAN_POINT('Ctrl Pts',(24.3477957767153,12.9504684713881,2.));
#13710=CARTESIAN_POINT('Ctrl Pts',(24.2158405722621,13.1130513289124,2.));
#13711=CARTESIAN_POINT('Ctrl Pts',(24.1513891719779,13.1924623144287,2.));
#13712=CARTESIAN_POINT('',(24.3723984264335,12.6344814789909,2.));
#13713=CARTESIAN_POINT('Ctrl Pts',(24.1336532138786,12.0396655691284,1.6));
#13714=CARTESIAN_POINT('Ctrl Pts',(24.1336532138786,12.0396655691284,2.));
#13715=CARTESIAN_POINT('Ctrl Pts',(24.2032836016406,12.1252293787016,1.6));
#13716=CARTESIAN_POINT('Ctrl Pts',(24.2032836016406,12.1252293787016,2.));
#13717=CARTESIAN_POINT('Ctrl Pts',(24.3443836550369,12.2986171550389,1.6));
#13718=CARTESIAN_POINT('Ctrl Pts',(24.3443836550369,12.2986171550389,2.));
#13719=CARTESIAN_POINT('Ctrl Pts',(24.3629793692241,12.5215580059733,1.6));
#13720=CARTESIAN_POINT('Ctrl Pts',(24.3629793692241,12.5215580059733,2.));
#13721=CARTESIAN_POINT('Ctrl Pts',(24.3723984264335,12.6344814789909,1.6));
#13722=CARTESIAN_POINT('Ctrl Pts',(24.3723984264335,12.6344814789909,2.));
#13723=CARTESIAN_POINT('',(24.1336532138786,12.0396655691284,2.));
#13724=CARTESIAN_POINT('Ctrl Pts',(24.1336532138786,12.0396655691284,2.));
#13725=CARTESIAN_POINT('Ctrl Pts',(24.2032836016406,12.1252293787016,2.));
#13726=CARTESIAN_POINT('Ctrl Pts',(24.3443836550369,12.2986171550389,2.));
#13727=CARTESIAN_POINT('Ctrl Pts',(24.3629793692241,12.5215580059733,2.));
#13728=CARTESIAN_POINT('Ctrl Pts',(24.3723984264335,12.6344814789909,2.));
#13729=CARTESIAN_POINT('',(24.1336532138786,12.0396655691284,2.));
#13730=CARTESIAN_POINT('Ctrl Pts',(23.5483868621787,11.7995563042778,1.6));
#13731=CARTESIAN_POINT('Ctrl Pts',(23.5483868621787,11.7995563042778,2.));
#13732=CARTESIAN_POINT('Ctrl Pts',(23.6591415262358,11.8092980885554,1.6));
#13733=CARTESIAN_POINT('Ctrl Pts',(23.6591415262358,11.8092980885554,2.));
#13734=CARTESIAN_POINT('Ctrl Pts',(23.8792200211221,11.8286558035518,1.6));
#13735=CARTESIAN_POINT('Ctrl Pts',(23.8792200211221,11.8286558035518,2.));
#13736=CARTESIAN_POINT('Ctrl Pts',(24.0492105455949,11.9696345034245,1.6));
#13737=CARTESIAN_POINT('Ctrl Pts',(24.0492105455949,11.9696345034245,2.));
#13738=CARTESIAN_POINT('Ctrl Pts',(24.1336532138786,12.0396655691284,1.6));
#13739=CARTESIAN_POINT('Ctrl Pts',(24.1336532138786,12.0396655691284,2.));
#13740=CARTESIAN_POINT('',(23.5483868621787,11.7995563042778,2.));
#13741=CARTESIAN_POINT('Ctrl Pts',(23.5483868621787,11.7995563042778,2.));
#13742=CARTESIAN_POINT('Ctrl Pts',(23.6591415262358,11.8092980885554,2.));
#13743=CARTESIAN_POINT('Ctrl Pts',(23.8792200211221,11.8286558035518,2.));
#13744=CARTESIAN_POINT('Ctrl Pts',(24.0492105455949,11.9696345034245,2.));
#13745=CARTESIAN_POINT('Ctrl Pts',(24.1336532138786,12.0396655691284,2.));
#13746=CARTESIAN_POINT('',(23.5483868621787,11.7995563042778,2.));
#13747=CARTESIAN_POINT('Ctrl Pts',(23.0531628631553,11.983731080355,1.6));
#13748=CARTESIAN_POINT('Ctrl Pts',(23.0531628631553,11.983731080355,2.));
#13749=CARTESIAN_POINT('Ctrl Pts',(23.1254286724966,11.9300180819593,1.6));
#13750=CARTESIAN_POINT('Ctrl Pts',(23.1254286724966,11.9300180819593,2.));
#13751=CARTESIAN_POINT('Ctrl Pts',(23.2724994805017,11.8207047822616,1.6));
#13752=CARTESIAN_POINT('Ctrl Pts',(23.2724994805017,11.8207047822616,2.));
#13753=CARTESIAN_POINT('Ctrl Pts',(23.4553719655682,11.8066864726863,1.6));
#13754=CARTESIAN_POINT('Ctrl Pts',(23.4553719655682,11.8066864726863,2.));
#13755=CARTESIAN_POINT('Ctrl Pts',(23.5483868621787,11.7995563042778,1.6));
#13756=CARTESIAN_POINT('Ctrl Pts',(23.5483868621787,11.7995563042778,2.));
#13757=CARTESIAN_POINT('',(23.0531628631553,11.983731080355,2.));
#13758=CARTESIAN_POINT('Ctrl Pts',(23.0531628631553,11.983731080355,2.));
#13759=CARTESIAN_POINT('Ctrl Pts',(23.1254286724966,11.9300180819593,2.));
#13760=CARTESIAN_POINT('Ctrl Pts',(23.2724994805017,11.8207047822616,2.));
#13761=CARTESIAN_POINT('Ctrl Pts',(23.4553719655682,11.8066864726863,2.));
#13762=CARTESIAN_POINT('Ctrl Pts',(23.5483868621787,11.7995563042778,2.));
#13763=CARTESIAN_POINT('',(23.0531628631553,11.983731080355,2.));
#13764=CARTESIAN_POINT('Ctrl Pts',(22.7653046153983,12.5853681457657,1.6));
#13765=CARTESIAN_POINT('Ctrl Pts',(22.7653046153983,12.5853681457657,2.));
#13766=CARTESIAN_POINT('Ctrl Pts',(22.7936090141318,12.4607517827462,1.6));
#13767=CARTESIAN_POINT('Ctrl Pts',(22.7936090141318,12.4607517827462,2.));
#13768=CARTESIAN_POINT('Ctrl Pts',(22.8443113823409,12.237523415234,1.6));
#13769=CARTESIAN_POINT('Ctrl Pts',(22.8443113823409,12.237523415234,2.));
#13770=CARTESIAN_POINT('Ctrl Pts',(22.9891706951247,12.061493142061,1.6));
#13771=CARTESIAN_POINT('Ctrl Pts',(22.9891706951247,12.061493142061,2.));
#13772=CARTESIAN_POINT('Ctrl Pts',(23.0531628631553,11.983731080355,1.6));
#13773=CARTESIAN_POINT('Ctrl Pts',(23.0531628631553,11.983731080355,2.));
#13774=CARTESIAN_POINT('',(22.7653046153983,12.5853681457657,2.));
#13775=CARTESIAN_POINT('Ctrl Pts',(22.7653046153983,12.5853681457657,2.));
#13776=CARTESIAN_POINT('Ctrl Pts',(22.7936090141318,12.4607517827462,2.));
#13777=CARTESIAN_POINT('Ctrl Pts',(22.8443113823409,12.237523415234,2.));
#13778=CARTESIAN_POINT('Ctrl Pts',(22.9891706951247,12.061493142061,2.));
#13779=CARTESIAN_POINT('Ctrl Pts',(23.0531628631553,11.983731080355,2.));
#13780=CARTESIAN_POINT('',(22.7653046153983,12.5853681457657,2.));
#13781=CARTESIAN_POINT('Origin',(22.5197382472953,12.552625973286,2.));
#13782=CARTESIAN_POINT('',(22.2741718791923,12.5198838008064,2.));
#13783=CARTESIAN_POINT('',(26.191092026908,13.0421396620473,2.));
#13784=CARTESIAN_POINT('',(22.2741718791923,12.5198838008064,2.));
#13785=CARTESIAN_POINT('Ctrl Pts',(22.6711709999046,11.7067870391029,1.6));
#13786=CARTESIAN_POINT('Ctrl Pts',(22.6711709999046,11.7067870391029,2.));
#13787=CARTESIAN_POINT('Ctrl Pts',(22.5675169055093,11.8206372704585,1.6));
#13788=CARTESIAN_POINT('Ctrl Pts',(22.5675169055093,11.8206372704585,2.));
#13789=CARTESIAN_POINT('Ctrl Pts',(22.3561970833971,12.0527439786197,1.6));
#13790=CARTESIAN_POINT('Ctrl Pts',(22.3561970833971,12.0527439786197,2.));
#13791=CARTESIAN_POINT('Ctrl Pts',(22.301857469673,12.3622122419278,1.6));
#13792=CARTESIAN_POINT('Ctrl Pts',(22.301857469673,12.3622122419278,2.));
#13793=CARTESIAN_POINT('Ctrl Pts',(22.2741718791923,12.5198838008064,1.6));
#13794=CARTESIAN_POINT('Ctrl Pts',(22.2741718791923,12.5198838008064,2.));
#13795=CARTESIAN_POINT('Ctrl Pts',(22.6711709999046,11.7067870391029,2.));
#13796=CARTESIAN_POINT('Ctrl Pts',(22.5675169055093,11.8206372704585,2.));
#13797=CARTESIAN_POINT('Ctrl Pts',(22.3561970833971,12.0527439786197,2.));
#13798=CARTESIAN_POINT('Ctrl Pts',(22.301857469673,12.3622122419278,2.));
#13799=CARTESIAN_POINT('Ctrl Pts',(22.2741718791923,12.5198838008064,2.));
#13800=CARTESIAN_POINT('Origin',(28.5,23.75,1.6));
#13801=CARTESIAN_POINT('',(9.7352917694053,11.553990234198,1.6));
#13802=CARTESIAN_POINT('',(9.15957557191461,12.0301157129425,1.6));
#13803=CARTESIAN_POINT('Ctrl Pts',(9.7352917694053,11.553990234198,1.6));
#13804=CARTESIAN_POINT('Ctrl Pts',(9.62003269293796,11.6126744010952,1.6));
#13805=CARTESIAN_POINT('Ctrl Pts',(9.39252661751179,11.728509135414,1.6));
#13806=CARTESIAN_POINT('Ctrl Pts',(9.23653751205286,11.9304714838061,1.6));
#13807=CARTESIAN_POINT('Ctrl Pts',(9.15957557191461,12.0301157129425,1.6));
#13808=CARTESIAN_POINT('',(10.6452508472404,11.3957366240639,1.6));
#13809=CARTESIAN_POINT('Ctrl Pts',(10.6452508472404,11.3957366240639,1.6));
#13810=CARTESIAN_POINT('Ctrl Pts',(10.4772999354821,11.3999992517319,1.6));
#13811=CARTESIAN_POINT('Ctrl Pts',(10.1658134438405,11.407904841071,1.6));
#13812=CARTESIAN_POINT('Ctrl Pts',(9.87109876000972,11.507907960552,1.6));
#13813=CARTESIAN_POINT('Ctrl Pts',(9.7352917694053,11.553990234198,1.6));
#13814=CARTESIAN_POINT('',(11.4160557292899,11.5526261819023,1.6));
#13815=CARTESIAN_POINT('Ctrl Pts',(11.4160557292899,11.5526261819023,1.6));
#13816=CARTESIAN_POINT('Ctrl Pts',(11.2961030329479,11.5068806457401,1.6));
#13817=CARTESIAN_POINT('Ctrl Pts',(11.0479458177462,11.4122426325223,1.6));
#13818=CARTESIAN_POINT('Ctrl Pts',(10.7824255657852,11.4013592596328,1.6));
#13819=CARTESIAN_POINT('Ctrl Pts',(10.6452508472404,11.3957366240639,1.6));
#13820=CARTESIAN_POINT('',(11.9412942432365,11.9919165862221,1.6));
#13821=CARTESIAN_POINT('Ctrl Pts',(11.9412942432365,11.9919165862221,1.6));
#13822=CARTESIAN_POINT('Ctrl Pts',(11.8720837681115,11.9022834682226,1.6));
#13823=CARTESIAN_POINT('Ctrl Pts',(11.7293853210118,11.7174775306223,1.6));
#13824=CARTESIAN_POINT('Ctrl Pts',(11.5225654552658,11.6086638892967,1.6));
#13825=CARTESIAN_POINT('Ctrl Pts',(11.4160557292899,11.5526261819023,1.6));
#13826=CARTESIAN_POINT('',(12.1241052650413,12.5935536516327,1.6));
#13827=CARTESIAN_POINT('Ctrl Pts',(12.1241052650413,12.5935536516327,1.6));
#13828=CARTESIAN_POINT('Ctrl Pts',(12.1160724905643,12.4880392076966,1.6));
#13829=CARTESIAN_POINT('Ctrl Pts',(12.0997799211593,12.2740282945307,1.6));
#13830=CARTESIAN_POINT('Ctrl Pts',(11.9946112753936,12.0868233261934,1.6));
#13831=CARTESIAN_POINT('Ctrl Pts',(11.9412942432365,11.9919165862221,1.6));
#13832=CARTESIAN_POINT('',(11.9576652549705,13.1624486935753,1.6));
#13833=CARTESIAN_POINT('Ctrl Pts',(11.9576652549705,13.1624486935753,1.6));
#13834=CARTESIAN_POINT('Ctrl Pts',(12.0062043573355,13.0759368974522,1.6));
#13835=CARTESIAN_POINT('Ctrl Pts',(12.1053486814715,12.8992308370081,1.6));
#13836=CARTESIAN_POINT('Ctrl Pts',(12.1177668079497,12.6968518730902,1.6));
#13837=CARTESIAN_POINT('Ctrl Pts',(12.1241052650413,12.5935536516327,1.6));
#13838=CARTESIAN_POINT('',(11.4419765972099,13.5703614247459,1.6));
#13839=CARTESIAN_POINT('Ctrl Pts',(11.4419765972099,13.5703614247459,1.6));
#13840=CARTESIAN_POINT('Ctrl Pts',(11.5485695022717,13.5162492202012,1.6));
#13841=CARTESIAN_POINT('Ctrl Pts',(11.7483299197369,13.4148402515316,1.6));
#13842=CARTESIAN_POINT('Ctrl Pts',(11.8910848764774,13.2427233659732,1.6));
#13843=CARTESIAN_POINT('Ctrl Pts',(11.9576652549705,13.1624486935753,1.6));
#13844=CARTESIAN_POINT('',(10.5565746330222,13.8254773510116,1.6));
#13845=CARTESIAN_POINT('Ctrl Pts',(10.5565746330222,13.8254773510116,1.6));
#13846=CARTESIAN_POINT('Ctrl Pts',(10.7393274072203,13.7846481357567,1.6));
#13847=CARTESIAN_POINT('Ctrl Pts',(11.039805388094,13.7175176628306,1.6));
#13848=CARTESIAN_POINT('Ctrl Pts',(11.3287644311583,13.6117862609449,1.6));
#13849=CARTESIAN_POINT('Ctrl Pts',(11.4419765972099,13.5703614247459,1.6));
#13850=CARTESIAN_POINT('',(9.75848423471063,14.1106068981308,1.6));
#13851=CARTESIAN_POINT('Ctrl Pts',(9.75848423471063,14.1106068981308,1.6));
#13852=CARTESIAN_POINT('Ctrl Pts',(9.84908220447887,14.0601152443609,1.6));
#13853=CARTESIAN_POINT('Ctrl Pts',(10.0981066058552,13.9213300829856,1.6));
#13854=CARTESIAN_POINT('Ctrl Pts',(10.3783115208365,13.862747139308,1.6));
#13855=CARTESIAN_POINT('Ctrl Pts',(10.5565746330222,13.8254773510116,1.6));
#13856=CARTESIAN_POINT('',(9.6029590271911,14.4653135431427,1.6));
#13857=CARTESIAN_POINT('Ctrl Pts',(9.6029590271911,14.4653135431427,1.6));
#13858=CARTESIAN_POINT('Ctrl Pts',(9.60919633973779,14.3968647964529,1.6));
#13859=CARTESIAN_POINT('Ctrl Pts',(9.6215567338887,14.2612208822047,1.6));
#13860=CARTESIAN_POINT('Ctrl Pts',(9.71312381265026,14.1605012863638,1.6));
#13861=CARTESIAN_POINT('Ctrl Pts',(9.75848423471063,14.1106068981308,1.6));
#13862=CARTESIAN_POINT('',(9.82260422935098,14.8895972860474,1.6));
#13863=CARTESIAN_POINT('Ctrl Pts',(9.82260422935098,14.8895972860474,1.6));
#13864=CARTESIAN_POINT('Ctrl Pts',(9.75856624625483,14.8295332949222,1.6));
#13865=CARTESIAN_POINT('Ctrl Pts',(9.63498807016287,14.7136239843354,1.6));
#13866=CARTESIAN_POINT('Ctrl Pts',(9.61337314025638,14.5460506732577,1.6));
#13867=CARTESIAN_POINT('Ctrl Pts',(9.6029590271911,14.4653135431427,1.6));
#13868=CARTESIAN_POINT('',(10.5224676631889,15.0655865562576,1.6));
#13869=CARTESIAN_POINT('Ctrl Pts',(10.5224676631889,15.0655865562576,1.6));
#13870=CARTESIAN_POINT('Ctrl Pts',(10.3806493867055,15.0634322681238,1.6));
#13871=CARTESIAN_POINT('Ctrl Pts',(10.132182307882,15.0596579331591,1.6));
#13872=CARTESIAN_POINT('Ctrl Pts',(9.91557706739448,14.9406700915784,1.6));
#13873=CARTESIAN_POINT('Ctrl Pts',(9.82260422935098,14.8895972860474,1.6));
#13874=CARTESIAN_POINT('',(11.2196029924354,14.8718622220177,1.6));
#13875=CARTESIAN_POINT('Ctrl Pts',(11.2196029924354,14.8718622220177,1.6));
#13876=CARTESIAN_POINT('Ctrl Pts',(11.1245293821379,14.928186802306,1.6));
#13877=CARTESIAN_POINT('Ctrl Pts',(10.9106968950597,15.0548678555344,1.6));
#13878=CARTESIAN_POINT('Ctrl Pts',(10.6610932335449,15.0617592143698,1.6));
#13879=CARTESIAN_POINT('Ctrl Pts',(10.5224676631889,15.0655865562576,1.6));
#13880=CARTESIAN_POINT('',(11.4965470336875,14.2988744271416,1.6));
#13881=CARTESIAN_POINT('Ctrl Pts',(11.4965470336875,14.2988744271416,1.6));
#13882=CARTESIAN_POINT('Ctrl Pts',(11.4774710814351,14.4152340972115,1.6));
#13883=CARTESIAN_POINT('Ctrl Pts',(11.4415471232227,14.6343633899396,1.6));
#13884=CARTESIAN_POINT('Ctrl Pts',(11.2904609962433,14.7960382158226,1.6));
#13885=CARTESIAN_POINT('Ctrl Pts',(11.2196029924354,14.8718622220177,1.6));
#13886=CARTESIAN_POINT('',(12.0040507816276,14.337073553862,1.6));
#13887=CARTESIAN_POINT('',(12.0040507816276,14.337073553862,1.6));
#13888=CARTESIAN_POINT('',(11.8075974487266,14.9673598898071,1.6));
#13889=CARTESIAN_POINT('Ctrl Pts',(11.8075974487266,14.9673598898071,1.6));
#13890=CARTESIAN_POINT('Ctrl Pts',(11.8615156293865,14.8706736672941,1.6));
#13891=CARTESIAN_POINT('Ctrl Pts',(11.9709780662264,14.6743853393945,1.6));
#13892=CARTESIAN_POINT('Ctrl Pts',(11.9929179036625,14.4506188403304,1.6));
#13893=CARTESIAN_POINT('Ctrl Pts',(12.0040507816276,14.337073553862,1.6));
#13894=CARTESIAN_POINT('',(11.2850870393714,15.3889152300972,1.6));
#13895=CARTESIAN_POINT('Ctrl Pts',(11.2850870393714,15.3889152300972,1.6));
#13896=CARTESIAN_POINT('Ctrl Pts',(11.3908999609637,15.3368599376935,1.6));
#13897=CARTESIAN_POINT('Ctrl Pts',(11.5969313247187,15.2355015901191,1.6));
#13898=CARTESIAN_POINT('Ctrl Pts',(11.7386582025407,15.055107679242,1.6));
#13899=CARTESIAN_POINT('Ctrl Pts',(11.8075974487266,14.9673598898071,1.6));
#13900=CARTESIAN_POINT('',(10.5006398462257,15.5321621788162,1.6));
#13901=CARTESIAN_POINT('Ctrl Pts',(10.5006398462257,15.5321621788162,1.6));
#13902=CARTESIAN_POINT('Ctrl Pts',(10.6414869396901,15.5274310530155,1.6));
#13903=CARTESIAN_POINT('Ctrl Pts',(10.9102340045717,15.5184037018559,1.6));
#13904=CARTESIAN_POINT('Ctrl Pts',(11.1642146060768,15.4306691582025,1.6));
#13905=CARTESIAN_POINT('Ctrl Pts',(11.2850870393714,15.3889152300972,1.6));
#13906=CARTESIAN_POINT('',(9.76666974057764,15.3957366836685,1.6));
#13907=CARTESIAN_POINT('Ctrl Pts',(9.76666974057764,15.3957366836685,1.6));
#13908=CARTESIAN_POINT('Ctrl Pts',(9.88178611020352,15.4355165141642,1.6));
#13909=CARTESIAN_POINT('Ctrl Pts',(10.1195080390727,15.5176641536897,1.6));
#13910=CARTESIAN_POINT('Ctrl Pts',(10.3709553788924,15.5272290595367,1.6));
#13911=CARTESIAN_POINT('Ctrl Pts',(10.5006398462257,15.5321621788162,1.6));
#13912=CARTESIAN_POINT('',(9.26462339391321,14.9960094583649,1.6));
#13913=CARTESIAN_POINT('Ctrl Pts',(9.26462339391321,14.9960094583649,1.6));
#13914=CARTESIAN_POINT('Ctrl Pts',(9.33028233142243,15.0792019956712,1.6));
#13915=CARTESIAN_POINT('Ctrl Pts',(9.466232913701,15.2514568983103,1.6));
#13916=CARTESIAN_POINT('Ctrl Pts',(9.66427461513353,15.3465631290335,1.6));
#13917=CARTESIAN_POINT('Ctrl Pts',(9.76666974057764,15.3957366836685,1.6));
#13918=CARTESIAN_POINT('',(9.09272717465967,14.4298431170601,1.6));
#13919=CARTESIAN_POINT('Ctrl Pts',(9.09272717465967,14.4298431170601,1.6));
#13920=CARTESIAN_POINT('Ctrl Pts',(9.1001714422935,14.5295789901881,1.6));
#13921=CARTESIAN_POINT('Ctrl Pts',(9.11521019542388,14.7310633064421,1.6));
#13922=CARTESIAN_POINT('Ctrl Pts',(9.21448844028929,14.907107921059,1.6));
#13923=CARTESIAN_POINT('Ctrl Pts',(9.26462339391321,14.9960094583649,1.6));
#13924=CARTESIAN_POINT('',(9.23324542274088,13.9318895233292,1.6));
#13925=CARTESIAN_POINT('Ctrl Pts',(9.23324542274088,13.9318895233292,1.6));
#13926=CARTESIAN_POINT('Ctrl Pts',(9.19226266000511,14.0087849388062,1.6));
#13927=CARTESIAN_POINT('Ctrl Pts',(9.1092724953921,14.1644982866244,1.6));
#13928=CARTESIAN_POINT('Ctrl Pts',(9.09828749040589,14.3406698056018,1.6));
#13929=CARTESIAN_POINT('Ctrl Pts',(9.09272717465967,14.4298431170601,1.6));
#13930=CARTESIAN_POINT('',(9.66025786628336,13.5594472182411,1.6));
#13931=CARTESIAN_POINT('Ctrl Pts',(9.66025786628336,13.5594472182411,1.6));
#13932=CARTESIAN_POINT('Ctrl Pts',(9.57229418350229,13.6102633670507,1.6));
#13933=CARTESIAN_POINT('Ctrl Pts',(9.40540850517664,13.7066723303394,1.6));
#13934=CARTESIAN_POINT('Ctrl Pts',(9.28852219181404,13.8595785575166,1.6));
#13935=CARTESIAN_POINT('Ctrl Pts',(9.23324542274088,13.9318895233292,1.6));
#13936=CARTESIAN_POINT('',(10.4324270986518,13.3097883952278,1.6));
#13937=CARTESIAN_POINT('Ctrl Pts',(10.4324270986518,13.3097883952278,1.6));
#13938=CARTESIAN_POINT('Ctrl Pts',(10.2744997034441,13.3475210948033,1.6));
#13939=CARTESIAN_POINT('Ctrl Pts',(10.0103634954861,13.4106296654777,1.6));
#13940=CARTESIAN_POINT('Ctrl Pts',(9.76066235705712,13.5167688110489,1.6));
#13941=CARTESIAN_POINT('Ctrl Pts',(9.66025786628336,13.5594472182411,1.6));
#13942=CARTESIAN_POINT('',(11.144568493267,13.1146997106689,1.6));
#13943=CARTESIAN_POINT('Ctrl Pts',(11.144568493267,13.1146997106689,1.6));
#13944=CARTESIAN_POINT('Ctrl Pts',(11.0586280906642,13.1422512232053,1.6));
#13945=CARTESIAN_POINT('Ctrl Pts',(10.8241063402753,13.2174362206013,1.6));
#13946=CARTESIAN_POINT('Ctrl Pts',(10.5843345875171,13.2739708551391,1.6));
#13947=CARTESIAN_POINT('Ctrl Pts',(10.4324270986518,13.3097883952278,1.6));
#13948=CARTESIAN_POINT('',(11.5047325395545,12.8786831987518,1.6));
#13949=CARTESIAN_POINT('Ctrl Pts',(11.5047325395545,12.8786831987518,1.6));
#13950=CARTESIAN_POINT('Ctrl Pts',(11.4587015811895,12.9249837239236,1.6));
#13951=CARTESIAN_POINT('Ctrl Pts',(11.355585956367,13.028703215159,1.6));
#13952=CARTESIAN_POINT('Ctrl Pts',(11.2197610001065,13.0840563128107,1.6));
#13953=CARTESIAN_POINT('Ctrl Pts',(11.144568493267,13.1146997106689,1.6));
#13954=CARTESIAN_POINT('',(11.6138728164634,12.5498974216598,1.6));
#13955=CARTESIAN_POINT('Ctrl Pts',(11.6138728164634,12.5498974216598,1.6));
#13956=CARTESIAN_POINT('Ctrl Pts',(11.609610618536,12.6102925276727,1.6));
#13957=CARTESIAN_POINT('Ctrl Pts',(11.6012149387746,12.7292588398595,1.6));
#13958=CARTESIAN_POINT('Ctrl Pts',(11.5365629410891,12.8293867739009,1.6));
#13959=CARTESIAN_POINT('Ctrl Pts',(11.5047325395545,12.8786831987518,1.6));
#13960=CARTESIAN_POINT('',(11.5006394885978,12.2074690354484,1.6));
#13961=CARTESIAN_POINT('Ctrl Pts',(11.5006394885978,12.2074690354484,1.6));
#13962=CARTESIAN_POINT('Ctrl Pts',(11.5336645111792,12.2606028121644,1.6));
#13963=CARTESIAN_POINT('Ctrl Pts',(11.5989777522855,12.3656849256131,1.6));
#13964=CARTESIAN_POINT('Ctrl Pts',(11.6089452765584,12.4889568030476,1.6));
#13965=CARTESIAN_POINT('Ctrl Pts',(11.6138728164634,12.5498974216598,1.6));
#13966=CARTESIAN_POINT('',(11.1554826997718,11.9605386150497,1.6));
#13967=CARTESIAN_POINT('Ctrl Pts',(11.1554826997718,11.9605386150497,1.6));
#13968=CARTESIAN_POINT('Ctrl Pts',(11.2263647563218,11.991377581002,1.6));
#13969=CARTESIAN_POINT('Ctrl Pts',(11.3592905596798,12.0492101908818,1.6));
#13970=CARTESIAN_POINT('Ctrl Pts',(11.4556590434468,12.1571074704038,1.6));
#13971=CARTESIAN_POINT('Ctrl Pts',(11.5006394885978,12.2074690354484,1.6));
#13972=CARTESIAN_POINT('',(10.6206943296394,11.8704977524895,1.6));
#13973=CARTESIAN_POINT('Ctrl Pts',(10.6206943296394,11.8704977524895,1.6));
#13974=CARTESIAN_POINT('Ctrl Pts',(10.716528282585,11.8734348470909,1.6));
#13975=CARTESIAN_POINT('Ctrl Pts',(10.8990201872009,11.8790278125418,1.6));
#13976=CARTESIAN_POINT('Ctrl Pts',(11.0729096814307,11.9342946508812,1.6));
#13977=CARTESIAN_POINT('Ctrl Pts',(11.1554826997718,11.9605386150497,1.6));
#13978=CARTESIAN_POINT('',(10.0067790054282,11.9891881836075,1.6));
#13979=CARTESIAN_POINT('Ctrl Pts',(10.0067790054282,11.9891881836075,1.6));
#13980=CARTESIAN_POINT('Ctrl Pts',(10.1024413204267,11.9545818444615,1.6));
#13981=CARTESIAN_POINT('Ctrl Pts',(10.3007382060727,11.8828469164874,1.6));
#13982=CARTESIAN_POINT('Ctrl Pts',(10.5115712762612,11.8747095127368,1.6));
#13983=CARTESIAN_POINT('Ctrl Pts',(10.6206943296394,11.8704977524895,1.6));
#13984=CARTESIAN_POINT('',(9.60432307948678,12.3002385986465,1.6));
#13985=CARTESIAN_POINT('Ctrl Pts',(9.60432307948678,12.3002385986465,1.6));
#13986=CARTESIAN_POINT('Ctrl Pts',(9.65616343787941,12.2380725509174,1.6));
#13987=CARTESIAN_POINT('Ctrl Pts',(9.76714327376392,12.1049874799711,1.6));
#13988=CARTESIAN_POINT('Ctrl Pts',(9.92347316743878,12.0294441060242,1.6));
#13989=CARTESIAN_POINT('Ctrl Pts',(10.0067790054282,11.9891881836075,1.6));
#13990=CARTESIAN_POINT('',(9.43924831380456,12.7927350891251,1.6));
#13991=CARTESIAN_POINT('Ctrl Pts',(9.43924831380456,12.7927350891251,1.6));
#13992=CARTESIAN_POINT('Ctrl Pts',(9.45333378538086,12.699748725615,1.6));
#13993=CARTESIAN_POINT('Ctrl Pts',(9.47969634074642,12.5257142147365,1.6));
#13994=CARTESIAN_POINT('Ctrl Pts',(9.56472506699585,12.3718796152741,1.6));
#13995=CARTESIAN_POINT('Ctrl Pts',(9.60432307948678,12.3002385986465,1.6));
#13996=CARTESIAN_POINT('',(8.93993036975473,12.7490788591522,1.6));
#13997=CARTESIAN_POINT('',(8.93993036975473,12.7490788591522,1.6));
#13998=CARTESIAN_POINT('Ctrl Pts',(9.15957557191461,12.0301157129425,1.6));
#13999=CARTESIAN_POINT('Ctrl Pts',(9.09821899109452,12.1404650124036,1.6));
#14000=CARTESIAN_POINT('Ctrl Pts',(8.973737377026,12.3643441582859,1.6));
#14001=CARTESIAN_POINT('Ctrl Pts',(8.95130559813042,12.6196250730985,1.6));
#14002=CARTESIAN_POINT('Ctrl Pts',(8.93993036975473,12.7490788591522,1.6));
#14003=CARTESIAN_POINT('Ctrl Pts',(9.7352917694053,11.553990234198,1.6));
#14004=CARTESIAN_POINT('Ctrl Pts',(9.7352917694053,11.553990234198,2.));
#14005=CARTESIAN_POINT('Ctrl Pts',(9.62003269293796,11.6126744010952,1.6));
#14006=CARTESIAN_POINT('Ctrl Pts',(9.62003269293796,11.6126744010952,2.));
#14007=CARTESIAN_POINT('Ctrl Pts',(9.39252661751179,11.728509135414,1.6));
#14008=CARTESIAN_POINT('Ctrl Pts',(9.39252661751179,11.728509135414,2.));
#14009=CARTESIAN_POINT('Ctrl Pts',(9.23653751205286,11.9304714838061,1.6));
#14010=CARTESIAN_POINT('Ctrl Pts',(9.23653751205286,11.9304714838061,2.));
#14011=CARTESIAN_POINT('Ctrl Pts',(9.15957557191461,12.0301157129425,1.6));
#14012=CARTESIAN_POINT('Ctrl Pts',(9.15957557191461,12.0301157129425,2.));
#14013=CARTESIAN_POINT('',(9.15957557191461,12.0301157129425,2.));
#14014=CARTESIAN_POINT('',(9.15957557191461,12.0301157129425,2.));
#14015=CARTESIAN_POINT('',(9.7352917694053,11.553990234198,2.));
#14016=CARTESIAN_POINT('Ctrl Pts',(9.7352917694053,11.553990234198,2.));
#14017=CARTESIAN_POINT('Ctrl Pts',(9.62003269293796,11.6126744010952,2.));
#14018=CARTESIAN_POINT('Ctrl Pts',(9.39252661751179,11.728509135414,2.));
#14019=CARTESIAN_POINT('Ctrl Pts',(9.23653751205286,11.9304714838061,2.));
#14020=CARTESIAN_POINT('Ctrl Pts',(9.15957557191461,12.0301157129425,2.));
#14021=CARTESIAN_POINT('',(9.7352917694053,11.553990234198,2.));
#14022=CARTESIAN_POINT('Ctrl Pts',(10.6452508472404,11.3957366240639,1.6));
#14023=CARTESIAN_POINT('Ctrl Pts',(10.6452508472404,11.3957366240639,2.));
#14024=CARTESIAN_POINT('Ctrl Pts',(10.4772999354821,11.3999992517319,1.6));
#14025=CARTESIAN_POINT('Ctrl Pts',(10.4772999354821,11.3999992517319,2.));
#14026=CARTESIAN_POINT('Ctrl Pts',(10.1658134438405,11.407904841071,1.6));
#14027=CARTESIAN_POINT('Ctrl Pts',(10.1658134438405,11.407904841071,2.));
#14028=CARTESIAN_POINT('Ctrl Pts',(9.87109876000972,11.507907960552,1.6));
#14029=CARTESIAN_POINT('Ctrl Pts',(9.87109876000972,11.507907960552,2.));
#14030=CARTESIAN_POINT('Ctrl Pts',(9.7352917694053,11.553990234198,1.6));
#14031=CARTESIAN_POINT('Ctrl Pts',(9.7352917694053,11.553990234198,2.));
#14032=CARTESIAN_POINT('',(10.6452508472404,11.3957366240639,2.));
#14033=CARTESIAN_POINT('Ctrl Pts',(10.6452508472404,11.3957366240639,2.));
#14034=CARTESIAN_POINT('Ctrl Pts',(10.4772999354821,11.3999992517319,2.));
#14035=CARTESIAN_POINT('Ctrl Pts',(10.1658134438405,11.407904841071,2.));
#14036=CARTESIAN_POINT('Ctrl Pts',(9.87109876000972,11.507907960552,2.));
#14037=CARTESIAN_POINT('Ctrl Pts',(9.7352917694053,11.553990234198,2.));
#14038=CARTESIAN_POINT('',(10.6452508472404,11.3957366240639,2.));
#14039=CARTESIAN_POINT('Ctrl Pts',(11.4160557292899,11.5526261819023,1.6));
#14040=CARTESIAN_POINT('Ctrl Pts',(11.4160557292899,11.5526261819023,2.));
#14041=CARTESIAN_POINT('Ctrl Pts',(11.2961030329479,11.5068806457401,1.6));
#14042=CARTESIAN_POINT('Ctrl Pts',(11.2961030329479,11.5068806457401,2.));
#14043=CARTESIAN_POINT('Ctrl Pts',(11.0479458177462,11.4122426325223,1.6));
#14044=CARTESIAN_POINT('Ctrl Pts',(11.0479458177462,11.4122426325223,2.));
#14045=CARTESIAN_POINT('Ctrl Pts',(10.7824255657852,11.4013592596328,1.6));
#14046=CARTESIAN_POINT('Ctrl Pts',(10.7824255657852,11.4013592596328,2.));
#14047=CARTESIAN_POINT('Ctrl Pts',(10.6452508472404,11.3957366240639,1.6));
#14048=CARTESIAN_POINT('Ctrl Pts',(10.6452508472404,11.3957366240639,2.));
#14049=CARTESIAN_POINT('',(11.4160557292899,11.5526261819023,2.));
#14050=CARTESIAN_POINT('Ctrl Pts',(11.4160557292899,11.5526261819023,2.));
#14051=CARTESIAN_POINT('Ctrl Pts',(11.2961030329479,11.5068806457401,2.));
#14052=CARTESIAN_POINT('Ctrl Pts',(11.0479458177462,11.4122426325223,2.));
#14053=CARTESIAN_POINT('Ctrl Pts',(10.7824255657852,11.4013592596328,2.));
#14054=CARTESIAN_POINT('Ctrl Pts',(10.6452508472404,11.3957366240639,2.));
#14055=CARTESIAN_POINT('',(11.4160557292899,11.5526261819023,2.));
#14056=CARTESIAN_POINT('Ctrl Pts',(11.9412942432365,11.9919165862221,1.6));
#14057=CARTESIAN_POINT('Ctrl Pts',(11.9412942432365,11.9919165862221,2.));
#14058=CARTESIAN_POINT('Ctrl Pts',(11.8720837681115,11.9022834682226,1.6));
#14059=CARTESIAN_POINT('Ctrl Pts',(11.8720837681115,11.9022834682226,2.));
#14060=CARTESIAN_POINT('Ctrl Pts',(11.7293853210118,11.7174775306223,1.6));
#14061=CARTESIAN_POINT('Ctrl Pts',(11.7293853210118,11.7174775306223,2.));
#14062=CARTESIAN_POINT('Ctrl Pts',(11.5225654552658,11.6086638892967,1.6));
#14063=CARTESIAN_POINT('Ctrl Pts',(11.5225654552658,11.6086638892967,2.));
#14064=CARTESIAN_POINT('Ctrl Pts',(11.4160557292899,11.5526261819023,1.6));
#14065=CARTESIAN_POINT('Ctrl Pts',(11.4160557292899,11.5526261819023,2.));
#14066=CARTESIAN_POINT('',(11.9412942432365,11.9919165862221,2.));
#14067=CARTESIAN_POINT('Ctrl Pts',(11.9412942432365,11.9919165862221,2.));
#14068=CARTESIAN_POINT('Ctrl Pts',(11.8720837681115,11.9022834682226,2.));
#14069=CARTESIAN_POINT('Ctrl Pts',(11.7293853210118,11.7174775306223,2.));
#14070=CARTESIAN_POINT('Ctrl Pts',(11.5225654552658,11.6086638892967,2.));
#14071=CARTESIAN_POINT('Ctrl Pts',(11.4160557292899,11.5526261819023,2.));
#14072=CARTESIAN_POINT('',(11.9412942432365,11.9919165862221,2.));
#14073=CARTESIAN_POINT('Ctrl Pts',(12.1241052650413,12.5935536516327,1.6));
#14074=CARTESIAN_POINT('Ctrl Pts',(12.1241052650413,12.5935536516327,2.));
#14075=CARTESIAN_POINT('Ctrl Pts',(12.1160724905643,12.4880392076966,1.6));
#14076=CARTESIAN_POINT('Ctrl Pts',(12.1160724905643,12.4880392076966,2.));
#14077=CARTESIAN_POINT('Ctrl Pts',(12.0997799211593,12.2740282945307,1.6));
#14078=CARTESIAN_POINT('Ctrl Pts',(12.0997799211593,12.2740282945307,2.));
#14079=CARTESIAN_POINT('Ctrl Pts',(11.9946112753936,12.0868233261934,1.6));
#14080=CARTESIAN_POINT('Ctrl Pts',(11.9946112753936,12.0868233261934,2.));
#14081=CARTESIAN_POINT('Ctrl Pts',(11.9412942432365,11.9919165862221,1.6));
#14082=CARTESIAN_POINT('Ctrl Pts',(11.9412942432365,11.9919165862221,2.));
#14083=CARTESIAN_POINT('',(12.1241052650413,12.5935536516327,2.));
#14084=CARTESIAN_POINT('Ctrl Pts',(12.1241052650413,12.5935536516327,2.));
#14085=CARTESIAN_POINT('Ctrl Pts',(12.1160724905643,12.4880392076966,2.));
#14086=CARTESIAN_POINT('Ctrl Pts',(12.0997799211593,12.2740282945307,2.));
#14087=CARTESIAN_POINT('Ctrl Pts',(11.9946112753936,12.0868233261934,2.));
#14088=CARTESIAN_POINT('Ctrl Pts',(11.9412942432365,11.9919165862221,2.));
#14089=CARTESIAN_POINT('',(12.1241052650413,12.5935536516327,2.));
#14090=CARTESIAN_POINT('Ctrl Pts',(11.9576652549705,13.1624486935753,1.6));
#14091=CARTESIAN_POINT('Ctrl Pts',(11.9576652549705,13.1624486935753,2.));
#14092=CARTESIAN_POINT('Ctrl Pts',(12.0062043573355,13.0759368974522,1.6));
#14093=CARTESIAN_POINT('Ctrl Pts',(12.0062043573355,13.0759368974522,2.));
#14094=CARTESIAN_POINT('Ctrl Pts',(12.1053486814715,12.8992308370081,1.6));
#14095=CARTESIAN_POINT('Ctrl Pts',(12.1053486814715,12.8992308370081,2.));
#14096=CARTESIAN_POINT('Ctrl Pts',(12.1177668079497,12.6968518730902,1.6));
#14097=CARTESIAN_POINT('Ctrl Pts',(12.1177668079497,12.6968518730902,2.));
#14098=CARTESIAN_POINT('Ctrl Pts',(12.1241052650413,12.5935536516327,1.6));
#14099=CARTESIAN_POINT('Ctrl Pts',(12.1241052650413,12.5935536516327,2.));
#14100=CARTESIAN_POINT('',(11.9576652549705,13.1624486935753,2.));
#14101=CARTESIAN_POINT('Ctrl Pts',(11.9576652549705,13.1624486935753,2.));
#14102=CARTESIAN_POINT('Ctrl Pts',(12.0062043573355,13.0759368974522,2.));
#14103=CARTESIAN_POINT('Ctrl Pts',(12.1053486814715,12.8992308370081,2.));
#14104=CARTESIAN_POINT('Ctrl Pts',(12.1177668079497,12.6968518730902,2.));
#14105=CARTESIAN_POINT('Ctrl Pts',(12.1241052650413,12.5935536516327,2.));
#14106=CARTESIAN_POINT('',(11.9576652549705,13.1624486935753,2.));
#14107=CARTESIAN_POINT('Ctrl Pts',(11.4419765972099,13.5703614247459,1.6));
#14108=CARTESIAN_POINT('Ctrl Pts',(11.4419765972099,13.5703614247459,2.));
#14109=CARTESIAN_POINT('Ctrl Pts',(11.5485695022717,13.5162492202012,1.6));
#14110=CARTESIAN_POINT('Ctrl Pts',(11.5485695022717,13.5162492202012,2.));
#14111=CARTESIAN_POINT('Ctrl Pts',(11.7483299197369,13.4148402515316,1.6));
#14112=CARTESIAN_POINT('Ctrl Pts',(11.7483299197369,13.4148402515316,2.));
#14113=CARTESIAN_POINT('Ctrl Pts',(11.8910848764774,13.2427233659732,1.6));
#14114=CARTESIAN_POINT('Ctrl Pts',(11.8910848764774,13.2427233659732,2.));
#14115=CARTESIAN_POINT('Ctrl Pts',(11.9576652549705,13.1624486935753,1.6));
#14116=CARTESIAN_POINT('Ctrl Pts',(11.9576652549705,13.1624486935753,2.));
#14117=CARTESIAN_POINT('',(11.4419765972099,13.5703614247459,2.));
#14118=CARTESIAN_POINT('Ctrl Pts',(11.4419765972099,13.5703614247459,2.));
#14119=CARTESIAN_POINT('Ctrl Pts',(11.5485695022717,13.5162492202012,2.));
#14120=CARTESIAN_POINT('Ctrl Pts',(11.7483299197369,13.4148402515316,2.));
#14121=CARTESIAN_POINT('Ctrl Pts',(11.8910848764774,13.2427233659732,2.));
#14122=CARTESIAN_POINT('Ctrl Pts',(11.9576652549705,13.1624486935753,2.));
#14123=CARTESIAN_POINT('',(11.4419765972099,13.5703614247459,2.));
#14124=CARTESIAN_POINT('Ctrl Pts',(10.5565746330222,13.8254773510116,1.6));
#14125=CARTESIAN_POINT('Ctrl Pts',(10.5565746330222,13.8254773510116,2.));
#14126=CARTESIAN_POINT('Ctrl Pts',(10.7393274072203,13.7846481357567,1.6));
#14127=CARTESIAN_POINT('Ctrl Pts',(10.7393274072203,13.7846481357567,2.));
#14128=CARTESIAN_POINT('Ctrl Pts',(11.039805388094,13.7175176628306,1.6));
#14129=CARTESIAN_POINT('Ctrl Pts',(11.039805388094,13.7175176628306,2.));
#14130=CARTESIAN_POINT('Ctrl Pts',(11.3287644311583,13.6117862609449,1.6));
#14131=CARTESIAN_POINT('Ctrl Pts',(11.3287644311583,13.6117862609449,2.));
#14132=CARTESIAN_POINT('Ctrl Pts',(11.4419765972099,13.5703614247459,1.6));
#14133=CARTESIAN_POINT('Ctrl Pts',(11.4419765972099,13.5703614247459,2.));
#14134=CARTESIAN_POINT('',(10.5565746330222,13.8254773510116,2.));
#14135=CARTESIAN_POINT('Ctrl Pts',(10.5565746330222,13.8254773510116,2.));
#14136=CARTESIAN_POINT('Ctrl Pts',(10.7393274072203,13.7846481357567,2.));
#14137=CARTESIAN_POINT('Ctrl Pts',(11.039805388094,13.7175176628306,2.));
#14138=CARTESIAN_POINT('Ctrl Pts',(11.3287644311583,13.6117862609449,2.));
#14139=CARTESIAN_POINT('Ctrl Pts',(11.4419765972099,13.5703614247459,2.));
#14140=CARTESIAN_POINT('',(10.5565746330222,13.8254773510116,2.));
#14141=CARTESIAN_POINT('Ctrl Pts',(9.75848423471063,14.1106068981308,1.6));
#14142=CARTESIAN_POINT('Ctrl Pts',(9.75848423471063,14.1106068981308,2.));
#14143=CARTESIAN_POINT('Ctrl Pts',(9.84908220447887,14.0601152443609,1.6));
#14144=CARTESIAN_POINT('Ctrl Pts',(9.84908220447887,14.0601152443609,2.));
#14145=CARTESIAN_POINT('Ctrl Pts',(10.0981066058552,13.9213300829856,1.6));
#14146=CARTESIAN_POINT('Ctrl Pts',(10.0981066058552,13.9213300829856,2.));
#14147=CARTESIAN_POINT('Ctrl Pts',(10.3783115208365,13.862747139308,1.6));
#14148=CARTESIAN_POINT('Ctrl Pts',(10.3783115208365,13.862747139308,2.));
#14149=CARTESIAN_POINT('Ctrl Pts',(10.5565746330222,13.8254773510116,1.6));
#14150=CARTESIAN_POINT('Ctrl Pts',(10.5565746330222,13.8254773510116,2.));
#14151=CARTESIAN_POINT('',(9.75848423471063,14.1106068981308,2.));
#14152=CARTESIAN_POINT('Ctrl Pts',(9.75848423471063,14.1106068981308,2.));
#14153=CARTESIAN_POINT('Ctrl Pts',(9.84908220447887,14.0601152443609,2.));
#14154=CARTESIAN_POINT('Ctrl Pts',(10.0981066058552,13.9213300829856,2.));
#14155=CARTESIAN_POINT('Ctrl Pts',(10.3783115208365,13.862747139308,2.));
#14156=CARTESIAN_POINT('Ctrl Pts',(10.5565746330222,13.8254773510116,2.));
#14157=CARTESIAN_POINT('',(9.75848423471063,14.1106068981308,2.));
#14158=CARTESIAN_POINT('Ctrl Pts',(9.6029590271911,14.4653135431427,1.6));
#14159=CARTESIAN_POINT('Ctrl Pts',(9.6029590271911,14.4653135431427,2.));
#14160=CARTESIAN_POINT('Ctrl Pts',(9.60919633973779,14.3968647964529,1.6));
#14161=CARTESIAN_POINT('Ctrl Pts',(9.60919633973779,14.3968647964529,2.));
#14162=CARTESIAN_POINT('Ctrl Pts',(9.6215567338887,14.2612208822047,1.6));
#14163=CARTESIAN_POINT('Ctrl Pts',(9.6215567338887,14.2612208822047,2.));
#14164=CARTESIAN_POINT('Ctrl Pts',(9.71312381265026,14.1605012863638,1.6));
#14165=CARTESIAN_POINT('Ctrl Pts',(9.71312381265026,14.1605012863638,2.));
#14166=CARTESIAN_POINT('Ctrl Pts',(9.75848423471063,14.1106068981308,1.6));
#14167=CARTESIAN_POINT('Ctrl Pts',(9.75848423471063,14.1106068981308,2.));
#14168=CARTESIAN_POINT('',(9.6029590271911,14.4653135431427,2.));
#14169=CARTESIAN_POINT('Ctrl Pts',(9.6029590271911,14.4653135431427,2.));
#14170=CARTESIAN_POINT('Ctrl Pts',(9.60919633973779,14.3968647964529,2.));
#14171=CARTESIAN_POINT('Ctrl Pts',(9.6215567338887,14.2612208822047,2.));
#14172=CARTESIAN_POINT('Ctrl Pts',(9.71312381265026,14.1605012863638,2.));
#14173=CARTESIAN_POINT('Ctrl Pts',(9.75848423471063,14.1106068981308,2.));
#14174=CARTESIAN_POINT('',(9.6029590271911,14.4653135431427,2.));
#14175=CARTESIAN_POINT('Ctrl Pts',(9.82260422935098,14.8895972860474,1.6));
#14176=CARTESIAN_POINT('Ctrl Pts',(9.82260422935098,14.8895972860474,2.));
#14177=CARTESIAN_POINT('Ctrl Pts',(9.75856624625483,14.8295332949222,1.6));
#14178=CARTESIAN_POINT('Ctrl Pts',(9.75856624625483,14.8295332949222,2.));
#14179=CARTESIAN_POINT('Ctrl Pts',(9.63498807016287,14.7136239843354,1.6));
#14180=CARTESIAN_POINT('Ctrl Pts',(9.63498807016287,14.7136239843354,2.));
#14181=CARTESIAN_POINT('Ctrl Pts',(9.61337314025638,14.5460506732577,1.6));
#14182=CARTESIAN_POINT('Ctrl Pts',(9.61337314025638,14.5460506732577,2.));
#14183=CARTESIAN_POINT('Ctrl Pts',(9.6029590271911,14.4653135431427,1.6));
#14184=CARTESIAN_POINT('Ctrl Pts',(9.6029590271911,14.4653135431427,2.));
#14185=CARTESIAN_POINT('',(9.82260422935098,14.8895972860474,2.));
#14186=CARTESIAN_POINT('Ctrl Pts',(9.82260422935098,14.8895972860474,2.));
#14187=CARTESIAN_POINT('Ctrl Pts',(9.75856624625483,14.8295332949222,2.));
#14188=CARTESIAN_POINT('Ctrl Pts',(9.63498807016287,14.7136239843354,2.));
#14189=CARTESIAN_POINT('Ctrl Pts',(9.61337314025638,14.5460506732577,2.));
#14190=CARTESIAN_POINT('Ctrl Pts',(9.6029590271911,14.4653135431427,2.));
#14191=CARTESIAN_POINT('',(9.82260422935098,14.8895972860474,2.));
#14192=CARTESIAN_POINT('Ctrl Pts',(10.5224676631889,15.0655865562576,1.6));
#14193=CARTESIAN_POINT('Ctrl Pts',(10.5224676631889,15.0655865562576,2.));
#14194=CARTESIAN_POINT('Ctrl Pts',(10.3806493867055,15.0634322681238,1.6));
#14195=CARTESIAN_POINT('Ctrl Pts',(10.3806493867055,15.0634322681238,2.));
#14196=CARTESIAN_POINT('Ctrl Pts',(10.132182307882,15.0596579331591,1.6));
#14197=CARTESIAN_POINT('Ctrl Pts',(10.132182307882,15.0596579331591,2.));
#14198=CARTESIAN_POINT('Ctrl Pts',(9.91557706739448,14.9406700915784,1.6));
#14199=CARTESIAN_POINT('Ctrl Pts',(9.91557706739448,14.9406700915784,2.));
#14200=CARTESIAN_POINT('Ctrl Pts',(9.82260422935098,14.8895972860474,1.6));
#14201=CARTESIAN_POINT('Ctrl Pts',(9.82260422935098,14.8895972860474,2.));
#14202=CARTESIAN_POINT('',(10.5224676631889,15.0655865562576,2.));
#14203=CARTESIAN_POINT('Ctrl Pts',(10.5224676631889,15.0655865562576,2.));
#14204=CARTESIAN_POINT('Ctrl Pts',(10.3806493867055,15.0634322681238,2.));
#14205=CARTESIAN_POINT('Ctrl Pts',(10.132182307882,15.0596579331591,2.));
#14206=CARTESIAN_POINT('Ctrl Pts',(9.91557706739448,14.9406700915784,2.));
#14207=CARTESIAN_POINT('Ctrl Pts',(9.82260422935098,14.8895972860474,2.));
#14208=CARTESIAN_POINT('',(10.5224676631889,15.0655865562576,2.));
#14209=CARTESIAN_POINT('Ctrl Pts',(11.2196029924354,14.8718622220177,1.6));
#14210=CARTESIAN_POINT('Ctrl Pts',(11.2196029924354,14.8718622220177,2.));
#14211=CARTESIAN_POINT('Ctrl Pts',(11.1245293821379,14.928186802306,1.6));
#14212=CARTESIAN_POINT('Ctrl Pts',(11.1245293821379,14.928186802306,2.));
#14213=CARTESIAN_POINT('Ctrl Pts',(10.9106968950597,15.0548678555344,1.6));
#14214=CARTESIAN_POINT('Ctrl Pts',(10.9106968950597,15.0548678555344,2.));
#14215=CARTESIAN_POINT('Ctrl Pts',(10.6610932335449,15.0617592143698,1.6));
#14216=CARTESIAN_POINT('Ctrl Pts',(10.6610932335449,15.0617592143698,2.));
#14217=CARTESIAN_POINT('Ctrl Pts',(10.5224676631889,15.0655865562576,1.6));
#14218=CARTESIAN_POINT('Ctrl Pts',(10.5224676631889,15.0655865562576,2.));
#14219=CARTESIAN_POINT('',(11.2196029924354,14.8718622220177,2.));
#14220=CARTESIAN_POINT('Ctrl Pts',(11.2196029924354,14.8718622220177,2.));
#14221=CARTESIAN_POINT('Ctrl Pts',(11.1245293821379,14.928186802306,2.));
#14222=CARTESIAN_POINT('Ctrl Pts',(10.9106968950597,15.0548678555344,2.));
#14223=CARTESIAN_POINT('Ctrl Pts',(10.6610932335449,15.0617592143698,2.));
#14224=CARTESIAN_POINT('Ctrl Pts',(10.5224676631889,15.0655865562576,2.));
#14225=CARTESIAN_POINT('',(11.2196029924354,14.8718622220177,2.));
#14226=CARTESIAN_POINT('Ctrl Pts',(11.4965470336875,14.2988744271416,1.6));
#14227=CARTESIAN_POINT('Ctrl Pts',(11.4965470336875,14.2988744271416,2.));
#14228=CARTESIAN_POINT('Ctrl Pts',(11.4774710814351,14.4152340972115,1.6));
#14229=CARTESIAN_POINT('Ctrl Pts',(11.4774710814351,14.4152340972115,2.));
#14230=CARTESIAN_POINT('Ctrl Pts',(11.4415471232227,14.6343633899396,1.6));
#14231=CARTESIAN_POINT('Ctrl Pts',(11.4415471232227,14.6343633899396,2.));
#14232=CARTESIAN_POINT('Ctrl Pts',(11.2904609962433,14.7960382158226,1.6));
#14233=CARTESIAN_POINT('Ctrl Pts',(11.2904609962433,14.7960382158226,2.));
#14234=CARTESIAN_POINT('Ctrl Pts',(11.2196029924354,14.8718622220177,1.6));
#14235=CARTESIAN_POINT('Ctrl Pts',(11.2196029924354,14.8718622220177,2.));
#14236=CARTESIAN_POINT('',(11.4965470336875,14.2988744271416,2.));
#14237=CARTESIAN_POINT('Ctrl Pts',(11.4965470336875,14.2988744271416,2.));
#14238=CARTESIAN_POINT('Ctrl Pts',(11.4774710814351,14.4152340972115,2.));
#14239=CARTESIAN_POINT('Ctrl Pts',(11.4415471232227,14.6343633899396,2.));
#14240=CARTESIAN_POINT('Ctrl Pts',(11.2904609962433,14.7960382158226,2.));
#14241=CARTESIAN_POINT('Ctrl Pts',(11.2196029924354,14.8718622220177,2.));
#14242=CARTESIAN_POINT('',(11.4965470336875,14.2988744271416,2.));
#14243=CARTESIAN_POINT('Origin',(11.7502989076576,14.3179739905018,2.));
#14244=CARTESIAN_POINT('',(12.0040507816276,14.337073553862,2.));
#14245=CARTESIAN_POINT('',(20.430938386298,14.9713540863234,2.));
#14246=CARTESIAN_POINT('',(12.0040507816276,14.337073553862,2.));
#14247=CARTESIAN_POINT('Ctrl Pts',(11.8075974487266,14.9673598898071,1.6));
#14248=CARTESIAN_POINT('Ctrl Pts',(11.8075974487266,14.9673598898071,2.));
#14249=CARTESIAN_POINT('Ctrl Pts',(11.8615156293865,14.8706736672941,1.6));
#14250=CARTESIAN_POINT('Ctrl Pts',(11.8615156293865,14.8706736672941,2.));
#14251=CARTESIAN_POINT('Ctrl Pts',(11.9709780662264,14.6743853393945,1.6));
#14252=CARTESIAN_POINT('Ctrl Pts',(11.9709780662264,14.6743853393945,2.));
#14253=CARTESIAN_POINT('Ctrl Pts',(11.9929179036625,14.4506188403304,1.6));
#14254=CARTESIAN_POINT('Ctrl Pts',(11.9929179036625,14.4506188403304,2.));
#14255=CARTESIAN_POINT('Ctrl Pts',(12.0040507816276,14.337073553862,1.6));
#14256=CARTESIAN_POINT('Ctrl Pts',(12.0040507816276,14.337073553862,2.));
#14257=CARTESIAN_POINT('',(11.8075974487266,14.9673598898071,2.));
#14258=CARTESIAN_POINT('Ctrl Pts',(11.8075974487266,14.9673598898071,2.));
#14259=CARTESIAN_POINT('Ctrl Pts',(11.8615156293865,14.8706736672941,2.));
#14260=CARTESIAN_POINT('Ctrl Pts',(11.9709780662264,14.6743853393945,2.));
#14261=CARTESIAN_POINT('Ctrl Pts',(11.9929179036625,14.4506188403304,2.));
#14262=CARTESIAN_POINT('Ctrl Pts',(12.0040507816276,14.337073553862,2.));
#14263=CARTESIAN_POINT('',(11.8075974487266,14.9673598898071,2.));
#14264=CARTESIAN_POINT('Ctrl Pts',(11.2850870393714,15.3889152300972,1.6));
#14265=CARTESIAN_POINT('Ctrl Pts',(11.2850870393714,15.3889152300972,2.));
#14266=CARTESIAN_POINT('Ctrl Pts',(11.3908999609637,15.3368599376935,1.6));
#14267=CARTESIAN_POINT('Ctrl Pts',(11.3908999609637,15.3368599376935,2.));
#14268=CARTESIAN_POINT('Ctrl Pts',(11.5969313247187,15.2355015901191,1.6));
#14269=CARTESIAN_POINT('Ctrl Pts',(11.5969313247187,15.2355015901191,2.));
#14270=CARTESIAN_POINT('Ctrl Pts',(11.7386582025407,15.055107679242,1.6));
#14271=CARTESIAN_POINT('Ctrl Pts',(11.7386582025407,15.055107679242,2.));
#14272=CARTESIAN_POINT('Ctrl Pts',(11.8075974487266,14.9673598898071,1.6));
#14273=CARTESIAN_POINT('Ctrl Pts',(11.8075974487266,14.9673598898071,2.));
#14274=CARTESIAN_POINT('',(11.2850870393714,15.3889152300972,2.));
#14275=CARTESIAN_POINT('Ctrl Pts',(11.2850870393714,15.3889152300972,2.));
#14276=CARTESIAN_POINT('Ctrl Pts',(11.3908999609637,15.3368599376935,2.));
#14277=CARTESIAN_POINT('Ctrl Pts',(11.5969313247187,15.2355015901191,2.));
#14278=CARTESIAN_POINT('Ctrl Pts',(11.7386582025407,15.055107679242,2.));
#14279=CARTESIAN_POINT('Ctrl Pts',(11.8075974487266,14.9673598898071,2.));
#14280=CARTESIAN_POINT('',(11.2850870393714,15.3889152300972,2.));
#14281=CARTESIAN_POINT('Ctrl Pts',(10.5006398462257,15.5321621788162,1.6));
#14282=CARTESIAN_POINT('Ctrl Pts',(10.5006398462257,15.5321621788162,2.));
#14283=CARTESIAN_POINT('Ctrl Pts',(10.6414869396901,15.5274310530155,1.6));
#14284=CARTESIAN_POINT('Ctrl Pts',(10.6414869396901,15.5274310530155,2.));
#14285=CARTESIAN_POINT('Ctrl Pts',(10.9102340045717,15.5184037018559,1.6));
#14286=CARTESIAN_POINT('Ctrl Pts',(10.9102340045717,15.5184037018559,2.));
#14287=CARTESIAN_POINT('Ctrl Pts',(11.1642146060768,15.4306691582025,1.6));
#14288=CARTESIAN_POINT('Ctrl Pts',(11.1642146060768,15.4306691582025,2.));
#14289=CARTESIAN_POINT('Ctrl Pts',(11.2850870393714,15.3889152300972,1.6));
#14290=CARTESIAN_POINT('Ctrl Pts',(11.2850870393714,15.3889152300972,2.));
#14291=CARTESIAN_POINT('',(10.5006398462257,15.5321621788162,2.));
#14292=CARTESIAN_POINT('Ctrl Pts',(10.5006398462257,15.5321621788162,2.));
#14293=CARTESIAN_POINT('Ctrl Pts',(10.6414869396901,15.5274310530155,2.));
#14294=CARTESIAN_POINT('Ctrl Pts',(10.9102340045717,15.5184037018559,2.));
#14295=CARTESIAN_POINT('Ctrl Pts',(11.1642146060768,15.4306691582025,2.));
#14296=CARTESIAN_POINT('Ctrl Pts',(11.2850870393714,15.3889152300972,2.));
#14297=CARTESIAN_POINT('',(10.5006398462257,15.5321621788162,2.));
#14298=CARTESIAN_POINT('Ctrl Pts',(9.76666974057764,15.3957366836685,1.6));
#14299=CARTESIAN_POINT('Ctrl Pts',(9.76666974057764,15.3957366836685,2.));
#14300=CARTESIAN_POINT('Ctrl Pts',(9.88178611020352,15.4355165141642,1.6));
#14301=CARTESIAN_POINT('Ctrl Pts',(9.88178611020352,15.4355165141642,2.));
#14302=CARTESIAN_POINT('Ctrl Pts',(10.1195080390727,15.5176641536897,1.6));
#14303=CARTESIAN_POINT('Ctrl Pts',(10.1195080390727,15.5176641536897,2.));
#14304=CARTESIAN_POINT('Ctrl Pts',(10.3709553788924,15.5272290595367,1.6));
#14305=CARTESIAN_POINT('Ctrl Pts',(10.3709553788924,15.5272290595367,2.));
#14306=CARTESIAN_POINT('Ctrl Pts',(10.5006398462257,15.5321621788162,1.6));
#14307=CARTESIAN_POINT('Ctrl Pts',(10.5006398462257,15.5321621788162,2.));
#14308=CARTESIAN_POINT('',(9.76666974057764,15.3957366836685,2.));
#14309=CARTESIAN_POINT('Ctrl Pts',(9.76666974057764,15.3957366836685,2.));
#14310=CARTESIAN_POINT('Ctrl Pts',(9.88178611020352,15.4355165141642,2.));
#14311=CARTESIAN_POINT('Ctrl Pts',(10.1195080390727,15.5176641536897,2.));
#14312=CARTESIAN_POINT('Ctrl Pts',(10.3709553788924,15.5272290595367,2.));
#14313=CARTESIAN_POINT('Ctrl Pts',(10.5006398462257,15.5321621788162,2.));
#14314=CARTESIAN_POINT('',(9.76666974057764,15.3957366836685,2.));
#14315=CARTESIAN_POINT('Ctrl Pts',(9.26462339391321,14.9960094583649,1.6));
#14316=CARTESIAN_POINT('Ctrl Pts',(9.26462339391321,14.9960094583649,2.));
#14317=CARTESIAN_POINT('Ctrl Pts',(9.33028233142243,15.0792019956712,1.6));
#14318=CARTESIAN_POINT('Ctrl Pts',(9.33028233142243,15.0792019956712,2.));
#14319=CARTESIAN_POINT('Ctrl Pts',(9.466232913701,15.2514568983103,1.6));
#14320=CARTESIAN_POINT('Ctrl Pts',(9.466232913701,15.2514568983103,2.));
#14321=CARTESIAN_POINT('Ctrl Pts',(9.66427461513353,15.3465631290335,1.6));
#14322=CARTESIAN_POINT('Ctrl Pts',(9.66427461513353,15.3465631290335,2.));
#14323=CARTESIAN_POINT('Ctrl Pts',(9.76666974057764,15.3957366836685,1.6));
#14324=CARTESIAN_POINT('Ctrl Pts',(9.76666974057764,15.3957366836685,2.));
#14325=CARTESIAN_POINT('',(9.26462339391321,14.9960094583649,2.));
#14326=CARTESIAN_POINT('Ctrl Pts',(9.26462339391321,14.9960094583649,2.));
#14327=CARTESIAN_POINT('Ctrl Pts',(9.33028233142243,15.0792019956712,2.));
#14328=CARTESIAN_POINT('Ctrl Pts',(9.466232913701,15.2514568983103,2.));
#14329=CARTESIAN_POINT('Ctrl Pts',(9.66427461513353,15.3465631290335,2.));
#14330=CARTESIAN_POINT('Ctrl Pts',(9.76666974057764,15.3957366836685,2.));
#14331=CARTESIAN_POINT('',(9.26462339391321,14.9960094583649,2.));
#14332=CARTESIAN_POINT('Ctrl Pts',(9.09272717465967,14.4298431170601,1.6));
#14333=CARTESIAN_POINT('Ctrl Pts',(9.09272717465967,14.4298431170601,2.));
#14334=CARTESIAN_POINT('Ctrl Pts',(9.1001714422935,14.5295789901881,1.6));
#14335=CARTESIAN_POINT('Ctrl Pts',(9.1001714422935,14.5295789901881,2.));
#14336=CARTESIAN_POINT('Ctrl Pts',(9.11521019542388,14.7310633064421,1.6));
#14337=CARTESIAN_POINT('Ctrl Pts',(9.11521019542388,14.7310633064421,2.));
#14338=CARTESIAN_POINT('Ctrl Pts',(9.21448844028929,14.907107921059,1.6));
#14339=CARTESIAN_POINT('Ctrl Pts',(9.21448844028929,14.907107921059,2.));
#14340=CARTESIAN_POINT('Ctrl Pts',(9.26462339391321,14.9960094583649,1.6));
#14341=CARTESIAN_POINT('Ctrl Pts',(9.26462339391321,14.9960094583649,2.));
#14342=CARTESIAN_POINT('',(9.09272717465967,14.4298431170601,2.));
#14343=CARTESIAN_POINT('Ctrl Pts',(9.09272717465967,14.4298431170601,2.));
#14344=CARTESIAN_POINT('Ctrl Pts',(9.1001714422935,14.5295789901881,2.));
#14345=CARTESIAN_POINT('Ctrl Pts',(9.11521019542388,14.7310633064421,2.));
#14346=CARTESIAN_POINT('Ctrl Pts',(9.21448844028929,14.907107921059,2.));
#14347=CARTESIAN_POINT('Ctrl Pts',(9.26462339391321,14.9960094583649,2.));
#14348=CARTESIAN_POINT('',(9.09272717465967,14.4298431170601,2.));
#14349=CARTESIAN_POINT('Ctrl Pts',(9.23324542274088,13.9318895233292,1.6));
#14350=CARTESIAN_POINT('Ctrl Pts',(9.23324542274088,13.9318895233292,2.));
#14351=CARTESIAN_POINT('Ctrl Pts',(9.19226266000511,14.0087849388062,1.6));
#14352=CARTESIAN_POINT('Ctrl Pts',(9.19226266000511,14.0087849388062,2.));
#14353=CARTESIAN_POINT('Ctrl Pts',(9.1092724953921,14.1644982866244,1.6));
#14354=CARTESIAN_POINT('Ctrl Pts',(9.1092724953921,14.1644982866244,2.));
#14355=CARTESIAN_POINT('Ctrl Pts',(9.09828749040589,14.3406698056018,1.6));
#14356=CARTESIAN_POINT('Ctrl Pts',(9.09828749040589,14.3406698056018,2.));
#14357=CARTESIAN_POINT('Ctrl Pts',(9.09272717465967,14.4298431170601,1.6));
#14358=CARTESIAN_POINT('Ctrl Pts',(9.09272717465967,14.4298431170601,2.));
#14359=CARTESIAN_POINT('',(9.23324542274088,13.9318895233292,2.));
#14360=CARTESIAN_POINT('Ctrl Pts',(9.23324542274088,13.9318895233292,2.));
#14361=CARTESIAN_POINT('Ctrl Pts',(9.19226266000511,14.0087849388062,2.));
#14362=CARTESIAN_POINT('Ctrl Pts',(9.1092724953921,14.1644982866244,2.));
#14363=CARTESIAN_POINT('Ctrl Pts',(9.09828749040589,14.3406698056018,2.));
#14364=CARTESIAN_POINT('Ctrl Pts',(9.09272717465967,14.4298431170601,2.));
#14365=CARTESIAN_POINT('',(9.23324542274088,13.9318895233292,2.));
#14366=CARTESIAN_POINT('Ctrl Pts',(9.66025786628336,13.5594472182411,1.6));
#14367=CARTESIAN_POINT('Ctrl Pts',(9.66025786628336,13.5594472182411,2.));
#14368=CARTESIAN_POINT('Ctrl Pts',(9.57229418350229,13.6102633670507,1.6));
#14369=CARTESIAN_POINT('Ctrl Pts',(9.57229418350229,13.6102633670507,2.));
#14370=CARTESIAN_POINT('Ctrl Pts',(9.40540850517664,13.7066723303394,1.6));
#14371=CARTESIAN_POINT('Ctrl Pts',(9.40540850517664,13.7066723303394,2.));
#14372=CARTESIAN_POINT('Ctrl Pts',(9.28852219181404,13.8595785575166,1.6));
#14373=CARTESIAN_POINT('Ctrl Pts',(9.28852219181404,13.8595785575166,2.));
#14374=CARTESIAN_POINT('Ctrl Pts',(9.23324542274088,13.9318895233292,1.6));
#14375=CARTESIAN_POINT('Ctrl Pts',(9.23324542274088,13.9318895233292,2.));
#14376=CARTESIAN_POINT('',(9.66025786628336,13.5594472182411,2.));
#14377=CARTESIAN_POINT('Ctrl Pts',(9.66025786628336,13.5594472182411,2.));
#14378=CARTESIAN_POINT('Ctrl Pts',(9.57229418350229,13.6102633670507,2.));
#14379=CARTESIAN_POINT('Ctrl Pts',(9.40540850517664,13.7066723303394,2.));
#14380=CARTESIAN_POINT('Ctrl Pts',(9.28852219181404,13.8595785575166,2.));
#14381=CARTESIAN_POINT('Ctrl Pts',(9.23324542274088,13.9318895233292,2.));
#14382=CARTESIAN_POINT('',(9.66025786628336,13.5594472182411,2.));
#14383=CARTESIAN_POINT('Ctrl Pts',(10.4324270986518,13.3097883952278,1.6));
#14384=CARTESIAN_POINT('Ctrl Pts',(10.4324270986518,13.3097883952278,2.));
#14385=CARTESIAN_POINT('Ctrl Pts',(10.2744997034441,13.3475210948033,1.6));
#14386=CARTESIAN_POINT('Ctrl Pts',(10.2744997034441,13.3475210948033,2.));
#14387=CARTESIAN_POINT('Ctrl Pts',(10.0103634954861,13.4106296654777,1.6));
#14388=CARTESIAN_POINT('Ctrl Pts',(10.0103634954861,13.4106296654777,2.));
#14389=CARTESIAN_POINT('Ctrl Pts',(9.76066235705712,13.5167688110489,1.6));
#14390=CARTESIAN_POINT('Ctrl Pts',(9.76066235705712,13.5167688110489,2.));
#14391=CARTESIAN_POINT('Ctrl Pts',(9.66025786628336,13.5594472182411,1.6));
#14392=CARTESIAN_POINT('Ctrl Pts',(9.66025786628336,13.5594472182411,2.));
#14393=CARTESIAN_POINT('',(10.4324270986518,13.3097883952278,2.));
#14394=CARTESIAN_POINT('Ctrl Pts',(10.4324270986518,13.3097883952278,2.));
#14395=CARTESIAN_POINT('Ctrl Pts',(10.2744997034441,13.3475210948033,2.));
#14396=CARTESIAN_POINT('Ctrl Pts',(10.0103634954861,13.4106296654777,2.));
#14397=CARTESIAN_POINT('Ctrl Pts',(9.76066235705712,13.5167688110489,2.));
#14398=CARTESIAN_POINT('Ctrl Pts',(9.66025786628336,13.5594472182411,2.));
#14399=CARTESIAN_POINT('',(10.4324270986518,13.3097883952278,2.));
#14400=CARTESIAN_POINT('Ctrl Pts',(11.144568493267,13.1146997106689,1.6));
#14401=CARTESIAN_POINT('Ctrl Pts',(11.144568493267,13.1146997106689,2.));
#14402=CARTESIAN_POINT('Ctrl Pts',(11.0586280906642,13.1422512232053,1.6));
#14403=CARTESIAN_POINT('Ctrl Pts',(11.0586280906642,13.1422512232053,2.));
#14404=CARTESIAN_POINT('Ctrl Pts',(10.8241063402753,13.2174362206013,1.6));
#14405=CARTESIAN_POINT('Ctrl Pts',(10.8241063402753,13.2174362206013,2.));
#14406=CARTESIAN_POINT('Ctrl Pts',(10.5843345875171,13.2739708551391,1.6));
#14407=CARTESIAN_POINT('Ctrl Pts',(10.5843345875171,13.2739708551391,2.));
#14408=CARTESIAN_POINT('Ctrl Pts',(10.4324270986518,13.3097883952278,1.6));
#14409=CARTESIAN_POINT('Ctrl Pts',(10.4324270986518,13.3097883952278,2.));
#14410=CARTESIAN_POINT('',(11.144568493267,13.1146997106689,2.));
#14411=CARTESIAN_POINT('Ctrl Pts',(11.144568493267,13.1146997106689,2.));
#14412=CARTESIAN_POINT('Ctrl Pts',(11.0586280906642,13.1422512232053,2.));
#14413=CARTESIAN_POINT('Ctrl Pts',(10.8241063402753,13.2174362206013,2.));
#14414=CARTESIAN_POINT('Ctrl Pts',(10.5843345875171,13.2739708551391,2.));
#14415=CARTESIAN_POINT('Ctrl Pts',(10.4324270986518,13.3097883952278,2.));
#14416=CARTESIAN_POINT('',(11.144568493267,13.1146997106689,2.));
#14417=CARTESIAN_POINT('Ctrl Pts',(11.5047325395545,12.8786831987518,1.6));
#14418=CARTESIAN_POINT('Ctrl Pts',(11.5047325395545,12.8786831987518,2.));
#14419=CARTESIAN_POINT('Ctrl Pts',(11.4587015811895,12.9249837239236,1.6));
#14420=CARTESIAN_POINT('Ctrl Pts',(11.4587015811895,12.9249837239236,2.));
#14421=CARTESIAN_POINT('Ctrl Pts',(11.355585956367,13.028703215159,1.6));
#14422=CARTESIAN_POINT('Ctrl Pts',(11.355585956367,13.028703215159,2.));
#14423=CARTESIAN_POINT('Ctrl Pts',(11.2197610001065,13.0840563128107,1.6));
#14424=CARTESIAN_POINT('Ctrl Pts',(11.2197610001065,13.0840563128107,2.));
#14425=CARTESIAN_POINT('Ctrl Pts',(11.144568493267,13.1146997106689,1.6));
#14426=CARTESIAN_POINT('Ctrl Pts',(11.144568493267,13.1146997106689,2.));
#14427=CARTESIAN_POINT('',(11.5047325395545,12.8786831987518,2.));
#14428=CARTESIAN_POINT('Ctrl Pts',(11.5047325395545,12.8786831987518,2.));
#14429=CARTESIAN_POINT('Ctrl Pts',(11.4587015811895,12.9249837239236,2.));
#14430=CARTESIAN_POINT('Ctrl Pts',(11.355585956367,13.028703215159,2.));
#14431=CARTESIAN_POINT('Ctrl Pts',(11.2197610001065,13.0840563128107,2.));
#14432=CARTESIAN_POINT('Ctrl Pts',(11.144568493267,13.1146997106689,2.));
#14433=CARTESIAN_POINT('',(11.5047325395545,12.8786831987518,2.));
#14434=CARTESIAN_POINT('Ctrl Pts',(11.6138728164634,12.5498974216598,1.6));
#14435=CARTESIAN_POINT('Ctrl Pts',(11.6138728164634,12.5498974216598,2.));
#14436=CARTESIAN_POINT('Ctrl Pts',(11.609610618536,12.6102925276727,1.6));
#14437=CARTESIAN_POINT('Ctrl Pts',(11.609610618536,12.6102925276727,2.));
#14438=CARTESIAN_POINT('Ctrl Pts',(11.6012149387746,12.7292588398595,1.6));
#14439=CARTESIAN_POINT('Ctrl Pts',(11.6012149387746,12.7292588398595,2.));
#14440=CARTESIAN_POINT('Ctrl Pts',(11.5365629410891,12.8293867739009,1.6));
#14441=CARTESIAN_POINT('Ctrl Pts',(11.5365629410891,12.8293867739009,2.));
#14442=CARTESIAN_POINT('Ctrl Pts',(11.5047325395545,12.8786831987518,1.6));
#14443=CARTESIAN_POINT('Ctrl Pts',(11.5047325395545,12.8786831987518,2.));
#14444=CARTESIAN_POINT('',(11.6138728164634,12.5498974216598,2.));
#14445=CARTESIAN_POINT('Ctrl Pts',(11.6138728164634,12.5498974216598,2.));
#14446=CARTESIAN_POINT('Ctrl Pts',(11.609610618536,12.6102925276727,2.));
#14447=CARTESIAN_POINT('Ctrl Pts',(11.6012149387746,12.7292588398595,2.));
#14448=CARTESIAN_POINT('Ctrl Pts',(11.5365629410891,12.8293867739009,2.));
#14449=CARTESIAN_POINT('Ctrl Pts',(11.5047325395545,12.8786831987518,2.));
#14450=CARTESIAN_POINT('',(11.6138728164634,12.5498974216598,2.));
#14451=CARTESIAN_POINT('Ctrl Pts',(11.5006394885978,12.2074690354484,1.6));
#14452=CARTESIAN_POINT('Ctrl Pts',(11.5006394885978,12.2074690354484,2.));
#14453=CARTESIAN_POINT('Ctrl Pts',(11.5336645111792,12.2606028121644,1.6));
#14454=CARTESIAN_POINT('Ctrl Pts',(11.5336645111792,12.2606028121644,2.));
#14455=CARTESIAN_POINT('Ctrl Pts',(11.5989777522855,12.3656849256131,1.6));
#14456=CARTESIAN_POINT('Ctrl Pts',(11.5989777522855,12.3656849256131,2.));
#14457=CARTESIAN_POINT('Ctrl Pts',(11.6089452765584,12.4889568030476,1.6));
#14458=CARTESIAN_POINT('Ctrl Pts',(11.6089452765584,12.4889568030476,2.));
#14459=CARTESIAN_POINT('Ctrl Pts',(11.6138728164634,12.5498974216598,1.6));
#14460=CARTESIAN_POINT('Ctrl Pts',(11.6138728164634,12.5498974216598,2.));
#14461=CARTESIAN_POINT('',(11.5006394885978,12.2074690354484,2.));
#14462=CARTESIAN_POINT('Ctrl Pts',(11.5006394885978,12.2074690354484,2.));
#14463=CARTESIAN_POINT('Ctrl Pts',(11.5336645111792,12.2606028121644,2.));
#14464=CARTESIAN_POINT('Ctrl Pts',(11.5989777522855,12.3656849256131,2.));
#14465=CARTESIAN_POINT('Ctrl Pts',(11.6089452765584,12.4889568030476,2.));
#14466=CARTESIAN_POINT('Ctrl Pts',(11.6138728164634,12.5498974216598,2.));
#14467=CARTESIAN_POINT('',(11.5006394885978,12.2074690354484,2.));
#14468=CARTESIAN_POINT('Ctrl Pts',(11.1554826997718,11.9605386150497,1.6));
#14469=CARTESIAN_POINT('Ctrl Pts',(11.1554826997718,11.9605386150497,2.));
#14470=CARTESIAN_POINT('Ctrl Pts',(11.2263647563218,11.991377581002,1.6));
#14471=CARTESIAN_POINT('Ctrl Pts',(11.2263647563218,11.991377581002,2.));
#14472=CARTESIAN_POINT('Ctrl Pts',(11.3592905596798,12.0492101908818,1.6));
#14473=CARTESIAN_POINT('Ctrl Pts',(11.3592905596798,12.0492101908818,2.));
#14474=CARTESIAN_POINT('Ctrl Pts',(11.4556590434468,12.1571074704038,1.6));
#14475=CARTESIAN_POINT('Ctrl Pts',(11.4556590434468,12.1571074704038,2.));
#14476=CARTESIAN_POINT('Ctrl Pts',(11.5006394885978,12.2074690354484,1.6));
#14477=CARTESIAN_POINT('Ctrl Pts',(11.5006394885978,12.2074690354484,2.));
#14478=CARTESIAN_POINT('',(11.1554826997718,11.9605386150497,2.));
#14479=CARTESIAN_POINT('Ctrl Pts',(11.1554826997718,11.9605386150497,2.));
#14480=CARTESIAN_POINT('Ctrl Pts',(11.2263647563218,11.991377581002,2.));
#14481=CARTESIAN_POINT('Ctrl Pts',(11.3592905596798,12.0492101908818,2.));
#14482=CARTESIAN_POINT('Ctrl Pts',(11.4556590434468,12.1571074704038,2.));
#14483=CARTESIAN_POINT('Ctrl Pts',(11.5006394885978,12.2074690354484,2.));
#14484=CARTESIAN_POINT('',(11.1554826997718,11.9605386150497,2.));
#14485=CARTESIAN_POINT('Ctrl Pts',(10.6206943296394,11.8704977524895,1.6));
#14486=CARTESIAN_POINT('Ctrl Pts',(10.6206943296394,11.8704977524895,2.));
#14487=CARTESIAN_POINT('Ctrl Pts',(10.716528282585,11.8734348470909,1.6));
#14488=CARTESIAN_POINT('Ctrl Pts',(10.716528282585,11.8734348470909,2.));
#14489=CARTESIAN_POINT('Ctrl Pts',(10.8990201872009,11.8790278125418,1.6));
#14490=CARTESIAN_POINT('Ctrl Pts',(10.8990201872009,11.8790278125418,2.));
#14491=CARTESIAN_POINT('Ctrl Pts',(11.0729096814307,11.9342946508812,1.6));
#14492=CARTESIAN_POINT('Ctrl Pts',(11.0729096814307,11.9342946508812,2.));
#14493=CARTESIAN_POINT('Ctrl Pts',(11.1554826997718,11.9605386150497,1.6));
#14494=CARTESIAN_POINT('Ctrl Pts',(11.1554826997718,11.9605386150497,2.));
#14495=CARTESIAN_POINT('',(10.6206943296394,11.8704977524895,2.));
#14496=CARTESIAN_POINT('Ctrl Pts',(10.6206943296394,11.8704977524895,2.));
#14497=CARTESIAN_POINT('Ctrl Pts',(10.716528282585,11.8734348470909,2.));
#14498=CARTESIAN_POINT('Ctrl Pts',(10.8990201872009,11.8790278125418,2.));
#14499=CARTESIAN_POINT('Ctrl Pts',(11.0729096814307,11.9342946508812,2.));
#14500=CARTESIAN_POINT('Ctrl Pts',(11.1554826997718,11.9605386150497,2.));
#14501=CARTESIAN_POINT('',(10.6206943296394,11.8704977524895,2.));
#14502=CARTESIAN_POINT('Ctrl Pts',(10.0067790054282,11.9891881836075,1.6));
#14503=CARTESIAN_POINT('Ctrl Pts',(10.0067790054282,11.9891881836075,2.));
#14504=CARTESIAN_POINT('Ctrl Pts',(10.1024413204267,11.9545818444615,1.6));
#14505=CARTESIAN_POINT('Ctrl Pts',(10.1024413204267,11.9545818444615,2.));
#14506=CARTESIAN_POINT('Ctrl Pts',(10.3007382060727,11.8828469164874,1.6));
#14507=CARTESIAN_POINT('Ctrl Pts',(10.3007382060727,11.8828469164874,2.));
#14508=CARTESIAN_POINT('Ctrl Pts',(10.5115712762612,11.8747095127368,1.6));
#14509=CARTESIAN_POINT('Ctrl Pts',(10.5115712762612,11.8747095127368,2.));
#14510=CARTESIAN_POINT('Ctrl Pts',(10.6206943296394,11.8704977524895,1.6));
#14511=CARTESIAN_POINT('Ctrl Pts',(10.6206943296394,11.8704977524895,2.));
#14512=CARTESIAN_POINT('',(10.0067790054282,11.9891881836075,2.));
#14513=CARTESIAN_POINT('Ctrl Pts',(10.0067790054282,11.9891881836075,2.));
#14514=CARTESIAN_POINT('Ctrl Pts',(10.1024413204267,11.9545818444615,2.));
#14515=CARTESIAN_POINT('Ctrl Pts',(10.3007382060727,11.8828469164874,2.));
#14516=CARTESIAN_POINT('Ctrl Pts',(10.5115712762612,11.8747095127368,2.));
#14517=CARTESIAN_POINT('Ctrl Pts',(10.6206943296394,11.8704977524895,2.));
#14518=CARTESIAN_POINT('',(10.0067790054282,11.9891881836075,2.));
#14519=CARTESIAN_POINT('Ctrl Pts',(9.60432307948678,12.3002385986465,1.6));
#14520=CARTESIAN_POINT('Ctrl Pts',(9.60432307948678,12.3002385986465,2.));
#14521=CARTESIAN_POINT('Ctrl Pts',(9.65616343787941,12.2380725509174,1.6));
#14522=CARTESIAN_POINT('Ctrl Pts',(9.65616343787941,12.2380725509174,2.));
#14523=CARTESIAN_POINT('Ctrl Pts',(9.76714327376392,12.1049874799711,1.6));
#14524=CARTESIAN_POINT('Ctrl Pts',(9.76714327376392,12.1049874799711,2.));
#14525=CARTESIAN_POINT('Ctrl Pts',(9.92347316743878,12.0294441060242,1.6));
#14526=CARTESIAN_POINT('Ctrl Pts',(9.92347316743878,12.0294441060242,2.));
#14527=CARTESIAN_POINT('Ctrl Pts',(10.0067790054282,11.9891881836075,1.6));
#14528=CARTESIAN_POINT('Ctrl Pts',(10.0067790054282,11.9891881836075,2.));
#14529=CARTESIAN_POINT('',(9.60432307948678,12.3002385986465,2.));
#14530=CARTESIAN_POINT('Ctrl Pts',(9.60432307948678,12.3002385986465,2.));
#14531=CARTESIAN_POINT('Ctrl Pts',(9.65616343787941,12.2380725509174,2.));
#14532=CARTESIAN_POINT('Ctrl Pts',(9.76714327376392,12.1049874799711,2.));
#14533=CARTESIAN_POINT('Ctrl Pts',(9.92347316743878,12.0294441060242,2.));
#14534=CARTESIAN_POINT('Ctrl Pts',(10.0067790054282,11.9891881836075,2.));
#14535=CARTESIAN_POINT('',(9.60432307948678,12.3002385986465,2.));
#14536=CARTESIAN_POINT('Ctrl Pts',(9.43924831380456,12.7927350891251,1.6));
#14537=CARTESIAN_POINT('Ctrl Pts',(9.43924831380456,12.7927350891251,2.));
#14538=CARTESIAN_POINT('Ctrl Pts',(9.45333378538086,12.699748725615,1.6));
#14539=CARTESIAN_POINT('Ctrl Pts',(9.45333378538086,12.699748725615,2.));
#14540=CARTESIAN_POINT('Ctrl Pts',(9.47969634074642,12.5257142147365,1.6));
#14541=CARTESIAN_POINT('Ctrl Pts',(9.47969634074642,12.5257142147365,2.));
#14542=CARTESIAN_POINT('Ctrl Pts',(9.56472506699585,12.3718796152741,1.6));
#14543=CARTESIAN_POINT('Ctrl Pts',(9.56472506699585,12.3718796152741,2.));
#14544=CARTESIAN_POINT('Ctrl Pts',(9.60432307948678,12.3002385986465,1.6));
#14545=CARTESIAN_POINT('Ctrl Pts',(9.60432307948678,12.3002385986465,2.));
#14546=CARTESIAN_POINT('',(9.43924831380456,12.7927350891251,2.));
#14547=CARTESIAN_POINT('Ctrl Pts',(9.43924831380456,12.7927350891251,2.));
#14548=CARTESIAN_POINT('Ctrl Pts',(9.45333378538086,12.699748725615,2.));
#14549=CARTESIAN_POINT('Ctrl Pts',(9.47969634074642,12.5257142147365,2.));
#14550=CARTESIAN_POINT('Ctrl Pts',(9.56472506699585,12.3718796152741,2.));
#14551=CARTESIAN_POINT('Ctrl Pts',(9.60432307948678,12.3002385986465,2.));
#14552=CARTESIAN_POINT('',(9.43924831380456,12.7927350891251,2.));
#14553=CARTESIAN_POINT('Origin',(9.18958934177964,12.7709069741386,2.));
#14554=CARTESIAN_POINT('',(8.93993036975473,12.7490788591522,2.));
#14555=CARTESIAN_POINT('',(19.2478666430489,13.6503195252545,2.));
#14556=CARTESIAN_POINT('',(8.93993036975473,12.7490788591522,2.));
#14557=CARTESIAN_POINT('Ctrl Pts',(9.15957557191461,12.0301157129425,1.6));
#14558=CARTESIAN_POINT('Ctrl Pts',(9.15957557191461,12.0301157129425,2.));
#14559=CARTESIAN_POINT('Ctrl Pts',(9.09821899109452,12.1404650124036,1.6));
#14560=CARTESIAN_POINT('Ctrl Pts',(9.09821899109452,12.1404650124036,2.));
#14561=CARTESIAN_POINT('Ctrl Pts',(8.973737377026,12.3643441582859,1.6));
#14562=CARTESIAN_POINT('Ctrl Pts',(8.973737377026,12.3643441582859,2.));
#14563=CARTESIAN_POINT('Ctrl Pts',(8.95130559813042,12.6196250730985,1.6));
#14564=CARTESIAN_POINT('Ctrl Pts',(8.95130559813042,12.6196250730985,2.));
#14565=CARTESIAN_POINT('Ctrl Pts',(8.93993036975473,12.7490788591522,1.6));
#14566=CARTESIAN_POINT('Ctrl Pts',(8.93993036975473,12.7490788591522,2.));
#14567=CARTESIAN_POINT('Ctrl Pts',(9.15957557191461,12.0301157129425,2.));
#14568=CARTESIAN_POINT('Ctrl Pts',(9.09821899109452,12.1404650124036,2.));
#14569=CARTESIAN_POINT('Ctrl Pts',(8.973737377026,12.3643441582859,2.));
#14570=CARTESIAN_POINT('Ctrl Pts',(8.95130559813042,12.6196250730985,2.));
#14571=CARTESIAN_POINT('Ctrl Pts',(8.93993036975473,12.7490788591522,2.));
#14572=CARTESIAN_POINT('Origin',(28.5,23.75,2.));
#14573=CARTESIAN_POINT('Origin',(28.5,23.75,2.));
#14574=CARTESIAN_POINT('Origin',(28.5,23.75,2.));
#14575=CARTESIAN_POINT('Origin',(28.5,23.75,2.));
#14576=CARTESIAN_POINT('Origin',(28.5,23.75,2.));
#14577=CARTESIAN_POINT('Origin',(28.5,23.75,2.));
#14578=CARTESIAN_POINT('Origin',(28.5,23.75,2.));
#14579=CARTESIAN_POINT('Origin',(28.5,23.75,2.));
#14580=CARTESIAN_POINT('Origin',(52.,11.875,5.));
#14581=CARTESIAN_POINT('',(57.,5.,5.));
#14582=CARTESIAN_POINT('',(52.,5.,0.));
#14583=CARTESIAN_POINT('Origin',(52.,5.,5.));
#14584=CARTESIAN_POINT('',(52.,42.5,0.));
#14585=CARTESIAN_POINT('',(52.,11.875,0.));
#14586=CARTESIAN_POINT('',(57.,42.5,5.));
#14587=CARTESIAN_POINT('Origin',(52.,42.5,5.));
#14588=CARTESIAN_POINT('',(57.,11.875,5.));
#14589=CARTESIAN_POINT('Origin',(42.75,42.5,5.));
#14590=CARTESIAN_POINT('',(52.,47.5,5.));
#14591=CARTESIAN_POINT('Origin',(52.,42.5,5.));
#14592=CARTESIAN_POINT('',(5.,42.5,0.));
#14593=CARTESIAN_POINT('',(42.75,42.5,0.));
#14594=CARTESIAN_POINT('',(5.,47.5,5.));
#14595=CARTESIAN_POINT('Origin',(5.,42.5,5.));
#14596=CARTESIAN_POINT('',(42.75,47.5,5.));
#14597=CARTESIAN_POINT('Origin',(52.,42.5,5.));
#14598=CARTESIAN_POINT('Origin',(52.,42.5,5.));
#14599=CARTESIAN_POINT('Origin',(5.,35.625,5.));
#14600=CARTESIAN_POINT('',(0.,42.5,5.));
#14601=CARTESIAN_POINT('Origin',(5.,42.5,5.));
#14602=CARTESIAN_POINT('',(5.,5.,0.));
#14603=CARTESIAN_POINT('',(5.,35.625,0.));
#14604=CARTESIAN_POINT('',(0.,5.,5.));
#14605=CARTESIAN_POINT('Origin',(5.,5.,5.));
#14606=CARTESIAN_POINT('',(0.,35.625,5.));
#14607=CARTESIAN_POINT('Origin',(5.,42.5,5.));
#14608=CARTESIAN_POINT('Origin',(5.,42.5,5.));
#14609=CARTESIAN_POINT('Origin',(14.25,5.,5.));
#14610=CARTESIAN_POINT('',(5.,0.,5.));
#14611=CARTESIAN_POINT('Origin',(5.,5.,5.));
#14612=CARTESIAN_POINT('',(14.25,5.,0.));
#14613=CARTESIAN_POINT('',(52.,0.,5.));
#14614=CARTESIAN_POINT('Origin',(52.,5.,5.));
#14615=CARTESIAN_POINT('',(14.25,0.,5.));
#14616=CARTESIAN_POINT('Origin',(5.,5.,5.));
#14617=CARTESIAN_POINT('Origin',(5.,5.,5.));
#14618=CARTESIAN_POINT('Origin',(52.,5.,5.));
#14619=CARTESIAN_POINT('Origin',(52.,5.,5.));
#14620=CARTESIAN_POINT('Origin',(5.,42.5,0.));
#14621=CARTESIAN_POINT('',(5.5142415249824E-32,42.5,14.));
#14622=CARTESIAN_POINT('',(0.,42.5,0.));
#14623=CARTESIAN_POINT('',(5.,47.5,14.));
#14624=CARTESIAN_POINT('Origin',(5.,42.5,14.));
#14625=CARTESIAN_POINT('',(5.,47.5,0.));
#14626=CARTESIAN_POINT('Origin',(6.16297582203915E-32,47.5,0.));
#14627=CARTESIAN_POINT('',(6.48734297056754E-33,5.,14.));
#14628=CARTESIAN_POINT('',(0.,5.,0.));
#14629=CARTESIAN_POINT('',(6.16297582203915E-32,47.5,14.));
#14630=CARTESIAN_POINT('Origin',(5.,5.,0.));
#14631=CARTESIAN_POINT('',(5.,0.,14.));
#14632=CARTESIAN_POINT('',(5.,0.,0.));
#14633=CARTESIAN_POINT('Origin',(5.,5.,14.));
#14634=CARTESIAN_POINT('Origin',(0.,0.,0.));
#14635=CARTESIAN_POINT('',(52.,0.,14.));
#14636=CARTESIAN_POINT('',(52.,0.,0.));
#14637=CARTESIAN_POINT('',(0.,0.,14.));
#14638=CARTESIAN_POINT('Origin',(28.5,23.75,0.));
#14639=CARTESIAN_POINT('Origin',(28.5,23.75,14.));
#14640=CARTESIAN_POINT('',(57.,5.,14.));
#14641=CARTESIAN_POINT('Origin',(52.,5.,14.));
#14642=CARTESIAN_POINT('',(57.,42.5,14.));
#14643=CARTESIAN_POINT('',(57.,0.,14.));
#14644=CARTESIAN_POINT('',(52.,47.5,14.));
#14645=CARTESIAN_POINT('Origin',(52.,42.5,14.));
#14646=CARTESIAN_POINT('',(57.,47.5,14.));
#14647=CARTESIAN_POINT('',(5.25,45.,14.));
#14648=CARTESIAN_POINT('Origin',(7.,45.,14.));
#14649=CARTESIAN_POINT('',(48.25,45.,14.));
#14650=CARTESIAN_POINT('Origin',(50.,45.,14.));
#14651=CARTESIAN_POINT('',(48.25,2.5,14.));
#14652=CARTESIAN_POINT('Origin',(50.,2.5,14.));
#14653=CARTESIAN_POINT('',(5.25,2.5,14.));
#14654=CARTESIAN_POINT('Origin',(7.,2.5,14.));
#14655=CARTESIAN_POINT('',(55.,40.5,14.));
#14656=CARTESIAN_POINT('',(55.,7.,14.));
#14657=CARTESIAN_POINT('',(55.,40.5,14.));
#14658=CARTESIAN_POINT('',(32.5,7.,14.));
#14659=CARTESIAN_POINT('',(55.,7.,14.));
#14660=CARTESIAN_POINT('',(32.5,5.,14.));
#14661=CARTESIAN_POINT('',(32.5,42.5,14.));
#14662=CARTESIAN_POINT('',(2.,5.,14.));
#14663=CARTESIAN_POINT('',(32.5,5.,14.));
#14664=CARTESIAN_POINT('',(2.,42.5,14.));
#14665=CARTESIAN_POINT('',(2.,5.,14.));
#14666=CARTESIAN_POINT('',(32.5,42.5,14.));
#14667=CARTESIAN_POINT('',(2.,42.5,14.));
#14668=CARTESIAN_POINT('',(32.5,40.5,14.));
#14669=CARTESIAN_POINT('',(32.5,42.5,14.));
#14670=CARTESIAN_POINT('',(32.5,40.5,14.));
#14671=CARTESIAN_POINT('Origin',(57.,47.5,0.));
#14672=CARTESIAN_POINT('',(52.,47.5,0.));
#14673=CARTESIAN_POINT('Origin',(52.,42.5,0.));
#14674=CARTESIAN_POINT('',(57.,42.5,0.));
#14675=CARTESIAN_POINT('Origin',(57.,2.1570415377137E-31,0.));
#14676=CARTESIAN_POINT('',(57.,5.,0.));
#14677=CARTESIAN_POINT('Origin',(52.,5.,0.));
#14678=CARTESIAN_POINT('Origin',(7.,45.,13.9));
#14679=CARTESIAN_POINT('',(5.45,45.,13.8));
#14680=CARTESIAN_POINT('',(5.35,45.,13.9));
#14681=CARTESIAN_POINT('Origin',(7.,45.,13.8));
#14682=CARTESIAN_POINT('Origin',(7.,45.,11.));
#14683=CARTESIAN_POINT('',(5.45,45.,8.));
#14684=CARTESIAN_POINT('',(5.45,45.,11.));
#14685=CARTESIAN_POINT('Origin',(7.,45.,8.));
#14686=CARTESIAN_POINT('Origin',(7.,45.,8.));
#14687=CARTESIAN_POINT('Origin',(50.,45.,13.9));
#14688=CARTESIAN_POINT('',(48.45,45.,13.8));
#14689=CARTESIAN_POINT('',(48.35,45.,13.9));
#14690=CARTESIAN_POINT('Origin',(50.,45.,13.8));
#14691=CARTESIAN_POINT('Origin',(50.,45.,11.));
#14692=CARTESIAN_POINT('',(48.45,45.,8.));
#14693=CARTESIAN_POINT('',(48.45,45.,11.));
#14694=CARTESIAN_POINT('Origin',(50.,45.,8.));
#14695=CARTESIAN_POINT('Origin',(50.,45.,8.));
#14696=CARTESIAN_POINT('Origin',(50.,2.5,13.9));
#14697=CARTESIAN_POINT('',(48.45,2.5,13.8));
#14698=CARTESIAN_POINT('',(48.35,2.5,13.9));
#14699=CARTESIAN_POINT('Origin',(50.,2.5,13.8));
#14700=CARTESIAN_POINT('Origin',(50.,2.5,11.));
#14701=CARTESIAN_POINT('',(48.45,2.5,8.));
#14702=CARTESIAN_POINT('',(48.45,2.5,11.));
#14703=CARTESIAN_POINT('Origin',(50.,2.5,8.));
#14704=CARTESIAN_POINT('Origin',(50.,2.5,8.));
#14705=CARTESIAN_POINT('Origin',(7.,2.5,13.9));
#14706=CARTESIAN_POINT('',(5.45,2.5,13.8));
#14707=CARTESIAN_POINT('',(5.35,2.5,13.9));
#14708=CARTESIAN_POINT('Origin',(7.,2.5,13.8));
#14709=CARTESIAN_POINT('Origin',(7.,2.5,11.));
#14710=CARTESIAN_POINT('',(5.45,2.5,8.));
#14711=CARTESIAN_POINT('',(5.45,2.5,11.));
#14712=CARTESIAN_POINT('Origin',(7.,2.5,8.));
#14713=CARTESIAN_POINT('Origin',(7.,2.5,8.));
#14714=CARTESIAN_POINT('Origin',(32.5,40.5,2.));
#14715=CARTESIAN_POINT('',(55.,40.5,2.));
#14716=CARTESIAN_POINT('',(32.5,40.5,2.));
#14717=CARTESIAN_POINT('',(30.5,40.5,2.));
#14718=CARTESIAN_POINT('',(55.,40.5,2.));
#14719=CARTESIAN_POINT('',(32.5,40.5,2.));
#14720=CARTESIAN_POINT('Origin',(32.5,42.5,2.));
#14721=CARTESIAN_POINT('',(32.5,42.5,2.));
#14722=CARTESIAN_POINT('',(32.5,33.125,2.));
#14723=CARTESIAN_POINT('',(32.5,42.5,2.));
#14724=CARTESIAN_POINT('Origin',(2.,42.5,2.));
#14725=CARTESIAN_POINT('',(2.,42.5,2.));
#14726=CARTESIAN_POINT('',(15.25,42.5,2.));
#14727=CARTESIAN_POINT('',(2.,42.5,2.));
#14728=CARTESIAN_POINT('Origin',(2.,5.,2.));
#14729=CARTESIAN_POINT('',(2.,5.,2.));
#14730=CARTESIAN_POINT('',(2.,14.375,2.));
#14731=CARTESIAN_POINT('',(2.,5.,2.));
#14732=CARTESIAN_POINT('Origin',(32.5,5.,2.));
#14733=CARTESIAN_POINT('',(32.5,5.,2.));
#14734=CARTESIAN_POINT('',(30.5,5.,2.));
#14735=CARTESIAN_POINT('',(32.5,5.,2.));
#14736=CARTESIAN_POINT('Origin',(32.5,7.,2.));
#14737=CARTESIAN_POINT('',(32.5,7.,2.));
#14738=CARTESIAN_POINT('',(32.5,15.375,2.));
#14739=CARTESIAN_POINT('',(32.5,7.,2.));
#14740=CARTESIAN_POINT('Origin',(55.,7.,2.));
#14741=CARTESIAN_POINT('',(55.,7.,2.));
#14742=CARTESIAN_POINT('',(41.75,7.,2.));
#14743=CARTESIAN_POINT('',(55.,7.,2.));
#14744=CARTESIAN_POINT('Origin',(55.,40.5,2.));
#14745=CARTESIAN_POINT('',(55.,32.125,2.));
#14746=CARTESIAN_POINT('Origin',(28.5,23.75,2.));
#14747=UNCERTAINTY_MEASURE_WITH_UNIT(LENGTH_MEASURE(0.01),#14751,
'DISTANCE_ACCURACY_VALUE',
'Maximum model space distance between geometric entities at asserted c
onnectivities');
#14748=UNCERTAINTY_MEASURE_WITH_UNIT(LENGTH_MEASURE(0.01),#14751,
'DISTANCE_ACCURACY_VALUE',
'Maximum model space distance between geometric entities at asserted c
onnectivities');
#14749=(
GEOMETRIC_REPRESENTATION_CONTEXT(3)
GLOBAL_UNCERTAINTY_ASSIGNED_CONTEXT((#14747))
GLOBAL_UNIT_ASSIGNED_CONTEXT((#14751,#14753,#14754))
REPRESENTATION_CONTEXT('','3D')
);
#14750=(
GEOMETRIC_REPRESENTATION_CONTEXT(3)
GLOBAL_UNCERTAINTY_ASSIGNED_CONTEXT((#14748))
GLOBAL_UNIT_ASSIGNED_CONTEXT((#14751,#14753,#14754))
REPRESENTATION_CONTEXT('','3D')
);
#14751=(
LENGTH_UNIT()
NAMED_UNIT(*)
SI_UNIT(.MILLI.,.METRE.)
);
#14752=(
LENGTH_UNIT()
NAMED_UNIT(*)
SI_UNIT($,.METRE.)
);
#14753=(
NAMED_UNIT(*)
PLANE_ANGLE_UNIT()
SI_UNIT($,.RADIAN.)
);
#14754=(
NAMED_UNIT(*)
SI_UNIT($,.STERADIAN.)
SOLID_ANGLE_UNIT()
);
#14755=SHAPE_DEFINITION_REPRESENTATION(#14756,#14757);
#14756=PRODUCT_DEFINITION_SHAPE('',$,#14759);
#14757=SHAPE_REPRESENTATION('',(#7555),#14749);
#14758=PRODUCT_DEFINITION_CONTEXT('part definition',#14763,'design');
#14759=PRODUCT_DEFINITION('Box bracelet','Box bracelet v6',#14760,#14758);
#14760=PRODUCT_DEFINITION_FORMATION('',$,#14765);
#14761=PRODUCT_RELATED_PRODUCT_CATEGORY('Box bracelet v6',
'Box bracelet v6',(#14765));
#14762=APPLICATION_PROTOCOL_DEFINITION('international standard',
'automotive_design',2009,#14763);
#14763=APPLICATION_CONTEXT(
'Core Data for Automotive Mechanical Design Process');
#14764=PRODUCT_CONTEXT('part definition',#14763,'mechanical');
#14765=PRODUCT('Box bracelet','Box bracelet v6',$,(#14764));
#14766=PRESENTATION_STYLE_ASSIGNMENT((#14767));
#14767=SURFACE_STYLE_USAGE(.BOTH.,#14768);
#14768=SURFACE_SIDE_STYLE('',(#14769));
#14769=SURFACE_STYLE_FILL_AREA(#14770);
#14770=FILL_AREA_STYLE('Acier - Satin\X\E9',(#14771));
#14771=FILL_AREA_STYLE_COLOUR('Acier - Satin\X\E9',#14772);
#14772=COLOUR_RGB('Acier - Satin\X\E9',0.627450980392157,0.627450980392157,
0.627450980392157);
ENDSEC;
END-ISO-10303-21;
