ISO-10303-21;
HEADER;
/* Generated by software containing ST-Developer
 * from STEP Tools, Inc. (www.steptools.com) 
 */

FILE_DESCRIPTION(
/* description */ (''),
/* implementation_level */ '2;1');

FILE_NAME(
/* name */ 'cache cache station.step',
/* time_stamp */ '2026-10-05T17:38:01+02:00',
/* author */ (''),
/* organization */ (''),
/* preprocessor_version */ 'ST-DEVELOPER v20.1',
/* originating_system */ 'Autodesk Translation Framework v15.8.0.0',
/* authorisation */ '');

FILE_SCHEMA (('AUTOMOTIVE_DESIGN { 1 0 10303 214 3 1 1 }'));
ENDSEC;

DATA;
#10=MECHANICAL_DESIGN_GEOMETRIC_PRESENTATION_REPRESENTATION('',(#13),#1777);
#11=SHAPE_REPRESENTATION_RELATIONSHIP('SRR','None',#1784,#12);
#12=ADVANCED_BREP_SHAPE_REPRESENTATION('',(#14),#1776);
#13=STYLED_ITEM('',(#1793),#14);
#14=MANIFOLD_SOLID_BREP('Corps5',#784);
#15=B_SPLINE_SURFACE_WITH_KNOTS('',3,3,((#1366,#1367,#1368,#1369),(#1370,
#1371,#1372,#1373),(#1374,#1375,#1376,#1377),(#1378,#1379,#1380,#1381),
(#1382,#1383,#1384,#1385),(#1386,#1387,#1388,#1389),(#1390,#1391,#1392,
#1393),(#1394,#1395,#1396,#1397),(#1398,#1399,#1400,#1401),(#1402,#1403,
#1404,#1405),(#1406,#1407,#1408,#1409),(#1410,#1411,#1412,#1413),(#1414,
#1415,#1416,#1417),(#1418,#1419,#1420,#1421),(#1422,#1423,#1424,#1425),
(#1426,#1427,#1428,#1429),(#1430,#1431,#1432,#1433),(#1434,#1435,#1436,
#1437),(#1438,#1439,#1440,#1441),(#1442,#1443,#1444,#1445),(#1446,#1447,
#1448,#1449),(#1450,#1451,#1452,#1453),(#1454,#1455,#1456,#1457),(#1458,
#1459,#1460,#1461),(#1462,#1463,#1464,#1465),(#1466,#1467,#1468,#1469),
(#1470,#1471,#1472,#1473),(#1474,#1475,#1476,#1477),(#1478,#1479,#1480,
#1481),(#1482,#1483,#1484,#1485),(#1486,#1487,#1488,#1489),(#1490,#1491,
#1492,#1493),(#1494,#1495,#1496,#1497),(#1498,#1499,#1500,#1501),(#1502,
#1503,#1504,#1505),(#1506,#1507,#1508,#1509)),.UNSPECIFIED.,.T.,.F.,.F.,
(4,2,1,1,1,2,1,1,1,1,1,2,1,1,1,2,1,2,1,1,1,2,2,1,1,1,4),(4,4),(0.,0.117248221593152,
0.134547686867696,0.144927366032423,0.158766938252059,0.172606510471695,
0.240615310634135,0.308624110796576,0.376632910959016,0.427639511080847,
0.436140611101152,0.444641711121457,0.458481283341093,0.472320855560728,
0.486160427780364,0.5,0.587936166194864,0.617248221593152,0.631087793812787,
0.644927366032423,0.658766938252059,0.672606510471695,0.944641711121457,
0.958481283341093,0.972320855560729,0.986160427780364,1.),(0.,0.705882352941177),
 .UNSPECIFIED.);
#16=B_SPLINE_SURFACE_WITH_KNOTS('',3,3,((#1629,#1630,#1631,#1632),(#1633,
#1634,#1635,#1636),(#1637,#1638,#1639,#1640),(#1641,#1642,#1643,#1644),
(#1645,#1646,#1647,#1648),(#1649,#1650,#1651,#1652),(#1653,#1654,#1655,
#1656),(#1657,#1658,#1659,#1660),(#1661,#1662,#1663,#1664),(#1665,#1666,
#1667,#1668),(#1669,#1670,#1671,#1672),(#1673,#1674,#1675,#1676),(#1677,
#1678,#1679,#1680),(#1681,#1682,#1683,#1684),(#1685,#1686,#1687,#1688),
(#1689,#1690,#1691,#1692),(#1693,#1694,#1695,#1696),(#1697,#1698,#1699,
#1700),(#1701,#1702,#1703,#1704),(#1705,#1706,#1707,#1708),(#1709,#1710,
#1711,#1712),(#1713,#1714,#1715,#1716),(#1717,#1718,#1719,#1720),(#1721,
#1722,#1723,#1724),(#1725,#1726,#1727,#1728),(#1729,#1730,#1731,#1732),
(#1733,#1734,#1735,#1736),(#1737,#1738,#1739,#1740),(#1741,#1742,#1743,
#1744),(#1745,#1746,#1747,#1748),(#1749,#1750,#1751,#1752),(#1753,#1754,
#1755,#1756),(#1757,#1758,#1759,#1760),(#1761,#1762,#1763,#1764),(#1765,
#1766,#1767,#1768),(#1769,#1770,#1771,#1772)),.UNSPECIFIED.,.T.,.F.,.F.,
(4,2,1,1,1,2,1,1,1,1,2,1,1,1,2,1,1,2,1,1,1,2,2,1,1,1,4),(4,4),(0.,0.104796834658035,
0.12379081345887,0.142784792259706,0.161778771060541,0.180772749861376,
0.211179166728287,0.241585583595197,0.363211251062838,0.393617667929748,
0.424024084796658,0.443018063597494,0.462012042398329,0.471509031798747,
0.5,0.552398417329017,0.578597625993526,0.604796834658035,0.62379081345887,
0.642784792259705,0.661778771060541,0.680772749861376,0.924024084796659,
0.943018063597494,0.962012042398329,0.981006021199165,1.),(0.,1.),
 .UNSPECIFIED.);
#17=B_SPLINE_CURVE_WITH_KNOTS('',3,(#1111,#1112,#1113,#1114,#1115,#1116,
#1117),.UNSPECIFIED.,.F.,.F.,(4,3,4),(-0.484918227308206,-0.33544230807876,
-0.240560626522617),.UNSPECIFIED.);
#18=B_SPLINE_CURVE_WITH_KNOTS('',3,(#1119,#1120,#1121,#1122,#1123,#1124),
 .UNSPECIFIED.,.F.,.F.,(4,2,4),(-2.96,-1.48,0.),.UNSPECIFIED.);
#19=B_SPLINE_CURVE_WITH_KNOTS('',3,(#1126,#1127,#1128,#1129,#1130,#1131,
#1132,#1133,#1134,#1135,#1136,#1137,#1138),.UNSPECIFIED.,.F.,.F.,(4,3,3,
3,4),(-0.617126308742496,-0.424274337260466,-0.308563154371248,-0.154281577185624,
0.),.UNSPECIFIED.);
#20=B_SPLINE_CURVE_WITH_KNOTS('',3,(#1140,#1141,#1142,#1143,#1144,#1145),
 .UNSPECIFIED.,.F.,.F.,(4,2,4),(-1.3,-0.650000000000001,0.),
 .UNSPECIFIED.);
#21=B_SPLINE_CURVE_WITH_KNOTS('',3,(#1147,#1148,#1149,#1150,#1151,#1152,
#1153,#1154,#1155,#1156,#1157,#1158,#1159),.UNSPECIFIED.,.F.,.F.,(4,3,3,
3,4),(-0.617626158708772,-0.463219619031578,-0.308813079354385,-0.154406539677192,
0.),.UNSPECIFIED.);
#22=B_SPLINE_CURVE_WITH_KNOTS('',3,(#1161,#1162,#1163,#1164,#1165,#1166),
 .UNSPECIFIED.,.F.,.F.,(4,2,4),(-2.96,-1.48,0.),.UNSPECIFIED.);
#23=B_SPLINE_CURVE_WITH_KNOTS('',3,(#1168,#1169,#1170,#1171,#1172,#1173,
#1174),.UNSPECIFIED.,.F.,.F.,(4,3,4),(-0.244577574254087,-0.149610479125637,
0.),.UNSPECIFIED.);
#24=B_SPLINE_CURVE_WITH_KNOTS('',3,(#1182,#1183,#1184,#1185,#1186,#1187),
 .UNSPECIFIED.,.F.,.F.,(4,2,4),(-0.411687043695853,-0.198322894299165,0.),
 .UNSPECIFIED.);
#25=B_SPLINE_CURVE_WITH_KNOTS('',3,(#1191,#1192,#1193,#1194,#1195,#1196),
 .UNSPECIFIED.,.F.,.F.,(4,2,4),(-1.3,-0.650000000000001,0.),
 .UNSPECIFIED.);
#26=B_SPLINE_CURVE_WITH_KNOTS('',3,(#1199,#1200,#1201,#1202,#1203,#1204,
#1205,#1206),.UNSPECIFIED.,.F.,.F.,(4,2,2,4),(-0.278250326052445,-0.186874357876793,
-0.0988200211086585,0.),.UNSPECIFIED.);
#27=B_SPLINE_CURVE_WITH_KNOTS('',3,(#1210,#1211,#1212,#1213),
 .UNSPECIFIED.,.F.,.F.,(4,4),(0.672606510471695,0.944641711121457),
 .UNSPECIFIED.);
#28=B_SPLINE_CURVE_WITH_KNOTS('',3,(#1222,#1223,#1224,#1225,#1226,#1227,
#1228),.UNSPECIFIED.,.F.,.F.,(4,1,1,1,4),(0.617248221593152,0.631087793812787,
0.644927366032423,0.658766938252059,0.671599643475477),.UNSPECIFIED.);
#29=B_SPLINE_CURVE_WITH_KNOTS('',3,(#1229,#1230,#1231,#1232),
 .UNSPECIFIED.,.F.,.F.,(4,4),(0.671599643475477,0.672606510471695),
 .UNSPECIFIED.);
#30=B_SPLINE_CURVE_WITH_KNOTS('',3,(#1238,#1239,#1240,#1241,#1242),
 .UNSPECIFIED.,.F.,.F.,(4,1,4),(0.5,0.587936166194864,0.617248221593152),
 .UNSPECIFIED.);
#31=B_SPLINE_CURVE_WITH_KNOTS('',3,(#1249,#1250,#1251,#1252),
 .UNSPECIFIED.,.F.,.F.,(4,4),(0.444641711121457,0.445648578117675),
 .UNSPECIFIED.);
#32=B_SPLINE_CURVE_WITH_KNOTS('',3,(#1253,#1254,#1255,#1256,#1257,#1258,
#1259),.UNSPECIFIED.,.F.,.F.,(4,1,1,1,4),(0.445648578117675,0.458481283341093,
0.472320855560728,0.486160427780364,0.5),.UNSPECIFIED.);
#33=B_SPLINE_CURVE_WITH_KNOTS('',3,(#1265,#1266,#1267,#1268,#1269,#1270,
#1271,#1272,#1273),.UNSPECIFIED.,.F.,.F.,(4,1,1,1,1,1,4),(0.172606510471695,
0.240615310634135,0.308624110796576,0.376632910959016,0.427639511080847,
0.436140611101152,0.444641711121457),.UNSPECIFIED.);
#34=B_SPLINE_CURVE_WITH_KNOTS('',3,(#1280,#1281,#1282,#1283,#1284,#1285,
#1286),.UNSPECIFIED.,.F.,.F.,(4,1,1,1,4),(0.117248221593152,0.134547686867696,
0.144927366032423,0.158766938252059,0.169083045026564),.UNSPECIFIED.);
#35=B_SPLINE_CURVE_WITH_KNOTS('',3,(#1287,#1288,#1289,#1290),
 .UNSPECIFIED.,.F.,.F.,(4,4),(0.169083045026564,0.172606510471695),
 .UNSPECIFIED.);
#36=B_SPLINE_CURVE_WITH_KNOTS('',3,(#1296,#1297,#1298,#1299),
 .UNSPECIFIED.,.F.,.F.,(4,4),(0.,0.117248221593152),.UNSPECIFIED.);
#37=B_SPLINE_CURVE_WITH_KNOTS('',3,(#1305,#1306,#1307,#1308),
 .UNSPECIFIED.,.F.,.F.,(4,4),(0.944641711121457,0.948165176566587),
 .UNSPECIFIED.);
#38=B_SPLINE_CURVE_WITH_KNOTS('',3,(#1309,#1310,#1311,#1312,#1313,#1314,
#1315),.UNSPECIFIED.,.F.,.F.,(4,1,1,1,4),(0.948165176566587,0.958481283341093,
0.972320855560729,0.986160427780364,1.),.UNSPECIFIED.);
#39=B_SPLINE_CURVE_WITH_KNOTS('',3,(#1514,#1515,#1516,#1517),
 .UNSPECIFIED.,.F.,.F.,(4,4),(0.,0.104796834658035),.UNSPECIFIED.);
#40=B_SPLINE_CURVE_WITH_KNOTS('',3,(#1519,#1520,#1521,#1522,#1523,#1524,
#1525),.UNSPECIFIED.,.F.,.F.,(4,1,1,1,4),(0.104796834658035,0.12379081345887,
0.142784792259706,0.161778771060541,0.180772749861376),.UNSPECIFIED.);
#41=B_SPLINE_CURVE_WITH_KNOTS('',3,(#1527,#1528,#1529,#1530,#1531,#1532,
#1533,#1534),.UNSPECIFIED.,.F.,.F.,(4,1,1,1,1,4),(0.180772749861376,0.211179166728287,
0.241585583595197,0.363211251062838,0.393617667929748,0.424024084796658),
 .UNSPECIFIED.);
#42=B_SPLINE_CURVE_WITH_KNOTS('',3,(#1536,#1537,#1538,#1539,#1540,#1541,
#1542),.UNSPECIFIED.,.F.,.F.,(4,1,1,1,4),(0.424024084796658,0.443018063597494,
0.462012042398329,0.471509031798747,0.5),.UNSPECIFIED.);
#43=B_SPLINE_CURVE_WITH_KNOTS('',3,(#1544,#1545,#1546,#1547,#1548,#1549),
 .UNSPECIFIED.,.F.,.F.,(4,1,1,4),(0.5,0.552398417329017,0.578597625993526,
0.604796834658035),.UNSPECIFIED.);
#44=B_SPLINE_CURVE_WITH_KNOTS('',3,(#1551,#1552,#1553,#1554,#1555,#1556,
#1557),.UNSPECIFIED.,.F.,.F.,(4,1,1,1,4),(0.604796834658035,0.62379081345887,
0.642784792259705,0.661778771060541,0.680772749861376),.UNSPECIFIED.);
#45=B_SPLINE_CURVE_WITH_KNOTS('',3,(#1559,#1560,#1561,#1562),
 .UNSPECIFIED.,.F.,.F.,(4,4),(0.680772749861376,0.924024084796659),
 .UNSPECIFIED.);
#46=B_SPLINE_CURVE_WITH_KNOTS('',3,(#1563,#1564,#1565,#1566,#1567,#1568,
#1569),.UNSPECIFIED.,.F.,.F.,(4,1,1,1,4),(0.924024084796659,0.943018063597494,
0.962012042398329,0.981006021199165,1.),.UNSPECIFIED.);
#47=B_SPLINE_CURVE_WITH_KNOTS('',3,(#1573,#1574,#1575,#1576),
 .UNSPECIFIED.,.F.,.F.,(4,4),(0.,0.104796834658035),.UNSPECIFIED.);
#48=B_SPLINE_CURVE_WITH_KNOTS('',3,(#1578,#1579,#1580,#1581,#1582,#1583,
#1584),.UNSPECIFIED.,.F.,.F.,(4,1,1,1,4),(0.924024084796659,0.943018063597494,
0.962012042398329,0.981006021199165,1.),.UNSPECIFIED.);
#49=B_SPLINE_CURVE_WITH_KNOTS('',3,(#1586,#1587,#1588,#1589),
 .UNSPECIFIED.,.F.,.F.,(4,4),(0.680772749861376,0.924024084796659),
 .UNSPECIFIED.);
#50=B_SPLINE_CURVE_WITH_KNOTS('',3,(#1591,#1592,#1593,#1594,#1595,#1596,
#1597),.UNSPECIFIED.,.F.,.F.,(4,1,1,1,4),(0.604796834658035,0.62379081345887,
0.642784792259705,0.661778771060541,0.680772749861376),.UNSPECIFIED.);
#51=B_SPLINE_CURVE_WITH_KNOTS('',3,(#1599,#1600,#1601,#1602,#1603,#1604),
 .UNSPECIFIED.,.F.,.F.,(4,1,1,4),(0.5,0.552398417329017,0.578597625993526,
0.604796834658035),.UNSPECIFIED.);
#52=B_SPLINE_CURVE_WITH_KNOTS('',3,(#1606,#1607,#1608,#1609,#1610,#1611,
#1612),.UNSPECIFIED.,.F.,.F.,(4,1,1,1,4),(0.424024084796658,0.443018063597494,
0.462012042398329,0.471509031798747,0.5),.UNSPECIFIED.);
#53=B_SPLINE_CURVE_WITH_KNOTS('',3,(#1614,#1615,#1616,#1617,#1618,#1619,
#1620,#1621),.UNSPECIFIED.,.F.,.F.,(4,1,1,1,1,4),(0.180772749861376,0.211179166728287,
0.241585583595197,0.363211251062838,0.393617667929748,0.424024084796658),
 .UNSPECIFIED.);
#54=B_SPLINE_CURVE_WITH_KNOTS('',3,(#1622,#1623,#1624,#1625,#1626,#1627,
#1628),.UNSPECIFIED.,.F.,.F.,(4,1,1,1,4),(0.104796834658035,0.12379081345887,
0.142784792259706,0.161778771060541,0.180772749861376),.UNSPECIFIED.);
#55=FACE_BOUND('',#139,.T.);
#56=FACE_BOUND('',#149,.T.);
#57=FACE_BOUND('',#150,.T.);
#58=FACE_BOUND('',#171,.T.);
#59=FACE_BOUND('',#174,.T.);
#60=FACE_BOUND('',#176,.T.);
#61=PLANE('',#803);
#62=PLANE('',#807);
#63=PLANE('',#808);
#64=PLANE('',#812);
#65=PLANE('',#816);
#66=PLANE('',#820);
#67=PLANE('',#824);
#68=PLANE('',#828);
#69=PLANE('',#830);
#70=PLANE('',#833);
#71=PLANE('',#836);
#72=PLANE('',#839);
#73=PLANE('',#842);
#74=PLANE('',#846);
#75=PLANE('',#850);
#76=PLANE('',#854);
#77=PLANE('',#858);
#78=PLANE('',#859);
#79=PLANE('',#860);
#80=CYLINDRICAL_SURFACE('',#801,1.55);
#81=CYLINDRICAL_SURFACE('',#804,3.5);
#82=CYLINDRICAL_SURFACE('',#809,2.);
#83=CYLINDRICAL_SURFACE('',#813,2.);
#84=CYLINDRICAL_SURFACE('',#817,2.);
#85=CYLINDRICAL_SURFACE('',#821,2.);
#86=CYLINDRICAL_SURFACE('',#827,6.);
#87=CYLINDRICAL_SURFACE('',#829,6.00000000000001);
#88=CYLINDRICAL_SURFACE('',#831,3.80000000000001);
#89=CYLINDRICAL_SURFACE('',#834,3.8);
#90=CYLINDRICAL_SURFACE('',#837,3.8);
#91=CYLINDRICAL_SURFACE('',#840,3.8);
#92=CYLINDRICAL_SURFACE('',#843,4.);
#93=CYLINDRICAL_SURFACE('',#847,4.);
#94=CYLINDRICAL_SURFACE('',#851,4.);
#95=CYLINDRICAL_SURFACE('',#855,4.);
#96=FACE_OUTER_BOUND('',#134,.T.);
#97=FACE_OUTER_BOUND('',#135,.T.);
#98=FACE_OUTER_BOUND('',#136,.T.);
#99=FACE_OUTER_BOUND('',#137,.T.);
#100=FACE_OUTER_BOUND('',#138,.T.);
#101=FACE_OUTER_BOUND('',#140,.T.);
#102=FACE_OUTER_BOUND('',#141,.T.);
#103=FACE_OUTER_BOUND('',#142,.T.);
#104=FACE_OUTER_BOUND('',#143,.T.);
#105=FACE_OUTER_BOUND('',#144,.T.);
#106=FACE_OUTER_BOUND('',#145,.T.);
#107=FACE_OUTER_BOUND('',#146,.T.);
#108=FACE_OUTER_BOUND('',#147,.T.);
#109=FACE_OUTER_BOUND('',#148,.T.);
#110=FACE_OUTER_BOUND('',#151,.T.);
#111=FACE_OUTER_BOUND('',#152,.T.);
#112=FACE_OUTER_BOUND('',#153,.T.);
#113=FACE_OUTER_BOUND('',#154,.T.);
#114=FACE_OUTER_BOUND('',#155,.T.);
#115=FACE_OUTER_BOUND('',#156,.T.);
#116=FACE_OUTER_BOUND('',#157,.T.);
#117=FACE_OUTER_BOUND('',#158,.T.);
#118=FACE_OUTER_BOUND('',#159,.T.);
#119=FACE_OUTER_BOUND('',#160,.T.);
#120=FACE_OUTER_BOUND('',#161,.T.);
#121=FACE_OUTER_BOUND('',#162,.T.);
#122=FACE_OUTER_BOUND('',#163,.T.);
#123=FACE_OUTER_BOUND('',#164,.T.);
#124=FACE_OUTER_BOUND('',#165,.T.);
#125=FACE_OUTER_BOUND('',#166,.T.);
#126=FACE_OUTER_BOUND('',#167,.T.);
#127=FACE_OUTER_BOUND('',#168,.T.);
#128=FACE_OUTER_BOUND('',#169,.T.);
#129=FACE_OUTER_BOUND('',#170,.T.);
#130=FACE_OUTER_BOUND('',#172,.T.);
#131=FACE_OUTER_BOUND('',#173,.T.);
#132=FACE_OUTER_BOUND('',#175,.T.);
#133=FACE_OUTER_BOUND('',#177,.T.);
#134=EDGE_LOOP('',(#511,#512,#513,#514));
#135=EDGE_LOOP('',(#515,#516,#517,#518));
#136=EDGE_LOOP('',(#519));
#137=EDGE_LOOP('',(#520,#521,#522,#523));
#138=EDGE_LOOP('',(#524));
#139=EDGE_LOOP('',(#525));
#140=EDGE_LOOP('',(#526,#527,#528,#529));
#141=EDGE_LOOP('',(#530,#531,#532,#533));
#142=EDGE_LOOP('',(#534,#535,#536,#537));
#143=EDGE_LOOP('',(#538,#539,#540,#541));
#144=EDGE_LOOP('',(#542,#543,#544,#545));
#145=EDGE_LOOP('',(#546,#547,#548,#549));
#146=EDGE_LOOP('',(#550,#551,#552,#553));
#147=EDGE_LOOP('',(#554,#555,#556,#557));
#148=EDGE_LOOP('',(#558,#559,#560,#561,#562,#563,#564,#565,#566,#567));
#149=EDGE_LOOP('',(#568));
#150=EDGE_LOOP('',(#569,#570,#571,#572,#573,#574,#575,#576));
#151=EDGE_LOOP('',(#577,#578,#579));
#152=EDGE_LOOP('',(#580,#581,#582,#583));
#153=EDGE_LOOP('',(#584,#585,#586));
#154=EDGE_LOOP('',(#587,#588,#589,#590));
#155=EDGE_LOOP('',(#591,#592,#593,#594,#595));
#156=EDGE_LOOP('',(#596,#597,#598,#599));
#157=EDGE_LOOP('',(#600,#601,#602,#603,#604));
#158=EDGE_LOOP('',(#605,#606,#607,#608));
#159=EDGE_LOOP('',(#609,#610,#611,#612,#613));
#160=EDGE_LOOP('',(#614,#615,#616,#617));
#161=EDGE_LOOP('',(#618,#619,#620,#621,#622));
#162=EDGE_LOOP('',(#623,#624,#625,#626));
#163=EDGE_LOOP('',(#627,#628,#629,#630));
#164=EDGE_LOOP('',(#631,#632,#633,#634));
#165=EDGE_LOOP('',(#635,#636,#637,#638));
#166=EDGE_LOOP('',(#639,#640,#641,#642));
#167=EDGE_LOOP('',(#643,#644,#645,#646));
#168=EDGE_LOOP('',(#647,#648,#649,#650));
#169=EDGE_LOOP('',(#651,#652,#653,#654));
#170=EDGE_LOOP('',(#655,#656,#657,#658,#659,#660,#661,#662));
#171=EDGE_LOOP('',(#663,#664,#665,#666,#667,#668,#669,#670));
#172=EDGE_LOOP('',(#671,#672,#673,#674,#675,#676,#677,#678,#679,#680,#681,
#682,#683,#684,#685,#686,#687,#688,#689,#690,#691,#692,#693,#694));
#173=EDGE_LOOP('',(#695,#696,#697,#698,#699,#700,#701,#702));
#174=EDGE_LOOP('',(#703,#704,#705,#706,#707,#708,#709,#710));
#175=EDGE_LOOP('',(#711,#712,#713,#714,#715,#716,#717,#718));
#176=EDGE_LOOP('',(#719,#720,#721,#722,#723,#724,#725,#726));
#177=EDGE_LOOP('',(#727,#728,#729,#730,#731,#732,#733,#734,#735,#736,#737,
#738,#739,#740,#741,#742,#743,#744));
#178=LINE('',#1046,#230);
#179=LINE('',#1050,#231);
#180=LINE('',#1057,#232);
#181=LINE('',#1063,#233);
#182=LINE('',#1065,#234);
#183=LINE('',#1067,#235);
#184=LINE('',#1068,#236);
#185=LINE('',#1073,#237);
#186=LINE('',#1077,#238);
#187=LINE('',#1079,#239);
#188=LINE('',#1080,#240);
#189=LINE('',#1085,#241);
#190=LINE('',#1089,#242);
#191=LINE('',#1091,#243);
#192=LINE('',#1092,#244);
#193=LINE('',#1097,#245);
#194=LINE('',#1101,#246);
#195=LINE('',#1103,#247);
#196=LINE('',#1104,#248);
#197=LINE('',#1178,#249);
#198=LINE('',#1188,#250);
#199=LINE('',#1197,#251);
#200=LINE('',#1215,#252);
#201=LINE('',#1217,#253);
#202=LINE('',#1218,#254);
#203=LINE('',#1235,#255);
#204=LINE('',#1244,#256);
#205=LINE('',#1245,#257);
#206=LINE('',#1262,#258);
#207=LINE('',#1275,#259);
#208=LINE('',#1276,#260);
#209=LINE('',#1293,#261);
#210=LINE('',#1301,#262);
#211=LINE('',#1302,#263);
#212=LINE('',#1320,#264);
#213=LINE('',#1322,#265);
#214=LINE('',#1324,#266);
#215=LINE('',#1325,#267);
#216=LINE('',#1331,#268);
#217=LINE('',#1334,#269);
#218=LINE('',#1336,#270);
#219=LINE('',#1337,#271);
#220=LINE('',#1343,#272);
#221=LINE('',#1346,#273);
#222=LINE('',#1348,#274);
#223=LINE('',#1349,#275);
#224=LINE('',#1355,#276);
#225=LINE('',#1358,#277);
#226=LINE('',#1360,#278);
#227=LINE('',#1361,#279);
#228=LINE('',#1510,#280);
#229=LINE('',#1773,#281);
#230=VECTOR('',#867,1.725);
#231=VECTOR('',#872,1.55);
#232=VECTOR('',#881,3.5);
#233=VECTOR('',#888,10.);
#234=VECTOR('',#889,10.);
#235=VECTOR('',#890,10.);
#236=VECTOR('',#891,10.);
#237=VECTOR('',#896,10.);
#238=VECTOR('',#901,10.);
#239=VECTOR('',#902,10.);
#240=VECTOR('',#903,10.);
#241=VECTOR('',#908,10.);
#242=VECTOR('',#913,10.);
#243=VECTOR('',#914,10.);
#244=VECTOR('',#915,10.);
#245=VECTOR('',#920,10.);
#246=VECTOR('',#925,10.);
#247=VECTOR('',#926,10.);
#248=VECTOR('',#927,10.);
#249=VECTOR('',#938,10.);
#250=VECTOR('',#943,10.);
#251=VECTOR('',#946,10.);
#252=VECTOR('',#951,10.);
#253=VECTOR('',#952,10.);
#254=VECTOR('',#953,10.);
#255=VECTOR('',#958,10.);
#256=VECTOR('',#961,10.);
#257=VECTOR('',#962,10.);
#258=VECTOR('',#967,10.);
#259=VECTOR('',#970,10.);
#260=VECTOR('',#971,10.);
#261=VECTOR('',#976,10.);
#262=VECTOR('',#979,10.);
#263=VECTOR('',#980,10.);
#264=VECTOR('',#987,10.);
#265=VECTOR('',#988,10.);
#266=VECTOR('',#989,10.);
#267=VECTOR('',#990,10.);
#268=VECTOR('',#997,10.);
#269=VECTOR('',#1000,10.);
#270=VECTOR('',#1001,10.);
#271=VECTOR('',#1002,10.);
#272=VECTOR('',#1009,10.);
#273=VECTOR('',#1012,10.);
#274=VECTOR('',#1013,10.);
#275=VECTOR('',#1014,10.);
#276=VECTOR('',#1021,10.);
#277=VECTOR('',#1024,10.);
#278=VECTOR('',#1025,10.);
#279=VECTOR('',#1026,10.);
#280=VECTOR('',#1035,5.31413210223457);
#281=VECTOR('',#1040,5.3851648071345);
#282=CIRCLE('',#799,1.9);
#283=CIRCLE('',#800,1.55);
#284=CIRCLE('',#802,1.55);
#285=CIRCLE('',#805,3.5);
#286=CIRCLE('',#806,3.5);
#287=CIRCLE('',#810,2.);
#288=CIRCLE('',#811,2.);
#289=CIRCLE('',#814,2.);
#290=CIRCLE('',#815,2.);
#291=CIRCLE('',#818,2.);
#292=CIRCLE('',#819,2.);
#293=CIRCLE('',#822,2.);
#294=CIRCLE('',#823,2.);
#295=CIRCLE('',#825,6.00000000000001);
#296=CIRCLE('',#826,6.);
#297=CIRCLE('',#832,3.80000000000001);
#298=CIRCLE('',#835,3.8);
#299=CIRCLE('',#838,3.8);
#300=CIRCLE('',#841,3.8);
#301=CIRCLE('',#844,4.);
#302=CIRCLE('',#845,4.);
#303=CIRCLE('',#848,4.);
#304=CIRCLE('',#849,4.);
#305=CIRCLE('',#852,4.);
#306=CIRCLE('',#853,4.);
#307=CIRCLE('',#856,4.);
#308=CIRCLE('',#857,4.);
#309=VERTEX_POINT('',#1043);
#310=VERTEX_POINT('',#1045);
#311=VERTEX_POINT('',#1049);
#312=VERTEX_POINT('',#1054);
#313=VERTEX_POINT('',#1056);
#314=VERTEX_POINT('',#1061);
#315=VERTEX_POINT('',#1062);
#316=VERTEX_POINT('',#1064);
#317=VERTEX_POINT('',#1066);
#318=VERTEX_POINT('',#1070);
#319=VERTEX_POINT('',#1072);
#320=VERTEX_POINT('',#1076);
#321=VERTEX_POINT('',#1078);
#322=VERTEX_POINT('',#1082);
#323=VERTEX_POINT('',#1084);
#324=VERTEX_POINT('',#1088);
#325=VERTEX_POINT('',#1090);
#326=VERTEX_POINT('',#1094);
#327=VERTEX_POINT('',#1096);
#328=VERTEX_POINT('',#1100);
#329=VERTEX_POINT('',#1102);
#330=VERTEX_POINT('',#1109);
#331=VERTEX_POINT('',#1110);
#332=VERTEX_POINT('',#1118);
#333=VERTEX_POINT('',#1125);
#334=VERTEX_POINT('',#1139);
#335=VERTEX_POINT('',#1146);
#336=VERTEX_POINT('',#1160);
#337=VERTEX_POINT('',#1167);
#338=VERTEX_POINT('',#1175);
#339=VERTEX_POINT('',#1177);
#340=VERTEX_POINT('',#1181);
#341=VERTEX_POINT('',#1190);
#342=VERTEX_POINT('',#1208);
#343=VERTEX_POINT('',#1209);
#344=VERTEX_POINT('',#1214);
#345=VERTEX_POINT('',#1216);
#346=VERTEX_POINT('',#1220);
#347=VERTEX_POINT('',#1221);
#348=VERTEX_POINT('',#1233);
#349=VERTEX_POINT('',#1237);
#350=VERTEX_POINT('',#1243);
#351=VERTEX_POINT('',#1247);
#352=VERTEX_POINT('',#1248);
#353=VERTEX_POINT('',#1260);
#354=VERTEX_POINT('',#1264);
#355=VERTEX_POINT('',#1274);
#356=VERTEX_POINT('',#1278);
#357=VERTEX_POINT('',#1279);
#358=VERTEX_POINT('',#1291);
#359=VERTEX_POINT('',#1295);
#360=VERTEX_POINT('',#1300);
#361=VERTEX_POINT('',#1304);
#362=VERTEX_POINT('',#1318);
#363=VERTEX_POINT('',#1319);
#364=VERTEX_POINT('',#1321);
#365=VERTEX_POINT('',#1323);
#366=VERTEX_POINT('',#1327);
#367=VERTEX_POINT('',#1329);
#368=VERTEX_POINT('',#1333);
#369=VERTEX_POINT('',#1335);
#370=VERTEX_POINT('',#1339);
#371=VERTEX_POINT('',#1341);
#372=VERTEX_POINT('',#1345);
#373=VERTEX_POINT('',#1347);
#374=VERTEX_POINT('',#1351);
#375=VERTEX_POINT('',#1353);
#376=VERTEX_POINT('',#1357);
#377=VERTEX_POINT('',#1359);
#378=VERTEX_POINT('',#1512);
#379=VERTEX_POINT('',#1513);
#380=VERTEX_POINT('',#1518);
#381=VERTEX_POINT('',#1526);
#382=VERTEX_POINT('',#1535);
#383=VERTEX_POINT('',#1543);
#384=VERTEX_POINT('',#1550);
#385=VERTEX_POINT('',#1558);
#386=VERTEX_POINT('',#1571);
#387=VERTEX_POINT('',#1572);
#388=VERTEX_POINT('',#1577);
#389=VERTEX_POINT('',#1585);
#390=VERTEX_POINT('',#1590);
#391=VERTEX_POINT('',#1598);
#392=VERTEX_POINT('',#1605);
#393=VERTEX_POINT('',#1613);
#394=EDGE_CURVE('',#309,#309,#282,.T.);
#395=EDGE_CURVE('',#309,#310,#178,.T.);
#396=EDGE_CURVE('',#310,#310,#283,.T.);
#397=EDGE_CURVE('',#310,#311,#179,.T.);
#398=EDGE_CURVE('',#311,#311,#284,.T.);
#399=EDGE_CURVE('',#312,#312,#285,.T.);
#400=EDGE_CURVE('',#312,#313,#180,.T.);
#401=EDGE_CURVE('',#313,#313,#286,.T.);
#402=EDGE_CURVE('',#314,#315,#181,.T.);
#403=EDGE_CURVE('',#314,#316,#182,.T.);
#404=EDGE_CURVE('',#317,#316,#183,.T.);
#405=EDGE_CURVE('',#315,#317,#184,.T.);
#406=EDGE_CURVE('',#318,#314,#287,.T.);
#407=EDGE_CURVE('',#318,#319,#185,.T.);
#408=EDGE_CURVE('',#316,#319,#288,.T.);
#409=EDGE_CURVE('',#320,#318,#186,.T.);
#410=EDGE_CURVE('',#320,#321,#187,.T.);
#411=EDGE_CURVE('',#319,#321,#188,.T.);
#412=EDGE_CURVE('',#322,#320,#289,.T.);
#413=EDGE_CURVE('',#322,#323,#189,.T.);
#414=EDGE_CURVE('',#321,#323,#290,.T.);
#415=EDGE_CURVE('',#324,#322,#190,.T.);
#416=EDGE_CURVE('',#324,#325,#191,.T.);
#417=EDGE_CURVE('',#323,#325,#192,.T.);
#418=EDGE_CURVE('',#326,#324,#291,.T.);
#419=EDGE_CURVE('',#326,#327,#193,.T.);
#420=EDGE_CURVE('',#325,#327,#292,.T.);
#421=EDGE_CURVE('',#328,#326,#194,.T.);
#422=EDGE_CURVE('',#328,#329,#195,.T.);
#423=EDGE_CURVE('',#327,#329,#196,.T.);
#424=EDGE_CURVE('',#315,#328,#293,.T.);
#425=EDGE_CURVE('',#329,#317,#294,.T.);
#426=EDGE_CURVE('',#330,#331,#17,.T.);
#427=EDGE_CURVE('',#332,#330,#18,.T.);
#428=EDGE_CURVE('',#333,#332,#19,.T.);
#429=EDGE_CURVE('',#334,#333,#20,.T.);
#430=EDGE_CURVE('',#335,#334,#21,.T.);
#431=EDGE_CURVE('',#336,#335,#22,.T.);
#432=EDGE_CURVE('',#337,#336,#23,.T.);
#433=EDGE_CURVE('',#337,#338,#295,.T.);
#434=EDGE_CURVE('',#338,#339,#197,.T.);
#435=EDGE_CURVE('',#339,#331,#296,.T.);
#436=EDGE_CURVE('',#331,#340,#24,.T.);
#437=EDGE_CURVE('',#340,#339,#198,.T.);
#438=EDGE_CURVE('',#340,#341,#25,.T.);
#439=EDGE_CURVE('',#341,#338,#199,.T.);
#440=EDGE_CURVE('',#341,#337,#26,.T.);
#441=EDGE_CURVE('',#342,#343,#27,.T.);
#442=EDGE_CURVE('',#343,#344,#200,.T.);
#443=EDGE_CURVE('',#345,#344,#201,.T.);
#444=EDGE_CURVE('',#342,#345,#202,.T.);
#445=EDGE_CURVE('',#346,#347,#28,.T.);
#446=EDGE_CURVE('',#347,#342,#29,.T.);
#447=EDGE_CURVE('',#348,#345,#297,.T.);
#448=EDGE_CURVE('',#346,#348,#203,.T.);
#449=EDGE_CURVE('',#349,#346,#30,.T.);
#450=EDGE_CURVE('',#350,#348,#204,.T.);
#451=EDGE_CURVE('',#349,#350,#205,.T.);
#452=EDGE_CURVE('',#351,#352,#31,.T.);
#453=EDGE_CURVE('',#352,#349,#32,.T.);
#454=EDGE_CURVE('',#353,#350,#298,.T.);
#455=EDGE_CURVE('',#351,#353,#206,.T.);
#456=EDGE_CURVE('',#354,#351,#33,.T.);
#457=EDGE_CURVE('',#355,#353,#207,.T.);
#458=EDGE_CURVE('',#354,#355,#208,.T.);
#459=EDGE_CURVE('',#356,#357,#34,.T.);
#460=EDGE_CURVE('',#357,#354,#35,.T.);
#461=EDGE_CURVE('',#358,#355,#299,.T.);
#462=EDGE_CURVE('',#356,#358,#209,.T.);
#463=EDGE_CURVE('',#359,#356,#36,.T.);
#464=EDGE_CURVE('',#360,#358,#210,.T.);
#465=EDGE_CURVE('',#359,#360,#211,.T.);
#466=EDGE_CURVE('',#343,#361,#37,.T.);
#467=EDGE_CURVE('',#361,#359,#38,.T.);
#468=EDGE_CURVE('',#344,#360,#300,.T.);
#469=EDGE_CURVE('',#362,#363,#212,.T.);
#470=EDGE_CURVE('',#362,#364,#213,.T.);
#471=EDGE_CURVE('',#365,#364,#214,.T.);
#472=EDGE_CURVE('',#363,#365,#215,.T.);
#473=EDGE_CURVE('',#363,#366,#301,.T.);
#474=EDGE_CURVE('',#367,#365,#302,.T.);
#475=EDGE_CURVE('',#366,#367,#216,.T.);
#476=EDGE_CURVE('',#366,#368,#217,.T.);
#477=EDGE_CURVE('',#369,#367,#218,.T.);
#478=EDGE_CURVE('',#368,#369,#219,.T.);
#479=EDGE_CURVE('',#368,#370,#303,.T.);
#480=EDGE_CURVE('',#371,#369,#304,.T.);
#481=EDGE_CURVE('',#370,#371,#220,.T.);
#482=EDGE_CURVE('',#370,#372,#221,.T.);
#483=EDGE_CURVE('',#373,#371,#222,.T.);
#484=EDGE_CURVE('',#372,#373,#223,.T.);
#485=EDGE_CURVE('',#372,#374,#305,.T.);
#486=EDGE_CURVE('',#375,#373,#306,.T.);
#487=EDGE_CURVE('',#374,#375,#224,.T.);
#488=EDGE_CURVE('',#374,#376,#225,.T.);
#489=EDGE_CURVE('',#377,#375,#226,.T.);
#490=EDGE_CURVE('',#376,#377,#227,.T.);
#491=EDGE_CURVE('',#376,#362,#307,.T.);
#492=EDGE_CURVE('',#364,#377,#308,.T.);
#493=EDGE_CURVE('',#359,#334,#228,.T.);
#494=EDGE_CURVE('',#378,#379,#39,.T.);
#495=EDGE_CURVE('',#379,#380,#40,.T.);
#496=EDGE_CURVE('',#380,#381,#41,.T.);
#497=EDGE_CURVE('',#381,#382,#42,.T.);
#498=EDGE_CURVE('',#382,#383,#43,.T.);
#499=EDGE_CURVE('',#383,#384,#44,.T.);
#500=EDGE_CURVE('',#384,#385,#45,.T.);
#501=EDGE_CURVE('',#385,#378,#46,.T.);
#502=EDGE_CURVE('',#386,#387,#47,.T.);
#503=EDGE_CURVE('',#388,#386,#48,.T.);
#504=EDGE_CURVE('',#389,#388,#49,.T.);
#505=EDGE_CURVE('',#390,#389,#50,.T.);
#506=EDGE_CURVE('',#391,#390,#51,.T.);
#507=EDGE_CURVE('',#392,#391,#52,.T.);
#508=EDGE_CURVE('',#393,#392,#53,.T.);
#509=EDGE_CURVE('',#387,#393,#54,.T.);
#510=EDGE_CURVE('',#386,#378,#229,.T.);
#511=ORIENTED_EDGE('',*,*,#394,.F.);
#512=ORIENTED_EDGE('',*,*,#395,.T.);
#513=ORIENTED_EDGE('',*,*,#396,.T.);
#514=ORIENTED_EDGE('',*,*,#395,.F.);
#515=ORIENTED_EDGE('',*,*,#396,.F.);
#516=ORIENTED_EDGE('',*,*,#397,.T.);
#517=ORIENTED_EDGE('',*,*,#398,.T.);
#518=ORIENTED_EDGE('',*,*,#397,.F.);
#519=ORIENTED_EDGE('',*,*,#398,.F.);
#520=ORIENTED_EDGE('',*,*,#399,.F.);
#521=ORIENTED_EDGE('',*,*,#400,.T.);
#522=ORIENTED_EDGE('',*,*,#401,.F.);
#523=ORIENTED_EDGE('',*,*,#400,.F.);
#524=ORIENTED_EDGE('',*,*,#399,.T.);
#525=ORIENTED_EDGE('',*,*,#394,.T.);
#526=ORIENTED_EDGE('',*,*,#402,.F.);
#527=ORIENTED_EDGE('',*,*,#403,.T.);
#528=ORIENTED_EDGE('',*,*,#404,.F.);
#529=ORIENTED_EDGE('',*,*,#405,.F.);
#530=ORIENTED_EDGE('',*,*,#406,.F.);
#531=ORIENTED_EDGE('',*,*,#407,.T.);
#532=ORIENTED_EDGE('',*,*,#408,.F.);
#533=ORIENTED_EDGE('',*,*,#403,.F.);
#534=ORIENTED_EDGE('',*,*,#409,.F.);
#535=ORIENTED_EDGE('',*,*,#410,.T.);
#536=ORIENTED_EDGE('',*,*,#411,.F.);
#537=ORIENTED_EDGE('',*,*,#407,.F.);
#538=ORIENTED_EDGE('',*,*,#412,.F.);
#539=ORIENTED_EDGE('',*,*,#413,.T.);
#540=ORIENTED_EDGE('',*,*,#414,.F.);
#541=ORIENTED_EDGE('',*,*,#410,.F.);
#542=ORIENTED_EDGE('',*,*,#415,.F.);
#543=ORIENTED_EDGE('',*,*,#416,.T.);
#544=ORIENTED_EDGE('',*,*,#417,.F.);
#545=ORIENTED_EDGE('',*,*,#413,.F.);
#546=ORIENTED_EDGE('',*,*,#418,.F.);
#547=ORIENTED_EDGE('',*,*,#419,.T.);
#548=ORIENTED_EDGE('',*,*,#420,.F.);
#549=ORIENTED_EDGE('',*,*,#416,.F.);
#550=ORIENTED_EDGE('',*,*,#421,.F.);
#551=ORIENTED_EDGE('',*,*,#422,.T.);
#552=ORIENTED_EDGE('',*,*,#423,.F.);
#553=ORIENTED_EDGE('',*,*,#419,.F.);
#554=ORIENTED_EDGE('',*,*,#424,.F.);
#555=ORIENTED_EDGE('',*,*,#405,.T.);
#556=ORIENTED_EDGE('',*,*,#425,.F.);
#557=ORIENTED_EDGE('',*,*,#422,.F.);
#558=ORIENTED_EDGE('',*,*,#426,.F.);
#559=ORIENTED_EDGE('',*,*,#427,.F.);
#560=ORIENTED_EDGE('',*,*,#428,.F.);
#561=ORIENTED_EDGE('',*,*,#429,.F.);
#562=ORIENTED_EDGE('',*,*,#430,.F.);
#563=ORIENTED_EDGE('',*,*,#431,.F.);
#564=ORIENTED_EDGE('',*,*,#432,.F.);
#565=ORIENTED_EDGE('',*,*,#433,.T.);
#566=ORIENTED_EDGE('',*,*,#434,.T.);
#567=ORIENTED_EDGE('',*,*,#435,.T.);
#568=ORIENTED_EDGE('',*,*,#401,.T.);
#569=ORIENTED_EDGE('',*,*,#404,.T.);
#570=ORIENTED_EDGE('',*,*,#408,.T.);
#571=ORIENTED_EDGE('',*,*,#411,.T.);
#572=ORIENTED_EDGE('',*,*,#414,.T.);
#573=ORIENTED_EDGE('',*,*,#417,.T.);
#574=ORIENTED_EDGE('',*,*,#420,.T.);
#575=ORIENTED_EDGE('',*,*,#423,.T.);
#576=ORIENTED_EDGE('',*,*,#425,.T.);
#577=ORIENTED_EDGE('',*,*,#436,.F.);
#578=ORIENTED_EDGE('',*,*,#435,.F.);
#579=ORIENTED_EDGE('',*,*,#437,.F.);
#580=ORIENTED_EDGE('',*,*,#438,.F.);
#581=ORIENTED_EDGE('',*,*,#437,.T.);
#582=ORIENTED_EDGE('',*,*,#434,.F.);
#583=ORIENTED_EDGE('',*,*,#439,.F.);
#584=ORIENTED_EDGE('',*,*,#440,.F.);
#585=ORIENTED_EDGE('',*,*,#439,.T.);
#586=ORIENTED_EDGE('',*,*,#433,.F.);
#587=ORIENTED_EDGE('',*,*,#441,.T.);
#588=ORIENTED_EDGE('',*,*,#442,.T.);
#589=ORIENTED_EDGE('',*,*,#443,.F.);
#590=ORIENTED_EDGE('',*,*,#444,.F.);
#591=ORIENTED_EDGE('',*,*,#445,.T.);
#592=ORIENTED_EDGE('',*,*,#446,.T.);
#593=ORIENTED_EDGE('',*,*,#444,.T.);
#594=ORIENTED_EDGE('',*,*,#447,.F.);
#595=ORIENTED_EDGE('',*,*,#448,.F.);
#596=ORIENTED_EDGE('',*,*,#449,.T.);
#597=ORIENTED_EDGE('',*,*,#448,.T.);
#598=ORIENTED_EDGE('',*,*,#450,.F.);
#599=ORIENTED_EDGE('',*,*,#451,.F.);
#600=ORIENTED_EDGE('',*,*,#452,.T.);
#601=ORIENTED_EDGE('',*,*,#453,.T.);
#602=ORIENTED_EDGE('',*,*,#451,.T.);
#603=ORIENTED_EDGE('',*,*,#454,.F.);
#604=ORIENTED_EDGE('',*,*,#455,.F.);
#605=ORIENTED_EDGE('',*,*,#456,.T.);
#606=ORIENTED_EDGE('',*,*,#455,.T.);
#607=ORIENTED_EDGE('',*,*,#457,.F.);
#608=ORIENTED_EDGE('',*,*,#458,.F.);
#609=ORIENTED_EDGE('',*,*,#459,.T.);
#610=ORIENTED_EDGE('',*,*,#460,.T.);
#611=ORIENTED_EDGE('',*,*,#458,.T.);
#612=ORIENTED_EDGE('',*,*,#461,.F.);
#613=ORIENTED_EDGE('',*,*,#462,.F.);
#614=ORIENTED_EDGE('',*,*,#463,.T.);
#615=ORIENTED_EDGE('',*,*,#462,.T.);
#616=ORIENTED_EDGE('',*,*,#464,.F.);
#617=ORIENTED_EDGE('',*,*,#465,.F.);
#618=ORIENTED_EDGE('',*,*,#466,.T.);
#619=ORIENTED_EDGE('',*,*,#467,.T.);
#620=ORIENTED_EDGE('',*,*,#465,.T.);
#621=ORIENTED_EDGE('',*,*,#468,.F.);
#622=ORIENTED_EDGE('',*,*,#442,.F.);
#623=ORIENTED_EDGE('',*,*,#469,.F.);
#624=ORIENTED_EDGE('',*,*,#470,.T.);
#625=ORIENTED_EDGE('',*,*,#471,.F.);
#626=ORIENTED_EDGE('',*,*,#472,.F.);
#627=ORIENTED_EDGE('',*,*,#473,.F.);
#628=ORIENTED_EDGE('',*,*,#472,.T.);
#629=ORIENTED_EDGE('',*,*,#474,.F.);
#630=ORIENTED_EDGE('',*,*,#475,.F.);
#631=ORIENTED_EDGE('',*,*,#476,.F.);
#632=ORIENTED_EDGE('',*,*,#475,.T.);
#633=ORIENTED_EDGE('',*,*,#477,.F.);
#634=ORIENTED_EDGE('',*,*,#478,.F.);
#635=ORIENTED_EDGE('',*,*,#479,.F.);
#636=ORIENTED_EDGE('',*,*,#478,.T.);
#637=ORIENTED_EDGE('',*,*,#480,.F.);
#638=ORIENTED_EDGE('',*,*,#481,.F.);
#639=ORIENTED_EDGE('',*,*,#482,.F.);
#640=ORIENTED_EDGE('',*,*,#481,.T.);
#641=ORIENTED_EDGE('',*,*,#483,.F.);
#642=ORIENTED_EDGE('',*,*,#484,.F.);
#643=ORIENTED_EDGE('',*,*,#485,.F.);
#644=ORIENTED_EDGE('',*,*,#484,.T.);
#645=ORIENTED_EDGE('',*,*,#486,.F.);
#646=ORIENTED_EDGE('',*,*,#487,.F.);
#647=ORIENTED_EDGE('',*,*,#488,.F.);
#648=ORIENTED_EDGE('',*,*,#487,.T.);
#649=ORIENTED_EDGE('',*,*,#489,.F.);
#650=ORIENTED_EDGE('',*,*,#490,.F.);
#651=ORIENTED_EDGE('',*,*,#491,.F.);
#652=ORIENTED_EDGE('',*,*,#490,.T.);
#653=ORIENTED_EDGE('',*,*,#492,.F.);
#654=ORIENTED_EDGE('',*,*,#470,.F.);
#655=ORIENTED_EDGE('',*,*,#492,.T.);
#656=ORIENTED_EDGE('',*,*,#489,.T.);
#657=ORIENTED_EDGE('',*,*,#486,.T.);
#658=ORIENTED_EDGE('',*,*,#483,.T.);
#659=ORIENTED_EDGE('',*,*,#480,.T.);
#660=ORIENTED_EDGE('',*,*,#477,.T.);
#661=ORIENTED_EDGE('',*,*,#474,.T.);
#662=ORIENTED_EDGE('',*,*,#471,.T.);
#663=ORIENTED_EDGE('',*,*,#468,.T.);
#664=ORIENTED_EDGE('',*,*,#464,.T.);
#665=ORIENTED_EDGE('',*,*,#461,.T.);
#666=ORIENTED_EDGE('',*,*,#457,.T.);
#667=ORIENTED_EDGE('',*,*,#454,.T.);
#668=ORIENTED_EDGE('',*,*,#450,.T.);
#669=ORIENTED_EDGE('',*,*,#447,.T.);
#670=ORIENTED_EDGE('',*,*,#443,.T.);
#671=ORIENTED_EDGE('',*,*,#430,.T.);
#672=ORIENTED_EDGE('',*,*,#493,.F.);
#673=ORIENTED_EDGE('',*,*,#467,.F.);
#674=ORIENTED_EDGE('',*,*,#466,.F.);
#675=ORIENTED_EDGE('',*,*,#441,.F.);
#676=ORIENTED_EDGE('',*,*,#446,.F.);
#677=ORIENTED_EDGE('',*,*,#445,.F.);
#678=ORIENTED_EDGE('',*,*,#449,.F.);
#679=ORIENTED_EDGE('',*,*,#453,.F.);
#680=ORIENTED_EDGE('',*,*,#452,.F.);
#681=ORIENTED_EDGE('',*,*,#456,.F.);
#682=ORIENTED_EDGE('',*,*,#460,.F.);
#683=ORIENTED_EDGE('',*,*,#459,.F.);
#684=ORIENTED_EDGE('',*,*,#463,.F.);
#685=ORIENTED_EDGE('',*,*,#493,.T.);
#686=ORIENTED_EDGE('',*,*,#429,.T.);
#687=ORIENTED_EDGE('',*,*,#428,.T.);
#688=ORIENTED_EDGE('',*,*,#427,.T.);
#689=ORIENTED_EDGE('',*,*,#426,.T.);
#690=ORIENTED_EDGE('',*,*,#436,.T.);
#691=ORIENTED_EDGE('',*,*,#438,.T.);
#692=ORIENTED_EDGE('',*,*,#440,.T.);
#693=ORIENTED_EDGE('',*,*,#432,.T.);
#694=ORIENTED_EDGE('',*,*,#431,.T.);
#695=ORIENTED_EDGE('',*,*,#494,.T.);
#696=ORIENTED_EDGE('',*,*,#495,.T.);
#697=ORIENTED_EDGE('',*,*,#496,.T.);
#698=ORIENTED_EDGE('',*,*,#497,.T.);
#699=ORIENTED_EDGE('',*,*,#498,.T.);
#700=ORIENTED_EDGE('',*,*,#499,.T.);
#701=ORIENTED_EDGE('',*,*,#500,.T.);
#702=ORIENTED_EDGE('',*,*,#501,.T.);
#703=ORIENTED_EDGE('',*,*,#402,.T.);
#704=ORIENTED_EDGE('',*,*,#424,.T.);
#705=ORIENTED_EDGE('',*,*,#421,.T.);
#706=ORIENTED_EDGE('',*,*,#418,.T.);
#707=ORIENTED_EDGE('',*,*,#415,.T.);
#708=ORIENTED_EDGE('',*,*,#412,.T.);
#709=ORIENTED_EDGE('',*,*,#409,.T.);
#710=ORIENTED_EDGE('',*,*,#406,.T.);
#711=ORIENTED_EDGE('',*,*,#502,.F.);
#712=ORIENTED_EDGE('',*,*,#503,.F.);
#713=ORIENTED_EDGE('',*,*,#504,.F.);
#714=ORIENTED_EDGE('',*,*,#505,.F.);
#715=ORIENTED_EDGE('',*,*,#506,.F.);
#716=ORIENTED_EDGE('',*,*,#507,.F.);
#717=ORIENTED_EDGE('',*,*,#508,.F.);
#718=ORIENTED_EDGE('',*,*,#509,.F.);
#719=ORIENTED_EDGE('',*,*,#469,.T.);
#720=ORIENTED_EDGE('',*,*,#473,.T.);
#721=ORIENTED_EDGE('',*,*,#476,.T.);
#722=ORIENTED_EDGE('',*,*,#479,.T.);
#723=ORIENTED_EDGE('',*,*,#482,.T.);
#724=ORIENTED_EDGE('',*,*,#485,.T.);
#725=ORIENTED_EDGE('',*,*,#488,.T.);
#726=ORIENTED_EDGE('',*,*,#491,.T.);
#727=ORIENTED_EDGE('',*,*,#503,.T.);
#728=ORIENTED_EDGE('',*,*,#510,.T.);
#729=ORIENTED_EDGE('',*,*,#501,.F.);
#730=ORIENTED_EDGE('',*,*,#500,.F.);
#731=ORIENTED_EDGE('',*,*,#499,.F.);
#732=ORIENTED_EDGE('',*,*,#498,.F.);
#733=ORIENTED_EDGE('',*,*,#497,.F.);
#734=ORIENTED_EDGE('',*,*,#496,.F.);
#735=ORIENTED_EDGE('',*,*,#495,.F.);
#736=ORIENTED_EDGE('',*,*,#494,.F.);
#737=ORIENTED_EDGE('',*,*,#510,.F.);
#738=ORIENTED_EDGE('',*,*,#502,.T.);
#739=ORIENTED_EDGE('',*,*,#509,.T.);
#740=ORIENTED_EDGE('',*,*,#508,.T.);
#741=ORIENTED_EDGE('',*,*,#507,.T.);
#742=ORIENTED_EDGE('',*,*,#506,.T.);
#743=ORIENTED_EDGE('',*,*,#505,.T.);
#744=ORIENTED_EDGE('',*,*,#504,.T.);
#745=CONICAL_SURFACE('',#798,1.725,0.785398163397448);
#746=ADVANCED_FACE('',(#96),#745,.F.);
#747=ADVANCED_FACE('',(#97),#80,.F.);
#748=ADVANCED_FACE('',(#98),#61,.F.);
#749=ADVANCED_FACE('',(#99),#81,.T.);
#750=ADVANCED_FACE('',(#100,#55),#62,.F.);
#751=ADVANCED_FACE('',(#101),#63,.F.);
#752=ADVANCED_FACE('',(#102),#82,.F.);
#753=ADVANCED_FACE('',(#103),#64,.F.);
#754=ADVANCED_FACE('',(#104),#83,.F.);
#755=ADVANCED_FACE('',(#105),#65,.F.);
#756=ADVANCED_FACE('',(#106),#84,.F.);
#757=ADVANCED_FACE('',(#107),#66,.F.);
#758=ADVANCED_FACE('',(#108),#85,.F.);
#759=ADVANCED_FACE('',(#109,#56,#57),#67,.F.);
#760=ADVANCED_FACE('',(#110),#86,.T.);
#761=ADVANCED_FACE('',(#111),#68,.T.);
#762=ADVANCED_FACE('',(#112),#87,.T.);
#763=ADVANCED_FACE('',(#113),#69,.T.);
#764=ADVANCED_FACE('',(#114),#88,.F.);
#765=ADVANCED_FACE('',(#115),#70,.T.);
#766=ADVANCED_FACE('',(#116),#89,.F.);
#767=ADVANCED_FACE('',(#117),#71,.T.);
#768=ADVANCED_FACE('',(#118),#90,.F.);
#769=ADVANCED_FACE('',(#119),#72,.T.);
#770=ADVANCED_FACE('',(#120),#91,.F.);
#771=ADVANCED_FACE('',(#121),#73,.T.);
#772=ADVANCED_FACE('',(#122),#92,.T.);
#773=ADVANCED_FACE('',(#123),#74,.T.);
#774=ADVANCED_FACE('',(#124),#93,.T.);
#775=ADVANCED_FACE('',(#125),#75,.T.);
#776=ADVANCED_FACE('',(#126),#94,.T.);
#777=ADVANCED_FACE('',(#127),#76,.T.);
#778=ADVANCED_FACE('',(#128),#95,.T.);
#779=ADVANCED_FACE('',(#129,#58),#77,.F.);
#780=ADVANCED_FACE('',(#130),#15,.F.);
#781=ADVANCED_FACE('',(#131,#59),#78,.T.);
#782=ADVANCED_FACE('',(#132,#60),#79,.F.);
#783=ADVANCED_FACE('',(#133),#16,.T.);
#784=CLOSED_SHELL('',(#746,#747,#748,#749,#750,#751,#752,#753,#754,#755,
#756,#757,#758,#759,#760,#761,#762,#763,#764,#765,#766,#767,#768,#769,#770,
#771,#772,#773,#774,#775,#776,#777,#778,#779,#780,#781,#782,#783));
#785=DERIVED_UNIT_ELEMENT(#787,1.);
#786=DERIVED_UNIT_ELEMENT(#1779,-3.);
#787=(
MASS_UNIT()
NAMED_UNIT(*)
SI_UNIT(.KILO.,.GRAM.)
);
#788=DERIVED_UNIT((#785,#786));
#789=MEASURE_REPRESENTATION_ITEM('density measure',
POSITIVE_RATIO_MEASURE(7850.),#788);
#790=PROPERTY_DEFINITION_REPRESENTATION(#795,#792);
#791=PROPERTY_DEFINITION_REPRESENTATION(#796,#793);
#792=REPRESENTATION('material name',(#794),#1776);
#793=REPRESENTATION('density',(#789),#1776);
#794=DESCRIPTIVE_REPRESENTATION_ITEM('Acier','Acier');
#795=PROPERTY_DEFINITION('material property','material name',#1786);
#796=PROPERTY_DEFINITION('material property','density of part',#1786);
#797=AXIS2_PLACEMENT_3D('',#1041,#861,#862);
#798=AXIS2_PLACEMENT_3D('',#1042,#863,#864);
#799=AXIS2_PLACEMENT_3D('',#1044,#865,#866);
#800=AXIS2_PLACEMENT_3D('',#1047,#868,#869);
#801=AXIS2_PLACEMENT_3D('',#1048,#870,#871);
#802=AXIS2_PLACEMENT_3D('',#1051,#873,#874);
#803=AXIS2_PLACEMENT_3D('',#1052,#875,#876);
#804=AXIS2_PLACEMENT_3D('',#1053,#877,#878);
#805=AXIS2_PLACEMENT_3D('',#1055,#879,#880);
#806=AXIS2_PLACEMENT_3D('',#1058,#882,#883);
#807=AXIS2_PLACEMENT_3D('',#1059,#884,#885);
#808=AXIS2_PLACEMENT_3D('',#1060,#886,#887);
#809=AXIS2_PLACEMENT_3D('',#1069,#892,#893);
#810=AXIS2_PLACEMENT_3D('',#1071,#894,#895);
#811=AXIS2_PLACEMENT_3D('',#1074,#897,#898);
#812=AXIS2_PLACEMENT_3D('',#1075,#899,#900);
#813=AXIS2_PLACEMENT_3D('',#1081,#904,#905);
#814=AXIS2_PLACEMENT_3D('',#1083,#906,#907);
#815=AXIS2_PLACEMENT_3D('',#1086,#909,#910);
#816=AXIS2_PLACEMENT_3D('',#1087,#911,#912);
#817=AXIS2_PLACEMENT_3D('',#1093,#916,#917);
#818=AXIS2_PLACEMENT_3D('',#1095,#918,#919);
#819=AXIS2_PLACEMENT_3D('',#1098,#921,#922);
#820=AXIS2_PLACEMENT_3D('',#1099,#923,#924);
#821=AXIS2_PLACEMENT_3D('',#1105,#928,#929);
#822=AXIS2_PLACEMENT_3D('',#1106,#930,#931);
#823=AXIS2_PLACEMENT_3D('',#1107,#932,#933);
#824=AXIS2_PLACEMENT_3D('',#1108,#934,#935);
#825=AXIS2_PLACEMENT_3D('',#1176,#936,#937);
#826=AXIS2_PLACEMENT_3D('',#1179,#939,#940);
#827=AXIS2_PLACEMENT_3D('',#1180,#941,#942);
#828=AXIS2_PLACEMENT_3D('',#1189,#944,#945);
#829=AXIS2_PLACEMENT_3D('',#1198,#947,#948);
#830=AXIS2_PLACEMENT_3D('',#1207,#949,#950);
#831=AXIS2_PLACEMENT_3D('',#1219,#954,#955);
#832=AXIS2_PLACEMENT_3D('',#1234,#956,#957);
#833=AXIS2_PLACEMENT_3D('',#1236,#959,#960);
#834=AXIS2_PLACEMENT_3D('',#1246,#963,#964);
#835=AXIS2_PLACEMENT_3D('',#1261,#965,#966);
#836=AXIS2_PLACEMENT_3D('',#1263,#968,#969);
#837=AXIS2_PLACEMENT_3D('',#1277,#972,#973);
#838=AXIS2_PLACEMENT_3D('',#1292,#974,#975);
#839=AXIS2_PLACEMENT_3D('',#1294,#977,#978);
#840=AXIS2_PLACEMENT_3D('',#1303,#981,#982);
#841=AXIS2_PLACEMENT_3D('',#1316,#983,#984);
#842=AXIS2_PLACEMENT_3D('',#1317,#985,#986);
#843=AXIS2_PLACEMENT_3D('',#1326,#991,#992);
#844=AXIS2_PLACEMENT_3D('',#1328,#993,#994);
#845=AXIS2_PLACEMENT_3D('',#1330,#995,#996);
#846=AXIS2_PLACEMENT_3D('',#1332,#998,#999);
#847=AXIS2_PLACEMENT_3D('',#1338,#1003,#1004);
#848=AXIS2_PLACEMENT_3D('',#1340,#1005,#1006);
#849=AXIS2_PLACEMENT_3D('',#1342,#1007,#1008);
#850=AXIS2_PLACEMENT_3D('',#1344,#1010,#1011);
#851=AXIS2_PLACEMENT_3D('',#1350,#1015,#1016);
#852=AXIS2_PLACEMENT_3D('',#1352,#1017,#1018);
#853=AXIS2_PLACEMENT_3D('',#1354,#1019,#1020);
#854=AXIS2_PLACEMENT_3D('',#1356,#1022,#1023);
#855=AXIS2_PLACEMENT_3D('',#1362,#1027,#1028);
#856=AXIS2_PLACEMENT_3D('',#1363,#1029,#1030);
#857=AXIS2_PLACEMENT_3D('',#1364,#1031,#1032);
#858=AXIS2_PLACEMENT_3D('',#1365,#1033,#1034);
#859=AXIS2_PLACEMENT_3D('',#1511,#1036,#1037);
#860=AXIS2_PLACEMENT_3D('',#1570,#1038,#1039);
#861=DIRECTION('axis',(0.,0.,1.));
#862=DIRECTION('refdir',(1.,0.,0.));
#863=DIRECTION('center_axis',(0.,0.,-1.));
#864=DIRECTION('ref_axis',(-1.,0.,0.));
#865=DIRECTION('center_axis',(0.,0.,1.));
#866=DIRECTION('ref_axis',(-1.,0.,0.));
#867=DIRECTION('',(-0.707106781186547,-8.65956056235493E-17,0.707106781186547));
#868=DIRECTION('center_axis',(0.,0.,1.));
#869=DIRECTION('ref_axis',(-1.,0.,0.));
#870=DIRECTION('center_axis',(0.,0.,1.));
#871=DIRECTION('ref_axis',(-1.,0.,0.));
#872=DIRECTION('',(0.,0.,1.));
#873=DIRECTION('center_axis',(0.,0.,1.));
#874=DIRECTION('ref_axis',(-1.,0.,0.));
#875=DIRECTION('center_axis',(0.,0.,1.));
#876=DIRECTION('ref_axis',(-1.,0.,0.));
#877=DIRECTION('center_axis',(0.,0.,-1.));
#878=DIRECTION('ref_axis',(-1.,0.,0.));
#879=DIRECTION('center_axis',(0.,0.,-1.));
#880=DIRECTION('ref_axis',(-1.,0.,0.));
#881=DIRECTION('',(0.,0.,1.));
#882=DIRECTION('center_axis',(0.,0.,1.));
#883=DIRECTION('ref_axis',(-1.,0.,0.));
#884=DIRECTION('center_axis',(0.,0.,1.));
#885=DIRECTION('ref_axis',(-1.,0.,0.));
#886=DIRECTION('center_axis',(1.,0.,0.));
#887=DIRECTION('ref_axis',(0.,-1.,0.));
#888=DIRECTION('',(0.,-1.,0.));
#889=DIRECTION('',(0.,0.,-1.));
#890=DIRECTION('',(0.,1.,0.));
#891=DIRECTION('',(0.,0.,-1.));
#892=DIRECTION('center_axis',(0.,0.,-1.));
#893=DIRECTION('ref_axis',(1.,0.,0.));
#894=DIRECTION('center_axis',(0.,0.,-1.));
#895=DIRECTION('ref_axis',(1.,0.,0.));
#896=DIRECTION('',(0.,0.,-1.));
#897=DIRECTION('center_axis',(0.,0.,1.));
#898=DIRECTION('ref_axis',(1.,0.,0.));
#899=DIRECTION('center_axis',(0.,1.,0.));
#900=DIRECTION('ref_axis',(1.,0.,0.));
#901=DIRECTION('',(1.,0.,0.));
#902=DIRECTION('',(0.,0.,-1.));
#903=DIRECTION('',(-1.,0.,0.));
#904=DIRECTION('center_axis',(0.,0.,-1.));
#905=DIRECTION('ref_axis',(0.,1.,0.));
#906=DIRECTION('center_axis',(0.,0.,-1.));
#907=DIRECTION('ref_axis',(0.,1.,0.));
#908=DIRECTION('',(0.,0.,-1.));
#909=DIRECTION('center_axis',(0.,0.,1.));
#910=DIRECTION('ref_axis',(0.,1.,0.));
#911=DIRECTION('center_axis',(-1.,0.,0.));
#912=DIRECTION('ref_axis',(0.,1.,0.));
#913=DIRECTION('',(0.,1.,0.));
#914=DIRECTION('',(0.,0.,-1.));
#915=DIRECTION('',(0.,-1.,0.));
#916=DIRECTION('center_axis',(0.,0.,-1.));
#917=DIRECTION('ref_axis',(-1.,0.,0.));
#918=DIRECTION('center_axis',(0.,0.,-1.));
#919=DIRECTION('ref_axis',(-1.,0.,0.));
#920=DIRECTION('',(0.,0.,-1.));
#921=DIRECTION('center_axis',(0.,0.,1.));
#922=DIRECTION('ref_axis',(-1.,0.,0.));
#923=DIRECTION('center_axis',(0.,-1.,0.));
#924=DIRECTION('ref_axis',(-1.,0.,0.));
#925=DIRECTION('',(-1.,0.,0.));
#926=DIRECTION('',(0.,0.,-1.));
#927=DIRECTION('',(1.,0.,0.));
#928=DIRECTION('center_axis',(0.,0.,-1.));
#929=DIRECTION('ref_axis',(0.,-1.,0.));
#930=DIRECTION('center_axis',(0.,0.,-1.));
#931=DIRECTION('ref_axis',(0.,-1.,0.));
#932=DIRECTION('center_axis',(0.,0.,1.));
#933=DIRECTION('ref_axis',(0.,-1.,0.));
#934=DIRECTION('center_axis',(0.,0.,1.));
#935=DIRECTION('ref_axis',(1.,0.,0.));
#936=DIRECTION('center_axis',(0.,0.,-1.));
#937=DIRECTION('ref_axis',(0.,1.,0.));
#938=DIRECTION('',(1.,0.,0.));
#939=DIRECTION('center_axis',(0.,0.,-1.));
#940=DIRECTION('ref_axis',(1.,0.,0.));
#941=DIRECTION('center_axis',(0.,0.,-1.));
#942=DIRECTION('ref_axis',(1.,0.,0.));
#943=DIRECTION('',(0.,0.,-1.));
#944=DIRECTION('center_axis',(0.,1.,0.));
#945=DIRECTION('ref_axis',(1.,0.,0.));
#946=DIRECTION('',(0.,0.,-1.));
#947=DIRECTION('center_axis',(0.,0.,-1.));
#948=DIRECTION('ref_axis',(0.,1.,0.));
#949=DIRECTION('center_axis',(1.,1.66533453693774E-16,0.));
#950=DIRECTION('ref_axis',(1.66533453693774E-16,-1.,0.));
#951=DIRECTION('',(0.,0.,-1.));
#952=DIRECTION('',(1.66533453693774E-16,-1.,0.));
#953=DIRECTION('',(0.,0.,-1.));
#954=DIRECTION('center_axis',(0.,0.,-1.));
#955=DIRECTION('ref_axis',(2.92163953848725E-16,1.,0.));
#956=DIRECTION('center_axis',(0.,0.,1.));
#957=DIRECTION('ref_axis',(2.92163953848725E-16,1.,0.));
#958=DIRECTION('',(0.,0.,-1.));
#959=DIRECTION('center_axis',(-6.83214169000096E-16,-1.,0.));
#960=DIRECTION('ref_axis',(-1.,6.83214169000096E-16,0.));
#961=DIRECTION('',(-1.,6.83214169000096E-16,0.));
#962=DIRECTION('',(0.,0.,-1.));
#963=DIRECTION('center_axis',(0.,0.,-1.));
#964=DIRECTION('ref_axis',(1.,0.,0.));
#965=DIRECTION('center_axis',(0.,0.,1.));
#966=DIRECTION('ref_axis',(1.,0.,0.));
#967=DIRECTION('',(0.,0.,-1.));
#968=DIRECTION('center_axis',(-1.,0.,0.));
#969=DIRECTION('ref_axis',(0.,1.,0.));
#970=DIRECTION('',(0.,1.,0.));
#971=DIRECTION('',(0.,0.,-1.));
#972=DIRECTION('center_axis',(0.,0.,-1.));
#973=DIRECTION('ref_axis',(0.,-1.,0.));
#974=DIRECTION('center_axis',(0.,0.,1.));
#975=DIRECTION('ref_axis',(0.,-1.,0.));
#976=DIRECTION('',(0.,0.,-1.));
#977=DIRECTION('center_axis',(0.,1.,0.));
#978=DIRECTION('ref_axis',(1.,0.,0.));
#979=DIRECTION('',(1.,0.,0.));
#980=DIRECTION('',(0.,0.,-1.));
#981=DIRECTION('center_axis',(0.,0.,-1.));
#982=DIRECTION('ref_axis',(-1.,0.,0.));
#983=DIRECTION('center_axis',(0.,0.,1.));
#984=DIRECTION('ref_axis',(-1.,0.,0.));
#985=DIRECTION('center_axis',(0.,-1.,0.));
#986=DIRECTION('ref_axis',(-1.,0.,0.));
#987=DIRECTION('',(1.,0.,0.));
#988=DIRECTION('',(0.,0.,-1.));
#989=DIRECTION('',(-1.,0.,0.));
#990=DIRECTION('',(0.,0.,-1.));
#991=DIRECTION('center_axis',(0.,0.,-1.));
#992=DIRECTION('ref_axis',(0.,-1.,0.));
#993=DIRECTION('center_axis',(0.,0.,1.));
#994=DIRECTION('ref_axis',(0.,-1.,0.));
#995=DIRECTION('center_axis',(0.,0.,-1.));
#996=DIRECTION('ref_axis',(0.,-1.,0.));
#997=DIRECTION('',(0.,0.,-1.));
#998=DIRECTION('center_axis',(1.,0.,0.));
#999=DIRECTION('ref_axis',(0.,-1.,0.));
#1000=DIRECTION('',(0.,1.,0.));
#1001=DIRECTION('',(0.,-1.,0.));
#1002=DIRECTION('',(0.,0.,-1.));
#1003=DIRECTION('center_axis',(0.,0.,-1.));
#1004=DIRECTION('ref_axis',(1.,0.,0.));
#1005=DIRECTION('center_axis',(0.,0.,1.));
#1006=DIRECTION('ref_axis',(1.,0.,0.));
#1007=DIRECTION('center_axis',(0.,0.,-1.));
#1008=DIRECTION('ref_axis',(1.,0.,0.));
#1009=DIRECTION('',(0.,0.,-1.));
#1010=DIRECTION('center_axis',(-6.83214169000096E-16,1.,0.));
#1011=DIRECTION('ref_axis',(1.,6.83214169000096E-16,0.));
#1012=DIRECTION('',(-1.,-6.83214169000096E-16,0.));
#1013=DIRECTION('',(1.,6.83214169000096E-16,0.));
#1014=DIRECTION('',(0.,0.,-1.));
#1015=DIRECTION('center_axis',(0.,0.,-1.));
#1016=DIRECTION('ref_axis',(0.,1.,0.));
#1017=DIRECTION('center_axis',(0.,0.,1.));
#1018=DIRECTION('ref_axis',(0.,1.,0.));
#1019=DIRECTION('center_axis',(0.,0.,-1.));
#1020=DIRECTION('ref_axis',(0.,1.,0.));
#1021=DIRECTION('',(0.,0.,-1.));
#1022=DIRECTION('center_axis',(-1.,-7.13714801544744E-17,0.));
#1023=DIRECTION('ref_axis',(-7.13714801544744E-17,1.,0.));
#1024=DIRECTION('',(7.13714801544744E-17,-1.,0.));
#1025=DIRECTION('',(-7.13714801544744E-17,1.,0.));
#1026=DIRECTION('',(0.,0.,-1.));
#1027=DIRECTION('center_axis',(0.,0.,-1.));
#1028=DIRECTION('ref_axis',(-1.,0.,0.));
#1029=DIRECTION('center_axis',(0.,0.,1.));
#1030=DIRECTION('ref_axis',(-1.,0.,0.));
#1031=DIRECTION('center_axis',(0.,0.,-1.));
#1032=DIRECTION('ref_axis',(-1.,0.,0.));
#1033=DIRECTION('center_axis',(0.,0.,1.));
#1034=DIRECTION('ref_axis',(1.,0.,0.));
#1035=DIRECTION('',(0.,0.338719468272742,0.940887411868727));
#1036=DIRECTION('center_axis',(0.,0.,1.));
#1037=DIRECTION('ref_axis',(1.,0.,0.));
#1038=DIRECTION('center_axis',(0.,0.,1.));
#1039=DIRECTION('ref_axis',(1.,0.,0.));
#1040=DIRECTION('',(0.,0.371390676354104,0.928476690885259));
#1041=CARTESIAN_POINT('',(0.,0.,0.));
#1042=CARTESIAN_POINT('Origin',(12.5,23.5,-2.825));
#1043=CARTESIAN_POINT('',(14.4,23.5,-3.));
#1044=CARTESIAN_POINT('Origin',(12.5,23.5,-3.));
#1045=CARTESIAN_POINT('',(14.05,23.5,-2.65));
#1046=CARTESIAN_POINT('',(14.225,23.5,-2.825));
#1047=CARTESIAN_POINT('Origin',(12.5,23.5,-2.65));
#1048=CARTESIAN_POINT('Origin',(12.5,23.5,0.));
#1049=CARTESIAN_POINT('',(14.05,23.5,3.));
#1050=CARTESIAN_POINT('',(14.05,23.5,0.));
#1051=CARTESIAN_POINT('Origin',(12.5,23.5,3.));
#1052=CARTESIAN_POINT('Origin',(12.5,23.5,3.));
#1053=CARTESIAN_POINT('Origin',(12.5,23.5,5.));
#1054=CARTESIAN_POINT('',(16.,23.5,-3.));
#1055=CARTESIAN_POINT('Origin',(12.5,23.5,-3.));
#1056=CARTESIAN_POINT('',(16.,23.5,3.));
#1057=CARTESIAN_POINT('',(16.,23.5,5.));
#1058=CARTESIAN_POINT('Origin',(12.5,23.5,3.));
#1059=CARTESIAN_POINT('Origin',(12.5,23.5,-3.));
#1060=CARTESIAN_POINT('Origin',(19.15,9.5,5.));
#1061=CARTESIAN_POINT('',(19.15,9.5,5.));
#1062=CARTESIAN_POINT('',(19.15,9.2,5.));
#1063=CARTESIAN_POINT('',(19.15,14.3863636363636,5.));
#1064=CARTESIAN_POINT('',(19.15,9.5,3.));
#1065=CARTESIAN_POINT('',(19.15,9.5,5.));
#1066=CARTESIAN_POINT('',(19.15,9.2,3.));
#1067=CARTESIAN_POINT('',(19.15,15.25,3.));
#1068=CARTESIAN_POINT('',(19.15,9.2,5.));
#1069=CARTESIAN_POINT('Origin',(17.15,9.5,5.));
#1070=CARTESIAN_POINT('',(17.15,11.5,5.));
#1071=CARTESIAN_POINT('Origin',(17.15,9.5,5.));
#1072=CARTESIAN_POINT('',(17.15,11.5,3.));
#1073=CARTESIAN_POINT('',(17.15,11.5,5.));
#1074=CARTESIAN_POINT('Origin',(17.15,9.5,3.));
#1075=CARTESIAN_POINT('Origin',(7.85,11.5,5.));
#1076=CARTESIAN_POINT('',(7.85,11.5,5.));
#1077=CARTESIAN_POINT('',(9.87954545454545,11.5,5.));
#1078=CARTESIAN_POINT('',(7.85,11.5,3.));
#1079=CARTESIAN_POINT('',(7.85,11.5,5.));
#1080=CARTESIAN_POINT('',(10.175,11.5,3.));
#1081=CARTESIAN_POINT('Origin',(7.85,9.5,5.));
#1082=CARTESIAN_POINT('',(5.85,9.5,5.));
#1083=CARTESIAN_POINT('Origin',(7.85,9.5,5.));
#1084=CARTESIAN_POINT('',(5.85,9.5,3.));
#1085=CARTESIAN_POINT('',(5.85,9.5,5.));
#1086=CARTESIAN_POINT('Origin',(7.85,9.5,3.));
#1087=CARTESIAN_POINT('Origin',(5.85,9.2,5.));
#1088=CARTESIAN_POINT('',(5.85,9.2,5.));
#1089=CARTESIAN_POINT('',(5.85,14.2363636363636,5.));
#1090=CARTESIAN_POINT('',(5.85,9.2,3.));
#1091=CARTESIAN_POINT('',(5.85,9.2,5.));
#1092=CARTESIAN_POINT('',(5.85,15.1,3.));
#1093=CARTESIAN_POINT('Origin',(7.85,9.2,5.));
#1094=CARTESIAN_POINT('',(7.85,7.2,5.));
#1095=CARTESIAN_POINT('Origin',(7.85,9.2,5.));
#1096=CARTESIAN_POINT('',(7.85,7.2,3.));
#1097=CARTESIAN_POINT('',(7.85,7.2,5.));
#1098=CARTESIAN_POINT('Origin',(7.85,9.2,3.));
#1099=CARTESIAN_POINT('Origin',(17.15,7.2,5.));
#1100=CARTESIAN_POINT('',(17.15,7.2,5.));
#1101=CARTESIAN_POINT('',(14.5295454545455,7.2,5.));
#1102=CARTESIAN_POINT('',(17.15,7.2,3.));
#1103=CARTESIAN_POINT('',(17.15,7.2,5.));
#1104=CARTESIAN_POINT('',(14.825,7.2,3.));
#1105=CARTESIAN_POINT('Origin',(17.15,9.2,5.));
#1106=CARTESIAN_POINT('Origin',(17.15,9.2,5.));
#1107=CARTESIAN_POINT('Origin',(17.15,9.2,3.));
#1108=CARTESIAN_POINT('Origin',(12.5,21.,3.));
#1109=CARTESIAN_POINT('',(22.92,36.8,3.));
#1110=CARTESIAN_POINT('',(22.1844008745698,39.0852326465993,3.));
#1111=CARTESIAN_POINT('Ctrl Pts',(22.9201934564215,36.7999405414769,3.));
#1112=CARTESIAN_POINT('Ctrl Pts',(22.9201710996325,37.2634510434834,3.));
#1113=CARTESIAN_POINT('Ctrl Pts',(22.8353104652974,37.7551220999761,3.));
#1114=CARTESIAN_POINT('Ctrl Pts',(22.6510786475308,38.2263040381186,3.));
#1115=CARTESIAN_POINT('Ctrl Pts',(22.5341352311199,38.5253925792047,3.));
#1116=CARTESIAN_POINT('Ctrl Pts',(22.3771528589677,38.8162255790517,3.));
#1117=CARTESIAN_POINT('Ctrl Pts',(22.1843175308065,39.0856091833921,3.));
#1118=CARTESIAN_POINT('',(22.92,7.2,3.));
#1119=CARTESIAN_POINT('Ctrl Pts',(22.92,7.2,3.));
#1120=CARTESIAN_POINT('Ctrl Pts',(22.92,12.1333333333333,3.));
#1121=CARTESIAN_POINT('Ctrl Pts',(22.92,17.0666666666667,3.));
#1122=CARTESIAN_POINT('Ctrl Pts',(22.92,26.9333333333333,3.));
#1123=CARTESIAN_POINT('Ctrl Pts',(22.92,31.8666666666667,3.));
#1124=CARTESIAN_POINT('Ctrl Pts',(22.92,36.8,3.));
#1125=CARTESIAN_POINT('',(19.,3.28,3.));
#1126=CARTESIAN_POINT('Ctrl Pts',(19.0003572155557,3.27817422362997,3.));
#1127=CARTESIAN_POINT('Ctrl Pts',(19.632731877198,3.27774662164127,3.));
#1128=CARTESIAN_POINT('Ctrl Pts',(20.2906536318299,3.44007165237454,3.));
#1129=CARTESIAN_POINT('Ctrl Pts',(20.8719698343534,3.75563744543634,3.));
#1130=CARTESIAN_POINT('Ctrl Pts',(21.2207595558675,3.94497692127342,3.));
#1131=CARTESIAN_POINT('Ctrl Pts',(21.5419712786227,4.18948307154877,3.));
#1132=CARTESIAN_POINT('Ctrl Pts',(21.8166200575408,4.47391293284453,3.));
#1133=CARTESIAN_POINT('Ctrl Pts',(22.1828184294317,4.85315274790554,3.));
#1134=CARTESIAN_POINT('Ctrl Pts',(22.4662382345014,5.30336804922505,3.));
#1135=CARTESIAN_POINT('Ctrl Pts',(22.6504618023756,5.77448555663269,3.));
#1136=CARTESIAN_POINT('Ctrl Pts',(22.8346853702499,6.24560306404033,3.));
#1137=CARTESIAN_POINT('Ctrl Pts',(22.9197127009287,6.7376227775361,3.));
#1138=CARTESIAN_POINT('Ctrl Pts',(22.91973371634,7.20103272485468,3.));
#1139=CARTESIAN_POINT('',(6.,3.28,3.));
#1140=CARTESIAN_POINT('Ctrl Pts',(6.,3.28,3.));
#1141=CARTESIAN_POINT('Ctrl Pts',(8.16666666666666,3.28,3.));
#1142=CARTESIAN_POINT('Ctrl Pts',(10.3333333333333,3.28,3.));
#1143=CARTESIAN_POINT('Ctrl Pts',(14.6666666666667,3.28,3.));
#1144=CARTESIAN_POINT('Ctrl Pts',(16.8333333333333,3.28,3.));
#1145=CARTESIAN_POINT('Ctrl Pts',(19.,3.28,3.));
#1146=CARTESIAN_POINT('',(2.08,7.2,3.));
#1147=CARTESIAN_POINT('Ctrl Pts',(2.08001162968299,7.19988990273882,3.));
#1148=CARTESIAN_POINT('Ctrl Pts',(2.08005756085696,6.73640570082736,3.));
#1149=CARTESIAN_POINT('Ctrl Pts',(2.16484902140298,6.24491734768624,3.));
#1150=CARTESIAN_POINT('Ctrl Pts',(2.34898380906075,5.77377062751137,3.));
#1151=CARTESIAN_POINT('Ctrl Pts',(2.53311859671852,5.30262390733651,3.));
#1152=CARTESIAN_POINT('Ctrl Pts',(2.81659671148804,4.85181882012791,3.));
#1153=CARTESIAN_POINT('Ctrl Pts',(3.18309757150053,4.47314017926548,3.));
#1154=CARTESIAN_POINT('Ctrl Pts',(3.54959843151302,4.09446153840306,3.));
#1155=CARTESIAN_POINT('Ctrl Pts',(3.99912203676848,3.78790934388681,3.));
#1156=CARTESIAN_POINT('Ctrl Pts',(4.4852439460642,3.58430281727526,3.));
#1157=CARTESIAN_POINT('Ctrl Pts',(4.97136585535993,3.38069629066371,3.));
#1158=CARTESIAN_POINT('Ctrl Pts',(5.49408606869593,3.28003543195685,3.));
#1159=CARTESIAN_POINT('Ctrl Pts',(6.,3.28,3.));
#1160=CARTESIAN_POINT('',(2.07999999999999,36.8,3.));
#1161=CARTESIAN_POINT('Ctrl Pts',(2.07999999999999,36.8,3.));
#1162=CARTESIAN_POINT('Ctrl Pts',(2.08,31.8666666666667,3.));
#1163=CARTESIAN_POINT('Ctrl Pts',(2.08,26.9333333333333,3.));
#1164=CARTESIAN_POINT('Ctrl Pts',(2.08,17.0666666666667,3.));
#1165=CARTESIAN_POINT('Ctrl Pts',(2.08,12.1333333333333,3.));
#1166=CARTESIAN_POINT('Ctrl Pts',(2.08,7.19999999999999,3.));
#1167=CARTESIAN_POINT('',(2.81559912543019,39.0852326465993,3.));
#1168=CARTESIAN_POINT('Ctrl Pts',(2.81568487092464,39.0852405558708,3.00000000039815));
#1169=CARTESIAN_POINT('Ctrl Pts',(2.62300651611623,38.8157928018332,3.00000000039815));
#1170=CARTESIAN_POINT('Ctrl Pts',(2.46615910831933,38.5249129088497,3.00000000039815));
#1171=CARTESIAN_POINT('Ctrl Pts',(2.34926275458584,38.2258407649438,3.00000000039815));
#1172=CARTESIAN_POINT('Ctrl Pts',(2.165105079062,37.7546846589012,3.00000000039815));
#1173=CARTESIAN_POINT('Ctrl Pts',(2.08010042704809,37.2631965123818,3.00000000039815));
#1174=CARTESIAN_POINT('Ctrl Pts',(2.08020541141897,36.7997771539983,3.00000000039815));
#1175=CARTESIAN_POINT('',(6.00000000000001,40.,3.));
#1176=CARTESIAN_POINT('Origin',(6.00000000000001,34.,3.));
#1177=CARTESIAN_POINT('',(19.,40.,3.));
#1178=CARTESIAN_POINT('',(19.,40.,3.));
#1179=CARTESIAN_POINT('Origin',(19.,34.,3.));
#1180=CARTESIAN_POINT('Origin',(19.,34.,5.));
#1181=CARTESIAN_POINT('',(19.,40.,3.52941176470588));
#1182=CARTESIAN_POINT('Ctrl Pts',(22.1844008745698,39.0852326465993,3.));
#1183=CARTESIAN_POINT('Ctrl Pts',(21.8464118421483,39.296883252429,3.1949614435408));
#1184=CARTESIAN_POINT('Ctrl Pts',(21.3826752435679,39.5395489864114,3.32578171767005));
#1185=CARTESIAN_POINT('Ctrl Pts',(20.2730326225097,39.8901320098994,3.49048215584236));
#1186=CARTESIAN_POINT('Ctrl Pts',(19.6610763143305,40.,3.52941176470588));
#1187=CARTESIAN_POINT('Ctrl Pts',(19.,40.,3.52941176470588));
#1188=CARTESIAN_POINT('',(19.,40.,5.));
#1189=CARTESIAN_POINT('Origin',(6.00000000000001,40.,5.));
#1190=CARTESIAN_POINT('',(6.00000000000001,40.,3.52941176470588));
#1191=CARTESIAN_POINT('Ctrl Pts',(19.,40.,3.52941176470588));
#1192=CARTESIAN_POINT('Ctrl Pts',(16.8333333333333,40.,3.52941176470588));
#1193=CARTESIAN_POINT('Ctrl Pts',(14.6666666666667,40.,3.52941176470588));
#1194=CARTESIAN_POINT('Ctrl Pts',(10.3333333333333,40.,3.52941176470588));
#1195=CARTESIAN_POINT('Ctrl Pts',(8.16666666666667,40.,3.52941176470588));
#1196=CARTESIAN_POINT('Ctrl Pts',(6.,40.,3.52941176470588));
#1197=CARTESIAN_POINT('',(6.00000000000001,40.,5.));
#1198=CARTESIAN_POINT('Origin',(6.00000000000001,34.,5.));
#1199=CARTESIAN_POINT('Ctrl Pts',(6.,40.,3.52941176470588));
#1200=CARTESIAN_POINT('Ctrl Pts',(5.60854729212984,40.,3.52941176470588));
#1201=CARTESIAN_POINT('Ctrl Pts',(5.21730238659879,39.9614800392584,3.51524174368291));
#1202=CARTESIAN_POINT('Ctrl Pts',(4.4666468294386,39.8129035727544,3.45352238946256));
#1203=CARTESIAN_POINT('Ctrl Pts',(4.10683843921799,39.7052690424138,3.40764633337997));
#1204=CARTESIAN_POINT('Ctrl Pts',(3.38535705829069,39.4159585840241,3.25336730944004));
#1205=CARTESIAN_POINT('Ctrl Pts',(3.06640996877876,39.2422917871373,3.14467464735348));
#1206=CARTESIAN_POINT('Ctrl Pts',(2.81559912543019,39.0852326465993,3.));
#1207=CARTESIAN_POINT('Origin',(2.19999999999999,41.,0.));
#1208=CARTESIAN_POINT('',(2.19999999999999,41.,0.));
#1209=CARTESIAN_POINT('',(2.2,6.,0.));
#1210=CARTESIAN_POINT('Ctrl Pts',(2.20001149659998,40.9998836834565,0.));
#1211=CARTESIAN_POINT('Ctrl Pts',(2.20145395155965,31.2224092578242,0.));
#1212=CARTESIAN_POINT('Ctrl Pts',(2.19957712716994,15.7774204136062,0.));
#1213=CARTESIAN_POINT('Ctrl Pts',(2.1999446971518,6.00003241448046,0.));
#1214=CARTESIAN_POINT('',(2.2,6.,-1.));
#1215=CARTESIAN_POINT('',(2.2,6.,0.));
#1216=CARTESIAN_POINT('',(2.19999999999999,41.,-1.));
#1217=CARTESIAN_POINT('',(2.19999999999999,41.,-1.));
#1218=CARTESIAN_POINT('',(2.19999999999999,41.,0.));
#1219=CARTESIAN_POINT('Origin',(6.,41.,0.));
#1220=CARTESIAN_POINT('',(6.,44.8,0.));
#1221=CARTESIAN_POINT('',(2.20155075328473,41.1085510024286,0.));
#1222=CARTESIAN_POINT('Ctrl Pts',(5.9999123976033,44.8001551424837,0.));
#1223=CARTESIAN_POINT('Ctrl Pts',(5.50249823863228,44.8001684401146,0.));
#1224=CARTESIAN_POINT('Ctrl Pts',(4.5078664452307,44.6020955932587,0.));
#1225=CARTESIAN_POINT('Ctrl Pts',(3.2426584235767,43.7572315834573,0.));
#1226=CARTESIAN_POINT('Ctrl Pts',(2.41850641609046,42.5225067840354,0.));
#1227=CARTESIAN_POINT('Ctrl Pts',(2.21483234075442,41.5694588237712,0.));
#1228=CARTESIAN_POINT('Ctrl Pts',(2.20156630265235,41.1084328934749,0.));
#1229=CARTESIAN_POINT('Ctrl Pts',(2.20156630265235,41.1084328934749,0.));
#1230=CARTESIAN_POINT('Ctrl Pts',(2.20052543592137,41.0722603339456,0.));
#1231=CARTESIAN_POINT('Ctrl Pts',(2.200006157731,41.0360724424187,0.));
#1232=CARTESIAN_POINT('Ctrl Pts',(2.20001149659998,40.9998836834565,0.));
#1233=CARTESIAN_POINT('',(6.,44.8,-1.));
#1234=CARTESIAN_POINT('Origin',(6.,41.,-1.));
#1235=CARTESIAN_POINT('',(6.,44.8,0.));
#1236=CARTESIAN_POINT('Origin',(19.,44.8,0.));
#1237=CARTESIAN_POINT('',(19.,44.8,0.));
#1238=CARTESIAN_POINT('Ctrl Pts',(18.9998693910501,44.7999852368228,0.));
#1239=CARTESIAN_POINT('Ctrl Pts',(15.8393306915426,44.8000110110449,0.));
#1240=CARTESIAN_POINT('Ctrl Pts',(11.3570098396006,44.8000837846716,0.));
#1241=CARTESIAN_POINT('Ctrl Pts',(7.05342988732489,44.8001269782539,0.));
#1242=CARTESIAN_POINT('Ctrl Pts',(5.9999123976033,44.8001551424837,0.));
#1243=CARTESIAN_POINT('',(19.,44.8,-1.));
#1244=CARTESIAN_POINT('',(19.,44.8,-1.));
#1245=CARTESIAN_POINT('',(19.,44.8,0.));
#1246=CARTESIAN_POINT('Origin',(19.,41.,0.));
#1247=CARTESIAN_POINT('',(22.8,41.,0.));
#1248=CARTESIAN_POINT('',(22.7984492467153,41.1085510024286,0.));
#1249=CARTESIAN_POINT('Ctrl Pts',(22.800140241589,41.0000366589643,0.));
#1250=CARTESIAN_POINT('Ctrl Pts',(22.800140937574,41.0362244832294,0.));
#1251=CARTESIAN_POINT('Ctrl Pts',(22.7996173968692,41.0724118738251,0.));
#1252=CARTESIAN_POINT('Ctrl Pts',(22.7985726033398,41.1085843049356,0.));
#1253=CARTESIAN_POINT('Ctrl Pts',(22.7985726033398,41.1085843049356,0.));
#1254=CARTESIAN_POINT('Ctrl Pts',(22.7852565174696,41.569608598511,0.));
#1255=CARTESIAN_POINT('Ctrl Pts',(22.5815917658025,42.5227789262923,0.));
#1256=CARTESIAN_POINT('Ctrl Pts',(21.757205148239,43.7572545341476,0.));
#1257=CARTESIAN_POINT('Ctrl Pts',(20.4918005483038,44.6020120361744,0.));
#1258=CARTESIAN_POINT('Ctrl Pts',(19.4972813829246,44.7999811804234,0.));
#1259=CARTESIAN_POINT('Ctrl Pts',(18.9998693910501,44.7999852368228,0.));
#1260=CARTESIAN_POINT('',(22.8,41.,-1.));
#1261=CARTESIAN_POINT('Origin',(19.,41.,-1.));
#1262=CARTESIAN_POINT('',(22.8,41.,0.));
#1263=CARTESIAN_POINT('Origin',(22.8,6.,0.));
#1264=CARTESIAN_POINT('',(22.8,6.,0.));
#1265=CARTESIAN_POINT('Ctrl Pts',(22.7999626455246,6.00037113485289,0.));
#1266=CARTESIAN_POINT('Ctrl Pts',(22.7999471614744,8.44455734243221,0.));
#1267=CARTESIAN_POINT('Ctrl Pts',(22.8000051594068,14.0415922624395,0.));
#1268=CARTESIAN_POINT('Ctrl Pts',(22.8000137652509,23.5000511818589,0.));
#1269=CARTESIAN_POINT('Ctrl Pts',(22.8000565113792,32.1702730491686,0.));
#1270=CARTESIAN_POINT('Ctrl Pts',(22.8001117595097,37.5006745096879,0.));
#1271=CARTESIAN_POINT('Ctrl Pts',(22.8001293098937,40.0723335519051,0.));
#1272=CARTESIAN_POINT('Ctrl Pts',(22.8001343653033,40.6944984749235,0.));
#1273=CARTESIAN_POINT('Ctrl Pts',(22.800140241589,41.0000366589643,0.));
#1274=CARTESIAN_POINT('',(22.8,6.,-1.));
#1275=CARTESIAN_POINT('',(22.8,6.,-1.));
#1276=CARTESIAN_POINT('',(22.8,6.,0.));
#1277=CARTESIAN_POINT('Origin',(19.,6.,0.));
#1278=CARTESIAN_POINT('',(19.,2.2,0.));
#1279=CARTESIAN_POINT('',(22.7810239294861,5.62071376949162,0.));
#1280=CARTESIAN_POINT('Ctrl Pts',(19.0003009216223,2.19919280805496,0.));
#1281=CARTESIAN_POINT('Ctrl Pts',(19.6221364235817,2.1990057663401,0.));
#1282=CARTESIAN_POINT('Ctrl Pts',(20.6154527177439,2.44975064732951,0.));
#1283=CARTESIAN_POINT('Ctrl Pts',(21.8274125244176,3.34882545191352,0.));
#1284=CARTESIAN_POINT('Ctrl Pts',(22.530154592704,4.40081164869073,0.));
#1285=CARTESIAN_POINT('Ctrl Pts',(22.7436107610219,5.2521639298289,0.));
#1286=CARTESIAN_POINT('Ctrl Pts',(22.7808308598474,5.62109775892922,0.));
#1287=CARTESIAN_POINT('Ctrl Pts',(22.7808308598474,5.62109775892922,0.));
#1288=CARTESIAN_POINT('Ctrl Pts',(22.7935433816293,5.74710707880048,0.));
#1289=CARTESIAN_POINT('Ctrl Pts',(22.7999634477371,5.87374038084311,0.));
#1290=CARTESIAN_POINT('Ctrl Pts',(22.7999626455246,6.00037113485289,0.));
#1291=CARTESIAN_POINT('',(19.,2.2,-1.));
#1292=CARTESIAN_POINT('Origin',(19.,6.,-1.));
#1293=CARTESIAN_POINT('',(19.,2.2,0.));
#1294=CARTESIAN_POINT('Origin',(6.,2.2,0.));
#1295=CARTESIAN_POINT('',(6.,2.2,0.));
#1296=CARTESIAN_POINT('Ctrl Pts',(6.,2.2,0.));
#1297=CARTESIAN_POINT('Ctrl Pts',(10.2141095893949,2.2,0.));
#1298=CARTESIAN_POINT('Ctrl Pts',(14.7857714219444,2.20046049512404,0.));
#1299=CARTESIAN_POINT('Ctrl Pts',(19.0003009216223,2.19919280805496,0.));
#1300=CARTESIAN_POINT('',(6.,2.2,-1.));
#1301=CARTESIAN_POINT('',(6.,2.2,-1.));
#1302=CARTESIAN_POINT('',(6.,2.2,0.));
#1303=CARTESIAN_POINT('Origin',(6.,6.,0.));
#1304=CARTESIAN_POINT('',(2.21897607051387,5.62071376949162,0.));
#1305=CARTESIAN_POINT('Ctrl Pts',(2.1999446971518,6.00003241448046,0.));
#1306=CARTESIAN_POINT('Ctrl Pts',(2.19994945800674,5.87339332999335,0.));
#1307=CARTESIAN_POINT('Ctrl Pts',(2.20636723975971,5.74676196252164,0.));
#1308=CARTESIAN_POINT('Ctrl Pts',(2.2190723680116,5.62075958291936,0.));
#1309=CARTESIAN_POINT('Ctrl Pts',(2.2190723680116,5.62075958291936,0.));
#1310=CARTESIAN_POINT('Ctrl Pts',(2.25627081984015,5.25184607374468,0.));
#1311=CARTESIAN_POINT('Ctrl Pts',(2.46957374823132,4.40064184811541,0.));
#1312=CARTESIAN_POINT('Ctrl Pts',(3.24269332589146,3.24272794729807,0.));
#1313=CARTESIAN_POINT('Ctrl Pts',(4.50798698378301,2.39791997234346,0.));
#1314=CARTESIAN_POINT('Ctrl Pts',(5.50258116318162,2.2,0.));
#1315=CARTESIAN_POINT('Ctrl Pts',(6.,2.2,0.));
#1316=CARTESIAN_POINT('Origin',(6.,6.,-1.));
#1317=CARTESIAN_POINT('Origin',(19.,2.,0.));
#1318=CARTESIAN_POINT('',(6.,2.,0.));
#1319=CARTESIAN_POINT('',(19.,2.,0.));
#1320=CARTESIAN_POINT('',(15.4545454545454,2.,0.));
#1321=CARTESIAN_POINT('',(6.,2.,-1.));
#1322=CARTESIAN_POINT('',(6.,2.,0.));
#1323=CARTESIAN_POINT('',(19.,2.,-1.));
#1324=CARTESIAN_POINT('',(6.,2.,-1.));
#1325=CARTESIAN_POINT('',(19.,2.,0.));
#1326=CARTESIAN_POINT('Origin',(19.,6.,0.));
#1327=CARTESIAN_POINT('',(23.,6.,0.));
#1328=CARTESIAN_POINT('Origin',(19.,6.,0.));
#1329=CARTESIAN_POINT('',(23.,6.,-1.));
#1330=CARTESIAN_POINT('Origin',(19.,6.,-1.));
#1331=CARTESIAN_POINT('',(23.,6.,0.));
#1332=CARTESIAN_POINT('Origin',(23.,41.,0.));
#1333=CARTESIAN_POINT('',(23.,41.,0.));
#1334=CARTESIAN_POINT('',(23.,31.1818181818182,0.));
#1335=CARTESIAN_POINT('',(23.,41.,-1.));
#1336=CARTESIAN_POINT('',(23.,6.,-1.));
#1337=CARTESIAN_POINT('',(23.,41.,0.));
#1338=CARTESIAN_POINT('Origin',(19.,41.,0.));
#1339=CARTESIAN_POINT('',(19.,45.,0.));
#1340=CARTESIAN_POINT('Origin',(19.,41.,0.));
#1341=CARTESIAN_POINT('',(19.,45.,-1.));
#1342=CARTESIAN_POINT('Origin',(19.,41.,-1.));
#1343=CARTESIAN_POINT('',(19.,45.,0.));
#1344=CARTESIAN_POINT('Origin',(6.,45.,0.));
#1345=CARTESIAN_POINT('',(6.,45.,0.));
#1346=CARTESIAN_POINT('',(8.95454545454544,45.,0.));
#1347=CARTESIAN_POINT('',(6.,45.,-1.));
#1348=CARTESIAN_POINT('',(19.,45.,-1.));
#1349=CARTESIAN_POINT('',(6.,45.,0.));
#1350=CARTESIAN_POINT('Origin',(6.,41.,0.));
#1351=CARTESIAN_POINT('',(1.99999999999999,41.,0.));
#1352=CARTESIAN_POINT('Origin',(6.,41.,0.));
#1353=CARTESIAN_POINT('',(1.99999999999999,41.,-1.));
#1354=CARTESIAN_POINT('Origin',(6.,41.,-1.));
#1355=CARTESIAN_POINT('',(1.99999999999999,41.,0.));
#1356=CARTESIAN_POINT('Origin',(2.,6.,0.));
#1357=CARTESIAN_POINT('',(2.,6.,0.));
#1358=CARTESIAN_POINT('',(2.,13.6818181818182,0.));
#1359=CARTESIAN_POINT('',(2.,6.,-1.));
#1360=CARTESIAN_POINT('',(2.,41.,-1.));
#1361=CARTESIAN_POINT('',(2.,6.,0.));
#1362=CARTESIAN_POINT('Origin',(6.,6.,0.));
#1363=CARTESIAN_POINT('Origin',(6.,6.,0.));
#1364=CARTESIAN_POINT('Origin',(6.,6.,-1.));
#1365=CARTESIAN_POINT('Origin',(12.5,23.5,-1.));
#1366=CARTESIAN_POINT('Ctrl Pts',(6.,2.2,0.));
#1367=CARTESIAN_POINT('Ctrl Pts',(6.,2.62352941176471,1.17647058823529));
#1368=CARTESIAN_POINT('Ctrl Pts',(6.,3.04705882352941,2.35294117647059));
#1369=CARTESIAN_POINT('Ctrl Pts',(6.,3.47058823529412,3.52941176470588));
#1370=CARTESIAN_POINT('Ctrl Pts',(10.2141095893949,2.2,0.));
#1371=CARTESIAN_POINT('Ctrl Pts',(10.242127661816,2.62334790834649,1.1764705882353));
#1372=CARTESIAN_POINT('Ctrl Pts',(10.2702494538715,3.04724032694763,2.35294117647059));
#1373=CARTESIAN_POINT('Ctrl Pts',(10.2982675262926,3.47058823529412,3.52941176470588));
#1374=CARTESIAN_POINT('Ctrl Pts',(14.7857714219444,2.20046049512404,0.));
#1375=CARTESIAN_POINT('Ctrl Pts',(14.7577716362346,2.6242651709474,1.17647058823529));
#1376=CARTESIAN_POINT('Ctrl Pts',(14.7297994525741,3.04797392419191,2.35294117647059));
#1377=CARTESIAN_POINT('Ctrl Pts',(14.7017996668643,3.47177860001528,3.52941176470588));
#1378=CARTESIAN_POINT('Ctrl Pts',(19.6221364235817,2.1990057663401,0.));
#1379=CARTESIAN_POINT('Ctrl Pts',(19.6262323865701,2.62231419429376,1.1764705882353));
#1380=CARTESIAN_POINT('Ctrl Pts',(19.6304888478239,3.04488199304256,2.35294117647059));
#1381=CARTESIAN_POINT('Ctrl Pts',(19.6345848108124,3.46819042099622,3.52941176470588));
#1382=CARTESIAN_POINT('Ctrl Pts',(20.6154527177439,2.44975064732951,0.));
#1383=CARTESIAN_POINT('Ctrl Pts',(20.6428033426157,2.87620176081545,1.17647058823529));
#1384=CARTESIAN_POINT('Ctrl Pts',(20.6703774153896,3.30293574264937,2.35294117647059));
#1385=CARTESIAN_POINT('Ctrl Pts',(20.6977280402614,3.72938685613531,3.52941176470588));
#1386=CARTESIAN_POINT('Ctrl Pts',(21.8274125244176,3.34882545191352,0.));
#1387=CARTESIAN_POINT('Ctrl Pts',(21.883286442543,3.80631867840495,1.17647058823529));
#1388=CARTESIAN_POINT('Ctrl Pts',(21.9395463707744,4.26387375472257,2.35294117647059));
#1389=CARTESIAN_POINT('Ctrl Pts',(21.9954202888999,4.72136698121399,3.52941176470588));
#1390=CARTESIAN_POINT('Ctrl Pts',(22.6018517612423,4.50814040422434,0.));
#1391=CARTESIAN_POINT('Ctrl Pts',(22.6600873439535,4.99642621412488,1.1764705882353));
#1392=CARTESIAN_POINT('Ctrl Pts',(22.7175835520735,5.48504647286634,2.35294117647058));
#1393=CARTESIAN_POINT('Ctrl Pts',(22.7758191347846,5.97333228276688,3.52941176470588));
#1394=CARTESIAN_POINT('Ctrl Pts',(22.799965796479,5.5029870984159,0.));
#1395=CARTESIAN_POINT('Ctrl Pts',(22.8470160340239,5.98699599081315,1.17647058823529));
#1396=CARTESIAN_POINT('Ctrl Pts',(22.8938201163494,6.47144459948106,2.35294117647059));
#1397=CARTESIAN_POINT('Ctrl Pts',(22.9408703538943,6.95545349187831,3.52941176470588));
#1398=CARTESIAN_POINT('Ctrl Pts',(22.7999471614744,8.44455734243221,0.));
#1399=CARTESIAN_POINT('Ctrl Pts',(22.8470136553432,8.84973191475303,1.17647058823529));
#1400=CARTESIAN_POINT('Ctrl Pts',(22.8939420251406,9.25545474636629,2.35294117647059));
#1401=CARTESIAN_POINT('Ctrl Pts',(22.9410085190093,9.6606293186871,3.52941176470588));
#1402=CARTESIAN_POINT('Ctrl Pts',(22.8000051594068,14.0415922624395,0.));
#1403=CARTESIAN_POINT('Ctrl Pts',(22.8470596779679,14.1495028218731,1.17647058823529));
#1404=CARTESIAN_POINT('Ctrl Pts',(22.8940890992392,14.2574199276067,2.35294117647059));
#1405=CARTESIAN_POINT('Ctrl Pts',(22.9411436178003,14.3653304870403,3.52941176470588));
#1406=CARTESIAN_POINT('Ctrl Pts',(22.8000137652509,23.5000511818589,0.));
#1407=CARTESIAN_POINT('Ctrl Pts',(22.8470752232321,22.9117977341862,1.1764705882353));
#1408=CARTESIAN_POINT('Ctrl Pts',(22.8941203201894,22.3236488061941,2.35294117647058));
#1409=CARTESIAN_POINT('Ctrl Pts',(22.9411817781706,21.7353953585215,3.52941176470588));
#1410=CARTESIAN_POINT('Ctrl Pts',(22.8000565113792,32.1702730491686,0.));
#1411=CARTESIAN_POINT('Ctrl Pts',(22.8471137213894,30.94394260349,1.17647058823529));
#1412=CARTESIAN_POINT('Ctrl Pts',(22.8941990848315,29.7175568612776,2.35294117647059));
#1413=CARTESIAN_POINT('Ctrl Pts',(22.9412562948417,28.4912264155989,3.52941176470588));
#1414=CARTESIAN_POINT('Ctrl Pts',(22.8001117595097,37.5006745096879,0.));
#1415=CARTESIAN_POINT('Ctrl Pts',(22.8471715543659,35.9760212165058,1.1764705882353));
#1416=CARTESIAN_POINT('Ctrl Pts',(22.8942898814183,34.451274739183,2.35294117647058));
#1417=CARTESIAN_POINT('Ctrl Pts',(22.9413496762744,32.9266214460009,3.52941176470588));
#1418=CARTESIAN_POINT('Ctrl Pts',(22.8001293098937,40.0723335519051,0.));
#1419=CARTESIAN_POINT('Ctrl Pts',(22.8471873712883,38.4523669883818,1.17647058823529));
#1420=CARTESIAN_POINT('Ctrl Pts',(22.8943103596082,36.8323480840584,2.35294117647059));
#1421=CARTESIAN_POINT('Ctrl Pts',(22.9413684210028,35.2123815205352,3.52941176470588));
#1422=CARTESIAN_POINT('Ctrl Pts',(22.8001343653033,40.6944984749235,0.));
#1423=CARTESIAN_POINT('Ctrl Pts',(22.8471948764447,39.0556660215146,1.1764705882353));
#1424=CARTESIAN_POINT('Ctrl Pts',(22.8943283400438,37.4165660299632,2.35294117647059));
#1425=CARTESIAN_POINT('Ctrl Pts',(22.9413888511852,35.7777335765543,3.52941176470588));
#1426=CARTESIAN_POINT('Ctrl Pts',(22.8001498080309,41.4974449653939,0.));
#1427=CARTESIAN_POINT('Ctrl Pts',(22.8472124985297,39.8369059044949,1.17647058823529));
#1428=CARTESIAN_POINT('Ctrl Pts',(22.8942873591958,38.1767721492993,2.35294117647059));
#1429=CARTESIAN_POINT('Ctrl Pts',(22.9413500496946,36.5162330884004,3.52941176470588));
#1430=CARTESIAN_POINT('Ctrl Pts',(22.6020807754197,42.4920977118443,0.));
#1431=CARTESIAN_POINT('Ctrl Pts',(22.660269768564,40.827244956924,1.1764705882353));
#1432=CARTESIAN_POINT('Ctrl Pts',(22.7184450518596,39.1624666972619,2.35294117647059));
#1433=CARTESIAN_POINT('Ctrl Pts',(22.776634045004,37.4976139423416,3.52941176470588));
#1434=CARTESIAN_POINT('Ctrl Pts',(21.757205148239,43.7572545341476,0.));
#1435=CARTESIAN_POINT('Ctrl Pts',(21.8129574253639,42.1263592828861,1.17647058823529));
#1436=CARTESIAN_POINT('Ctrl Pts',(21.8689943684032,40.4958898739616,2.35294117647059));
#1437=CARTESIAN_POINT('Ctrl Pts',(21.9247466455281,38.8649946227001,3.52941176470588));
#1438=CARTESIAN_POINT('Ctrl Pts',(20.4918005483038,44.6020120361744,0.));
#1439=CARTESIAN_POINT('Ctrl Pts',(20.5150779873181,43.0007661885952,1.17647058823529));
#1440=CARTESIAN_POINT('Ctrl Pts',(20.5379806142591,41.3991580017012,2.35294117647059));
#1441=CARTESIAN_POINT('Ctrl Pts',(20.5612580532734,39.797912154122,3.52941176470588));
#1442=CARTESIAN_POINT('Ctrl Pts',(19.4972813829246,44.7999811804234,0.));
#1443=CARTESIAN_POINT('Ctrl Pts',(19.5005425976886,43.2000176447322,1.1764705882353));
#1444=CARTESIAN_POINT('Ctrl Pts',(19.5036849793,41.5998212737419,2.35294117647058));
#1445=CARTESIAN_POINT('Ctrl Pts',(19.5069461940641,39.9998577380507,3.52941176470588));
#1446=CARTESIAN_POINT('Ctrl Pts',(15.8393306915426,44.8000110110449,0.));
#1447=CARTESIAN_POINT('Ctrl Pts',(15.8183052781272,43.1999681563394,1.17647058823529));
#1448=CARTESIAN_POINT('Ctrl Pts',(15.797172540848,41.6000802318716,2.35294117647059));
#1449=CARTESIAN_POINT('Ctrl Pts',(15.7761471274327,40.0000373771661,3.52941176470588));
#1450=CARTESIAN_POINT('Ctrl Pts',(11.3570098396006,44.8000837846716,0.));
#1451=CARTESIAN_POINT('Ctrl Pts',(11.3710541506081,43.2001304400528,1.1764705882353));
#1452=CARTESIAN_POINT('Ctrl Pts',(11.3850528803732,41.6000290099724,2.35294117647058));
#1453=CARTESIAN_POINT('Ctrl Pts',(11.3990971913807,40.0000756653536,3.52941176470588));
#1454=CARTESIAN_POINT('Ctrl Pts',(7.05342988732489,44.8001269782539,0.));
#1455=CARTESIAN_POINT('Ctrl Pts',(7.06041634877915,43.2000981828115,1.17647058823529));
#1456=CARTESIAN_POINT('Ctrl Pts',(7.06742214664006,41.6002119776009,2.35294117647059));
#1457=CARTESIAN_POINT('Ctrl Pts',(7.07440860809431,40.0001831821585,3.52941176470588));
#1458=CARTESIAN_POINT('Ctrl Pts',(5.50249823863228,44.8001684401146,0.));
#1459=CARTESIAN_POINT('Ctrl Pts',(5.4992705129194,43.2002354292215,1.1764705882353));
#1460=CARTESIAN_POINT('Ctrl Pts',(5.49585116053673,41.6001314709731,2.35294117647058));
#1461=CARTESIAN_POINT('Ctrl Pts',(5.49262343482385,40.00019846008,3.52941176470588));
#1462=CARTESIAN_POINT('Ctrl Pts',(4.5078664452307,44.6020955932587,0.));
#1463=CARTESIAN_POINT('Ctrl Pts',(4.48458517457068,43.0007607568041,1.17647058823529));
#1464=CARTESIAN_POINT('Ctrl Pts',(4.46102433515921,41.3992478019704,2.35294117647059));
#1465=CARTESIAN_POINT('Ctrl Pts',(4.43774306449919,39.7979129655157,3.52941176470588));
#1466=CARTESIAN_POINT('Ctrl Pts',(3.2426584235767,43.7572315834573,0.));
#1467=CARTESIAN_POINT('Ctrl Pts',(3.18692202207071,42.1264535996758,1.1764705882353));
#1468=CARTESIAN_POINT('Ctrl Pts',(3.13066523564029,40.4955662497565,2.35294117647058));
#1469=CARTESIAN_POINT('Ctrl Pts',(3.07492883413431,38.864788265975,3.52941176470588));
#1470=CARTESIAN_POINT('Ctrl Pts',(2.39802323738809,42.4918193762696,0.));
#1471=CARTESIAN_POINT('Ctrl Pts',(2.33980775194273,40.8268644872019,1.17647058823529));
#1472=CARTESIAN_POINT('Ctrl Pts',(2.2821629149862,39.1618972444873,2.35294117647059));
#1473=CARTESIAN_POINT('Ctrl Pts',(2.22394742954084,37.4969423554197,3.52941176470588));
#1474=CARTESIAN_POINT('Ctrl Pts',(2.19993811286309,41.4973048374688,0.));
#1475=CARTESIAN_POINT('Ctrl Pts',(2.15287322847025,39.83688620343,1.17647058823529));
#1476=CARTESIAN_POINT('Ctrl Pts',(2.10599761147444,38.1764241222513,2.35294117647058));
#1477=CARTESIAN_POINT('Ctrl Pts',(2.0589327270816,36.5160054882125,3.52941176470588));
#1478=CARTESIAN_POINT('Ctrl Pts',(2.20145395155965,31.2224092578242,0.));
#1479=CARTESIAN_POINT('Ctrl Pts',(2.15439959222483,29.8368058729078,1.1764705882353));
#1480=CARTESIAN_POINT('Ctrl Pts',(2.10820089819028,28.4528342399605,2.35294117647059));
#1481=CARTESIAN_POINT('Ctrl Pts',(2.06114653885546,27.0672308550442,3.52941176470588));
#1482=CARTESIAN_POINT('Ctrl Pts',(2.19957712716994,15.7774204136062,0.));
#1483=CARTESIAN_POINT('Ctrl Pts',(2.152516597395,15.9865598748423,1.17647058823529));
#1484=CARTESIAN_POINT('Ctrl Pts',(2.10496207253842,16.1952333833685,2.35294117647059));
#1485=CARTESIAN_POINT('Ctrl Pts',(2.05790154276349,16.4043728446046,3.52941176470588));
#1486=CARTESIAN_POINT('Ctrl Pts',(2.19996339697924,5.50261565734721,0.));
#1487=CARTESIAN_POINT('Ctrl Pts',(2.15290437802936,5.98655241601944,1.1764705882353));
#1488=CARTESIAN_POINT('Ctrl Pts',(2.10594614396094,6.47022439839777,2.35294117647059));
#1489=CARTESIAN_POINT('Ctrl Pts',(2.05888712501106,6.95416115707001,3.52941176470588));
#1490=CARTESIAN_POINT('Ctrl Pts',(2.39787899612894,4.50802025693316,0.));
#1491=CARTESIAN_POINT('Ctrl Pts',(2.33963217488353,4.99650555790141,1.17647058823529));
#1492=CARTESIAN_POINT('Ctrl Pts',(2.28169504753842,5.48474728169948,2.35294117647059));
#1493=CARTESIAN_POINT('Ctrl Pts',(2.22344822629301,5.97323258266774,3.52941176470588));
#1494=CARTESIAN_POINT('Ctrl Pts',(3.24269332589146,3.24272794729807,0.));
#1495=CARTESIAN_POINT('Ctrl Pts',(3.18700805112213,3.69705129139697,1.17647058823529));
#1496=CARTESIAN_POINT('Ctrl Pts',(3.13066155838941,4.15112045201867,2.35294117647059));
#1497=CARTESIAN_POINT('Ctrl Pts',(3.07497628362008,4.60544379611757,3.52941176470588));
#1498=CARTESIAN_POINT('Ctrl Pts',(4.50798698378301,2.39791997234346,0.));
#1499=CARTESIAN_POINT('Ctrl Pts',(4.48461748651698,2.8227879611626,1.17647058823529));
#1500=CARTESIAN_POINT('Ctrl Pts',(4.46151509201305,3.24768129524477,2.35294117647059));
#1501=CARTESIAN_POINT('Ctrl Pts',(4.43814559474702,3.6725492840639,3.52941176470588));
#1502=CARTESIAN_POINT('Ctrl Pts',(5.50258116318162,2.2,0.));
#1503=CARTESIAN_POINT('Ctrl Pts',(5.49946204928504,2.62339707952623,1.17647058823529));
#1504=CARTESIAN_POINT('Ctrl Pts',(5.49576656695682,3.04719115576789,2.35294117647059));
#1505=CARTESIAN_POINT('Ctrl Pts',(5.49264745306025,3.47058823529412,3.52941176470588));
#1506=CARTESIAN_POINT('Ctrl Pts',(6.,2.2,0.));
#1507=CARTESIAN_POINT('Ctrl Pts',(6.,2.62352941176471,1.17647058823529));
#1508=CARTESIAN_POINT('Ctrl Pts',(6.,3.04705882352941,2.35294117647059));
#1509=CARTESIAN_POINT('Ctrl Pts',(6.,3.47058823529412,3.52941176470588));
#1510=CARTESIAN_POINT('',(6.,2.2,0.));
#1511=CARTESIAN_POINT('Origin',(11.9090909090909,19.2727272727273,5.));
#1512=CARTESIAN_POINT('',(6.,2.,5.));
#1513=CARTESIAN_POINT('',(19.,2.,5.));
#1514=CARTESIAN_POINT('Ctrl Pts',(6.,2.,5.));
#1515=CARTESIAN_POINT('Ctrl Pts',(10.3333333333333,2.,5.));
#1516=CARTESIAN_POINT('Ctrl Pts',(14.6667965843952,2.00001113534524,5.));
#1517=CARTESIAN_POINT('Ctrl Pts',(18.9998429177958,2.00007795147331,5.));
#1518=CARTESIAN_POINT('',(25.,8.,5.));
#1519=CARTESIAN_POINT('Ctrl Pts',(18.9998429177958,2.00007795147331,5.));
#1520=CARTESIAN_POINT('Ctrl Pts',(19.7851890636809,2.00009006161122,5.));
#1521=CARTESIAN_POINT('Ctrl Pts',(21.4132257156755,2.31849785484807,5.));
#1522=CARTESIAN_POINT('Ctrl Pts',(23.4918459569543,3.76678492080981,5.));
#1523=CARTESIAN_POINT('Ctrl Pts',(24.7642045451429,5.85531068868614,5.));
#1524=CARTESIAN_POINT('Ctrl Pts',(24.9998260255234,7.32327369651802,5.));
#1525=CARTESIAN_POINT('Ctrl Pts',(24.9998620292053,7.99996684956261,5.));
#1526=CARTESIAN_POINT('',(25.,34.,5.));
#1527=CARTESIAN_POINT('Ctrl Pts',(24.9998620292053,7.99996684956261,5.));
#1528=CARTESIAN_POINT('Ctrl Pts',(24.999919665521,9.08324773126774,5.));
#1529=CARTESIAN_POINT('Ctrl Pts',(24.9998913703871,11.2499462434549,5.));
#1530=CARTESIAN_POINT('Ctrl Pts',(24.999884752455,17.7497636300086,5.));
#1531=CARTESIAN_POINT('Ctrl Pts',(24.9995830586244,24.249728222386,5.));
#1532=CARTESIAN_POINT('Ctrl Pts',(24.9990213377247,30.7485181323309,5.));
#1533=CARTESIAN_POINT('Ctrl Pts',(24.9988855699896,32.9156900569268,5.));
#1534=CARTESIAN_POINT('Ctrl Pts',(24.9986881410677,33.99814075599,5.));
#1535=CARTESIAN_POINT('',(19.,40.,5.));
#1536=CARTESIAN_POINT('Ctrl Pts',(24.9986881410677,33.99814075599,5.));
#1537=CARTESIAN_POINT('Ctrl Pts',(24.9985648131277,34.6743153187788,5.));
#1538=CARTESIAN_POINT('Ctrl Pts',(24.7652205974581,36.1446803611185,5.));
#1539=CARTESIAN_POINT('Ctrl Pts',(23.7025456575279,37.8805106063681,5.));
#1540=CARTESIAN_POINT('Ctrl Pts',(21.8293635364477,39.5003520291071,5.));
#1541=CARTESIAN_POINT('Ctrl Pts',(20.1803190377634,40.0085259790208,5.));
#1542=CARTESIAN_POINT('Ctrl Pts',(19.0015371287694,40.0056467986064,5.));
#1543=CARTESIAN_POINT('',(6.00000000000001,40.,5.));
#1544=CARTESIAN_POINT('Ctrl Pts',(19.0015371287694,40.0056467986064,5.));
#1545=CARTESIAN_POINT('Ctrl Pts',(16.8336112804423,40.0003516294195,5.));
#1546=CARTESIAN_POINT('Ctrl Pts',(13.5840166001597,40.0024424140891,5.));
#1547=CARTESIAN_POINT('Ctrl Pts',(9.25027430171251,40.0005586094162,5.));
#1548=CARTESIAN_POINT('Ctrl Pts',(7.08361696091559,40.0007868090064,5.));
#1549=CARTESIAN_POINT('Ctrl Pts',(6.00033419094386,40.0006447076705,5.));
#1550=CARTESIAN_POINT('',(0.,34.,5.));
#1551=CARTESIAN_POINT('Ctrl Pts',(6.00033419094386,40.0006447076705,5.));
#1552=CARTESIAN_POINT('Ctrl Pts',(5.21497268511995,40.0005416866291,5.));
#1553=CARTESIAN_POINT('Ctrl Pts',(3.58690252569563,39.6820007805695,5.));
#1554=CARTESIAN_POINT('Ctrl Pts',(1.50827262085969,38.2336591980758,5.));
#1555=CARTESIAN_POINT('Ctrl Pts',(0.235899279162364,36.1450508965751,5.));
#1556=CARTESIAN_POINT('Ctrl Pts',(0.000275160912049817,34.6770830232053,
5.));
#1557=CARTESIAN_POINT('Ctrl Pts',(0.000246102306792444,34.0003625639573,
5.));
#1558=CARTESIAN_POINT('',(2.22044604925031E-15,8.00000000000001,5.));
#1559=CARTESIAN_POINT('Ctrl Pts',(0.000246102306792444,34.0003625639573,
5.));
#1560=CARTESIAN_POINT('Ctrl Pts',(-0.000126044287364147,25.3337658063131,
5.));
#1561=CARTESIAN_POINT('Ctrl Pts',(-0.000197782384933065,16.6663289593125,
5.));
#1562=CARTESIAN_POINT('Ctrl Pts',(5.10897542932083E-5,7.99995115052444,
5.));
#1563=CARTESIAN_POINT('Ctrl Pts',(5.10897542932083E-5,7.99995115052444,
5.));
#1564=CARTESIAN_POINT('Ctrl Pts',(7.0522626626016E-5,7.32324778762638,5.));
#1565=CARTESIAN_POINT('Ctrl Pts',(0.235699271645762,5.8552803610869,5.));
#1566=CARTESIAN_POINT('Ctrl Pts',(1.50802087542992,3.76673525351643,5.));
#1567=CARTESIAN_POINT('Ctrl Pts',(3.58665190131363,2.3184451995431,5.));
#1568=CARTESIAN_POINT('Ctrl Pts',(5.21460183660253,2.,5.));
#1569=CARTESIAN_POINT('Ctrl Pts',(5.99999999999997,2.,5.));
#1570=CARTESIAN_POINT('Origin',(11.9090909090909,21.3636363636364,0.));
#1571=CARTESIAN_POINT('',(6.,0.,0.));
#1572=CARTESIAN_POINT('',(19.,0.,0.));
#1573=CARTESIAN_POINT('Ctrl Pts',(6.,0.,0.));
#1574=CARTESIAN_POINT('Ctrl Pts',(10.3333333333333,0.,0.));
#1575=CARTESIAN_POINT('Ctrl Pts',(14.6666911290307,-1.5372524094081E-5,
0.));
#1576=CARTESIAN_POINT('Ctrl Pts',(18.9999761546126,-4.75970838314952E-5,
0.));
#1577=CARTESIAN_POINT('',(2.22044604925031E-15,6.,0.));
#1578=CARTESIAN_POINT('Ctrl Pts',(-5.7557911688542E-5,6.00004252025039,
0.));
#1579=CARTESIAN_POINT('Ctrl Pts',(-6.22891039710962E-5,5.21465444961306,
0.));
#1580=CARTESIAN_POINT('Ctrl Pts',(0.312454615108503,3.6442373139613,0.));
#1581=CARTESIAN_POINT('Ctrl Pts',(1.6463621610527,1.64641196764858,0.));
#1582=CARTESIAN_POINT('Ctrl Pts',(3.64419661633883,0.312500527725218,0.));
#1583=CARTESIAN_POINT('Ctrl Pts',(5.21460183660253,3.15810784473405E-15,
0.));
#1584=CARTESIAN_POINT('Ctrl Pts',(5.99999999999997,0.,0.));
#1585=CARTESIAN_POINT('',(0.,41.,0.));
#1586=CARTESIAN_POINT('Ctrl Pts',(1.2745892751745E-5,41.0001201247524,0.));
#1587=CARTESIAN_POINT('Ctrl Pts',(2.95229125223651E-5,30.9417292921133,
0.));
#1588=CARTESIAN_POINT('Ctrl Pts',(3.03333412859047E-6,16.0583193367105,
0.));
#1589=CARTESIAN_POINT('Ctrl Pts',(-5.7557911688542E-5,6.00004252025039,
0.));
#1590=CARTESIAN_POINT('',(6.,47.,0.));
#1591=CARTESIAN_POINT('Ctrl Pts',(6.00013272928573,47.0003178222983,0.));
#1592=CARTESIAN_POINT('Ctrl Pts',(5.21472972593287,47.0002885616299,0.));
#1593=CARTESIAN_POINT('Ctrl Pts',(3.64429190318061,46.6877240636806,0.));
#1594=CARTESIAN_POINT('Ctrl Pts',(1.64645180044725,45.3537940024408,0.));
#1595=CARTESIAN_POINT('Ctrl Pts',(0.3125278239138,43.3559329363632,0.));
#1596=CARTESIAN_POINT('Ctrl Pts',(1.14358799703182E-5,41.7855170982017,
0.));
#1597=CARTESIAN_POINT('Ctrl Pts',(1.2745892751745E-5,41.0001201247524,0.));
#1598=CARTESIAN_POINT('',(19.,47.,0.));
#1599=CARTESIAN_POINT('Ctrl Pts',(19.0009071090544,47.0022510276628,0.));
#1600=CARTESIAN_POINT('Ctrl Pts',(16.8334565289887,47.0001911623529,0.));
#1601=CARTESIAN_POINT('Ctrl Pts',(13.5837281705215,47.0009881385965,0.));
#1602=CARTESIAN_POINT('Ctrl Pts',(9.25012301049345,47.0002650171488,0.));
#1603=CARTESIAN_POINT('Ctrl Pts',(7.08347273857691,47.0003581827918,0.));
#1604=CARTESIAN_POINT('Ctrl Pts',(6.00013272928573,47.0003178222983,0.));
#1605=CARTESIAN_POINT('',(25.,41.,0.));
#1606=CARTESIAN_POINT('Ctrl Pts',(24.999446164554,40.9991377093652,0.));
#1607=CARTESIAN_POINT('Ctrl Pts',(24.9994543394709,41.784378285953,0.));
#1608=CARTESIAN_POINT('Ctrl Pts',(24.6879068354117,43.3559563396269,0.));
#1609=CARTESIAN_POINT('Ctrl Pts',(23.575295490274,45.0190137173933,0.));
#1610=CARTESIAN_POINT('Ctrl Pts',(21.7452638762404,46.5230767518441,0.));
#1611=CARTESIAN_POINT('Ctrl Pts',(20.1794305970195,47.0033710530382,0.));
#1612=CARTESIAN_POINT('Ctrl Pts',(19.0009071090544,47.0022510276628,0.));
#1613=CARTESIAN_POINT('',(25.,6.,0.));
#1614=CARTESIAN_POINT('Ctrl Pts',(25.0000247725854,5.99999784683795,0.));
#1615=CARTESIAN_POINT('Ctrl Pts',(25.0000142347748,7.25728015479247,0.));
#1616=CARTESIAN_POINT('Ctrl Pts',(24.9999969224867,9.92265554292862,0.));
#1617=CARTESIAN_POINT('Ctrl Pts',(24.9999823863292,18.5972085993275,0.));
#1618=CARTESIAN_POINT('Ctrl Pts',(24.9997791515196,28.402504492905,0.));
#1619=CARTESIAN_POINT('Ctrl Pts',(24.9996031492947,37.0766613110088,0.));
#1620=CARTESIAN_POINT('Ctrl Pts',(24.9994330777788,39.7420892224261,0.));
#1621=CARTESIAN_POINT('Ctrl Pts',(24.999446164554,40.9991377093652,0.));
#1622=CARTESIAN_POINT('Ctrl Pts',(18.9999761546126,-4.75970838314952E-5,
0.));
#1623=CARTESIAN_POINT('Ctrl Pts',(19.7853655624364,-5.34376476855082E-5,
0.));
#1624=CARTESIAN_POINT('Ctrl Pts',(21.3557804852386,0.31246102727858,0.));
#1625=CARTESIAN_POINT('Ctrl Pts',(23.353610192682,1.64636940034921,0.));
#1626=CARTESIAN_POINT('Ctrl Pts',(24.6875196136389,3.64419908241987,0.));
#1627=CARTESIAN_POINT('Ctrl Pts',(25.0000313552403,5.21461120925811,0.));
#1628=CARTESIAN_POINT('Ctrl Pts',(25.0000247725854,5.99999784683795,0.));
#1629=CARTESIAN_POINT('Ctrl Pts',(6.,0.,0.));
#1630=CARTESIAN_POINT('Ctrl Pts',(6.,0.666666666666667,1.66666666666667));
#1631=CARTESIAN_POINT('Ctrl Pts',(6.,1.33333333333333,3.33333333333333));
#1632=CARTESIAN_POINT('Ctrl Pts',(6.,2.,5.));
#1633=CARTESIAN_POINT('Ctrl Pts',(10.3333333333333,0.,0.));
#1634=CARTESIAN_POINT('Ctrl Pts',(10.3332625393437,0.666608101140392,1.66666666666667));
#1635=CARTESIAN_POINT('Ctrl Pts',(10.3334041273229,1.33339189885961,3.33333333333333));
#1636=CARTESIAN_POINT('Ctrl Pts',(10.3333333333333,2.,5.));
#1637=CARTESIAN_POINT('Ctrl Pts',(14.6666911290307,-1.5372524094081E-5,
0.));
#1638=CARTESIAN_POINT('Ctrl Pts',(14.6668119378769,0.66675269864999,1.66666666666667));
#1639=CARTESIAN_POINT('Ctrl Pts',(14.666675775549,1.33324306417116,3.33333333333333));
#1640=CARTESIAN_POINT('Ctrl Pts',(14.6667965843952,2.00001113534524,5.));
#1641=CARTESIAN_POINT('Ctrl Pts',(19.7853655624364,-5.34376476855082E-5,
0.));
#1642=CARTESIAN_POINT('Ctrl Pts',(19.7852665056262,0.666527043906493,1.66666666666667));
#1643=CARTESIAN_POINT('Ctrl Pts',(19.7852881204911,1.33350958005704,3.33333333333334));
#1644=CARTESIAN_POINT('Ctrl Pts',(19.7851890636809,2.00009006161122,5.));
#1645=CARTESIAN_POINT('Ctrl Pts',(21.3557804852386,0.31246102727858,0.));
#1646=CARTESIAN_POINT('Ctrl Pts',(21.3750068188562,0.980995938329254,1.66666666666666));
#1647=CARTESIAN_POINT('Ctrl Pts',(21.3939993820579,1.64996294379739,3.33333333333334));
#1648=CARTESIAN_POINT('Ctrl Pts',(21.4132257156755,2.31849785484807,5.));
#1649=CARTESIAN_POINT('Ctrl Pts',(23.353610192682,1.64636940034921,0.));
#1650=CARTESIAN_POINT('Ctrl Pts',(23.3994233690587,2.35330798224545,1.66666666666667));
#1651=CARTESIAN_POINT('Ctrl Pts',(23.4460327805776,3.05984633891357,3.33333333333333));
#1652=CARTESIAN_POINT('Ctrl Pts',(23.4918459569543,3.76678492080981,5.));
#1653=CARTESIAN_POINT('Ctrl Pts',(24.6875196136389,3.64419908241987,0.));
#1654=CARTESIAN_POINT('Ctrl Pts',(24.713231524328,4.38124340522835,1.66666666666667));
#1655=CARTESIAN_POINT('Ctrl Pts',(24.7384926344538,5.11826636587767,3.33333333333334));
#1656=CARTESIAN_POINT('Ctrl Pts',(24.7642045451429,5.85531068868614,5.));
#1657=CARTESIAN_POINT('Ctrl Pts',(25.0000313552403,5.21461120925811,0.));
#1658=CARTESIAN_POINT('Ctrl Pts',(25.0000410262743,5.91769428214119,1.66666666666667));
#1659=CARTESIAN_POINT('Ctrl Pts',(24.9998163544894,6.62019062363494,3.33333333333334));
#1660=CARTESIAN_POINT('Ctrl Pts',(24.9998260255234,7.32327369651802,5.));
#1661=CARTESIAN_POINT('Ctrl Pts',(25.0000142347748,7.25728015479247,0.));
#1662=CARTESIAN_POINT('Ctrl Pts',(25.0000111961017,7.86584655161931,1.66666666666667));
#1663=CARTESIAN_POINT('Ctrl Pts',(24.9999227041941,8.47468133444091,3.33333333333333));
#1664=CARTESIAN_POINT('Ctrl Pts',(24.999919665521,9.08324773126774,5.));
#1665=CARTESIAN_POINT('Ctrl Pts',(24.9999969224867,9.92265554292862,0.));
#1666=CARTESIAN_POINT('Ctrl Pts',(24.9999996434304,10.3651553854207,1.66666666666666));
#1667=CARTESIAN_POINT('Ctrl Pts',(24.9998886494434,10.8074464009628,3.33333333333334));
#1668=CARTESIAN_POINT('Ctrl Pts',(24.9998913703871,11.2499462434549,5.));
#1669=CARTESIAN_POINT('Ctrl Pts',(24.9999823863292,18.5972085993275,0.));
#1670=CARTESIAN_POINT('Ctrl Pts',(24.9999766106792,18.3146942616325,1.66666666666667));
#1671=CARTESIAN_POINT('Ctrl Pts',(24.999890528105,18.0322779677037,3.33333333333333));
#1672=CARTESIAN_POINT('Ctrl Pts',(24.999884752455,17.7497636300086,5.));
#1673=CARTESIAN_POINT('Ctrl Pts',(24.9997791515196,28.402504492905,0.));
#1674=CARTESIAN_POINT('Ctrl Pts',(24.9997877106346,27.0183627133201,1.66666666666666));
#1675=CARTESIAN_POINT('Ctrl Pts',(24.9995744995094,25.6338700019709,3.33333333333334));
#1676=CARTESIAN_POINT('Ctrl Pts',(24.9995830586244,24.249728222386,5.));
#1677=CARTESIAN_POINT('Ctrl Pts',(24.9996031492947,37.0766613110088,0.));
#1678=CARTESIAN_POINT('Ctrl Pts',(24.9995949136317,34.9674736960923,1.66666666666667));
#1679=CARTESIAN_POINT('Ctrl Pts',(24.9990295733877,32.8577057472475,3.33333333333333));
#1680=CARTESIAN_POINT('Ctrl Pts',(24.9990213377247,30.7485181323309,5.));
#1681=CARTESIAN_POINT('Ctrl Pts',(24.9994330777788,39.7420892224261,0.));
#1682=CARTESIAN_POINT('Ctrl Pts',(24.9994506556612,37.4669176637529,1.66666666666667));
#1683=CARTESIAN_POINT('Ctrl Pts',(24.9988679921072,35.1908616156,3.33333333333333));
#1684=CARTESIAN_POINT('Ctrl Pts',(24.9988855699896,32.9156900569268,5.));
#1685=CARTESIAN_POINT('Ctrl Pts',(24.9994543394709,41.784378285953,0.));
#1686=CARTESIAN_POINT('Ctrl Pts',(24.9994350492472,39.4144939831933,1.66666666666666));
#1687=CARTESIAN_POINT('Ctrl Pts',(24.9985841033514,37.0441996215386,3.33333333333334));
#1688=CARTESIAN_POINT('Ctrl Pts',(24.9985648131277,34.6743153187788,5.));
#1689=CARTESIAN_POINT('Ctrl Pts',(24.6879068354117,43.3559563396269,0.));
#1690=CARTESIAN_POINT('Ctrl Pts',(24.7137832432427,40.952869223073,1.66666666666667));
#1691=CARTESIAN_POINT('Ctrl Pts',(24.7393441896271,38.5477674776724,3.33333333333333));
#1692=CARTESIAN_POINT('Ctrl Pts',(24.7652205974581,36.1446803611185,5.));
#1693=CARTESIAN_POINT('Ctrl Pts',(23.575295490274,45.0190137173933,0.));
#1694=CARTESIAN_POINT('Ctrl Pts',(23.6175702855964,42.6396138255236,1.66666666666666));
#1695=CARTESIAN_POINT('Ctrl Pts',(23.6602708622055,40.2599104982378,3.33333333333334));
#1696=CARTESIAN_POINT('Ctrl Pts',(23.7025456575279,37.8805106063681,5.));
#1697=CARTESIAN_POINT('Ctrl Pts',(21.7452638762404,46.5230767518441,0.));
#1698=CARTESIAN_POINT('Ctrl Pts',(21.7732641161729,44.1826356882073,1.66666666666667));
#1699=CARTESIAN_POINT('Ctrl Pts',(21.8013632965152,41.840793092744,3.33333333333333));
#1700=CARTESIAN_POINT('Ctrl Pts',(21.8293635364477,39.5003520291071,5.));
#1701=CARTESIAN_POINT('Ctrl Pts',(20.1794305970195,47.0033710530382,0.));
#1702=CARTESIAN_POINT('Ctrl Pts',(20.1794914766074,44.6710958578069,1.66666666666666));
#1703=CARTESIAN_POINT('Ctrl Pts',(20.1802581581755,42.3408011742521,3.33333333333334));
#1704=CARTESIAN_POINT('Ctrl Pts',(20.1803190377634,40.0085259790208,5.));
#1705=CARTESIAN_POINT('Ctrl Pts',(16.8334565289887,47.0001911623529,0.));
#1706=CARTESIAN_POINT('Ctrl Pts',(16.8334207114481,44.6662090316836,1.66666666666667));
#1707=CARTESIAN_POINT('Ctrl Pts',(16.8336470979829,42.3343337600888,3.33333333333333));
#1708=CARTESIAN_POINT('Ctrl Pts',(16.8336112804423,40.0003516294195,5.));
#1709=CARTESIAN_POINT('Ctrl Pts',(13.5837281705215,47.0009881385965,0.));
#1710=CARTESIAN_POINT('Ctrl Pts',(13.5837367201974,44.6680920210978,1.66666666666667));
#1711=CARTESIAN_POINT('Ctrl Pts',(13.5840080504838,42.3353385315879,3.33333333333333));
#1712=CARTESIAN_POINT('Ctrl Pts',(13.5840166001597,40.0024424140891,5.));
#1713=CARTESIAN_POINT('Ctrl Pts',(9.25012301049345,47.0002650171488,0.));
#1714=CARTESIAN_POINT('Ctrl Pts',(9.25014336709836,44.666733573943,1.66666666666667));
#1715=CARTESIAN_POINT('Ctrl Pts',(9.2502539451076,42.334090052622,3.33333333333334));
#1716=CARTESIAN_POINT('Ctrl Pts',(9.25027430171251,40.0005586094162,5.));
#1717=CARTESIAN_POINT('Ctrl Pts',(7.08347273857691,47.0003581827918,0.));
#1718=CARTESIAN_POINT('Ctrl Pts',(7.08339350717698,44.6670637778381,1.66666666666667));
#1719=CARTESIAN_POINT('Ctrl Pts',(7.08369619231553,42.33408121396,3.33333333333333));
#1720=CARTESIAN_POINT('Ctrl Pts',(7.08361696091559,40.0007868090064,5.));
#1721=CARTESIAN_POINT('Ctrl Pts',(5.21472972593287,47.0002885616299,0.));
#1722=CARTESIAN_POINT('Ctrl Pts',(5.21488833472698,44.6670506914803,1.66666666666667));
#1723=CARTESIAN_POINT('Ctrl Pts',(5.21481407632583,42.3337795567787,3.33333333333334));
#1724=CARTESIAN_POINT('Ctrl Pts',(5.21497268511995,40.0005416866291,5.));
#1725=CARTESIAN_POINT('Ctrl Pts',(3.64429190318061,46.6877240636806,0.));
#1726=CARTESIAN_POINT('Ctrl Pts',(3.62503067111873,44.3525007868932,1.66666666666667));
#1727=CARTESIAN_POINT('Ctrl Pts',(3.60616375775751,42.0172240573569,3.33333333333333));
#1728=CARTESIAN_POINT('Ctrl Pts',(3.58690252569563,39.6820007805695,5.));
#1729=CARTESIAN_POINT('Ctrl Pts',(1.64645180044725,45.3537940024408,0.));
#1730=CARTESIAN_POINT('Ctrl Pts',(1.60065923764989,42.9802205556521,1.66666666666667));
#1731=CARTESIAN_POINT('Ctrl Pts',(1.55406518365705,40.6072326448644,3.33333333333333));
#1732=CARTESIAN_POINT('Ctrl Pts',(1.50827262085969,38.2336591980758,5.));
#1733=CARTESIAN_POINT('Ctrl Pts',(0.3125278239138,43.3559329363632,0.));
#1734=CARTESIAN_POINT('Ctrl Pts',(0.2868024982606,40.9521693792724,1.66666666666667));
#1735=CARTESIAN_POINT('Ctrl Pts',(0.261624604815564,38.5488144536659,3.33333333333333));
#1736=CARTESIAN_POINT('Ctrl Pts',(0.235899279162364,36.1450508965751,5.));
#1737=CARTESIAN_POINT('Ctrl Pts',(1.14358799703182E-5,41.7855170982017,
0.));
#1738=CARTESIAN_POINT('Ctrl Pts',(6.89547679794566E-6,39.4158558244805,
1.66666666666667));
#1739=CARTESIAN_POINT('Ctrl Pts',(0.000279701315222189,37.0467442969265,
3.33333333333333));
#1740=CARTESIAN_POINT('Ctrl Pts',(0.000275160912049817,34.6770830232053,
5.));
#1741=CARTESIAN_POINT('Ctrl Pts',(2.95229125223651E-5,30.9417292921133,
0.));
#1742=CARTESIAN_POINT('Ctrl Pts',(3.45165304209526E-5,29.0724833735782,
1.66666666666667));
#1743=CARTESIAN_POINT('Ctrl Pts',(-0.000131037905262734,27.2030117248482,
3.33333333333333));
#1744=CARTESIAN_POINT('Ctrl Pts',(-0.000126044287364147,25.3337658063131,
5.));
#1745=CARTESIAN_POINT('Ctrl Pts',(3.03333412859047E-6,16.0583193367105,
0.));
#1746=CARTESIAN_POINT('Ctrl Pts',(-1.94591457796482E-7,16.2609014750931,
1.66666666666666));
#1747=CARTESIAN_POINT('Ctrl Pts',(-0.000194554459346678,16.4637468209298,
3.33333333333334));
#1748=CARTESIAN_POINT('Ctrl Pts',(-0.000197782384933065,16.6663289593125,
5.));
#1749=CARTESIAN_POINT('Ctrl Pts',(-6.22891039710962E-5,5.21465444961306,
0.));
#1750=CARTESIAN_POINT('Ctrl Pts',(-6.21724888650678E-5,5.91764424045609,
1.66666666666667));
#1751=CARTESIAN_POINT('Ctrl Pts',(7.04060115199875E-5,6.62025799678334,
3.33333333333333));
#1752=CARTESIAN_POINT('Ctrl Pts',(7.0522626626016E-5,7.32324778762638,5.));
#1753=CARTESIAN_POINT('Ctrl Pts',(0.312454615108503,3.6442373139613,0.));
#1754=CARTESIAN_POINT('Ctrl Pts',(0.286704477292914,4.38136303253757,1.66666666666667));
#1755=CARTESIAN_POINT('Ctrl Pts',(0.261449409461351,5.11815464251062,3.33333333333334));
#1756=CARTESIAN_POINT('Ctrl Pts',(0.235699271645762,5.8552803610869,5.));
#1757=CARTESIAN_POINT('Ctrl Pts',(1.6463621610527,1.64641196764858,0.));
#1758=CARTESIAN_POINT('Ctrl Pts',(1.60061117659091,2.35326999796683,1.66666666666667));
#1759=CARTESIAN_POINT('Ctrl Pts',(1.5537718598917,3.05987722319818,3.33333333333333));
#1760=CARTESIAN_POINT('Ctrl Pts',(1.50802087542992,3.76673525351643,5.));
#1761=CARTESIAN_POINT('Ctrl Pts',(3.64419661633883,0.312500527725218,0.));
#1762=CARTESIAN_POINT('Ctrl Pts',(3.62486197313335,0.981143529001247,1.66666666666667));
#1763=CARTESIAN_POINT('Ctrl Pts',(3.60598654451911,1.64980219826707,3.33333333333334));
#1764=CARTESIAN_POINT('Ctrl Pts',(3.58665190131363,2.3184451995431,5.));
#1765=CARTESIAN_POINT('Ctrl Pts',(5.21460183660253,3.15810784473405E-15,
0.));
#1766=CARTESIAN_POINT('Ctrl Pts',(5.21489213224999,0.666415746072187,1.66666666666667));
#1767=CARTESIAN_POINT('Ctrl Pts',(5.21431154095506,1.33358425392782,3.33333333333333));
#1768=CARTESIAN_POINT('Ctrl Pts',(5.21460183660253,2.,5.));
#1769=CARTESIAN_POINT('Ctrl Pts',(5.99999999999997,0.,0.));
#1770=CARTESIAN_POINT('Ctrl Pts',(5.99999999999997,0.666666666666667,1.66666666666667));
#1771=CARTESIAN_POINT('Ctrl Pts',(5.99999999999997,1.33333333333333,3.33333333333333));
#1772=CARTESIAN_POINT('Ctrl Pts',(5.99999999999997,2.,5.));
#1773=CARTESIAN_POINT('',(6.,0.,0.));
#1774=UNCERTAINTY_MEASURE_WITH_UNIT(LENGTH_MEASURE(0.01),#1778,
'DISTANCE_ACCURACY_VALUE',
'Maximum model space distance between geometric entities at asserted c
onnectivities');
#1775=UNCERTAINTY_MEASURE_WITH_UNIT(LENGTH_MEASURE(0.01),#1778,
'DISTANCE_ACCURACY_VALUE',
'Maximum model space distance between geometric entities at asserted c
onnectivities');
#1776=(
GEOMETRIC_REPRESENTATION_CONTEXT(3)
GLOBAL_UNCERTAINTY_ASSIGNED_CONTEXT((#1774))
GLOBAL_UNIT_ASSIGNED_CONTEXT((#1778,#1780,#1781))
REPRESENTATION_CONTEXT('','3D')
);
#1777=(
GEOMETRIC_REPRESENTATION_CONTEXT(3)
GLOBAL_UNCERTAINTY_ASSIGNED_CONTEXT((#1775))
GLOBAL_UNIT_ASSIGNED_CONTEXT((#1778,#1780,#1781))
REPRESENTATION_CONTEXT('','3D')
);
#1778=(
LENGTH_UNIT()
NAMED_UNIT(*)
SI_UNIT(.MILLI.,.METRE.)
);
#1779=(
LENGTH_UNIT()
NAMED_UNIT(*)
SI_UNIT($,.METRE.)
);
#1780=(
NAMED_UNIT(*)
PLANE_ANGLE_UNIT()
SI_UNIT($,.RADIAN.)
);
#1781=(
NAMED_UNIT(*)
SI_UNIT($,.STERADIAN.)
SOLID_ANGLE_UNIT()
);
#1782=SHAPE_DEFINITION_REPRESENTATION(#1783,#1784);
#1783=PRODUCT_DEFINITION_SHAPE('',$,#1786);
#1784=SHAPE_REPRESENTATION('',(#797),#1776);
#1785=PRODUCT_DEFINITION_CONTEXT('part definition',#1790,'design');
#1786=PRODUCT_DEFINITION('cache cache station',
'cache cache station v13',#1787,#1785);
#1787=PRODUCT_DEFINITION_FORMATION('',$,#1792);
#1788=PRODUCT_RELATED_PRODUCT_CATEGORY('cache cache station v13',
'cache cache station v13',(#1792));
#1789=APPLICATION_PROTOCOL_DEFINITION('international standard',
'automotive_design',2009,#1790);
#1790=APPLICATION_CONTEXT(
'Core Data for Automotive Mechanical Design Process');
#1791=PRODUCT_CONTEXT('part definition',#1790,'mechanical');
#1792=PRODUCT('cache cache station','cache cache station v13',$,(#1791));
#1793=PRESENTATION_STYLE_ASSIGNMENT((#1794));
#1794=SURFACE_STYLE_USAGE(.BOTH.,#1795);
#1795=SURFACE_SIDE_STYLE('',(#1796));
#1796=SURFACE_STYLE_FILL_AREA(#1797);
#1797=FILL_AREA_STYLE('Acier - Satin\X\E9',(#1798));
#1798=FILL_AREA_STYLE_COLOUR('Acier - Satin\X\E9',#1799);
#1799=COLOUR_RGB('Acier - Satin\X\E9',0.627450980392157,0.627450980392157,
0.627450980392157);
ENDSEC;
END-ISO-10303-21;
