ISO-10303-21;
HEADER;
/* Generated by software containing ST-Developer
 * from STEP Tools, Inc. (www.steptools.com) 
 */

FILE_DESCRIPTION(
/* description */ (''),
/* implementation_level */ '2;1');

FILE_NAME(
/* name */ 'Cache station.step',
/* time_stamp */ '2026-10-05T17:38:10+02:00',
/* author */ (''),
/* organization */ (''),
/* preprocessor_version */ 'ST-DEVELOPER v20.1',
/* originating_system */ 'Autodesk Translation Framework v15.8.0.0',
/* authorisation */ '');

FILE_SCHEMA (('AUTOMOTIVE_DESIGN { 1 0 10303 214 3 1 1 }'));
ENDSEC;

DATA;
#10=MECHANICAL_DESIGN_GEOMETRIC_PRESENTATION_REPRESENTATION('',(#13),#5521);
#11=SHAPE_REPRESENTATION_RELATIONSHIP('SRR','None',#5528,#12);
#12=ADVANCED_BREP_SHAPE_REPRESENTATION('',(#14),#5520);
#13=STYLED_ITEM('',(#5537),#14);
#14=MANIFOLD_SOLID_BREP('Corps6',#1315);
#15=ELLIPSE('',#1382,7.07689222757507,3.7);
#16=ELLIPSE('',#1384,11.1783069562021,3.7);
#17=ELLIPSE('',#1386,3.71679118893176,3.7);
#18=ELLIPSE('',#1387,3.71679118893176,3.7);
#19=ELLIPSE('',#1388,3.71679118893176,3.7);
#20=ELLIPSE('',#1389,3.51588355709761,3.5);
#21=B_SPLINE_SURFACE_WITH_KNOTS('',3,3,((#2221,#2222,#2223,#2224),(#2225,
#2226,#2227,#2228),(#2229,#2230,#2231,#2232),(#2233,#2234,#2235,#2236),
(#2237,#2238,#2239,#2240),(#2241,#2242,#2243,#2244),(#2245,#2246,#2247,
#2248),(#2249,#2250,#2251,#2252)),.UNSPECIFIED.,.F.,.F.,.F.,(4,2,2,4),(4,
4),(0.,0.0063124266552315,0.993788080169147,1.),(0.,1.),.UNSPECIFIED.);
#22=B_SPLINE_SURFACE_WITH_KNOTS('',3,3,((#2474,#2475,#2476,#2477,#2478,
#2479,#2480,#2481,#2482),(#2483,#2484,#2485,#2486,#2487,#2488,#2489,#2490,
#2491),(#2492,#2493,#2494,#2495,#2496,#2497,#2498,#2499,#2500),(#2501,#2502,
#2503,#2504,#2505,#2506,#2507,#2508,#2509),(#2510,#2511,#2512,#2513,#2514,
#2515,#2516,#2517,#2518),(#2519,#2520,#2521,#2522,#2523,#2524,#2525,#2526,
#2527),(#2528,#2529,#2530,#2531,#2532,#2533,#2534,#2535,#2536),(#2537,#2538,
#2539,#2540,#2541,#2542,#2543,#2544,#2545),(#2546,#2547,#2548,#2549,#2550,
#2551,#2552,#2553,#2554),(#2555,#2556,#2557,#2558,#2559,#2560,#2561,#2562,
#2563),(#2564,#2565,#2566,#2567,#2568,#2569,#2570,#2571,#2572),(#2573,#2574,
#2575,#2576,#2577,#2578,#2579,#2580,#2581),(#2582,#2583,#2584,#2585,#2586,
#2587,#2588,#2589,#2590),(#2591,#2592,#2593,#2594,#2595,#2596,#2597,#2598,
#2599),(#2600,#2601,#2602,#2603,#2604,#2605,#2606,#2607,#2608),(#2609,#2610,
#2611,#2612,#2613,#2614,#2615,#2616,#2617),(#2618,#2619,#2620,#2621,#2622,
#2623,#2624,#2625,#2626),(#2627,#2628,#2629,#2630,#2631,#2632,#2633,#2634,
#2635),(#2636,#2637,#2638,#2639,#2640,#2641,#2642,#2643,#2644),(#2645,#2646,
#2647,#2648,#2649,#2650,#2651,#2652,#2653),(#2654,#2655,#2656,#2657,#2658,
#2659,#2660,#2661,#2662),(#2663,#2664,#2665,#2666,#2667,#2668,#2669,#2670,
#2671),(#2672,#2673,#2674,#2675,#2676,#2677,#2678,#2679,#2680),(#2681,#2682,
#2683,#2684,#2685,#2686,#2687,#2688,#2689),(#2690,#2691,#2692,#2693,#2694,
#2695,#2696,#2697,#2698),(#2699,#2700,#2701,#2702,#2703,#2704,#2705,#2706,
#2707),(#2708,#2709,#2710,#2711,#2712,#2713,#2714,#2715,#2716),(#2717,#2718,
#2719,#2720,#2721,#2722,#2723,#2724,#2725),(#2726,#2727,#2728,#2729,#2730,
#2731,#2732,#2733,#2734),(#2735,#2736,#2737,#2738,#2739,#2740,#2741,#2742,
#2743),(#2744,#2745,#2746,#2747,#2748,#2749,#2750,#2751,#2752),(#2753,#2754,
#2755,#2756,#2757,#2758,#2759,#2760,#2761),(#2762,#2763,#2764,#2765,#2766,
#2767,#2768,#2769,#2770),(#2771,#2772,#2773,#2774,#2775,#2776,#2777,#2778,
#2779),(#2780,#2781,#2782,#2783,#2784,#2785,#2786,#2787,#2788),(#2789,#2790,
#2791,#2792,#2793,#2794,#2795,#2796,#2797),(#2798,#2799,#2800,#2801,#2802,
#2803,#2804,#2805,#2806),(#2807,#2808,#2809,#2810,#2811,#2812,#2813,#2814,
#2815),(#2816,#2817,#2818,#2819,#2820,#2821,#2822,#2823,#2824),(#2825,#2826,
#2827,#2828,#2829,#2830,#2831,#2832,#2833),(#2834,#2835,#2836,#2837,#2838,
#2839,#2840,#2841,#2842),(#2843,#2844,#2845,#2846,#2847,#2848,#2849,#2850,
#2851),(#2852,#2853,#2854,#2855,#2856,#2857,#2858,#2859,#2860),(#2861,#2862,
#2863,#2864,#2865,#2866,#2867,#2868,#2869),(#2870,#2871,#2872,#2873,#2874,
#2875,#2876,#2877,#2878),(#2879,#2880,#2881,#2882,#2883,#2884,#2885,#2886,
#2887),(#2888,#2889,#2890,#2891,#2892,#2893,#2894,#2895,#2896),(#2897,#2898,
#2899,#2900,#2901,#2902,#2903,#2904,#2905),(#2906,#2907,#2908,#2909,#2910,
#2911,#2912,#2913,#2914),(#2915,#2916,#2917,#2918,#2919,#2920,#2921,#2922,
#2923),(#2924,#2925,#2926,#2927,#2928,#2929,#2930,#2931,#2932),(#2933,#2934,
#2935,#2936,#2937,#2938,#2939,#2940,#2941),(#2942,#2943,#2944,#2945,#2946,
#2947,#2948,#2949,#2950),(#2951,#2952,#2953,#2954,#2955,#2956,#2957,#2958,
#2959),(#2960,#2961,#2962,#2963,#2964,#2965,#2966,#2967,#2968),(#2969,#2970,
#2971,#2972,#2973,#2974,#2975,#2976,#2977)),.UNSPECIFIED.,.T.,.F.,.F.,(4,
1,1,1,2,1,1,1,1,1,2,1,1,1,2,1,1,1,1,1,2,1,1,1,1,1,2,1,1,1,1,1,1,1,1,1,1,
1,1,1,2,1,1,1,2,1,4),(4,1,1,1,1,1,4),(0.,0.0146530769465731,0.0293061538931462,
0.0439592308397192,0.0586123077862923,0.0660713021108578,0.0735302964354232,
0.0809892907599887,0.0884482850845541,0.118284262382816,0.297300126172387,
0.31195320311896,0.326606280065533,0.341259357012106,0.355912433958679,
0.391934325469009,0.42795621697934,0.46397810848967,0.481989054244835,0.490994527122418,
0.5,0.514653076946573,0.52197961541986,0.529306153893146,0.536632692366433,
0.543959230839719,0.558612307786292,0.559544682076863,0.560010869222148,
0.560477056367434,0.562341804948575,0.566071302110858,0.56980079927314,
0.573530296435423,0.580989290759989,0.588448285084554,0.618284262382816,
0.737628171575863,0.767464148874125,0.782382137523256,0.797300126172387,
0.81195320311896,0.826606280065533,0.841259357012106,0.855912433958679,
0.927956216979339,1.),(0.,0.0357142857142857,0.0714285714285714,0.142857142857143,
0.214285714285714,0.285714285714286,1.),.UNSPECIFIED.);
#23=B_SPLINE_SURFACE_WITH_KNOTS('',3,3,((#3125,#3126,#3127,#3128),(#3129,
#3130,#3131,#3132),(#3133,#3134,#3135,#3136),(#3137,#3138,#3139,#3140),
(#3141,#3142,#3143,#3144),(#3145,#3146,#3147,#3148),(#3149,#3150,#3151,
#3152),(#3153,#3154,#3155,#3156),(#3157,#3158,#3159,#3160),(#3161,#3162,
#3163,#3164),(#3165,#3166,#3167,#3168),(#3169,#3170,#3171,#3172),(#3173,
#3174,#3175,#3176),(#3177,#3178,#3179,#3180),(#3181,#3182,#3183,#3184),
(#3185,#3186,#3187,#3188),(#3189,#3190,#3191,#3192),(#3193,#3194,#3195,
#3196),(#3197,#3198,#3199,#3200),(#3201,#3202,#3203,#3204),(#3205,#3206,
#3207,#3208),(#3209,#3210,#3211,#3212)),.UNSPECIFIED.,.T.,.F.,.F.,(4,1,
2,2,1,2,2,1,2,2,1,2,4),(4,4),(0.,0.0400375916741622,0.0800751833483245,
0.25,0.290037591674162,0.330075183348325,0.5,0.540037591674162,0.580075183348324,
0.75,0.790037591674162,0.830075183348324,1.),(0.,1.),.UNSPECIFIED.);
#24=B_SPLINE_SURFACE_WITH_KNOTS('',3,3,((#3262,#3263,#3264,#3265),(#3266,
#3267,#3268,#3269),(#3270,#3271,#3272,#3273),(#3274,#3275,#3276,#3277),
(#3278,#3279,#3280,#3281),(#3282,#3283,#3284,#3285),(#3286,#3287,#3288,
#3289),(#3290,#3291,#3292,#3293),(#3294,#3295,#3296,#3297),(#3298,#3299,
#3300,#3301),(#3302,#3303,#3304,#3305),(#3306,#3307,#3308,#3309),(#3310,
#3311,#3312,#3313),(#3314,#3315,#3316,#3317),(#3318,#3319,#3320,#3321),
(#3322,#3323,#3324,#3325),(#3326,#3327,#3328,#3329),(#3330,#3331,#3332,
#3333),(#3334,#3335,#3336,#3337),(#3338,#3339,#3340,#3341),(#3342,#3343,
#3344,#3345),(#3346,#3347,#3348,#3349),(#3350,#3351,#3352,#3353),(#3354,
#3355,#3356,#3357),(#3358,#3359,#3360,#3361),(#3362,#3363,#3364,#3365),
(#3366,#3367,#3368,#3369),(#3370,#3371,#3372,#3373),(#3374,#3375,#3376,
#3377),(#3378,#3379,#3380,#3381),(#3382,#3383,#3384,#3385),(#3386,#3387,
#3388,#3389),(#3390,#3391,#3392,#3393),(#3394,#3395,#3396,#3397),(#3398,
#3399,#3400,#3401),(#3402,#3403,#3404,#3405),(#3406,#3407,#3408,#3409),
(#3410,#3411,#3412,#3413),(#3414,#3415,#3416,#3417),(#3418,#3419,#3420,
#3421),(#3422,#3423,#3424,#3425),(#3426,#3427,#3428,#3429),(#3430,#3431,
#3432,#3433),(#3434,#3435,#3436,#3437),(#3438,#3439,#3440,#3441),(#3442,
#3443,#3444,#3445),(#3446,#3447,#3448,#3449),(#3450,#3451,#3452,#3453),
(#3454,#3455,#3456,#3457),(#3458,#3459,#3460,#3461),(#3462,#3463,#3464,
#3465),(#3466,#3467,#3468,#3469),(#3470,#3471,#3472,#3473),(#3474,#3475,
#3476,#3477),(#3478,#3479,#3480,#3481),(#3482,#3483,#3484,#3485),(#3486,
#3487,#3488,#3489),(#3490,#3491,#3492,#3493),(#3494,#3495,#3496,#3497),
(#3498,#3499,#3500,#3501)),.UNSPECIFIED.,.F.,.F.,.F.,(4,1,1,1,1,1,1,1,2,
2,1,2,2,1,1,1,1,2,2,1,2,2,1,1,1,1,1,1,1,2,1,1,1,1,1,1,1,1,1,1,1,2,1,1,1,
2,4),(4,4),(0.,0.0429555167336473,0.0859110334672946,0.128866550200942,
0.171822066934589,0.214777583668237,0.257733100401884,0.300688617135531,
0.343644133869179,0.346908712610435,0.369000181555578,0.391091650500722,
0.405334980828652,0.436933813074476,0.4685326453203,0.484332061443212,0.500131477566124,
0.531730309811948,0.532974222911287,0.554443735306761,0.575913247702235,
0.59466506987076,0.637620584033185,0.68057609819561,0.723531612358036,0.766487126520461,
0.809442640682886,0.852398154845312,0.895353669007737,0.938309183170162,
0.938360192212994,0.938411201255827,0.938513219341491,0.93871725551282,
0.939125327855477,0.939941472540792,0.94034954488345,0.940757617226108,
0.941165689568765,0.941369725740094,0.941471743825758,0.941573761911423,
0.952619496383994,0.963665230856566,0.974710965329138,0.985756699801709,
1.),(0.,1.),.UNSPECIFIED.);
#25=B_SPLINE_SURFACE_WITH_KNOTS('',3,3,((#3566,#3567,#3568,#3569),(#3570,
#3571,#3572,#3573),(#3574,#3575,#3576,#3577),(#3578,#3579,#3580,#3581),
(#3582,#3583,#3584,#3585),(#3586,#3587,#3588,#3589)),.UNSPECIFIED.,.F.,
 .F.,.F.,(4,2,4),(4,4),(0.,0.990254311398922,1.),(0.,1.),.UNSPECIFIED.);
#26=B_SPLINE_SURFACE_WITH_KNOTS('',3,3,((#3598,#3599,#3600,#3601),(#3602,
#3603,#3604,#3605),(#3606,#3607,#3608,#3609),(#3610,#3611,#3612,#3613),
(#3614,#3615,#3616,#3617),(#3618,#3619,#3620,#3621),(#3622,#3623,#3624,
#3625)),.UNSPECIFIED.,.F.,.F.,.F.,(4,1,2,4),(4,4),(0.,0.278414288268956,
0.696035720672389,1.),(0.,1.),.UNSPECIFIED.);
#27=B_SPLINE_SURFACE_WITH_KNOTS('',3,3,((#3633,#3634,#3635,#3636),(#3637,
#3638,#3639,#3640),(#3641,#3642,#3643,#3644),(#3645,#3646,#3647,#3648),
(#3649,#3650,#3651,#3652),(#3653,#3654,#3655,#3656),(#3657,#3658,#3659,
#3660),(#3661,#3662,#3663,#3664),(#3665,#3666,#3667,#3668),(#3669,#3670,
#3671,#3672),(#3673,#3674,#3675,#3676),(#3677,#3678,#3679,#3680),(#3681,
#3682,#3683,#3684),(#3685,#3686,#3687,#3688),(#3689,#3690,#3691,#3692),
(#3693,#3694,#3695,#3696),(#3697,#3698,#3699,#3700),(#3701,#3702,#3703,
#3704),(#3705,#3706,#3707,#3708),(#3709,#3710,#3711,#3712),(#3713,#3714,
#3715,#3716),(#3717,#3718,#3719,#3720),(#3721,#3722,#3723,#3724),(#3725,
#3726,#3727,#3728),(#3729,#3730,#3731,#3732),(#3733,#3734,#3735,#3736),
(#3737,#3738,#3739,#3740),(#3741,#3742,#3743,#3744),(#3745,#3746,#3747,
#3748),(#3749,#3750,#3751,#3752),(#3753,#3754,#3755,#3756),(#3757,#3758,
#3759,#3760),(#3761,#3762,#3763,#3764),(#3765,#3766,#3767,#3768),(#3769,
#3770,#3771,#3772),(#3773,#3774,#3775,#3776),(#3777,#3778,#3779,#3780),
(#3781,#3782,#3783,#3784),(#3785,#3786,#3787,#3788),(#3789,#3790,#3791,
#3792),(#3793,#3794,#3795,#3796),(#3797,#3798,#3799,#3800),(#3801,#3802,
#3803,#3804),(#3805,#3806,#3807,#3808),(#3809,#3810,#3811,#3812),(#3813,
#3814,#3815,#3816),(#3817,#3818,#3819,#3820),(#3821,#3822,#3823,#3824),
(#3825,#3826,#3827,#3828),(#3829,#3830,#3831,#3832),(#3833,#3834,#3835,
#3836),(#3837,#3838,#3839,#3840),(#3841,#3842,#3843,#3844),(#3845,#3846,
#3847,#3848),(#3849,#3850,#3851,#3852),(#3853,#3854,#3855,#3856),(#3857,
#3858,#3859,#3860),(#3861,#3862,#3863,#3864),(#3865,#3866,#3867,#3868),
(#3869,#3870,#3871,#3872),(#3873,#3874,#3875,#3876),(#3877,#3878,#3879,
#3880),(#3881,#3882,#3883,#3884),(#3885,#3886,#3887,#3888),(#3889,#3890,
#3891,#3892),(#3893,#3894,#3895,#3896),(#3897,#3898,#3899,#3900),(#3901,
#3902,#3903,#3904),(#3905,#3906,#3907,#3908),(#3909,#3910,#3911,#3912),
(#3913,#3914,#3915,#3916),(#3917,#3918,#3919,#3920),(#3921,#3922,#3923,
#3924),(#3925,#3926,#3927,#3928),(#3929,#3930,#3931,#3932),(#3933,#3934,
#3935,#3936)),.UNSPECIFIED.,.T.,.F.,.F.,(4,1,1,1,2,1,1,1,1,1,1,1,1,1,1,
1,1,2,1,1,1,2,1,1,1,1,1,1,1,1,1,1,1,1,1,1,1,1,2,1,1,1,2,1,1,1,1,1,1,1,1,
1,1,1,1,1,1,1,1,2,1,1,1,2,1,1,4),(4,4),(0.,0.0174799361563746,0.0349598723127492,
0.0524398084691239,0.0699197446254985,0.0755472526059517,0.0811747605864049,
0.0924297765473112,0.114939808469124,0.159959872312749,0.204979936156375,
0.216234952117281,0.227489968078188,0.238744984039094,0.241558738029321,
0.244372492019547,0.247186246009774,0.25,0.267479936156375,0.28495987231275,
0.302439808469124,0.319919744625499,0.321326621620612,0.322733498615725,
0.325547252605952,0.326250691103508,0.326954129601065,0.328361006596178,
0.331174760586405,0.342429776547311,0.364939808469124,0.40995987231275,
0.443724920195469,0.454979936156375,0.466234952117281,0.477489968078188,
0.488744984039094,0.494372492019547,0.500000000000001,0.517479936156375,
0.53495987231275,0.552439808469124,0.569919744625499,0.572733498615725,
0.575547252605952,0.581174760586405,0.586802268566858,0.589616022557085,
0.592429776547311,0.603684792508218,0.609312300488671,0.614939808469124,
0.65995987231275,0.704979936156375,0.727489968078188,0.738744984039094,
0.744372492019547,0.747186246009774,0.748593123004887,0.75,0.767479936156375,
0.784959872312749,0.802439808469124,0.819919744625498,0.864939808469124,
0.909959872312749,1.),(0.,1.),.UNSPECIFIED.);
#28=B_SPLINE_SURFACE_WITH_KNOTS('',3,3,((#4008,#4009,#4010,#4011),(#4012,
#4013,#4014,#4015),(#4016,#4017,#4018,#4019),(#4020,#4021,#4022,#4023),
(#4024,#4025,#4026,#4027),(#4028,#4029,#4030,#4031),(#4032,#4033,#4034,
#4035),(#4036,#4037,#4038,#4039)),.UNSPECIFIED.,.F.,.F.,.F.,(4,2,2,4),(4,
4),(0.,0.0103899325069645,0.979418286160431,1.),(0.,1.),.UNSPECIFIED.);
#29=B_SPLINE_SURFACE_WITH_KNOTS('',3,3,((#4047,#4048,#4049,#4050),(#4051,
#4052,#4053,#4054),(#4055,#4056,#4057,#4058),(#4059,#4060,#4061,#4062),
(#4063,#4064,#4065,#4066),(#4067,#4068,#4069,#4070),(#4071,#4072,#4073,
#4074),(#4075,#4076,#4077,#4078),(#4079,#4080,#4081,#4082)),
 .UNSPECIFIED.,.F.,.F.,.F.,(4,1,1,1,1,1,4),(4,4),(0.,0.142857142857143,
0.285714285714286,0.428571428571429,0.571428571428571,0.857142857142857,
1.),(0.,1.),.UNSPECIFIED.);
#30=B_SPLINE_SURFACE_WITH_KNOTS('',3,3,((#4088,#4089,#4090,#4091),(#4092,
#4093,#4094,#4095),(#4096,#4097,#4098,#4099),(#4100,#4101,#4102,#4103),
(#4104,#4105,#4106,#4107),(#4108,#4109,#4110,#4111)),.UNSPECIFIED.,.F.,
 .F.,.F.,(4,2,4),(4,4),(0.,0.0292366658895917,1.),(0.,1.),.UNSPECIFIED.);
#31=B_SPLINE_SURFACE_WITH_KNOTS('',3,3,((#4115,#4116,#4117,#4118),(#4119,
#4120,#4121,#4122),(#4123,#4124,#4125,#4126),(#4127,#4128,#4129,#4130),
(#4131,#4132,#4133,#4134),(#4135,#4136,#4137,#4138),(#4139,#4140,#4141,
#4142),(#4143,#4144,#4145,#4146),(#4147,#4148,#4149,#4150),(#4151,#4152,
#4153,#4154)),.UNSPECIFIED.,.F.,.F.,.F.,(4,2,1,1,1,1,4),(4,4),(0.,0.0425788284708607,
0.234063062776689,0.425547297082516,0.617031531388344,0.808515765694172,
1.),(0.,1.),.UNSPECIFIED.);
#32=B_SPLINE_SURFACE_WITH_KNOTS('',3,3,((#4162,#4163,#4164,#4165),(#4166,
#4167,#4168,#4169),(#4170,#4171,#4172,#4173),(#4174,#4175,#4176,#4177),
(#4178,#4179,#4180,#4181),(#4182,#4183,#4184,#4185),(#4186,#4187,#4188,
#4189),(#4190,#4191,#4192,#4193),(#4194,#4195,#4196,#4197),(#4198,#4199,
#4200,#4201),(#4202,#4203,#4204,#4205),(#4206,#4207,#4208,#4209),(#4210,
#4211,#4212,#4213),(#4214,#4215,#4216,#4217),(#4218,#4219,#4220,#4221),
(#4222,#4223,#4224,#4225),(#4226,#4227,#4228,#4229)),.UNSPECIFIED.,.F.,
 .F.,.F.,(4,2,2,2,1,2,2,2,4),(4,4),(0.,0.0174509471515215,0.0560671461168585,
0.108775873064599,0.500039823459959,0.891303773855319,0.935856861602457,
0.987723463788586,1.),(0.,1.),.UNSPECIFIED.);
#33=B_SPLINE_SURFACE_WITH_KNOTS('',3,3,((#4248,#4249,#4250,#4251),(#4252,
#4253,#4254,#4255),(#4256,#4257,#4258,#4259),(#4260,#4261,#4262,#4263),
(#4264,#4265,#4266,#4267),(#4268,#4269,#4270,#4271),(#4272,#4273,#4274,
#4275),(#4276,#4277,#4278,#4279),(#4280,#4281,#4282,#4283),(#4284,#4285,
#4286,#4287)),.UNSPECIFIED.,.F.,.F.,.F.,(4,1,1,1,1,2,4),(4,4),(0.,0.183443644858484,
0.366887289716967,0.550330934575451,0.733774579433934,0.917218224292418,
1.),(0.,1.),.UNSPECIFIED.);
#34=B_SPLINE_SURFACE_WITH_KNOTS('',3,3,((#4293,#4294,#4295,#4296),(#4297,
#4298,#4299,#4300),(#4301,#4302,#4303,#4304),(#4305,#4306,#4307,#4308),
(#4309,#4310,#4311,#4312),(#4313,#4314,#4315,#4316)),.UNSPECIFIED.,.F.,
 .F.,.F.,(4,2,4),(4,4),(0.,0.960327782251542,1.),(0.,1.),.UNSPECIFIED.);
#35=B_SPLINE_SURFACE_WITH_KNOTS('',3,3,((#4320,#4321,#4322,#4323),(#4324,
#4325,#4326,#4327),(#4328,#4329,#4330,#4331),(#4332,#4333,#4334,#4335),
(#4336,#4337,#4338,#4339),(#4340,#4341,#4342,#4343),(#4344,#4345,#4346,
#4347),(#4348,#4349,#4350,#4351),(#4352,#4353,#4354,#4355),(#4356,#4357,
#4358,#4359)),.UNSPECIFIED.,.F.,.F.,.F.,(4,1,1,1,1,1,1,4),(4,4),(0.,0.142857142857143,
0.285714285714286,0.428571428571429,0.571428571428571,0.714285714285714,
0.857142857142857,1.),(0.,1.),.UNSPECIFIED.);
#36=B_SPLINE_SURFACE_WITH_KNOTS('',3,3,((#4365,#4366,#4367,#4368),(#4369,
#4370,#4371,#4372),(#4373,#4374,#4375,#4376),(#4377,#4378,#4379,#4380)),
 .UNSPECIFIED.,.F.,.F.,.F.,(4,4),(4,4),(0.,1.),(0.,1.),.UNSPECIFIED.);
#37=B_SPLINE_SURFACE_WITH_KNOTS('',3,3,((#4389,#4390,#4391,#4392),(#4393,
#4394,#4395,#4396),(#4397,#4398,#4399,#4400),(#4401,#4402,#4403,#4404)),
 .UNSPECIFIED.,.F.,.F.,.F.,(4,4),(4,4),(0.,1.),(0.,1.),.UNSPECIFIED.);
#38=B_SPLINE_SURFACE_WITH_KNOTS('',3,3,((#4411,#4412,#4413,#4414),(#4415,
#4416,#4417,#4418),(#4419,#4420,#4421,#4422),(#4423,#4424,#4425,#4426),
(#4427,#4428,#4429,#4430),(#4431,#4432,#4433,#4434),(#4435,#4436,#4437,
#4438),(#4439,#4440,#4441,#4442),(#4443,#4444,#4445,#4446)),
 .UNSPECIFIED.,.F.,.F.,.F.,(4,1,1,1,1,1,4),(4,4),(0.,0.142857142857143,
0.285714285714286,0.428571428571429,0.571428571428571,0.857142857142857,
1.),(0.,1.),.UNSPECIFIED.);
#39=B_SPLINE_SURFACE_WITH_KNOTS('',3,3,((#4462,#4463,#4464,#4465),(#4466,
#4467,#4468,#4469),(#4470,#4471,#4472,#4473),(#4474,#4475,#4476,#4477),
(#4478,#4479,#4480,#4481),(#4482,#4483,#4484,#4485),(#4486,#4487,#4488,
#4489),(#4490,#4491,#4492,#4493),(#4494,#4495,#4496,#4497)),
 .UNSPECIFIED.,.F.,.F.,.F.,(4,1,1,1,1,1,4),(4,4),(0.,0.142857142857143,
0.285714285714286,0.428571428571429,0.571428571428571,0.857142857142857,
1.),(0.,1.),.UNSPECIFIED.);
#40=B_SPLINE_SURFACE_WITH_KNOTS('',3,3,((#4509,#4510,#4511,#4512),(#4513,
#4514,#4515,#4516),(#4517,#4518,#4519,#4520),(#4521,#4522,#4523,#4524),
(#4525,#4526,#4527,#4528),(#4529,#4530,#4531,#4532),(#4533,#4534,#4535,
#4536)),.UNSPECIFIED.,.F.,.F.,.F.,(4,2,1,4),(4,4),(0.,0.168163692589103,
0.500898215553462,1.),(0.,1.),.UNSPECIFIED.);
#41=B_SPLINE_SURFACE_WITH_KNOTS('',3,3,((#4544,#4545,#4546,#4547),(#4548,
#4549,#4550,#4551),(#4552,#4553,#4554,#4555),(#4556,#4557,#4558,#4559),
(#4560,#4561,#4562,#4563),(#4564,#4565,#4566,#4567),(#4568,#4569,#4570,
#4571)),.UNSPECIFIED.,.F.,.F.,.F.,(4,1,2,4),(4,4),(0.,0.35267952751011,
0.881698818775276,1.),(0.,1.),.UNSPECIFIED.);
#42=B_SPLINE_SURFACE_WITH_KNOTS('',3,3,((#4581,#4582,#4583,#4584),(#4585,
#4586,#4587,#4588),(#4589,#4590,#4591,#4592),(#4593,#4594,#4595,#4596),
(#4597,#4598,#4599,#4600),(#4601,#4602,#4603,#4604),(#4605,#4606,#4607,
#4608),(#4609,#4610,#4611,#4612),(#4613,#4614,#4615,#4616)),
 .UNSPECIFIED.,.F.,.F.,.F.,(4,1,1,1,1,1,4),(4,4),(0.,0.142857142857143,
0.285714285714286,0.428571428571429,0.571428571428571,0.857142857142857,
1.),(0.,1.),.UNSPECIFIED.);
#43=B_SPLINE_SURFACE_WITH_KNOTS('',3,3,((#4632,#4633,#4634,#4635),(#4636,
#4637,#4638,#4639),(#4640,#4641,#4642,#4643),(#4644,#4645,#4646,#4647),
(#4648,#4649,#4650,#4651),(#4652,#4653,#4654,#4655),(#4656,#4657,#4658,
#4659),(#4660,#4661,#4662,#4663),(#4664,#4665,#4666,#4667)),
 .UNSPECIFIED.,.F.,.F.,.F.,(4,1,1,1,1,1,4),(4,4),(0.,0.142857142857143,
0.285714285714286,0.428571428571429,0.571428571428571,0.857142857142857,
1.),(0.,1.),.UNSPECIFIED.);
#44=B_SPLINE_SURFACE_WITH_KNOTS('',3,3,((#4679,#4680,#4681,#4682),(#4683,
#4684,#4685,#4686),(#4687,#4688,#4689,#4690),(#4691,#4692,#4693,#4694),
(#4695,#4696,#4697,#4698)),.UNSPECIFIED.,.F.,.F.,.F.,(4,1,4),(4,4),(0.,
0.571428571428571,1.),(0.,1.),.UNSPECIFIED.);
#45=B_SPLINE_SURFACE_WITH_KNOTS('',3,3,((#4822,#4823,#4824,#4825,#4826,
#4827,#4828,#4829,#4830,#4831,#4832,#4833),(#4834,#4835,#4836,#4837,#4838,
#4839,#4840,#4841,#4842,#4843,#4844,#4845),(#4846,#4847,#4848,#4849,#4850,
#4851,#4852,#4853,#4854,#4855,#4856,#4857),(#4858,#4859,#4860,#4861,#4862,
#4863,#4864,#4865,#4866,#4867,#4868,#4869),(#4870,#4871,#4872,#4873,#4874,
#4875,#4876,#4877,#4878,#4879,#4880,#4881),(#4882,#4883,#4884,#4885,#4886,
#4887,#4888,#4889,#4890,#4891,#4892,#4893),(#4894,#4895,#4896,#4897,#4898,
#4899,#4900,#4901,#4902,#4903,#4904,#4905),(#4906,#4907,#4908,#4909,#4910,
#4911,#4912,#4913,#4914,#4915,#4916,#4917),(#4918,#4919,#4920,#4921,#4922,
#4923,#4924,#4925,#4926,#4927,#4928,#4929),(#4930,#4931,#4932,#4933,#4934,
#4935,#4936,#4937,#4938,#4939,#4940,#4941),(#4942,#4943,#4944,#4945,#4946,
#4947,#4948,#4949,#4950,#4951,#4952,#4953),(#4954,#4955,#4956,#4957,#4958,
#4959,#4960,#4961,#4962,#4963,#4964,#4965),(#4966,#4967,#4968,#4969,#4970,
#4971,#4972,#4973,#4974,#4975,#4976,#4977),(#4978,#4979,#4980,#4981,#4982,
#4983,#4984,#4985,#4986,#4987,#4988,#4989),(#4990,#4991,#4992,#4993,#4994,
#4995,#4996,#4997,#4998,#4999,#5000,#5001),(#5002,#5003,#5004,#5005,#5006,
#5007,#5008,#5009,#5010,#5011,#5012,#5013),(#5014,#5015,#5016,#5017,#5018,
#5019,#5020,#5021,#5022,#5023,#5024,#5025),(#5026,#5027,#5028,#5029,#5030,
#5031,#5032,#5033,#5034,#5035,#5036,#5037),(#5038,#5039,#5040,#5041,#5042,
#5043,#5044,#5045,#5046,#5047,#5048,#5049),(#5050,#5051,#5052,#5053,#5054,
#5055,#5056,#5057,#5058,#5059,#5060,#5061),(#5062,#5063,#5064,#5065,#5066,
#5067,#5068,#5069,#5070,#5071,#5072,#5073),(#5074,#5075,#5076,#5077,#5078,
#5079,#5080,#5081,#5082,#5083,#5084,#5085),(#5086,#5087,#5088,#5089,#5090,
#5091,#5092,#5093,#5094,#5095,#5096,#5097),(#5098,#5099,#5100,#5101,#5102,
#5103,#5104,#5105,#5106,#5107,#5108,#5109),(#5110,#5111,#5112,#5113,#5114,
#5115,#5116,#5117,#5118,#5119,#5120,#5121),(#5122,#5123,#5124,#5125,#5126,
#5127,#5128,#5129,#5130,#5131,#5132,#5133),(#5134,#5135,#5136,#5137,#5138,
#5139,#5140,#5141,#5142,#5143,#5144,#5145),(#5146,#5147,#5148,#5149,#5150,
#5151,#5152,#5153,#5154,#5155,#5156,#5157),(#5158,#5159,#5160,#5161,#5162,
#5163,#5164,#5165,#5166,#5167,#5168,#5169),(#5170,#5171,#5172,#5173,#5174,
#5175,#5176,#5177,#5178,#5179,#5180,#5181),(#5182,#5183,#5184,#5185,#5186,
#5187,#5188,#5189,#5190,#5191,#5192,#5193),(#5194,#5195,#5196,#5197,#5198,
#5199,#5200,#5201,#5202,#5203,#5204,#5205),(#5206,#5207,#5208,#5209,#5210,
#5211,#5212,#5213,#5214,#5215,#5216,#5217),(#5218,#5219,#5220,#5221,#5222,
#5223,#5224,#5225,#5226,#5227,#5228,#5229),(#5230,#5231,#5232,#5233,#5234,
#5235,#5236,#5237,#5238,#5239,#5240,#5241),(#5242,#5243,#5244,#5245,#5246,
#5247,#5248,#5249,#5250,#5251,#5252,#5253),(#5254,#5255,#5256,#5257,#5258,
#5259,#5260,#5261,#5262,#5263,#5264,#5265),(#5266,#5267,#5268,#5269,#5270,
#5271,#5272,#5273,#5274,#5275,#5276,#5277),(#5278,#5279,#5280,#5281,#5282,
#5283,#5284,#5285,#5286,#5287,#5288,#5289),(#5290,#5291,#5292,#5293,#5294,
#5295,#5296,#5297,#5298,#5299,#5300,#5301),(#5302,#5303,#5304,#5305,#5306,
#5307,#5308,#5309,#5310,#5311,#5312,#5313),(#5314,#5315,#5316,#5317,#5318,
#5319,#5320,#5321,#5322,#5323,#5324,#5325),(#5326,#5327,#5328,#5329,#5330,
#5331,#5332,#5333,#5334,#5335,#5336,#5337),(#5338,#5339,#5340,#5341,#5342,
#5343,#5344,#5345,#5346,#5347,#5348,#5349),(#5350,#5351,#5352,#5353,#5354,
#5355,#5356,#5357,#5358,#5359,#5360,#5361),(#5362,#5363,#5364,#5365,#5366,
#5367,#5368,#5369,#5370,#5371,#5372,#5373),(#5374,#5375,#5376,#5377,#5378,
#5379,#5380,#5381,#5382,#5383,#5384,#5385),(#5386,#5387,#5388,#5389,#5390,
#5391,#5392,#5393,#5394,#5395,#5396,#5397),(#5398,#5399,#5400,#5401,#5402,
#5403,#5404,#5405,#5406,#5407,#5408,#5409),(#5410,#5411,#5412,#5413,#5414,
#5415,#5416,#5417,#5418,#5419,#5420,#5421),(#5422,#5423,#5424,#5425,#5426,
#5427,#5428,#5429,#5430,#5431,#5432,#5433),(#5434,#5435,#5436,#5437,#5438,
#5439,#5440,#5441,#5442,#5443,#5444,#5445),(#5446,#5447,#5448,#5449,#5450,
#5451,#5452,#5453,#5454,#5455,#5456,#5457),(#5458,#5459,#5460,#5461,#5462,
#5463,#5464,#5465,#5466,#5467,#5468,#5469),(#5470,#5471,#5472,#5473,#5474,
#5475,#5476,#5477,#5478,#5479,#5480,#5481),(#5482,#5483,#5484,#5485,#5486,
#5487,#5488,#5489,#5490,#5491,#5492,#5493),(#5494,#5495,#5496,#5497,#5498,
#5499,#5500,#5501,#5502,#5503,#5504,#5505)),.UNSPECIFIED.,.T.,.F.,.F.,(4,
1,1,1,1,1,1,1,1,1,1,1,1,1,1,2,1,1,1,2,1,1,1,1,1,2,1,2,1,1,1,1,1,2,1,1,1,
1,2,1,1,1,1,1,1,2,1,4),(4,2,2,2,2,4),(0.,0.0158975792418513,0.0317951584837025,
0.0319193583215295,0.0320435581593564,0.0322919578350104,0.0327887571863182,
0.0337823558889339,0.0357695532941653,0.0377567506993967,0.0397439481046281,
0.0437183429150909,0.0476927377255538,0.0516671325360166,0.0556415273464794,
0.063590316967405,0.121390555655921,0.179190794344437,0.236991033032953,
0.294791271721469,0.310688852219077,0.318637642467882,0.326586432716686,
0.33453522296549,0.342484013214294,0.358381593711903,0.429190816948087,
0.500000040184271,0.515897618170365,0.523846407163412,0.531795196156459,
0.539743985149506,0.547692774142553,0.563590352128647,0.679190794344477,
0.736991015452393,0.76589112600635,0.780341181283329,0.794791236560308,
0.810688815802159,0.818637605423085,0.82658639504401,0.834535184664936,
0.842483974285862,0.850432763906787,0.858381553527713,0.929190776763856,
1.),(0.,0.186148613213418,0.548217575806023,0.680866795321643,0.937898480622157,
1.),.UNSPECIFIED.);
#46=LINE('',#1725,#136);
#47=LINE('',#1788,#137);
#48=LINE('',#1853,#138);
#49=LINE('',#1912,#139);
#50=LINE('',#1917,#140);
#51=LINE('',#1919,#141);
#52=LINE('',#1921,#142);
#53=LINE('',#1922,#143);
#54=LINE('',#1925,#144);
#55=LINE('',#1927,#145);
#56=LINE('',#1928,#146);
#57=LINE('',#1931,#147);
#58=LINE('',#1933,#148);
#59=LINE('',#1934,#149);
#60=LINE('',#1936,#150);
#61=LINE('',#1937,#151);
#62=LINE('',#1943,#152);
#63=LINE('',#1947,#153);
#64=LINE('',#1951,#154);
#65=LINE('',#1954,#155);
#66=LINE('',#1957,#156);
#67=LINE('',#1963,#157);
#68=LINE('',#1966,#158);
#69=LINE('',#2006,#159);
#70=LINE('',#2013,#160);
#71=LINE('',#2057,#161);
#72=LINE('',#2059,#162);
#73=LINE('',#2061,#163);
#74=LINE('',#2062,#164);
#75=LINE('',#2065,#165);
#76=LINE('',#2067,#166);
#77=LINE('',#2068,#167);
#78=LINE('',#2071,#168);
#79=LINE('',#2073,#169);
#80=LINE('',#2074,#170);
#81=LINE('',#2076,#171);
#82=LINE('',#2077,#172);
#83=LINE('',#2081,#173);
#84=LINE('',#2088,#174);
#85=LINE('',#2125,#175);
#86=LINE('',#2181,#176);
#87=LINE('',#2183,#177);
#88=LINE('',#2185,#178);
#89=LINE('',#2186,#179);
#90=LINE('',#2194,#180);
#91=LINE('',#2195,#181);
#92=LINE('',#2204,#182);
#93=LINE('',#2206,#183);
#94=LINE('',#2207,#184);
#95=LINE('',#2213,#185);
#96=LINE('',#2214,#186);
#97=LINE('',#2261,#187);
#98=LINE('',#2272,#188);
#99=LINE('',#2283,#189);
#100=LINE('',#2288,#190);
#101=LINE('',#2302,#191);
#102=LINE('',#2305,#192);
#103=LINE('',#2473,#193);
#104=LINE('',#3036,#194);
#105=LINE('',#3222,#195);
#106=LINE('',#3503,#196);
#107=LINE('',#3565,#197);
#108=LINE('',#3597,#198);
#109=LINE('',#3945,#199);
#110=LINE('',#4042,#200);
#111=LINE('',#4043,#201);
#112=LINE('',#4045,#202);
#113=LINE('',#4046,#203);
#114=LINE('',#4086,#204);
#115=LINE('',#4113,#205);
#116=LINE('',#4114,#206);
#117=LINE('',#4158,#207);
#118=LINE('',#4160,#208);
#119=LINE('',#4238,#209);
#120=LINE('',#4240,#210);
#121=LINE('',#4291,#211);
#122=LINE('',#4318,#212);
#123=LINE('',#4319,#213);
#124=LINE('',#4387,#214);
#125=LINE('',#4388,#215);
#126=LINE('',#4410,#216);
#127=LINE('',#4457,#217);
#128=LINE('',#4460,#218);
#129=LINE('',#4461,#219);
#130=LINE('',#4508,#220);
#131=LINE('',#4580,#221);
#132=LINE('',#4627,#222);
#133=LINE('',#4630,#223);
#134=LINE('',#4631,#224);
#135=LINE('',#4678,#225);
#136=VECTOR('',#1423,1.75);
#137=VECTOR('',#1436,1.75);
#138=VECTOR('',#1449,1.75);
#139=VECTOR('',#1462,1.75);
#140=VECTOR('',#1467,10.);
#141=VECTOR('',#1468,10.);
#142=VECTOR('',#1469,10.);
#143=VECTOR('',#1470,10.);
#144=VECTOR('',#1473,10.);
#145=VECTOR('',#1474,10.);
#146=VECTOR('',#1475,10.);
#147=VECTOR('',#1478,10.);
#148=VECTOR('',#1479,10.);
#149=VECTOR('',#1480,10.);
#150=VECTOR('',#1483,10.);
#151=VECTOR('',#1484,10.);
#152=VECTOR('',#1489,10.);
#153=VECTOR('',#1492,10.);
#154=VECTOR('',#1495,10.);
#155=VECTOR('',#1498,10.);
#156=VECTOR('',#1501,10.);
#157=VECTOR('',#1502,10.);
#158=VECTOR('',#1505,10.);
#159=VECTOR('',#1508,10.);
#160=VECTOR('',#1511,10.);
#161=VECTOR('',#1514,10.);
#162=VECTOR('',#1515,10.);
#163=VECTOR('',#1516,10.);
#164=VECTOR('',#1517,10.);
#165=VECTOR('',#1520,10.);
#166=VECTOR('',#1521,10.);
#167=VECTOR('',#1522,10.);
#168=VECTOR('',#1525,10.);
#169=VECTOR('',#1526,10.);
#170=VECTOR('',#1527,10.);
#171=VECTOR('',#1530,10.);
#172=VECTOR('',#1531,10.);
#173=VECTOR('',#1536,10.);
#174=VECTOR('',#1539,10.);
#175=VECTOR('',#1542,10.);
#176=VECTOR('',#1547,10.);
#177=VECTOR('',#1548,10.);
#178=VECTOR('',#1549,10.);
#179=VECTOR('',#1550,10.);
#180=VECTOR('',#1553,10.);
#181=VECTOR('',#1554,10.);
#182=VECTOR('',#1557,10.);
#183=VECTOR('',#1558,10.);
#184=VECTOR('',#1559,10.);
#185=VECTOR('',#1562,10.);
#186=VECTOR('',#1563,10.);
#187=VECTOR('',#1568,22.744458221598);
#188=VECTOR('',#1569,22.8519801390768);
#189=VECTOR('',#1574,10.);
#190=VECTOR('',#1579,10.);
#191=VECTOR('',#1598,3.5);
#192=VECTOR('',#1601,1.25);
#193=VECTOR('',#1604,3.7);
#194=VECTOR('',#1605,7.64126470105672);
#195=VECTOR('',#1606,9.25698874171004);
#196=VECTOR('',#1607,6.40312423743289);
#197=VECTOR('',#1608,5.85401633390753);
#198=VECTOR('',#1609,5.94141853312936);
#199=VECTOR('',#1610,11.8743420870379);
#200=VECTOR('',#1615,10.);
#201=VECTOR('',#1616,57.6802560466797);
#202=VECTOR('',#1617,57.5759337062782);
#203=VECTOR('',#1618,10.);
#204=VECTOR('',#1621,49.0772453334072);
#205=VECTOR('',#1624,10.);
#206=VECTOR('',#1625,33.6711163552657);
#207=VECTOR('',#1628,39.3397962988736);
#208=VECTOR('',#1629,39.3397962988736);
#209=VECTOR('',#1632,39.3657250317882);
#210=VECTOR('',#1633,39.3657250317882);
#211=VECTOR('',#1636,33.7251082245584);
#212=VECTOR('',#1639,10.);
#213=VECTOR('',#1640,48.9058314601762);
#214=VECTOR('',#1647,23.3666428910958);
#215=VECTOR('',#1648,26.5742503168147);
#216=VECTOR('',#1649,20.6265301636658);
#217=VECTOR('',#1650,10.);
#218=VECTOR('',#1653,10.);
#219=VECTOR('',#1654,20.602685835608);
#220=VECTOR('',#1655,20.6543217213856);
#221=VECTOR('',#1656,20.6155281493729);
#222=VECTOR('',#1657,10.);
#223=VECTOR('',#1660,10.);
#224=VECTOR('',#1661,20.6155281315735);
#225=VECTOR('',#1662,22.8703040496824);
#226=FACE_BOUND('',#354,.T.);
#227=FACE_BOUND('',#358,.T.);
#228=FACE_BOUND('',#362,.T.);
#229=FACE_BOUND('',#366,.T.);
#230=FACE_BOUND('',#373,.T.);
#231=FACE_BOUND('',#383,.T.);
#232=FACE_BOUND('',#394,.T.);
#233=FACE_BOUND('',#399,.T.);
#234=FACE_BOUND('',#401,.T.);
#235=FACE_BOUND('',#406,.T.);
#236=FACE_BOUND('',#432,.T.);
#237=FACE_BOUND('',#434,.T.);
#238=FACE_BOUND('',#435,.T.);
#239=FACE_BOUND('',#436,.T.);
#240=FACE_BOUND('',#437,.T.);
#241=FACE_BOUND('',#438,.T.);
#242=FACE_BOUND('',#440,.T.);
#243=FACE_BOUND('',#441,.T.);
#244=FACE_BOUND('',#442,.T.);
#245=FACE_BOUND('',#443,.T.);
#246=FACE_BOUND('',#444,.T.);
#247=FACE_BOUND('',#445,.T.);
#248=PLANE('',#1331);
#249=PLANE('',#1337);
#250=PLANE('',#1343);
#251=PLANE('',#1349);
#252=PLANE('',#1353);
#253=PLANE('',#1354);
#254=PLANE('',#1355);
#255=PLANE('',#1356);
#256=PLANE('',#1357);
#257=PLANE('',#1362);
#258=PLANE('',#1364);
#259=PLANE('',#1366);
#260=PLANE('',#1367);
#261=PLANE('',#1368);
#262=PLANE('',#1369);
#263=PLANE('',#1370);
#264=PLANE('',#1371);
#265=PLANE('',#1373);
#266=PLANE('',#1375);
#267=PLANE('',#1376);
#268=PLANE('',#1377);
#269=PLANE('',#1378);
#270=PLANE('',#1379);
#271=PLANE('',#1380);
#272=PLANE('',#1381);
#273=PLANE('',#1383);
#274=PLANE('',#1385);
#275=PLANE('',#1390);
#276=PLANE('',#1407);
#277=PLANE('',#1408);
#278=PLANE('',#1409);
#279=PLANE('',#1410);
#280=FACE_OUTER_BOUND('',#352,.T.);
#281=FACE_OUTER_BOUND('',#353,.T.);
#282=FACE_OUTER_BOUND('',#355,.T.);
#283=FACE_OUTER_BOUND('',#356,.T.);
#284=FACE_OUTER_BOUND('',#357,.T.);
#285=FACE_OUTER_BOUND('',#359,.T.);
#286=FACE_OUTER_BOUND('',#360,.T.);
#287=FACE_OUTER_BOUND('',#361,.T.);
#288=FACE_OUTER_BOUND('',#363,.T.);
#289=FACE_OUTER_BOUND('',#364,.T.);
#290=FACE_OUTER_BOUND('',#365,.T.);
#291=FACE_OUTER_BOUND('',#367,.T.);
#292=FACE_OUTER_BOUND('',#368,.T.);
#293=FACE_OUTER_BOUND('',#369,.T.);
#294=FACE_OUTER_BOUND('',#370,.T.);
#295=FACE_OUTER_BOUND('',#371,.T.);
#296=FACE_OUTER_BOUND('',#372,.T.);
#297=FACE_OUTER_BOUND('',#374,.T.);
#298=FACE_OUTER_BOUND('',#375,.T.);
#299=FACE_OUTER_BOUND('',#376,.T.);
#300=FACE_OUTER_BOUND('',#377,.T.);
#301=FACE_OUTER_BOUND('',#378,.T.);
#302=FACE_OUTER_BOUND('',#379,.T.);
#303=FACE_OUTER_BOUND('',#380,.T.);
#304=FACE_OUTER_BOUND('',#381,.T.);
#305=FACE_OUTER_BOUND('',#382,.T.);
#306=FACE_OUTER_BOUND('',#384,.T.);
#307=FACE_OUTER_BOUND('',#385,.T.);
#308=FACE_OUTER_BOUND('',#386,.T.);
#309=FACE_OUTER_BOUND('',#387,.T.);
#310=FACE_OUTER_BOUND('',#388,.T.);
#311=FACE_OUTER_BOUND('',#389,.T.);
#312=FACE_OUTER_BOUND('',#390,.T.);
#313=FACE_OUTER_BOUND('',#391,.T.);
#314=FACE_OUTER_BOUND('',#392,.T.);
#315=FACE_OUTER_BOUND('',#393,.T.);
#316=FACE_OUTER_BOUND('',#395,.T.);
#317=FACE_OUTER_BOUND('',#396,.T.);
#318=FACE_OUTER_BOUND('',#397,.T.);
#319=FACE_OUTER_BOUND('',#398,.T.);
#320=FACE_OUTER_BOUND('',#400,.T.);
#321=FACE_OUTER_BOUND('',#402,.T.);
#322=FACE_OUTER_BOUND('',#403,.T.);
#323=FACE_OUTER_BOUND('',#404,.T.);
#324=FACE_OUTER_BOUND('',#405,.T.);
#325=FACE_OUTER_BOUND('',#407,.T.);
#326=FACE_OUTER_BOUND('',#408,.T.);
#327=FACE_OUTER_BOUND('',#409,.T.);
#328=FACE_OUTER_BOUND('',#410,.T.);
#329=FACE_OUTER_BOUND('',#411,.T.);
#330=FACE_OUTER_BOUND('',#412,.T.);
#331=FACE_OUTER_BOUND('',#413,.T.);
#332=FACE_OUTER_BOUND('',#414,.T.);
#333=FACE_OUTER_BOUND('',#415,.T.);
#334=FACE_OUTER_BOUND('',#416,.T.);
#335=FACE_OUTER_BOUND('',#417,.T.);
#336=FACE_OUTER_BOUND('',#418,.T.);
#337=FACE_OUTER_BOUND('',#419,.T.);
#338=FACE_OUTER_BOUND('',#420,.T.);
#339=FACE_OUTER_BOUND('',#421,.T.);
#340=FACE_OUTER_BOUND('',#422,.T.);
#341=FACE_OUTER_BOUND('',#423,.T.);
#342=FACE_OUTER_BOUND('',#424,.T.);
#343=FACE_OUTER_BOUND('',#425,.T.);
#344=FACE_OUTER_BOUND('',#426,.T.);
#345=FACE_OUTER_BOUND('',#427,.T.);
#346=FACE_OUTER_BOUND('',#428,.T.);
#347=FACE_OUTER_BOUND('',#429,.T.);
#348=FACE_OUTER_BOUND('',#430,.T.);
#349=FACE_OUTER_BOUND('',#431,.T.);
#350=FACE_OUTER_BOUND('',#433,.T.);
#351=FACE_OUTER_BOUND('',#439,.T.);
#352=EDGE_LOOP('',(#852,#853));
#353=EDGE_LOOP('',(#854,#855));
#354=EDGE_LOOP('',(#856));
#355=EDGE_LOOP('',(#857,#858,#859,#860));
#356=EDGE_LOOP('',(#861,#862));
#357=EDGE_LOOP('',(#863,#864));
#358=EDGE_LOOP('',(#865));
#359=EDGE_LOOP('',(#866,#867,#868,#869));
#360=EDGE_LOOP('',(#870,#871));
#361=EDGE_LOOP('',(#872,#873));
#362=EDGE_LOOP('',(#874));
#363=EDGE_LOOP('',(#875,#876,#877,#878));
#364=EDGE_LOOP('',(#879,#880));
#365=EDGE_LOOP('',(#881,#882));
#366=EDGE_LOOP('',(#883));
#367=EDGE_LOOP('',(#884,#885,#886,#887));
#368=EDGE_LOOP('',(#888,#889,#890,#891));
#369=EDGE_LOOP('',(#892,#893,#894,#895));
#370=EDGE_LOOP('',(#896,#897,#898,#899));
#371=EDGE_LOOP('',(#900,#901,#902,#903));
#372=EDGE_LOOP('',(#904,#905,#906,#907));
#373=EDGE_LOOP('',(#908,#909,#910,#911,#912,#913,#914,#915));
#374=EDGE_LOOP('',(#916,#917,#918,#919));
#375=EDGE_LOOP('',(#920,#921,#922,#923));
#376=EDGE_LOOP('',(#924,#925,#926,#927));
#377=EDGE_LOOP('',(#928,#929,#930,#931));
#378=EDGE_LOOP('',(#932,#933,#934,#935));
#379=EDGE_LOOP('',(#936,#937,#938,#939));
#380=EDGE_LOOP('',(#940,#941,#942,#943));
#381=EDGE_LOOP('',(#944,#945,#946,#947));
#382=EDGE_LOOP('',(#948,#949,#950,#951));
#383=EDGE_LOOP('',(#952,#953,#954,#955));
#384=EDGE_LOOP('',(#956,#957,#958,#959));
#385=EDGE_LOOP('',(#960,#961,#962,#963));
#386=EDGE_LOOP('',(#964,#965,#966,#967));
#387=EDGE_LOOP('',(#968,#969,#970,#971));
#388=EDGE_LOOP('',(#972,#973,#974,#975,#976,#977));
#389=EDGE_LOOP('',(#978,#979,#980,#981));
#390=EDGE_LOOP('',(#982,#983,#984,#985,#986,#987));
#391=EDGE_LOOP('',(#988,#989,#990,#991));
#392=EDGE_LOOP('',(#992,#993,#994,#995));
#393=EDGE_LOOP('',(#996,#997,#998,#999));
#394=EDGE_LOOP('',(#1000,#1001,#1002,#1003));
#395=EDGE_LOOP('',(#1004,#1005,#1006,#1007,#1008,#1009,#1010,#1011));
#396=EDGE_LOOP('',(#1012,#1013));
#397=EDGE_LOOP('',(#1014,#1015));
#398=EDGE_LOOP('',(#1016,#1017,#1018,#1019,#1020));
#399=EDGE_LOOP('',(#1021));
#400=EDGE_LOOP('',(#1022));
#401=EDGE_LOOP('',(#1023));
#402=EDGE_LOOP('',(#1024,#1025,#1026,#1027));
#403=EDGE_LOOP('',(#1028,#1029,#1030,#1031,#1032));
#404=EDGE_LOOP('',(#1033,#1034,#1035,#1036,#1037,#1038,#1039,#1040,#1041));
#405=EDGE_LOOP('',(#1042,#1043,#1044,#1045,#1046,#1047,#1048,#1049,#1050));
#406=EDGE_LOOP('',(#1051,#1052));
#407=EDGE_LOOP('',(#1053,#1054,#1055,#1056,#1057,#1058));
#408=EDGE_LOOP('',(#1059,#1060,#1061,#1062,#1063,#1064,#1065));
#409=EDGE_LOOP('',(#1066,#1067,#1068,#1069));
#410=EDGE_LOOP('',(#1070,#1071,#1072,#1073));
#411=EDGE_LOOP('',(#1074,#1075,#1076,#1077,#1078,#1079,#1080,#1081,#1082,
#1083,#1084,#1085,#1086,#1087));
#412=EDGE_LOOP('',(#1088,#1089,#1090,#1091,#1092));
#413=EDGE_LOOP('',(#1093,#1094,#1095,#1096,#1097));
#414=EDGE_LOOP('',(#1098,#1099,#1100,#1101));
#415=EDGE_LOOP('',(#1102,#1103,#1104,#1105,#1106,#1107));
#416=EDGE_LOOP('',(#1108,#1109,#1110,#1111,#1112,#1113,#1114,#1115,#1116,
#1117,#1118,#1119,#1120));
#417=EDGE_LOOP('',(#1121,#1122,#1123,#1124,#1125,#1126));
#418=EDGE_LOOP('',(#1127,#1128,#1129,#1130));
#419=EDGE_LOOP('',(#1131,#1132,#1133,#1134,#1135,#1136));
#420=EDGE_LOOP('',(#1137,#1138,#1139,#1140));
#421=EDGE_LOOP('',(#1141,#1142,#1143,#1144));
#422=EDGE_LOOP('',(#1145,#1146,#1147,#1148,#1149));
#423=EDGE_LOOP('',(#1150,#1151,#1152,#1153));
#424=EDGE_LOOP('',(#1154,#1155,#1156,#1157,#1158));
#425=EDGE_LOOP('',(#1159,#1160,#1161,#1162));
#426=EDGE_LOOP('',(#1163,#1164,#1165,#1166));
#427=EDGE_LOOP('',(#1167,#1168,#1169,#1170,#1171));
#428=EDGE_LOOP('',(#1172,#1173,#1174,#1175));
#429=EDGE_LOOP('',(#1176,#1177,#1178,#1179,#1180));
#430=EDGE_LOOP('',(#1181,#1182,#1183,#1184));
#431=EDGE_LOOP('',(#1185));
#432=EDGE_LOOP('',(#1186,#1187,#1188));
#433=EDGE_LOOP('',(#1189));
#434=EDGE_LOOP('',(#1190,#1191,#1192,#1193,#1194,#1195,#1196,#1197,#1198,
#1199,#1200,#1201));
#435=EDGE_LOOP('',(#1202));
#436=EDGE_LOOP('',(#1203));
#437=EDGE_LOOP('',(#1204));
#438=EDGE_LOOP('',(#1205));
#439=EDGE_LOOP('',(#1206,#1207,#1208,#1209));
#440=EDGE_LOOP('',(#1210,#1211));
#441=EDGE_LOOP('',(#1212,#1213));
#442=EDGE_LOOP('',(#1214,#1215));
#443=EDGE_LOOP('',(#1216,#1217));
#444=EDGE_LOOP('',(#1218,#1219,#1220,#1221,#1222,#1223,#1224,#1225));
#445=EDGE_LOOP('',(#1226,#1227));
#446=CIRCLE('',#1330,2.75);
#447=CIRCLE('',#1332,1.75);
#448=CIRCLE('',#1334,1.75);
#449=CIRCLE('',#1336,2.75);
#450=CIRCLE('',#1338,1.75);
#451=CIRCLE('',#1340,1.75);
#452=CIRCLE('',#1342,2.75);
#453=CIRCLE('',#1344,1.75);
#454=CIRCLE('',#1346,1.75);
#455=CIRCLE('',#1348,2.75);
#456=CIRCLE('',#1350,1.75);
#457=CIRCLE('',#1352,1.75);
#458=CIRCLE('',#1358,1.60000000000001);
#459=CIRCLE('',#1359,1.60000000000001);
#460=CIRCLE('',#1360,1.59999999999999);
#461=CIRCLE('',#1361,1.6);
#462=CIRCLE('',#1391,3.5);
#463=CIRCLE('',#1392,1.25);
#464=CIRCLE('',#1396,4.);
#465=CIRCLE('',#1397,3.99999999999999);
#466=CIRCLE('',#1398,6.);
#467=CIRCLE('',#1399,6.);
#468=CIRCLE('',#1400,6.);
#469=CIRCLE('',#1401,6.);
#470=CIRCLE('',#1402,6.);
#471=CIRCLE('',#1403,6.);
#472=CIRCLE('',#1404,6.00000000000001);
#473=CIRCLE('',#1405,6.00000000000001);
#474=CIRCLE('',#1406,6.00000000000001);
#475=B_SPLINE_CURVE_WITH_KNOTS('',3,(#1671,#1672,#1673,#1674,#1675,#1676,
#1677,#1678,#1679,#1680,#1681,#1682,#1683,#1684,#1685,#1686,#1687,#1688,
#1689,#1690,#1691,#1692,#1693,#1694,#1695,#1696,#1697,#1698,#1699,#1700,
#1701,#1702,#1703,#1704,#1705,#1706,#1707,#1708,#1709,#1710,#1711,#1712,
#1713,#1714),.UNSPECIFIED.,.F.,.F.,(4,2,2,2,2,2,2,2,2,2,2,2,2,2,2,2,2,2,
2,2,2,4),(-3.74229470035196,-3.62894643094635,-3.54248399876097,-3.37756053204638,
-3.06646306723445,-2.41601428648419,-2.07834748557906,-1.93344055533307,
-1.86126542331482,-1.79588661503212,-1.77296439629928,-1.75944365787512,
-1.7475443710991,-1.73276087082063,-1.70389154324768,-1.63537248434514,
-1.55015625938115,-1.26306607571568,-0.596457368059571,-0.187732119847369,
-0.0515504384573342,0.),.UNSPECIFIED.);
#476=B_SPLINE_CURVE_WITH_KNOTS('',3,(#1717,#1718,#1719,#1720),
 .UNSPECIFIED.,.F.,.F.,(4,4),(-0.37299172967406,-0.277008270325935),
 .UNSPECIFIED.);
#477=B_SPLINE_CURVE_WITH_KNOTS('',3,(#1730,#1731,#1732,#1733,#1734,#1735,
#1736,#1737,#1738,#1739,#1740,#1741,#1742,#1743,#1744,#1745,#1746,#1747,
#1748,#1749,#1750,#1751,#1752,#1753,#1754,#1755,#1756,#1757,#1758,#1759,
#1760,#1761,#1762,#1763,#1764,#1765,#1766,#1767,#1768,#1769,#1770,#1771,
#1772,#1773,#1774,#1775,#1776,#1777),.UNSPECIFIED.,.F.,.F.,(4,2,2,2,2,2,
2,2,2,2,2,2,2,2,2,2,2,2,2,2,2,2,2,4),(-2.75414226420675,-2.69543377050618,
-2.6475459700391,-2.55609906661091,-2.3828621398139,-2.0674468998426,-1.84303536467212,
-1.71115726337796,-1.63212907185814,-1.58276007657073,-1.54638620164722,
-1.53092674396125,-1.51971025553723,-1.5094672739194,-1.49317207783038,
-1.4550795329144,-1.39214293332492,-1.30717154095419,-1.04161044696014,
-0.767379987069596,-0.387572324491118,-0.124425262692893,-0.0296076801525612,
0.),.UNSPECIFIED.);
#478=B_SPLINE_CURVE_WITH_KNOTS('',3,(#1780,#1781,#1782,#1783),
 .UNSPECIFIED.,.F.,.F.,(4,4),(-0.37299286468153,-0.277007135318472),
 .UNSPECIFIED.);
#479=B_SPLINE_CURVE_WITH_KNOTS('',3,(#1793,#1794,#1795,#1796,#1797,#1798,
#1799,#1800,#1801,#1802,#1803,#1804,#1805,#1806,#1807,#1808,#1809,#1810,
#1811,#1812,#1813,#1814,#1815,#1816,#1817,#1818,#1819,#1820,#1821,#1822,
#1823,#1824,#1825,#1826,#1827,#1828,#1829,#1830,#1831,#1832,#1833,#1834,
#1835,#1836,#1837,#1838,#1839,#1840,#1841,#1842),.UNSPECIFIED.,.F.,.F.,
(4,2,2,2,2,2,2,2,2,2,2,2,2,2,2,2,2,2,2,2,2,2,2,2,4),(-2.73517661148041,
-2.668367823276,-2.61732128746044,-2.51986926047916,-2.33607737997759,-1.97186594094882,
-1.77051399118101,-1.67495748604664,-1.62491686546937,-1.59204056737365,
-1.567824199317,-1.55681331380702,-1.54864684284697,-1.54107845492722,-1.53075868495547,
-1.50472054752788,-1.45577689824268,-1.39477807443752,-1.23360091512659,
-0.997133413653894,-0.497483466614595,-0.385008754240252,-0.123654768468787,
-0.0293221275871227,0.),.UNSPECIFIED.);
#480=B_SPLINE_CURVE_WITH_KNOTS('',3,(#1845,#1846,#1847,#1848),
 .UNSPECIFIED.,.F.,.F.,(4,4),(-0.372992801626285,-0.277007198373711),
 .UNSPECIFIED.);
#481=B_SPLINE_CURVE_WITH_KNOTS('',3,(#1858,#1859,#1860,#1861,#1862,#1863,
#1864,#1865,#1866,#1867,#1868,#1869,#1870,#1871,#1872,#1873,#1874,#1875,
#1876,#1877,#1878,#1879,#1880,#1881,#1882,#1883,#1884,#1885,#1886,#1887,
#1888,#1889,#1890,#1891,#1892,#1893,#1894,#1895,#1896,#1897,#1898,#1899,
#1900,#1901),.UNSPECIFIED.,.F.,.F.,(4,2,2,2,2,2,2,2,2,2,2,2,2,2,2,2,2,2,
2,2,2,4),(-3.53624584493653,-3.42682465126195,-3.34251656913853,-3.18215183234078,
-2.88633950695998,-2.54212146721093,-2.33569695851226,-2.20052670450731,
-2.07580969644314,-2.01950965418102,-1.99358572819981,-1.97390118938286,
-1.95271701739813,-1.91950578287286,-1.83076397745129,-1.71104363774636,
-1.53527299750908,-1.10813778271263,-0.596721483698891,-0.187705134113711,
-0.0515351859377855,0.),.UNSPECIFIED.);
#482=B_SPLINE_CURVE_WITH_KNOTS('',3,(#1904,#1905,#1906,#1907),
 .UNSPECIFIED.,.F.,.F.,(4,4),(-0.372991729674062,-0.27700827032594),
 .UNSPECIFIED.);
#483=B_SPLINE_CURVE_WITH_KNOTS('',3,(#1959,#1960,#1961,#1962),
 .UNSPECIFIED.,.F.,.F.,(4,4),(-0.0755070579672634,-0.0538841390135146),
 .UNSPECIFIED.);
#484=B_SPLINE_CURVE_WITH_KNOTS('',3,(#1967,#1968,#1969,#1970,#1971,#1972,
#1973,#1974,#1975,#1976,#1977,#1978,#1979,#1980,#1981,#1982,#1983,#1984,
#1985,#1986,#1987,#1988,#1989,#1990,#1991,#1992,#1993,#1994,#1995,#1996,
#1997,#1998,#1999,#2000,#2001,#2002,#2003),.UNSPECIFIED.,.F.,.F.,(4,3,3,
3,3,3,3,3,3,3,3,3,4),(-0.651116377677801,-0.617420648342848,-0.610034221732389,
-0.576170039534672,-0.548701679565258,-0.514534461528935,-0.495211742519427,
-0.461616131987989,-0.449134952172951,-0.432225373010174,-0.408392134079071,
-0.396781269907538,-0.390099279261865),.UNSPECIFIED.);
#485=B_SPLINE_CURVE_WITH_KNOTS('',3,(#2007,#2008,#2009,#2010),
 .UNSPECIFIED.,.F.,.F.,(4,4),(-0.669999999999996,-0.0499999999999963),
 .UNSPECIFIED.);
#486=B_SPLINE_CURVE_WITH_KNOTS('',3,(#2014,#2015,#2016,#2017,#2018,#2019,
#2020,#2021,#2022,#2023,#2024,#2025,#2026,#2027,#2028,#2029,#2030,#2031,
#2032,#2033,#2034,#2035,#2036,#2037,#2038,#2039,#2040,#2041,#2042,#2043,
#2044,#2045,#2046,#2047,#2048,#2049,#2050,#2051,#2052,#2053),
 .UNSPECIFIED.,.F.,.F.,(4,3,3,3,3,3,3,3,3,3,3,3,3,4),(-0.743955013631479,
-0.742251529806971,-0.733765348725159,-0.719785168582641,-0.687281900055156,
-0.685395622786399,-0.651593111390316,-0.629778949071318,-0.595542987457478,
-0.566087088007841,-0.530348673749465,-0.496621967791479,-0.49461025949109,
-0.48235130090882),.UNSPECIFIED.);
#487=B_SPLINE_CURVE_WITH_KNOTS('',3,(#2082,#2083,#2084,#2085),
 .UNSPECIFIED.,.F.,.F.,(4,4),(-0.0758625143031651,-0.0542395885410309),
 .UNSPECIFIED.);
#488=B_SPLINE_CURVE_WITH_KNOTS('',3,(#2089,#2090,#2091,#2092,#2093,#2094,
#2095,#2096,#2097,#2098,#2099,#2100,#2101,#2102,#2103,#2104,#2105,#2106,
#2107,#2108,#2109,#2110,#2111,#2112,#2113,#2114,#2115,#2116,#2117,#2118,
#2119,#2120,#2121,#2122),.UNSPECIFIED.,.F.,.F.,(4,3,3,3,3,3,3,3,3,3,3,4),
(-0.687009936498622,-0.653228222530302,-0.650427371065087,-0.616710802348408,
-0.586241995824602,-0.553488621371584,-0.53130147333246,-0.499872289549432,
-0.46889979417537,-0.443283900793253,-0.431526523301852,-0.423951873616603),
 .UNSPECIFIED.);
#489=B_SPLINE_CURVE_WITH_KNOTS('',3,(#2126,#2127,#2128,#2129),
 .UNSPECIFIED.,.F.,.F.,(4,4),(-0.670000000000004,-0.0500000000000034),
 .UNSPECIFIED.);
#490=B_SPLINE_CURVE_WITH_KNOTS('',3,(#2131,#2132,#2133,#2134,#2135,#2136,
#2137,#2138,#2139,#2140,#2141,#2142,#2143,#2144,#2145,#2146,#2147,#2148,
#2149,#2150,#2151,#2152,#2153,#2154,#2155,#2156,#2157,#2158,#2159,#2160,
#2161,#2162,#2163,#2164,#2165,#2166,#2167),.UNSPECIFIED.,.F.,.F.,(4,3,3,
3,3,3,3,3,3,3,3,3,4),(-0.721732628830248,-0.720522074659608,-0.712415148122288,
-0.701522187421858,-0.674160839810432,-0.642715092117609,-0.616954746333326,
-0.584062624465709,-0.553654801163138,-0.519717607836456,-0.486057821097138,
-0.480881309818563,-0.458229788281483),.UNSPECIFIED.);
#491=B_SPLINE_CURVE_WITH_KNOTS('',3,(#2171,#2172,#2173,#2174),
 .UNSPECIFIED.,.F.,.F.,(4,4),(-0.608158079778605,-0.0721543484483085),
 .UNSPECIFIED.);
#492=B_SPLINE_CURVE_WITH_KNOTS('',3,(#2176,#2177,#2178,#2179),
 .UNSPECIFIED.,.F.,.F.,(4,4),(-0.344093010681704,0.),.UNSPECIFIED.);
#493=B_SPLINE_CURVE_WITH_KNOTS('',3,(#2189,#2190,#2191,#2192),
 .UNSPECIFIED.,.F.,.F.,(4,4),(-2.19,-0.0500000000000056),.UNSPECIFIED.);
#494=B_SPLINE_CURVE_WITH_KNOTS('',3,(#2199,#2200,#2201,#2202),
 .UNSPECIFIED.,.F.,.F.,(4,4),(-0.536003731330298,0.),.UNSPECIFIED.);
#495=B_SPLINE_CURVE_WITH_KNOTS('',3,(#2208,#2209,#2210,#2211),
 .UNSPECIFIED.,.F.,.F.,(4,4),(-0.430116263352133,-0.0860232526704284),
 .UNSPECIFIED.);
#496=B_SPLINE_CURVE_WITH_KNOTS('',3,(#2216,#2217,#2218,#2219),
 .UNSPECIFIED.,.F.,.F.,(4,4),(-2.19,-0.0499999999999945),.UNSPECIFIED.);
#497=B_SPLINE_CURVE_WITH_KNOTS('',3,(#2254,#2255,#2256,#2257,#2258,#2259),
 .UNSPECIFIED.,.F.,.F.,(4,2,4),(0.663812335704085,0.993788080169147,1.),
 .UNSPECIFIED.);
#498=B_SPLINE_CURVE_WITH_KNOTS('',3,(#2263,#2264,#2265,#2266,#2267,#2268,
#2269,#2270),.UNSPECIFIED.,.F.,.F.,(4,2,2,4),(0.,0.0063124266552315,0.993788080169147,
1.),.UNSPECIFIED.);
#499=B_SPLINE_CURVE_WITH_KNOTS('',3,(#2273,#2274,#2275,#2276,#2277,#2278),
 .UNSPECIFIED.,.F.,.F.,(4,2,4),(0.,0.0063124266552315,0.332287408645928),
 .UNSPECIFIED.);
#500=B_SPLINE_CURVE_WITH_KNOTS('',3,(#2307,#2308,#2309,#2310,#2311,#2312,
#2313,#2314,#2315,#2316,#2317,#2318,#2319,#2320,#2321,#2322,#2323,#2324,
#2325,#2326,#2327,#2328,#2329,#2330,#2331,#2332,#2333,#2334,#2335,#2336,
#2337,#2338,#2339,#2340,#2341,#2342,#2343,#2344,#2345,#2346,#2347,#2348,
#2349,#2350,#2351,#2352,#2353,#2354,#2355,#2356,#2357,#2358,#2359,#2360,
#2361,#2362,#2363,#2364,#2365,#2366,#2367,#2368,#2369,#2370,#2371,#2372,
#2373,#2374,#2375,#2376,#2377,#2378,#2379,#2380,#2381,#2382,#2383,#2384,
#2385,#2386,#2387,#2388,#2389,#2390,#2391,#2392,#2393,#2394,#2395,#2396,
#2397,#2398,#2399,#2400,#2401,#2402,#2403,#2404,#2405,#2406,#2407,#2408,
#2409,#2410,#2411,#2412),.UNSPECIFIED.,.F.,.F.,(4,3,3,3,3,3,3,3,3,3,3,3,
3,3,3,3,3,3,3,3,3,3,3,3,3,3,3,3,3,3,3,3,3,3,3,4),(-0.791559751383005,-0.762860049957163,
-0.758543841464794,-0.732601609876416,-0.708249978628812,-0.68098441842083,
-0.673336987535836,-0.651625179776124,-0.642272775246264,-0.632895326237201,
-0.611174854761516,-0.583914545309959,-0.576231292582107,-0.550318189320505,
-0.528072716343099,-0.498318077246903,-0.478012174106022,-0.43435477338671,
-0.428125623602215,-0.398393056718343,-0.381445295278241,-0.352662542445939,
-0.337771437241405,-0.306662132452633,-0.290867185536466,-0.264894479014013,
-0.246492288105508,-0.244970464294879,-0.224836887054366,-0.197570349572473,
-0.166948391686995,-0.14831107692079,-0.119600237331965,-0.0987110355566575,
-0.0675358226481102,-0.0485532964045137),.UNSPECIFIED.);
#501=B_SPLINE_CURVE_WITH_KNOTS('',3,(#2413,#2414,#2415,#2416,#2417,#2418,
#2419),.UNSPECIFIED.,.F.,.F.,(4,3,4),(-0.0485532964045137,-0.0476936667302051,
0.),.UNSPECIFIED.);
#502=B_SPLINE_CURVE_WITH_KNOTS('',3,(#2423,#2424,#2425,#2426,#2427,#2428,
#2429,#2430,#2431,#2432,#2433,#2434,#2435,#2436,#2437,#2438,#2439,#2440,
#2441,#2442,#2443,#2444,#2445,#2446,#2447,#2448,#2449,#2450,#2451,#2452,
#2453,#2454,#2455,#2456,#2457,#2458,#2459,#2460,#2461,#2462,#2463,#2464,
#2465,#2466,#2467,#2468),.UNSPECIFIED.,.F.,.F.,(4,2,2,2,2,2,2,2,2,2,2,2,
2,2,2,2,2,2,2,2,2,2,4),(-2.33596145690523,-2.2921733561197,-2.18310788672781,
-2.03957652070809,-1.89340433413942,-1.74868801427766,-1.61101725851807,
-1.48010162259329,-1.3315055699184,-1.24594968936888,-1.19090733138156,
-1.14168719272868,-1.08194722633062,-0.982283673741338,-0.841882540804712,
-0.69625588308904,-0.553391097851621,-0.420282712917671,-0.295707302278913,
-0.168045377342892,-0.102213756323431,-0.0520898124839337,-0.0316980048476976),
 .UNSPECIFIED.);
#503=B_SPLINE_CURVE_WITH_KNOTS('',3,(#2469,#2470,#2471,#2472),
 .UNSPECIFIED.,.F.,.F.,(4,4),(-0.0316980048476976,0.),.UNSPECIFIED.);
#504=B_SPLINE_CURVE_WITH_KNOTS('',3,(#2979,#2980,#2981,#2982,#2983,#2984,
#2985,#2986,#2987,#2988,#2989,#2990,#2991,#2992,#2993,#2994,#2995,#2996,
#2997,#2998,#2999,#3000,#3001,#3002,#3003,#3004,#3005,#3006,#3007,#3008,
#3009,#3010,#3011,#3012,#3013,#3014,#3015,#3016,#3017,#3018,#3019,#3020,
#3021,#3022,#3023,#3024,#3025,#3026,#3027,#3028,#3029,#3030,#3031,#3032,
#3033,#3034),.UNSPECIFIED.,.T.,.F.,(4,1,1,1,2,1,1,1,1,1,2,1,1,1,2,1,1,1,
1,1,2,1,1,1,1,1,2,1,1,1,1,1,1,1,1,1,1,1,1,1,2,1,1,1,2,1,4),(0.,0.0146530769465731,
0.0293061538931462,0.0439592308397192,0.0586123077862923,0.0660713021108578,
0.0735302964354232,0.0809892907599887,0.0884482850845541,0.118284262382816,
0.297300126172387,0.31195320311896,0.326606280065533,0.341259357012106,
0.355912433958679,0.391934325469009,0.42795621697934,0.46397810848967,0.481989054244835,
0.490994527122418,0.5,0.514653076946573,0.52197961541986,0.529306153893146,
0.536632692366433,0.543959230839719,0.558612307786292,0.559544682076863,
0.560010869222148,0.560477056367434,0.562341804948575,0.566071302110858,
0.56980079927314,0.573530296435423,0.580989290759989,0.588448285084554,
0.618284262382816,0.737628171575863,0.767464148874125,0.782382137523256,
0.797300126172387,0.81195320311896,0.826606280065533,0.841259357012106,
0.855912433958679,0.927956216979339,1.),.UNSPECIFIED.);
#505=B_SPLINE_CURVE_WITH_KNOTS('',3,(#3038,#3039,#3040,#3041,#3042,#3043),
 .UNSPECIFIED.,.F.,.F.,(4,2,4),(0.531736576432822,0.532974222911287,0.532980803065339),
 .UNSPECIFIED.);
#506=B_SPLINE_CURVE_WITH_KNOTS('',3,(#3045,#3046,#3047,#3048,#3049,#3050,
#3051,#3052,#3053,#3054,#3055,#3056,#3057,#3058,#3059,#3060,#3061,#3062,
#3063,#3064,#3065,#3066,#3067,#3068,#3069,#3070,#3071,#3072,#3073,#3074,
#3075,#3076,#3077,#3078,#3079,#3080),.UNSPECIFIED.,.F.,.F.,(4,1,2,2,1,1,
1,1,1,1,1,2,1,1,1,1,1,1,1,1,1,1,1,2,1,1,1,2,4),(0.532974222911287,0.554443735306761,
0.575913247702235,0.59466506987076,0.637620584033185,0.68057609819561,0.723531612358036,
0.766487126520461,0.809442640682886,0.852398154845312,0.895353669007737,
0.938309183170162,0.938360192212994,0.938411201255827,0.938513219341491,
0.93871725551282,0.939125327855477,0.939941472540792,0.94034954488345,0.940757617226108,
0.941165689568765,0.941369725740094,0.941471743825758,0.941573761911423,
0.952619496383994,0.963665230856566,0.974710965329138,0.985756699801709,
1.),.UNSPECIFIED.);
#507=B_SPLINE_CURVE_WITH_KNOTS('',3,(#3082,#3083,#3084,#3085,#3086,#3087),
 .UNSPECIFIED.,.F.,.F.,(4,2,4),(0.,0.990254311398922,1.),.UNSPECIFIED.);
#508=B_SPLINE_CURVE_WITH_KNOTS('',3,(#3089,#3090,#3091,#3092,#3093,#3094,
#3095),.UNSPECIFIED.,.F.,.F.,(4,1,2,4),(0.,0.278414288268956,0.696035720672389,
1.),.UNSPECIFIED.);
#509=B_SPLINE_CURVE_WITH_KNOTS('',3,(#3097,#3098,#3099,#3100,#3101,#3102,
#3103,#3104,#3105,#3106,#3107,#3108,#3109,#3110,#3111,#3112,#3113,#3114),
 .UNSPECIFIED.,.F.,.F.,(4,1,1,1,1,1,1,1,2,2,1,2,4),(0.,0.0429555167336473,
0.0859110334672946,0.128866550200942,0.171822066934589,0.214777583668237,
0.257733100401884,0.300688617135531,0.343644133869179,0.346908712610435,
0.369000181555578,0.391091650500722,0.392567794729079),.UNSPECIFIED.);
#510=B_SPLINE_CURVE_WITH_KNOTS('',3,(#3115,#3116,#3117,#3118,#3119,#3120,
#3121,#3122,#3123,#3124),.UNSPECIFIED.,.F.,.F.,(4,2,1,1,1,1,4),(0.392567794729079,
0.405334980828652,0.436933813074476,0.4685326453203,0.484332061443212,0.500131477566124,
0.531730309811948),.UNSPECIFIED.);
#511=B_SPLINE_CURVE_WITH_KNOTS('',3,(#3215,#3216,#3217,#3218,#3219,#3220,
#3221),.UNSPECIFIED.,.F.,.F.,(4,3,4),(0.,0.0342395693356592,0.0487680860421092),
 .UNSPECIFIED.);
#512=B_SPLINE_CURVE_WITH_KNOTS('',3,(#3224,#3225,#3226,#3227,#3228,#3229,
#3230,#3231,#3232,#3233),.UNSPECIFIED.,.F.,.F.,(4,3,3,4),(0.771151664832985,
0.788282405607762,0.828654692542847,1.),.UNSPECIFIED.);
#513=B_SPLINE_CURVE_WITH_KNOTS('',3,(#3234,#3235,#3236,#3237,#3238,#3239,
#3240,#3241,#3242,#3243,#3244,#3245,#3246,#3247,#3248,#3249,#3250,#3251,
#3252,#3253,#3254,#3255,#3256,#3257,#3258,#3259,#3260,#3261),
 .UNSPECIFIED.,.F.,.F.,(4,3,3,3,3,3,3,3,3,4),(0.0487680860421092,0.072021709593024,
0.243456111786113,0.28384939117379,0.324242670561468,0.495677072754557,
0.536070352142234,0.576463631529911,0.747898033723,0.771151664832985),
 .UNSPECIFIED.);
#514=B_SPLINE_CURVE_WITH_KNOTS('',3,(#3505,#3506,#3507,#3508,#3509,#3510,
#3511,#3512,#3513,#3514,#3515,#3516,#3517,#3518,#3519,#3520,#3521,#3522,
#3523,#3524,#3525,#3526,#3527,#3528,#3529,#3530,#3531,#3532,#3533,#3534,
#3535,#3536,#3537,#3538,#3539,#3540,#3541,#3542,#3543,#3544,#3545,#3546,
#3547,#3548,#3549,#3550,#3551,#3552,#3553,#3554,#3555,#3556,#3557,#3558,
#3559,#3560,#3561,#3562,#3563,#3564),.UNSPECIFIED.,.F.,.F.,(4,2,1,1,1,2,
1,1,1,1,1,1,1,1,1,1,1,2,1,1,1,1,1,1,1,2,2,1,2,2,1,1,1,1,2,2,1,2,2,1,1,1,
1,1,1,1,4),(-1.,-0.985756699801709,-0.974710965329138,-0.963665230856566,
-0.952619496383994,-0.941573761911423,-0.941471743825758,-0.941369725740094,
-0.941165689568765,-0.940757617226108,-0.94034954488345,-0.939941472540792,
-0.939125327855477,-0.93871725551282,-0.938513219341491,-0.938411201255827,
-0.938360192212994,-0.938309183170162,-0.895353669007737,-0.852398154845312,
-0.809442640682886,-0.766487126520461,-0.723531612358036,-0.68057609819561,
-0.637620584033185,-0.59466506987076,-0.575913247702235,-0.554443735306761,
-0.532974222911287,-0.531730309811948,-0.500131477566124,-0.484332061443212,
-0.4685326453203,-0.436933813074476,-0.405334980828652,-0.391091650500722,
-0.369000181555578,-0.346908712610435,-0.343644133869179,-0.300688617135531,
-0.257733100401884,-0.214777583668237,-0.171822066934589,-0.128866550200942,
-0.0859110334672946,-0.0429555167336473,0.),.UNSPECIFIED.);
#515=B_SPLINE_CURVE_WITH_KNOTS('',3,(#3591,#3592,#3593,#3594,#3595,#3596),
 .UNSPECIFIED.,.F.,.F.,(4,2,4),(-1.,-0.990254311398922,0.),
 .UNSPECIFIED.);
#516=B_SPLINE_CURVE_WITH_KNOTS('',3,(#3626,#3627,#3628,#3629,#3630,#3631,
#3632),.UNSPECIFIED.,.F.,.F.,(4,2,1,4),(-1.,-0.696035720672389,-0.278414288268956,
0.),.UNSPECIFIED.);
#517=B_SPLINE_CURVE_WITH_KNOTS('',3,(#3939,#3940,#3941,#3942,#3943,#3944),
 .UNSPECIFIED.,.F.,.F.,(4,2,4),(0.935856861602457,0.987723463788586,1.),
 .UNSPECIFIED.);
#518=B_SPLINE_CURVE_WITH_KNOTS('',3,(#3947,#3948,#3949,#3950,#3951,#3952,
#3953,#3954,#3955,#3956,#3957,#3958,#3959),.UNSPECIFIED.,.F.,.F.,(4,2,2,
2,1,2,4),(0.,0.0174509471515215,0.0560671461168585,0.108775873064599,0.500039823459959,
0.891303773855319,0.935856861602457),.UNSPECIFIED.);
#519=B_SPLINE_CURVE_WITH_KNOTS('',3,(#3961,#3962,#3963,#3964,#3965,#3966,
#3967,#3968,#3969,#3970),.UNSPECIFIED.,.F.,.F.,(4,2,1,1,1,1,4),(0.,0.0425788284708607,
0.234063062776689,0.425547297082516,0.617031531388344,0.808515765694172,
1.),.UNSPECIFIED.);
#520=B_SPLINE_CURVE_WITH_KNOTS('',3,(#3972,#3973,#3974,#3975,#3976,#3977),
 .UNSPECIFIED.,.F.,.F.,(4,2,4),(0.,0.0292366658895917,1.),.UNSPECIFIED.);
#521=B_SPLINE_CURVE_WITH_KNOTS('',3,(#3981,#3982,#3983,#3984,#3985,#3986,
#3987,#3988),.UNSPECIFIED.,.F.,.F.,(4,2,2,4),(0.,0.0103899325069645,0.979418286160431,
1.),.UNSPECIFIED.);
#522=B_SPLINE_CURVE_WITH_KNOTS('',3,(#3992,#3993,#3994,#3995,#3996,#3997),
 .UNSPECIFIED.,.F.,.F.,(4,2,4),(0.,0.960327782251542,1.),.UNSPECIFIED.);
#523=B_SPLINE_CURVE_WITH_KNOTS('',3,(#3998,#3999,#4000,#4001,#4002,#4003,
#4004,#4005,#4006,#4007),.UNSPECIFIED.,.F.,.F.,(4,1,1,1,1,2,4),(0.,0.183443644858484,
0.366887289716967,0.550330934575451,0.733774579433934,0.917218224292418,
1.),.UNSPECIFIED.);
#524=B_SPLINE_CURVE_WITH_KNOTS('',3,(#4230,#4231,#4232,#4233,#4234,#4235,
#4236),.UNSPECIFIED.,.F.,.F.,(4,2,1,4),(0.,0.168163692589103,0.500898215553462,
1.),.UNSPECIFIED.);
#525=B_SPLINE_CURVE_WITH_KNOTS('',3,(#4241,#4242,#4243,#4244,#4245,#4246,
#4247),.UNSPECIFIED.,.F.,.F.,(4,1,2,4),(0.,0.35267952751011,0.881698818775276,
1.),.UNSPECIFIED.);
#526=B_SPLINE_CURVE_WITH_KNOTS('',3,(#4383,#4384,#4385,#4386),
 .UNSPECIFIED.,.F.,.F.,(4,4),(0.,1.),.UNSPECIFIED.);
#527=B_SPLINE_CURVE_WITH_KNOTS('',3,(#4406,#4407,#4408,#4409),
 .UNSPECIFIED.,.F.,.F.,(4,4),(0.,1.),.UNSPECIFIED.);
#528=B_SPLINE_CURVE_WITH_KNOTS('',3,(#4448,#4449,#4450,#4451,#4452,#4453,
#4454,#4455,#4456),.UNSPECIFIED.,.F.,.F.,(4,1,1,1,1,1,4),(0.,0.142857142857143,
0.285714285714286,0.428571428571429,0.571428571428571,0.857142857142857,
1.),.UNSPECIFIED.);
#529=B_SPLINE_CURVE_WITH_KNOTS('',3,(#4499,#4500,#4501,#4502,#4503,#4504,
#4505,#4506,#4507),.UNSPECIFIED.,.F.,.F.,(4,1,1,1,1,1,4),(0.,0.142857142857143,
0.285714285714286,0.428571428571429,0.571428571428571,0.857142857142857,
1.),.UNSPECIFIED.);
#530=B_SPLINE_CURVE_WITH_KNOTS('',3,(#4537,#4538,#4539,#4540,#4541,#4542,
#4543),.UNSPECIFIED.,.F.,.F.,(4,2,1,4),(0.,0.168163692589103,0.500898215553462,
1.),.UNSPECIFIED.);
#531=B_SPLINE_CURVE_WITH_KNOTS('',3,(#4573,#4574,#4575,#4576,#4577,#4578,
#4579),.UNSPECIFIED.,.F.,.F.,(4,1,2,4),(0.,0.35267952751011,0.881698818775276,
1.),.UNSPECIFIED.);
#532=B_SPLINE_CURVE_WITH_KNOTS('',3,(#4618,#4619,#4620,#4621,#4622,#4623,
#4624,#4625,#4626),.UNSPECIFIED.,.F.,.F.,(4,1,1,1,1,1,4),(0.,0.142857142857143,
0.285714285714286,0.428571428571429,0.571428571428571,0.857142857142857,
1.),.UNSPECIFIED.);
#533=B_SPLINE_CURVE_WITH_KNOTS('',3,(#4669,#4670,#4671,#4672,#4673,#4674,
#4675,#4676,#4677),.UNSPECIFIED.,.F.,.F.,(4,1,1,1,1,1,4),(0.,0.142857142857143,
0.285714285714286,0.428571428571429,0.571428571428571,0.857142857142857,
1.),.UNSPECIFIED.);
#534=B_SPLINE_CURVE_WITH_KNOTS('',3,(#4699,#4700,#4701,#4702,#4703),
 .UNSPECIFIED.,.F.,.F.,(4,1,4),(0.,0.571428571428571,1.),.UNSPECIFIED.);
#535=B_SPLINE_CURVE_WITH_KNOTS('',3,(#4706,#4707,#4708,#4709,#4710,#4711,
#4712,#4713,#4714,#4715,#4716,#4717,#4718,#4719,#4720,#4721,#4722,#4723,
#4724,#4725,#4726,#4727,#4728,#4729,#4730,#4731,#4732,#4733,#4734,#4735,
#4736,#4737,#4738,#4739,#4740,#4741,#4742,#4743,#4744,#4745,#4746,#4747,
#4748,#4749,#4750,#4751,#4752,#4753,#4754,#4755,#4756,#4757,#4758,#4759,
#4760,#4761,#4762),.UNSPECIFIED.,.T.,.F.,(4,1,1,1,1,1,1,1,1,1,1,1,1,1,1,
2,1,1,1,2,1,1,1,1,1,2,1,2,1,1,1,1,1,2,1,1,1,1,2,1,1,1,1,1,1,2,1,4),(0.,
0.0158975792418513,0.0317951584837025,0.0319193583215295,0.0320435581593564,
0.0322919578350104,0.0327887571863182,0.0337823558889339,0.0357695532941653,
0.0377567506993967,0.0397439481046281,0.0437183429150909,0.0476927377255538,
0.0516671325360166,0.0556415273464794,0.063590316967405,0.121390555655921,
0.179190794344437,0.236991033032953,0.294791271721469,0.310688852219077,
0.318637642467882,0.326586432716686,0.33453522296549,0.342484013214294,
0.358381593711903,0.429190816948087,0.500000040184271,0.515897618170365,
0.523846407163412,0.531795196156459,0.539743985149506,0.547692774142553,
0.563590352128647,0.679190794344477,0.736991015452393,0.76589112600635,
0.780341181283329,0.794791236560308,0.810688815802159,0.818637605423085,
0.82658639504401,0.834535184664936,0.842483974285862,0.850432763906787,
0.858381553527713,0.929190776763856,1.),.UNSPECIFIED.);
#536=B_SPLINE_CURVE_WITH_KNOTS('',3,(#4765,#4766,#4767,#4768,#4769,#4770,
#4771,#4772,#4773,#4774,#4775,#4776,#4777,#4778,#4779,#4780,#4781,#4782,
#4783,#4784,#4785,#4786,#4787,#4788,#4789,#4790,#4791,#4792,#4793,#4794,
#4795,#4796,#4797,#4798,#4799,#4800,#4801,#4802,#4803,#4804,#4805,#4806,
#4807,#4808,#4809,#4810,#4811,#4812,#4813,#4814,#4815,#4816,#4817,#4818,
#4819,#4820,#4821),.UNSPECIFIED.,.T.,.F.,(4,1,1,1,1,1,1,1,1,1,1,1,1,1,1,
2,1,1,1,2,1,1,1,1,1,2,1,2,1,1,1,1,1,2,1,1,1,1,2,1,1,1,1,1,1,2,1,4),(0.,
0.0158975792418513,0.0317951584837025,0.0319193583215295,0.0320435581593564,
0.0322919578350104,0.0327887571863182,0.0337823558889339,0.0357695532941653,
0.0377567506993967,0.0397439481046281,0.0437183429150909,0.0476927377255538,
0.0516671325360166,0.0556415273464794,0.063590316967405,0.121390555655921,
0.179190794344437,0.236991033032953,0.294791271721469,0.310688852219077,
0.318637642467882,0.326586432716686,0.33453522296549,0.342484013214294,
0.358381593711903,0.429190816948087,0.500000040184271,0.515897618170365,
0.523846407163412,0.531795196156459,0.539743985149506,0.547692774142553,
0.563590352128647,0.679190794344477,0.736991015452393,0.76589112600635,
0.780341181283329,0.794791236560308,0.810688815802159,0.818637605423085,
0.82658639504401,0.834535184664936,0.842483974285862,0.850432763906787,
0.858381553527713,0.929190776763856,1.),.UNSPECIFIED.);
#537=B_SPLINE_CURVE_WITH_KNOTS('',3,(#5506,#5507,#5508,#5509,#5510,#5511,
#5512,#5513,#5514,#5515,#5516,#5517),.UNSPECIFIED.,.F.,.F.,(4,2,2,2,2,4),
(0.,0.186148613213418,0.548217575806023,0.680866795321643,0.937898480622157,
1.),.UNSPECIFIED.);
#538=VERTEX_POINT('',#1669);
#539=VERTEX_POINT('',#1670);
#540=VERTEX_POINT('',#1721);
#541=VERTEX_POINT('',#1724);
#542=VERTEX_POINT('',#1728);
#543=VERTEX_POINT('',#1729);
#544=VERTEX_POINT('',#1784);
#545=VERTEX_POINT('',#1787);
#546=VERTEX_POINT('',#1791);
#547=VERTEX_POINT('',#1792);
#548=VERTEX_POINT('',#1849);
#549=VERTEX_POINT('',#1852);
#550=VERTEX_POINT('',#1856);
#551=VERTEX_POINT('',#1857);
#552=VERTEX_POINT('',#1908);
#553=VERTEX_POINT('',#1911);
#554=VERTEX_POINT('',#1915);
#555=VERTEX_POINT('',#1916);
#556=VERTEX_POINT('',#1918);
#557=VERTEX_POINT('',#1920);
#558=VERTEX_POINT('',#1924);
#559=VERTEX_POINT('',#1926);
#560=VERTEX_POINT('',#1930);
#561=VERTEX_POINT('',#1932);
#562=VERTEX_POINT('',#1939);
#563=VERTEX_POINT('',#1940);
#564=VERTEX_POINT('',#1942);
#565=VERTEX_POINT('',#1944);
#566=VERTEX_POINT('',#1946);
#567=VERTEX_POINT('',#1948);
#568=VERTEX_POINT('',#1950);
#569=VERTEX_POINT('',#1952);
#570=VERTEX_POINT('',#1956);
#571=VERTEX_POINT('',#1958);
#572=VERTEX_POINT('',#1965);
#573=VERTEX_POINT('',#2005);
#574=VERTEX_POINT('',#2012);
#575=VERTEX_POINT('',#2055);
#576=VERTEX_POINT('',#2056);
#577=VERTEX_POINT('',#2058);
#578=VERTEX_POINT('',#2060);
#579=VERTEX_POINT('',#2064);
#580=VERTEX_POINT('',#2066);
#581=VERTEX_POINT('',#2070);
#582=VERTEX_POINT('',#2072);
#583=VERTEX_POINT('',#2080);
#584=VERTEX_POINT('',#2087);
#585=VERTEX_POINT('',#2124);
#586=VERTEX_POINT('',#2169);
#587=VERTEX_POINT('',#2170);
#588=VERTEX_POINT('',#2175);
#589=VERTEX_POINT('',#2180);
#590=VERTEX_POINT('',#2182);
#591=VERTEX_POINT('',#2184);
#592=VERTEX_POINT('',#2188);
#593=VERTEX_POINT('',#2193);
#594=VERTEX_POINT('',#2197);
#595=VERTEX_POINT('',#2198);
#596=VERTEX_POINT('',#2203);
#597=VERTEX_POINT('',#2205);
#598=VERTEX_POINT('',#2253);
#599=VERTEX_POINT('',#2260);
#600=VERTEX_POINT('',#2262);
#601=VERTEX_POINT('',#2271);
#602=VERTEX_POINT('',#2280);
#603=VERTEX_POINT('',#2281);
#604=VERTEX_POINT('',#2285);
#605=VERTEX_POINT('',#2286);
#606=VERTEX_POINT('',#2291);
#607=VERTEX_POINT('',#2294);
#608=VERTEX_POINT('',#2297);
#609=VERTEX_POINT('',#2299);
#610=VERTEX_POINT('',#2304);
#611=VERTEX_POINT('',#2306);
#612=VERTEX_POINT('',#2421);
#613=VERTEX_POINT('',#2422);
#614=VERTEX_POINT('',#2978);
#615=VERTEX_POINT('',#3035);
#616=VERTEX_POINT('',#3037);
#617=VERTEX_POINT('',#3044);
#618=VERTEX_POINT('',#3081);
#619=VERTEX_POINT('',#3088);
#620=VERTEX_POINT('',#3096);
#621=VERTEX_POINT('',#3213);
#622=VERTEX_POINT('',#3214);
#623=VERTEX_POINT('',#3223);
#624=VERTEX_POINT('',#3502);
#625=VERTEX_POINT('',#3504);
#626=VERTEX_POINT('',#3590);
#627=VERTEX_POINT('',#3937);
#628=VERTEX_POINT('',#3938);
#629=VERTEX_POINT('',#3946);
#630=VERTEX_POINT('',#3960);
#631=VERTEX_POINT('',#3971);
#632=VERTEX_POINT('',#3978);
#633=VERTEX_POINT('',#3980);
#634=VERTEX_POINT('',#3989);
#635=VERTEX_POINT('',#3991);
#636=VERTEX_POINT('',#4040);
#637=VERTEX_POINT('',#4041);
#638=VERTEX_POINT('',#4044);
#639=VERTEX_POINT('',#4083);
#640=VERTEX_POINT('',#4085);
#641=VERTEX_POINT('',#4112);
#642=VERTEX_POINT('',#4155);
#643=VERTEX_POINT('',#4157);
#644=VERTEX_POINT('',#4159);
#645=VERTEX_POINT('',#4237);
#646=VERTEX_POINT('',#4239);
#647=VERTEX_POINT('',#4288);
#648=VERTEX_POINT('',#4290);
#649=VERTEX_POINT('',#4317);
#650=VERTEX_POINT('',#4360);
#651=VERTEX_POINT('',#4362);
#652=VERTEX_POINT('',#4381);
#653=VERTEX_POINT('',#4382);
#654=VERTEX_POINT('',#4405);
#655=VERTEX_POINT('',#4447);
#656=VERTEX_POINT('',#4459);
#657=VERTEX_POINT('',#4498);
#658=VERTEX_POINT('',#4572);
#659=VERTEX_POINT('',#4617);
#660=VERTEX_POINT('',#4629);
#661=VERTEX_POINT('',#4668);
#662=VERTEX_POINT('',#4705);
#663=VERTEX_POINT('',#4764);
#664=EDGE_CURVE('',#538,#539,#475,.T.);
#665=EDGE_CURVE('',#538,#539,#446,.T.);
#666=EDGE_CURVE('',#539,#538,#476,.T.);
#667=EDGE_CURVE('',#540,#540,#447,.T.);
#668=EDGE_CURVE('',#540,#541,#46,.T.);
#669=EDGE_CURVE('',#541,#541,#448,.T.);
#670=EDGE_CURVE('',#542,#543,#477,.T.);
#671=EDGE_CURVE('',#542,#543,#449,.T.);
#672=EDGE_CURVE('',#543,#542,#478,.T.);
#673=EDGE_CURVE('',#544,#544,#450,.T.);
#674=EDGE_CURVE('',#544,#545,#47,.T.);
#675=EDGE_CURVE('',#545,#545,#451,.T.);
#676=EDGE_CURVE('',#546,#547,#479,.T.);
#677=EDGE_CURVE('',#546,#547,#452,.T.);
#678=EDGE_CURVE('',#547,#546,#480,.T.);
#679=EDGE_CURVE('',#548,#548,#453,.T.);
#680=EDGE_CURVE('',#548,#549,#48,.T.);
#681=EDGE_CURVE('',#549,#549,#454,.T.);
#682=EDGE_CURVE('',#550,#551,#481,.T.);
#683=EDGE_CURVE('',#550,#551,#455,.T.);
#684=EDGE_CURVE('',#551,#550,#482,.T.);
#685=EDGE_CURVE('',#552,#552,#456,.T.);
#686=EDGE_CURVE('',#552,#553,#49,.T.);
#687=EDGE_CURVE('',#553,#553,#457,.T.);
#688=EDGE_CURVE('',#554,#555,#50,.T.);
#689=EDGE_CURVE('',#554,#556,#51,.T.);
#690=EDGE_CURVE('',#556,#557,#52,.T.);
#691=EDGE_CURVE('',#555,#557,#53,.T.);
#692=EDGE_CURVE('',#558,#554,#54,.T.);
#693=EDGE_CURVE('',#558,#559,#55,.T.);
#694=EDGE_CURVE('',#559,#556,#56,.T.);
#695=EDGE_CURVE('',#560,#558,#57,.T.);
#696=EDGE_CURVE('',#560,#561,#58,.T.);
#697=EDGE_CURVE('',#561,#559,#59,.T.);
#698=EDGE_CURVE('',#555,#560,#60,.T.);
#699=EDGE_CURVE('',#557,#561,#61,.T.);
#700=EDGE_CURVE('',#562,#563,#458,.T.);
#701=EDGE_CURVE('',#564,#562,#62,.T.);
#702=EDGE_CURVE('',#565,#564,#459,.T.);
#703=EDGE_CURVE('',#566,#565,#63,.T.);
#704=EDGE_CURVE('',#567,#566,#460,.T.);
#705=EDGE_CURVE('',#568,#567,#64,.T.);
#706=EDGE_CURVE('',#569,#568,#461,.T.);
#707=EDGE_CURVE('',#563,#569,#65,.T.);
#708=EDGE_CURVE('',#570,#567,#66,.T.);
#709=EDGE_CURVE('',#571,#570,#483,.T.);
#710=EDGE_CURVE('',#571,#568,#67,.T.);
#711=EDGE_CURVE('',#572,#566,#68,.T.);
#712=EDGE_CURVE('',#570,#572,#484,.T.);
#713=EDGE_CURVE('',#573,#565,#69,.T.);
#714=EDGE_CURVE('',#572,#573,#485,.T.);
#715=EDGE_CURVE('',#574,#564,#70,.T.);
#716=EDGE_CURVE('',#573,#574,#486,.T.);
#717=EDGE_CURVE('',#575,#576,#71,.T.);
#718=EDGE_CURVE('',#575,#577,#72,.T.);
#719=EDGE_CURVE('',#577,#578,#73,.T.);
#720=EDGE_CURVE('',#576,#578,#74,.T.);
#721=EDGE_CURVE('',#579,#575,#75,.T.);
#722=EDGE_CURVE('',#579,#580,#76,.T.);
#723=EDGE_CURVE('',#580,#577,#77,.T.);
#724=EDGE_CURVE('',#581,#579,#78,.T.);
#725=EDGE_CURVE('',#581,#582,#79,.T.);
#726=EDGE_CURVE('',#582,#580,#80,.T.);
#727=EDGE_CURVE('',#576,#581,#81,.T.);
#728=EDGE_CURVE('',#578,#582,#82,.T.);
#729=EDGE_CURVE('',#583,#562,#83,.T.);
#730=EDGE_CURVE('',#574,#583,#487,.T.);
#731=EDGE_CURVE('',#584,#563,#84,.T.);
#732=EDGE_CURVE('',#583,#584,#488,.T.);
#733=EDGE_CURVE('',#585,#569,#85,.T.);
#734=EDGE_CURVE('',#584,#585,#489,.T.);
#735=EDGE_CURVE('',#585,#571,#490,.T.);
#736=EDGE_CURVE('',#586,#587,#491,.T.);
#737=EDGE_CURVE('',#588,#586,#492,.T.);
#738=EDGE_CURVE('',#589,#588,#86,.T.);
#739=EDGE_CURVE('',#589,#590,#87,.T.);
#740=EDGE_CURVE('',#590,#591,#88,.T.);
#741=EDGE_CURVE('',#587,#591,#89,.T.);
#742=EDGE_CURVE('',#592,#588,#493,.T.);
#743=EDGE_CURVE('',#593,#592,#90,.T.);
#744=EDGE_CURVE('',#593,#589,#91,.T.);
#745=EDGE_CURVE('',#594,#595,#494,.T.);
#746=EDGE_CURVE('',#596,#594,#92,.T.);
#747=EDGE_CURVE('',#597,#596,#93,.T.);
#748=EDGE_CURVE('',#597,#593,#94,.T.);
#749=EDGE_CURVE('',#595,#592,#495,.T.);
#750=EDGE_CURVE('',#590,#597,#95,.T.);
#751=EDGE_CURVE('',#591,#596,#96,.T.);
#752=EDGE_CURVE('',#587,#594,#496,.T.);
#753=EDGE_CURVE('',#595,#598,#497,.T.);
#754=EDGE_CURVE('',#599,#598,#97,.T.);
#755=EDGE_CURVE('',#600,#599,#498,.T.);
#756=EDGE_CURVE('',#600,#601,#98,.T.);
#757=EDGE_CURVE('',#601,#586,#499,.T.);
#758=EDGE_CURVE('',#602,#603,#15,.T.);
#759=EDGE_CURVE('',#603,#602,#99,.T.);
#760=EDGE_CURVE('',#604,#605,#16,.T.);
#761=EDGE_CURVE('',#604,#605,#100,.T.);
#762=EDGE_CURVE('',#605,#602,#17,.T.);
#763=EDGE_CURVE('',#606,#604,#18,.T.);
#764=EDGE_CURVE('',#603,#606,#19,.T.);
#765=EDGE_CURVE('',#607,#607,#20,.T.);
#766=EDGE_CURVE('',#608,#608,#462,.T.);
#767=EDGE_CURVE('',#609,#609,#463,.T.);
#768=EDGE_CURVE('',#607,#608,#101,.T.);
#769=EDGE_CURVE('',#609,#610,#102,.T.);
#770=EDGE_CURVE('',#611,#610,#500,.T.);
#771=EDGE_CURVE('',#610,#611,#501,.T.);
#772=EDGE_CURVE('',#612,#613,#502,.T.);
#773=EDGE_CURVE('',#613,#612,#503,.T.);
#774=EDGE_CURVE('',#613,#606,#103,.T.);
#775=EDGE_CURVE('',#614,#614,#504,.T.);
#776=EDGE_CURVE('',#614,#615,#104,.T.);
#777=EDGE_CURVE('',#615,#616,#505,.T.);
#778=EDGE_CURVE('',#616,#617,#506,.T.);
#779=EDGE_CURVE('',#617,#618,#507,.T.);
#780=EDGE_CURVE('',#618,#619,#508,.T.);
#781=EDGE_CURVE('',#619,#620,#509,.T.);
#782=EDGE_CURVE('',#620,#615,#510,.T.);
#783=EDGE_CURVE('',#621,#622,#511,.T.);
#784=EDGE_CURVE('',#621,#614,#105,.T.);
#785=EDGE_CURVE('',#623,#621,#512,.T.);
#786=EDGE_CURVE('',#622,#623,#513,.T.);
#787=EDGE_CURVE('',#619,#624,#106,.T.);
#788=EDGE_CURVE('',#625,#624,#514,.T.);
#789=EDGE_CURVE('',#617,#625,#107,.T.);
#790=EDGE_CURVE('',#626,#625,#515,.T.);
#791=EDGE_CURVE('',#618,#626,#108,.T.);
#792=EDGE_CURVE('',#624,#626,#516,.T.);
#793=EDGE_CURVE('',#627,#628,#517,.T.);
#794=EDGE_CURVE('',#627,#621,#109,.T.);
#795=EDGE_CURVE('',#629,#627,#518,.T.);
#796=EDGE_CURVE('',#630,#629,#519,.T.);
#797=EDGE_CURVE('',#631,#630,#520,.T.);
#798=EDGE_CURVE('',#632,#631,#464,.T.);
#799=EDGE_CURVE('',#633,#632,#521,.T.);
#800=EDGE_CURVE('',#634,#633,#465,.T.);
#801=EDGE_CURVE('',#635,#634,#522,.T.);
#802=EDGE_CURVE('',#628,#635,#523,.T.);
#803=EDGE_CURVE('',#636,#637,#110,.T.);
#804=EDGE_CURVE('',#636,#633,#111,.T.);
#805=EDGE_CURVE('',#638,#632,#112,.T.);
#806=EDGE_CURVE('',#637,#638,#113,.T.);
#807=EDGE_CURVE('',#638,#639,#466,.T.);
#808=EDGE_CURVE('',#640,#631,#114,.T.);
#809=EDGE_CURVE('',#639,#640,#467,.T.);
#810=EDGE_CURVE('',#640,#641,#115,.T.);
#811=EDGE_CURVE('',#641,#630,#116,.T.);
#812=EDGE_CURVE('',#641,#642,#468,.T.);
#813=EDGE_CURVE('',#643,#629,#117,.T.);
#814=EDGE_CURVE('',#644,#643,#118,.T.);
#815=EDGE_CURVE('',#642,#644,#469,.T.);
#816=EDGE_CURVE('',#644,#601,#524,.T.);
#817=EDGE_CURVE('',#645,#628,#119,.T.);
#818=EDGE_CURVE('',#646,#645,#120,.T.);
#819=EDGE_CURVE('',#598,#646,#525,.T.);
#820=EDGE_CURVE('',#646,#647,#470,.T.);
#821=EDGE_CURVE('',#648,#635,#121,.T.);
#822=EDGE_CURVE('',#647,#648,#471,.T.);
#823=EDGE_CURVE('',#648,#649,#122,.T.);
#824=EDGE_CURVE('',#649,#634,#123,.T.);
#825=EDGE_CURVE('',#649,#650,#472,.T.);
#826=EDGE_CURVE('',#651,#636,#473,.T.);
#827=EDGE_CURVE('',#650,#651,#474,.T.);
#828=EDGE_CURVE('',#652,#653,#526,.T.);
#829=EDGE_CURVE('',#652,#636,#124,.T.);
#830=EDGE_CURVE('',#653,#637,#125,.T.);
#831=EDGE_CURVE('',#653,#654,#527,.T.);
#832=EDGE_CURVE('',#654,#638,#126,.T.);
#833=EDGE_CURVE('',#654,#655,#528,.T.);
#834=EDGE_CURVE('',#655,#640,#127,.T.);
#835=EDGE_CURVE('',#655,#656,#128,.T.);
#836=EDGE_CURVE('',#656,#641,#129,.T.);
#837=EDGE_CURVE('',#656,#657,#529,.T.);
#838=EDGE_CURVE('',#657,#644,#130,.T.);
#839=EDGE_CURVE('',#657,#600,#530,.T.);
#840=EDGE_CURVE('',#599,#658,#531,.T.);
#841=EDGE_CURVE('',#658,#646,#131,.T.);
#842=EDGE_CURVE('',#658,#659,#532,.T.);
#843=EDGE_CURVE('',#659,#648,#132,.T.);
#844=EDGE_CURVE('',#659,#660,#133,.T.);
#845=EDGE_CURVE('',#660,#649,#134,.T.);
#846=EDGE_CURVE('',#660,#661,#533,.T.);
#847=EDGE_CURVE('',#661,#651,#135,.T.);
#848=EDGE_CURVE('',#661,#652,#534,.T.);
#849=EDGE_CURVE('',#662,#662,#535,.T.);
#850=EDGE_CURVE('',#663,#663,#536,.T.);
#851=EDGE_CURVE('',#663,#662,#537,.T.);
#852=ORIENTED_EDGE('',*,*,#664,.F.);
#853=ORIENTED_EDGE('',*,*,#665,.T.);
#854=ORIENTED_EDGE('',*,*,#666,.F.);
#855=ORIENTED_EDGE('',*,*,#665,.F.);
#856=ORIENTED_EDGE('',*,*,#667,.T.);
#857=ORIENTED_EDGE('',*,*,#667,.F.);
#858=ORIENTED_EDGE('',*,*,#668,.T.);
#859=ORIENTED_EDGE('',*,*,#669,.F.);
#860=ORIENTED_EDGE('',*,*,#668,.F.);
#861=ORIENTED_EDGE('',*,*,#670,.F.);
#862=ORIENTED_EDGE('',*,*,#671,.T.);
#863=ORIENTED_EDGE('',*,*,#672,.F.);
#864=ORIENTED_EDGE('',*,*,#671,.F.);
#865=ORIENTED_EDGE('',*,*,#673,.T.);
#866=ORIENTED_EDGE('',*,*,#673,.F.);
#867=ORIENTED_EDGE('',*,*,#674,.T.);
#868=ORIENTED_EDGE('',*,*,#675,.F.);
#869=ORIENTED_EDGE('',*,*,#674,.F.);
#870=ORIENTED_EDGE('',*,*,#676,.F.);
#871=ORIENTED_EDGE('',*,*,#677,.T.);
#872=ORIENTED_EDGE('',*,*,#678,.F.);
#873=ORIENTED_EDGE('',*,*,#677,.F.);
#874=ORIENTED_EDGE('',*,*,#679,.T.);
#875=ORIENTED_EDGE('',*,*,#679,.F.);
#876=ORIENTED_EDGE('',*,*,#680,.T.);
#877=ORIENTED_EDGE('',*,*,#681,.F.);
#878=ORIENTED_EDGE('',*,*,#680,.F.);
#879=ORIENTED_EDGE('',*,*,#682,.F.);
#880=ORIENTED_EDGE('',*,*,#683,.T.);
#881=ORIENTED_EDGE('',*,*,#684,.F.);
#882=ORIENTED_EDGE('',*,*,#683,.F.);
#883=ORIENTED_EDGE('',*,*,#685,.T.);
#884=ORIENTED_EDGE('',*,*,#685,.F.);
#885=ORIENTED_EDGE('',*,*,#686,.T.);
#886=ORIENTED_EDGE('',*,*,#687,.F.);
#887=ORIENTED_EDGE('',*,*,#686,.F.);
#888=ORIENTED_EDGE('',*,*,#688,.F.);
#889=ORIENTED_EDGE('',*,*,#689,.T.);
#890=ORIENTED_EDGE('',*,*,#690,.T.);
#891=ORIENTED_EDGE('',*,*,#691,.F.);
#892=ORIENTED_EDGE('',*,*,#692,.F.);
#893=ORIENTED_EDGE('',*,*,#693,.T.);
#894=ORIENTED_EDGE('',*,*,#694,.T.);
#895=ORIENTED_EDGE('',*,*,#689,.F.);
#896=ORIENTED_EDGE('',*,*,#695,.F.);
#897=ORIENTED_EDGE('',*,*,#696,.T.);
#898=ORIENTED_EDGE('',*,*,#697,.T.);
#899=ORIENTED_EDGE('',*,*,#693,.F.);
#900=ORIENTED_EDGE('',*,*,#698,.F.);
#901=ORIENTED_EDGE('',*,*,#691,.T.);
#902=ORIENTED_EDGE('',*,*,#699,.T.);
#903=ORIENTED_EDGE('',*,*,#696,.F.);
#904=ORIENTED_EDGE('',*,*,#699,.F.);
#905=ORIENTED_EDGE('',*,*,#690,.F.);
#906=ORIENTED_EDGE('',*,*,#694,.F.);
#907=ORIENTED_EDGE('',*,*,#697,.F.);
#908=ORIENTED_EDGE('',*,*,#700,.F.);
#909=ORIENTED_EDGE('',*,*,#701,.F.);
#910=ORIENTED_EDGE('',*,*,#702,.F.);
#911=ORIENTED_EDGE('',*,*,#703,.F.);
#912=ORIENTED_EDGE('',*,*,#704,.F.);
#913=ORIENTED_EDGE('',*,*,#705,.F.);
#914=ORIENTED_EDGE('',*,*,#706,.F.);
#915=ORIENTED_EDGE('',*,*,#707,.F.);
#916=ORIENTED_EDGE('',*,*,#705,.T.);
#917=ORIENTED_EDGE('',*,*,#708,.F.);
#918=ORIENTED_EDGE('',*,*,#709,.F.);
#919=ORIENTED_EDGE('',*,*,#710,.T.);
#920=ORIENTED_EDGE('',*,*,#704,.T.);
#921=ORIENTED_EDGE('',*,*,#711,.F.);
#922=ORIENTED_EDGE('',*,*,#712,.F.);
#923=ORIENTED_EDGE('',*,*,#708,.T.);
#924=ORIENTED_EDGE('',*,*,#703,.T.);
#925=ORIENTED_EDGE('',*,*,#713,.F.);
#926=ORIENTED_EDGE('',*,*,#714,.F.);
#927=ORIENTED_EDGE('',*,*,#711,.T.);
#928=ORIENTED_EDGE('',*,*,#702,.T.);
#929=ORIENTED_EDGE('',*,*,#715,.F.);
#930=ORIENTED_EDGE('',*,*,#716,.F.);
#931=ORIENTED_EDGE('',*,*,#713,.T.);
#932=ORIENTED_EDGE('',*,*,#717,.F.);
#933=ORIENTED_EDGE('',*,*,#718,.T.);
#934=ORIENTED_EDGE('',*,*,#719,.T.);
#935=ORIENTED_EDGE('',*,*,#720,.F.);
#936=ORIENTED_EDGE('',*,*,#721,.F.);
#937=ORIENTED_EDGE('',*,*,#722,.T.);
#938=ORIENTED_EDGE('',*,*,#723,.T.);
#939=ORIENTED_EDGE('',*,*,#718,.F.);
#940=ORIENTED_EDGE('',*,*,#724,.F.);
#941=ORIENTED_EDGE('',*,*,#725,.T.);
#942=ORIENTED_EDGE('',*,*,#726,.T.);
#943=ORIENTED_EDGE('',*,*,#722,.F.);
#944=ORIENTED_EDGE('',*,*,#727,.F.);
#945=ORIENTED_EDGE('',*,*,#720,.T.);
#946=ORIENTED_EDGE('',*,*,#728,.T.);
#947=ORIENTED_EDGE('',*,*,#725,.F.);
#948=ORIENTED_EDGE('',*,*,#728,.F.);
#949=ORIENTED_EDGE('',*,*,#719,.F.);
#950=ORIENTED_EDGE('',*,*,#723,.F.);
#951=ORIENTED_EDGE('',*,*,#726,.F.);
#952=ORIENTED_EDGE('',*,*,#688,.T.);
#953=ORIENTED_EDGE('',*,*,#698,.T.);
#954=ORIENTED_EDGE('',*,*,#695,.T.);
#955=ORIENTED_EDGE('',*,*,#692,.T.);
#956=ORIENTED_EDGE('',*,*,#701,.T.);
#957=ORIENTED_EDGE('',*,*,#729,.F.);
#958=ORIENTED_EDGE('',*,*,#730,.F.);
#959=ORIENTED_EDGE('',*,*,#715,.T.);
#960=ORIENTED_EDGE('',*,*,#700,.T.);
#961=ORIENTED_EDGE('',*,*,#731,.F.);
#962=ORIENTED_EDGE('',*,*,#732,.F.);
#963=ORIENTED_EDGE('',*,*,#729,.T.);
#964=ORIENTED_EDGE('',*,*,#707,.T.);
#965=ORIENTED_EDGE('',*,*,#733,.F.);
#966=ORIENTED_EDGE('',*,*,#734,.F.);
#967=ORIENTED_EDGE('',*,*,#731,.T.);
#968=ORIENTED_EDGE('',*,*,#706,.T.);
#969=ORIENTED_EDGE('',*,*,#710,.F.);
#970=ORIENTED_EDGE('',*,*,#735,.F.);
#971=ORIENTED_EDGE('',*,*,#733,.T.);
#972=ORIENTED_EDGE('',*,*,#736,.F.);
#973=ORIENTED_EDGE('',*,*,#737,.F.);
#974=ORIENTED_EDGE('',*,*,#738,.F.);
#975=ORIENTED_EDGE('',*,*,#739,.T.);
#976=ORIENTED_EDGE('',*,*,#740,.T.);
#977=ORIENTED_EDGE('',*,*,#741,.F.);
#978=ORIENTED_EDGE('',*,*,#742,.F.);
#979=ORIENTED_EDGE('',*,*,#743,.F.);
#980=ORIENTED_EDGE('',*,*,#744,.T.);
#981=ORIENTED_EDGE('',*,*,#738,.T.);
#982=ORIENTED_EDGE('',*,*,#745,.F.);
#983=ORIENTED_EDGE('',*,*,#746,.F.);
#984=ORIENTED_EDGE('',*,*,#747,.F.);
#985=ORIENTED_EDGE('',*,*,#748,.T.);
#986=ORIENTED_EDGE('',*,*,#743,.T.);
#987=ORIENTED_EDGE('',*,*,#749,.F.);
#988=ORIENTED_EDGE('',*,*,#750,.T.);
#989=ORIENTED_EDGE('',*,*,#747,.T.);
#990=ORIENTED_EDGE('',*,*,#751,.F.);
#991=ORIENTED_EDGE('',*,*,#740,.F.);
#992=ORIENTED_EDGE('',*,*,#752,.F.);
#993=ORIENTED_EDGE('',*,*,#741,.T.);
#994=ORIENTED_EDGE('',*,*,#751,.T.);
#995=ORIENTED_EDGE('',*,*,#746,.T.);
#996=ORIENTED_EDGE('',*,*,#739,.F.);
#997=ORIENTED_EDGE('',*,*,#744,.F.);
#998=ORIENTED_EDGE('',*,*,#748,.F.);
#999=ORIENTED_EDGE('',*,*,#750,.F.);
#1000=ORIENTED_EDGE('',*,*,#717,.T.);
#1001=ORIENTED_EDGE('',*,*,#727,.T.);
#1002=ORIENTED_EDGE('',*,*,#724,.T.);
#1003=ORIENTED_EDGE('',*,*,#721,.T.);
#1004=ORIENTED_EDGE('',*,*,#736,.T.);
#1005=ORIENTED_EDGE('',*,*,#752,.T.);
#1006=ORIENTED_EDGE('',*,*,#745,.T.);
#1007=ORIENTED_EDGE('',*,*,#753,.T.);
#1008=ORIENTED_EDGE('',*,*,#754,.F.);
#1009=ORIENTED_EDGE('',*,*,#755,.F.);
#1010=ORIENTED_EDGE('',*,*,#756,.T.);
#1011=ORIENTED_EDGE('',*,*,#757,.T.);
#1012=ORIENTED_EDGE('',*,*,#758,.F.);
#1013=ORIENTED_EDGE('',*,*,#759,.F.);
#1014=ORIENTED_EDGE('',*,*,#760,.F.);
#1015=ORIENTED_EDGE('',*,*,#761,.T.);
#1016=ORIENTED_EDGE('',*,*,#762,.F.);
#1017=ORIENTED_EDGE('',*,*,#761,.F.);
#1018=ORIENTED_EDGE('',*,*,#763,.F.);
#1019=ORIENTED_EDGE('',*,*,#764,.F.);
#1020=ORIENTED_EDGE('',*,*,#759,.T.);
#1021=ORIENTED_EDGE('',*,*,#765,.F.);
#1022=ORIENTED_EDGE('',*,*,#766,.F.);
#1023=ORIENTED_EDGE('',*,*,#767,.T.);
#1024=ORIENTED_EDGE('',*,*,#765,.T.);
#1025=ORIENTED_EDGE('',*,*,#768,.T.);
#1026=ORIENTED_EDGE('',*,*,#766,.T.);
#1027=ORIENTED_EDGE('',*,*,#768,.F.);
#1028=ORIENTED_EDGE('',*,*,#767,.F.);
#1029=ORIENTED_EDGE('',*,*,#769,.T.);
#1030=ORIENTED_EDGE('',*,*,#770,.F.);
#1031=ORIENTED_EDGE('',*,*,#771,.F.);
#1032=ORIENTED_EDGE('',*,*,#769,.F.);
#1033=ORIENTED_EDGE('',*,*,#772,.F.);
#1034=ORIENTED_EDGE('',*,*,#773,.F.);
#1035=ORIENTED_EDGE('',*,*,#774,.T.);
#1036=ORIENTED_EDGE('',*,*,#763,.T.);
#1037=ORIENTED_EDGE('',*,*,#760,.T.);
#1038=ORIENTED_EDGE('',*,*,#762,.T.);
#1039=ORIENTED_EDGE('',*,*,#758,.T.);
#1040=ORIENTED_EDGE('',*,*,#764,.T.);
#1041=ORIENTED_EDGE('',*,*,#774,.F.);
#1042=ORIENTED_EDGE('',*,*,#775,.F.);
#1043=ORIENTED_EDGE('',*,*,#776,.T.);
#1044=ORIENTED_EDGE('',*,*,#777,.T.);
#1045=ORIENTED_EDGE('',*,*,#778,.T.);
#1046=ORIENTED_EDGE('',*,*,#779,.T.);
#1047=ORIENTED_EDGE('',*,*,#780,.T.);
#1048=ORIENTED_EDGE('',*,*,#781,.T.);
#1049=ORIENTED_EDGE('',*,*,#782,.T.);
#1050=ORIENTED_EDGE('',*,*,#776,.F.);
#1051=ORIENTED_EDGE('',*,*,#770,.T.);
#1052=ORIENTED_EDGE('',*,*,#771,.T.);
#1053=ORIENTED_EDGE('',*,*,#783,.F.);
#1054=ORIENTED_EDGE('',*,*,#784,.T.);
#1055=ORIENTED_EDGE('',*,*,#775,.T.);
#1056=ORIENTED_EDGE('',*,*,#784,.F.);
#1057=ORIENTED_EDGE('',*,*,#785,.F.);
#1058=ORIENTED_EDGE('',*,*,#786,.F.);
#1059=ORIENTED_EDGE('',*,*,#781,.F.);
#1060=ORIENTED_EDGE('',*,*,#787,.T.);
#1061=ORIENTED_EDGE('',*,*,#788,.F.);
#1062=ORIENTED_EDGE('',*,*,#789,.F.);
#1063=ORIENTED_EDGE('',*,*,#778,.F.);
#1064=ORIENTED_EDGE('',*,*,#777,.F.);
#1065=ORIENTED_EDGE('',*,*,#782,.F.);
#1066=ORIENTED_EDGE('',*,*,#779,.F.);
#1067=ORIENTED_EDGE('',*,*,#789,.T.);
#1068=ORIENTED_EDGE('',*,*,#790,.F.);
#1069=ORIENTED_EDGE('',*,*,#791,.F.);
#1070=ORIENTED_EDGE('',*,*,#780,.F.);
#1071=ORIENTED_EDGE('',*,*,#791,.T.);
#1072=ORIENTED_EDGE('',*,*,#792,.F.);
#1073=ORIENTED_EDGE('',*,*,#787,.F.);
#1074=ORIENTED_EDGE('',*,*,#793,.F.);
#1075=ORIENTED_EDGE('',*,*,#794,.T.);
#1076=ORIENTED_EDGE('',*,*,#783,.T.);
#1077=ORIENTED_EDGE('',*,*,#786,.T.);
#1078=ORIENTED_EDGE('',*,*,#785,.T.);
#1079=ORIENTED_EDGE('',*,*,#794,.F.);
#1080=ORIENTED_EDGE('',*,*,#795,.F.);
#1081=ORIENTED_EDGE('',*,*,#796,.F.);
#1082=ORIENTED_EDGE('',*,*,#797,.F.);
#1083=ORIENTED_EDGE('',*,*,#798,.F.);
#1084=ORIENTED_EDGE('',*,*,#799,.F.);
#1085=ORIENTED_EDGE('',*,*,#800,.F.);
#1086=ORIENTED_EDGE('',*,*,#801,.F.);
#1087=ORIENTED_EDGE('',*,*,#802,.F.);
#1088=ORIENTED_EDGE('',*,*,#803,.F.);
#1089=ORIENTED_EDGE('',*,*,#804,.T.);
#1090=ORIENTED_EDGE('',*,*,#799,.T.);
#1091=ORIENTED_EDGE('',*,*,#805,.F.);
#1092=ORIENTED_EDGE('',*,*,#806,.F.);
#1093=ORIENTED_EDGE('',*,*,#807,.F.);
#1094=ORIENTED_EDGE('',*,*,#805,.T.);
#1095=ORIENTED_EDGE('',*,*,#798,.T.);
#1096=ORIENTED_EDGE('',*,*,#808,.F.);
#1097=ORIENTED_EDGE('',*,*,#809,.F.);
#1098=ORIENTED_EDGE('',*,*,#810,.F.);
#1099=ORIENTED_EDGE('',*,*,#808,.T.);
#1100=ORIENTED_EDGE('',*,*,#797,.T.);
#1101=ORIENTED_EDGE('',*,*,#811,.F.);
#1102=ORIENTED_EDGE('',*,*,#812,.F.);
#1103=ORIENTED_EDGE('',*,*,#811,.T.);
#1104=ORIENTED_EDGE('',*,*,#796,.T.);
#1105=ORIENTED_EDGE('',*,*,#813,.F.);
#1106=ORIENTED_EDGE('',*,*,#814,.F.);
#1107=ORIENTED_EDGE('',*,*,#815,.F.);
#1108=ORIENTED_EDGE('',*,*,#737,.T.);
#1109=ORIENTED_EDGE('',*,*,#757,.F.);
#1110=ORIENTED_EDGE('',*,*,#816,.F.);
#1111=ORIENTED_EDGE('',*,*,#814,.T.);
#1112=ORIENTED_EDGE('',*,*,#813,.T.);
#1113=ORIENTED_EDGE('',*,*,#795,.T.);
#1114=ORIENTED_EDGE('',*,*,#793,.T.);
#1115=ORIENTED_EDGE('',*,*,#817,.F.);
#1116=ORIENTED_EDGE('',*,*,#818,.F.);
#1117=ORIENTED_EDGE('',*,*,#819,.F.);
#1118=ORIENTED_EDGE('',*,*,#753,.F.);
#1119=ORIENTED_EDGE('',*,*,#749,.T.);
#1120=ORIENTED_EDGE('',*,*,#742,.T.);
#1121=ORIENTED_EDGE('',*,*,#820,.F.);
#1122=ORIENTED_EDGE('',*,*,#818,.T.);
#1123=ORIENTED_EDGE('',*,*,#817,.T.);
#1124=ORIENTED_EDGE('',*,*,#802,.T.);
#1125=ORIENTED_EDGE('',*,*,#821,.F.);
#1126=ORIENTED_EDGE('',*,*,#822,.F.);
#1127=ORIENTED_EDGE('',*,*,#823,.F.);
#1128=ORIENTED_EDGE('',*,*,#821,.T.);
#1129=ORIENTED_EDGE('',*,*,#801,.T.);
#1130=ORIENTED_EDGE('',*,*,#824,.F.);
#1131=ORIENTED_EDGE('',*,*,#825,.F.);
#1132=ORIENTED_EDGE('',*,*,#824,.T.);
#1133=ORIENTED_EDGE('',*,*,#800,.T.);
#1134=ORIENTED_EDGE('',*,*,#804,.F.);
#1135=ORIENTED_EDGE('',*,*,#826,.F.);
#1136=ORIENTED_EDGE('',*,*,#827,.F.);
#1137=ORIENTED_EDGE('',*,*,#828,.F.);
#1138=ORIENTED_EDGE('',*,*,#829,.T.);
#1139=ORIENTED_EDGE('',*,*,#803,.T.);
#1140=ORIENTED_EDGE('',*,*,#830,.F.);
#1141=ORIENTED_EDGE('',*,*,#831,.F.);
#1142=ORIENTED_EDGE('',*,*,#830,.T.);
#1143=ORIENTED_EDGE('',*,*,#806,.T.);
#1144=ORIENTED_EDGE('',*,*,#832,.F.);
#1145=ORIENTED_EDGE('',*,*,#833,.F.);
#1146=ORIENTED_EDGE('',*,*,#832,.T.);
#1147=ORIENTED_EDGE('',*,*,#807,.T.);
#1148=ORIENTED_EDGE('',*,*,#809,.T.);
#1149=ORIENTED_EDGE('',*,*,#834,.F.);
#1150=ORIENTED_EDGE('',*,*,#835,.F.);
#1151=ORIENTED_EDGE('',*,*,#834,.T.);
#1152=ORIENTED_EDGE('',*,*,#810,.T.);
#1153=ORIENTED_EDGE('',*,*,#836,.F.);
#1154=ORIENTED_EDGE('',*,*,#837,.F.);
#1155=ORIENTED_EDGE('',*,*,#836,.T.);
#1156=ORIENTED_EDGE('',*,*,#812,.T.);
#1157=ORIENTED_EDGE('',*,*,#815,.T.);
#1158=ORIENTED_EDGE('',*,*,#838,.F.);
#1159=ORIENTED_EDGE('',*,*,#839,.F.);
#1160=ORIENTED_EDGE('',*,*,#838,.T.);
#1161=ORIENTED_EDGE('',*,*,#816,.T.);
#1162=ORIENTED_EDGE('',*,*,#756,.F.);
#1163=ORIENTED_EDGE('',*,*,#840,.F.);
#1164=ORIENTED_EDGE('',*,*,#754,.T.);
#1165=ORIENTED_EDGE('',*,*,#819,.T.);
#1166=ORIENTED_EDGE('',*,*,#841,.F.);
#1167=ORIENTED_EDGE('',*,*,#842,.F.);
#1168=ORIENTED_EDGE('',*,*,#841,.T.);
#1169=ORIENTED_EDGE('',*,*,#820,.T.);
#1170=ORIENTED_EDGE('',*,*,#822,.T.);
#1171=ORIENTED_EDGE('',*,*,#843,.F.);
#1172=ORIENTED_EDGE('',*,*,#844,.F.);
#1173=ORIENTED_EDGE('',*,*,#843,.T.);
#1174=ORIENTED_EDGE('',*,*,#823,.T.);
#1175=ORIENTED_EDGE('',*,*,#845,.F.);
#1176=ORIENTED_EDGE('',*,*,#846,.F.);
#1177=ORIENTED_EDGE('',*,*,#845,.T.);
#1178=ORIENTED_EDGE('',*,*,#825,.T.);
#1179=ORIENTED_EDGE('',*,*,#827,.T.);
#1180=ORIENTED_EDGE('',*,*,#847,.F.);
#1181=ORIENTED_EDGE('',*,*,#848,.F.);
#1182=ORIENTED_EDGE('',*,*,#847,.T.);
#1183=ORIENTED_EDGE('',*,*,#826,.T.);
#1184=ORIENTED_EDGE('',*,*,#829,.F.);
#1185=ORIENTED_EDGE('',*,*,#849,.T.);
#1186=ORIENTED_EDGE('',*,*,#788,.T.);
#1187=ORIENTED_EDGE('',*,*,#792,.T.);
#1188=ORIENTED_EDGE('',*,*,#790,.T.);
#1189=ORIENTED_EDGE('',*,*,#850,.F.);
#1190=ORIENTED_EDGE('',*,*,#828,.T.);
#1191=ORIENTED_EDGE('',*,*,#831,.T.);
#1192=ORIENTED_EDGE('',*,*,#833,.T.);
#1193=ORIENTED_EDGE('',*,*,#835,.T.);
#1194=ORIENTED_EDGE('',*,*,#837,.T.);
#1195=ORIENTED_EDGE('',*,*,#839,.T.);
#1196=ORIENTED_EDGE('',*,*,#755,.T.);
#1197=ORIENTED_EDGE('',*,*,#840,.T.);
#1198=ORIENTED_EDGE('',*,*,#842,.T.);
#1199=ORIENTED_EDGE('',*,*,#844,.T.);
#1200=ORIENTED_EDGE('',*,*,#846,.T.);
#1201=ORIENTED_EDGE('',*,*,#848,.T.);
#1202=ORIENTED_EDGE('',*,*,#687,.T.);
#1203=ORIENTED_EDGE('',*,*,#681,.T.);
#1204=ORIENTED_EDGE('',*,*,#675,.T.);
#1205=ORIENTED_EDGE('',*,*,#669,.T.);
#1206=ORIENTED_EDGE('',*,*,#850,.T.);
#1207=ORIENTED_EDGE('',*,*,#851,.T.);
#1208=ORIENTED_EDGE('',*,*,#849,.F.);
#1209=ORIENTED_EDGE('',*,*,#851,.F.);
#1210=ORIENTED_EDGE('',*,*,#666,.T.);
#1211=ORIENTED_EDGE('',*,*,#664,.T.);
#1212=ORIENTED_EDGE('',*,*,#672,.T.);
#1213=ORIENTED_EDGE('',*,*,#670,.T.);
#1214=ORIENTED_EDGE('',*,*,#678,.T.);
#1215=ORIENTED_EDGE('',*,*,#676,.T.);
#1216=ORIENTED_EDGE('',*,*,#684,.T.);
#1217=ORIENTED_EDGE('',*,*,#682,.T.);
#1218=ORIENTED_EDGE('',*,*,#714,.T.);
#1219=ORIENTED_EDGE('',*,*,#716,.T.);
#1220=ORIENTED_EDGE('',*,*,#730,.T.);
#1221=ORIENTED_EDGE('',*,*,#732,.T.);
#1222=ORIENTED_EDGE('',*,*,#734,.T.);
#1223=ORIENTED_EDGE('',*,*,#735,.T.);
#1224=ORIENTED_EDGE('',*,*,#709,.T.);
#1225=ORIENTED_EDGE('',*,*,#712,.T.);
#1226=ORIENTED_EDGE('',*,*,#772,.T.);
#1227=ORIENTED_EDGE('',*,*,#773,.T.);
#1228=CYLINDRICAL_SURFACE('',#1329,2.75);
#1229=CYLINDRICAL_SURFACE('',#1333,1.75);
#1230=CYLINDRICAL_SURFACE('',#1335,2.75);
#1231=CYLINDRICAL_SURFACE('',#1339,1.75);
#1232=CYLINDRICAL_SURFACE('',#1341,2.75);
#1233=CYLINDRICAL_SURFACE('',#1345,1.75);
#1234=CYLINDRICAL_SURFACE('',#1347,2.75);
#1235=CYLINDRICAL_SURFACE('',#1351,1.75);
#1236=CYLINDRICAL_SURFACE('',#1363,1.59999999999999);
#1237=CYLINDRICAL_SURFACE('',#1365,1.60000000000001);
#1238=CYLINDRICAL_SURFACE('',#1372,1.60000000000001);
#1239=CYLINDRICAL_SURFACE('',#1374,1.6);
#1240=CYLINDRICAL_SURFACE('',#1393,3.5);
#1241=CYLINDRICAL_SURFACE('',#1394,1.25);
#1242=CYLINDRICAL_SURFACE('',#1395,3.7);
#1243=ADVANCED_FACE('',(#280),#1228,.F.);
#1244=ADVANCED_FACE('',(#281,#226),#248,.F.);
#1245=ADVANCED_FACE('',(#282),#1229,.F.);
#1246=ADVANCED_FACE('',(#283),#1230,.F.);
#1247=ADVANCED_FACE('',(#284,#227),#249,.F.);
#1248=ADVANCED_FACE('',(#285),#1231,.F.);
#1249=ADVANCED_FACE('',(#286),#1232,.F.);
#1250=ADVANCED_FACE('',(#287,#228),#250,.F.);
#1251=ADVANCED_FACE('',(#288),#1233,.F.);
#1252=ADVANCED_FACE('',(#289),#1234,.F.);
#1253=ADVANCED_FACE('',(#290,#229),#251,.F.);
#1254=ADVANCED_FACE('',(#291),#1235,.F.);
#1255=ADVANCED_FACE('',(#292),#252,.F.);
#1256=ADVANCED_FACE('',(#293),#253,.F.);
#1257=ADVANCED_FACE('',(#294),#254,.F.);
#1258=ADVANCED_FACE('',(#295),#255,.F.);
#1259=ADVANCED_FACE('',(#296,#230),#256,.T.);
#1260=ADVANCED_FACE('',(#297),#257,.F.);
#1261=ADVANCED_FACE('',(#298),#1236,.F.);
#1262=ADVANCED_FACE('',(#299),#258,.F.);
#1263=ADVANCED_FACE('',(#300),#1237,.F.);
#1264=ADVANCED_FACE('',(#301),#259,.F.);
#1265=ADVANCED_FACE('',(#302),#260,.F.);
#1266=ADVANCED_FACE('',(#303),#261,.F.);
#1267=ADVANCED_FACE('',(#304),#262,.F.);
#1268=ADVANCED_FACE('',(#305,#231),#263,.F.);
#1269=ADVANCED_FACE('',(#306),#264,.F.);
#1270=ADVANCED_FACE('',(#307),#1238,.F.);
#1271=ADVANCED_FACE('',(#308),#265,.F.);
#1272=ADVANCED_FACE('',(#309),#1239,.F.);
#1273=ADVANCED_FACE('',(#310),#266,.T.);
#1274=ADVANCED_FACE('',(#311),#267,.T.);
#1275=ADVANCED_FACE('',(#312),#268,.T.);
#1276=ADVANCED_FACE('',(#313),#269,.T.);
#1277=ADVANCED_FACE('',(#314),#270,.T.);
#1278=ADVANCED_FACE('',(#315,#232),#271,.F.);
#1279=ADVANCED_FACE('',(#316),#21,.F.);
#1280=ADVANCED_FACE('',(#317),#272,.F.);
#1281=ADVANCED_FACE('',(#318),#273,.F.);
#1282=ADVANCED_FACE('',(#319,#233),#274,.F.);
#1283=ADVANCED_FACE('',(#320,#234),#275,.F.);
#1284=ADVANCED_FACE('',(#321),#1240,.F.);
#1285=ADVANCED_FACE('',(#322),#1241,.F.);
#1286=ADVANCED_FACE('',(#323),#1242,.T.);
#1287=ADVANCED_FACE('',(#324,#235),#22,.F.);
#1288=ADVANCED_FACE('',(#325),#23,.F.);
#1289=ADVANCED_FACE('',(#326),#24,.F.);
#1290=ADVANCED_FACE('',(#327),#25,.F.);
#1291=ADVANCED_FACE('',(#328),#26,.F.);
#1292=ADVANCED_FACE('',(#329),#27,.F.);
#1293=ADVANCED_FACE('',(#330),#28,.F.);
#1294=ADVANCED_FACE('',(#331),#29,.F.);
#1295=ADVANCED_FACE('',(#332),#30,.F.);
#1296=ADVANCED_FACE('',(#333),#31,.F.);
#1297=ADVANCED_FACE('',(#334),#32,.F.);
#1298=ADVANCED_FACE('',(#335),#33,.F.);
#1299=ADVANCED_FACE('',(#336),#34,.F.);
#1300=ADVANCED_FACE('',(#337),#35,.F.);
#1301=ADVANCED_FACE('',(#338),#36,.F.);
#1302=ADVANCED_FACE('',(#339),#37,.F.);
#1303=ADVANCED_FACE('',(#340),#38,.F.);
#1304=ADVANCED_FACE('',(#341),#276,.F.);
#1305=ADVANCED_FACE('',(#342),#39,.F.);
#1306=ADVANCED_FACE('',(#343),#40,.F.);
#1307=ADVANCED_FACE('',(#344),#41,.F.);
#1308=ADVANCED_FACE('',(#345),#42,.F.);
#1309=ADVANCED_FACE('',(#346),#277,.F.);
#1310=ADVANCED_FACE('',(#347),#43,.F.);
#1311=ADVANCED_FACE('',(#348),#44,.F.);
#1312=ADVANCED_FACE('',(#349,#236),#278,.T.);
#1313=ADVANCED_FACE('',(#350,#237,#238,#239,#240,#241),#279,.F.);
#1314=ADVANCED_FACE('',(#351,#242,#243,#244,#245,#246,#247),#45,.T.);
#1315=CLOSED_SHELL('',(#1243,#1244,#1245,#1246,#1247,#1248,#1249,#1250,
#1251,#1252,#1253,#1254,#1255,#1256,#1257,#1258,#1259,#1260,#1261,#1262,
#1263,#1264,#1265,#1266,#1267,#1268,#1269,#1270,#1271,#1272,#1273,#1274,
#1275,#1276,#1277,#1278,#1279,#1280,#1281,#1282,#1283,#1284,#1285,#1286,
#1287,#1288,#1289,#1290,#1291,#1292,#1293,#1294,#1295,#1296,#1297,#1298,
#1299,#1300,#1301,#1302,#1303,#1304,#1305,#1306,#1307,#1308,#1309,#1310,
#1311,#1312,#1313,#1314));
#1316=DERIVED_UNIT_ELEMENT(#1318,1.);
#1317=DERIVED_UNIT_ELEMENT(#5523,-3.);
#1318=(
MASS_UNIT()
NAMED_UNIT(*)
SI_UNIT(.KILO.,.GRAM.)
);
#1319=DERIVED_UNIT((#1316,#1317));
#1320=MEASURE_REPRESENTATION_ITEM('density measure',
POSITIVE_RATIO_MEASURE(7850.),#1319);
#1321=PROPERTY_DEFINITION_REPRESENTATION(#1326,#1323);
#1322=PROPERTY_DEFINITION_REPRESENTATION(#1327,#1324);
#1323=REPRESENTATION('material name',(#1325),#5520);
#1324=REPRESENTATION('density',(#1320),#5520);
#1325=DESCRIPTIVE_REPRESENTATION_ITEM('Acier','Acier');
#1326=PROPERTY_DEFINITION('material property','material name',#5530);
#1327=PROPERTY_DEFINITION('material property','density of part',#5530);
#1328=AXIS2_PLACEMENT_3D('',#1667,#1411,#1412);
#1329=AXIS2_PLACEMENT_3D('',#1668,#1413,#1414);
#1330=AXIS2_PLACEMENT_3D('',#1715,#1415,#1416);
#1331=AXIS2_PLACEMENT_3D('',#1716,#1417,#1418);
#1332=AXIS2_PLACEMENT_3D('',#1722,#1419,#1420);
#1333=AXIS2_PLACEMENT_3D('',#1723,#1421,#1422);
#1334=AXIS2_PLACEMENT_3D('',#1726,#1424,#1425);
#1335=AXIS2_PLACEMENT_3D('',#1727,#1426,#1427);
#1336=AXIS2_PLACEMENT_3D('',#1778,#1428,#1429);
#1337=AXIS2_PLACEMENT_3D('',#1779,#1430,#1431);
#1338=AXIS2_PLACEMENT_3D('',#1785,#1432,#1433);
#1339=AXIS2_PLACEMENT_3D('',#1786,#1434,#1435);
#1340=AXIS2_PLACEMENT_3D('',#1789,#1437,#1438);
#1341=AXIS2_PLACEMENT_3D('',#1790,#1439,#1440);
#1342=AXIS2_PLACEMENT_3D('',#1843,#1441,#1442);
#1343=AXIS2_PLACEMENT_3D('',#1844,#1443,#1444);
#1344=AXIS2_PLACEMENT_3D('',#1850,#1445,#1446);
#1345=AXIS2_PLACEMENT_3D('',#1851,#1447,#1448);
#1346=AXIS2_PLACEMENT_3D('',#1854,#1450,#1451);
#1347=AXIS2_PLACEMENT_3D('',#1855,#1452,#1453);
#1348=AXIS2_PLACEMENT_3D('',#1902,#1454,#1455);
#1349=AXIS2_PLACEMENT_3D('',#1903,#1456,#1457);
#1350=AXIS2_PLACEMENT_3D('',#1909,#1458,#1459);
#1351=AXIS2_PLACEMENT_3D('',#1910,#1460,#1461);
#1352=AXIS2_PLACEMENT_3D('',#1913,#1463,#1464);
#1353=AXIS2_PLACEMENT_3D('',#1914,#1465,#1466);
#1354=AXIS2_PLACEMENT_3D('',#1923,#1471,#1472);
#1355=AXIS2_PLACEMENT_3D('',#1929,#1476,#1477);
#1356=AXIS2_PLACEMENT_3D('',#1935,#1481,#1482);
#1357=AXIS2_PLACEMENT_3D('',#1938,#1485,#1486);
#1358=AXIS2_PLACEMENT_3D('',#1941,#1487,#1488);
#1359=AXIS2_PLACEMENT_3D('',#1945,#1490,#1491);
#1360=AXIS2_PLACEMENT_3D('',#1949,#1493,#1494);
#1361=AXIS2_PLACEMENT_3D('',#1953,#1496,#1497);
#1362=AXIS2_PLACEMENT_3D('',#1955,#1499,#1500);
#1363=AXIS2_PLACEMENT_3D('',#1964,#1503,#1504);
#1364=AXIS2_PLACEMENT_3D('',#2004,#1506,#1507);
#1365=AXIS2_PLACEMENT_3D('',#2011,#1509,#1510);
#1366=AXIS2_PLACEMENT_3D('',#2054,#1512,#1513);
#1367=AXIS2_PLACEMENT_3D('',#2063,#1518,#1519);
#1368=AXIS2_PLACEMENT_3D('',#2069,#1523,#1524);
#1369=AXIS2_PLACEMENT_3D('',#2075,#1528,#1529);
#1370=AXIS2_PLACEMENT_3D('',#2078,#1532,#1533);
#1371=AXIS2_PLACEMENT_3D('',#2079,#1534,#1535);
#1372=AXIS2_PLACEMENT_3D('',#2086,#1537,#1538);
#1373=AXIS2_PLACEMENT_3D('',#2123,#1540,#1541);
#1374=AXIS2_PLACEMENT_3D('',#2130,#1543,#1544);
#1375=AXIS2_PLACEMENT_3D('',#2168,#1545,#1546);
#1376=AXIS2_PLACEMENT_3D('',#2187,#1551,#1552);
#1377=AXIS2_PLACEMENT_3D('',#2196,#1555,#1556);
#1378=AXIS2_PLACEMENT_3D('',#2212,#1560,#1561);
#1379=AXIS2_PLACEMENT_3D('',#2215,#1564,#1565);
#1380=AXIS2_PLACEMENT_3D('',#2220,#1566,#1567);
#1381=AXIS2_PLACEMENT_3D('',#2279,#1570,#1571);
#1382=AXIS2_PLACEMENT_3D('',#2282,#1572,#1573);
#1383=AXIS2_PLACEMENT_3D('',#2284,#1575,#1576);
#1384=AXIS2_PLACEMENT_3D('',#2287,#1577,#1578);
#1385=AXIS2_PLACEMENT_3D('',#2289,#1580,#1581);
#1386=AXIS2_PLACEMENT_3D('',#2290,#1582,#1583);
#1387=AXIS2_PLACEMENT_3D('',#2292,#1584,#1585);
#1388=AXIS2_PLACEMENT_3D('',#2293,#1586,#1587);
#1389=AXIS2_PLACEMENT_3D('',#2295,#1588,#1589);
#1390=AXIS2_PLACEMENT_3D('',#2296,#1590,#1591);
#1391=AXIS2_PLACEMENT_3D('',#2298,#1592,#1593);
#1392=AXIS2_PLACEMENT_3D('',#2300,#1594,#1595);
#1393=AXIS2_PLACEMENT_3D('',#2301,#1596,#1597);
#1394=AXIS2_PLACEMENT_3D('',#2303,#1599,#1600);
#1395=AXIS2_PLACEMENT_3D('',#2420,#1602,#1603);
#1396=AXIS2_PLACEMENT_3D('',#3979,#1611,#1612);
#1397=AXIS2_PLACEMENT_3D('',#3990,#1613,#1614);
#1398=AXIS2_PLACEMENT_3D('',#4084,#1619,#1620);
#1399=AXIS2_PLACEMENT_3D('',#4087,#1622,#1623);
#1400=AXIS2_PLACEMENT_3D('',#4156,#1626,#1627);
#1401=AXIS2_PLACEMENT_3D('',#4161,#1630,#1631);
#1402=AXIS2_PLACEMENT_3D('',#4289,#1634,#1635);
#1403=AXIS2_PLACEMENT_3D('',#4292,#1637,#1638);
#1404=AXIS2_PLACEMENT_3D('',#4361,#1641,#1642);
#1405=AXIS2_PLACEMENT_3D('',#4363,#1643,#1644);
#1406=AXIS2_PLACEMENT_3D('',#4364,#1645,#1646);
#1407=AXIS2_PLACEMENT_3D('',#4458,#1651,#1652);
#1408=AXIS2_PLACEMENT_3D('',#4628,#1658,#1659);
#1409=AXIS2_PLACEMENT_3D('',#4704,#1663,#1664);
#1410=AXIS2_PLACEMENT_3D('',#4763,#1665,#1666);
#1411=DIRECTION('axis',(0.,0.,1.));
#1412=DIRECTION('refdir',(1.,0.,0.));
#1413=DIRECTION('center_axis',(0.,0.,-1.));
#1414=DIRECTION('ref_axis',(-1.,-3.43024899888577E-15,0.));
#1415=DIRECTION('center_axis',(0.,0.,-1.));
#1416=DIRECTION('ref_axis',(1.,0.,0.));
#1417=DIRECTION('center_axis',(0.,0.,-1.));
#1418=DIRECTION('ref_axis',(1.,0.,0.));
#1419=DIRECTION('center_axis',(0.,0.,-1.));
#1420=DIRECTION('ref_axis',(1.,0.,0.));
#1421=DIRECTION('center_axis',(0.,0.,-1.));
#1422=DIRECTION('ref_axis',(1.,0.,0.));
#1423=DIRECTION('',(0.,0.,-1.));
#1424=DIRECTION('center_axis',(0.,0.,1.));
#1425=DIRECTION('ref_axis',(1.,0.,0.));
#1426=DIRECTION('center_axis',(0.,0.,-1.));
#1427=DIRECTION('ref_axis',(1.,0.,0.));
#1428=DIRECTION('center_axis',(0.,0.,-1.));
#1429=DIRECTION('ref_axis',(1.,0.,0.));
#1430=DIRECTION('center_axis',(0.,0.,-1.));
#1431=DIRECTION('ref_axis',(1.,0.,0.));
#1432=DIRECTION('center_axis',(0.,0.,-1.));
#1433=DIRECTION('ref_axis',(1.,0.,0.));
#1434=DIRECTION('center_axis',(0.,0.,-1.));
#1435=DIRECTION('ref_axis',(1.,0.,0.));
#1436=DIRECTION('',(0.,0.,-1.));
#1437=DIRECTION('center_axis',(0.,0.,1.));
#1438=DIRECTION('ref_axis',(1.,0.,0.));
#1439=DIRECTION('center_axis',(0.,0.,-1.));
#1440=DIRECTION('ref_axis',(1.,0.,0.));
#1441=DIRECTION('center_axis',(0.,0.,-1.));
#1442=DIRECTION('ref_axis',(1.,0.,0.));
#1443=DIRECTION('center_axis',(0.,0.,-1.));
#1444=DIRECTION('ref_axis',(1.,0.,0.));
#1445=DIRECTION('center_axis',(0.,0.,-1.));
#1446=DIRECTION('ref_axis',(1.,0.,0.));
#1447=DIRECTION('center_axis',(0.,0.,-1.));
#1448=DIRECTION('ref_axis',(1.,0.,0.));
#1449=DIRECTION('',(0.,0.,-1.));
#1450=DIRECTION('center_axis',(0.,0.,1.));
#1451=DIRECTION('ref_axis',(1.,0.,0.));
#1452=DIRECTION('center_axis',(0.,0.,-1.));
#1453=DIRECTION('ref_axis',(-1.,1.01064309961486E-15,0.));
#1454=DIRECTION('center_axis',(0.,0.,-1.));
#1455=DIRECTION('ref_axis',(1.,0.,0.));
#1456=DIRECTION('center_axis',(0.,0.,-1.));
#1457=DIRECTION('ref_axis',(1.,0.,0.));
#1458=DIRECTION('center_axis',(0.,0.,-1.));
#1459=DIRECTION('ref_axis',(1.,0.,0.));
#1460=DIRECTION('center_axis',(0.,0.,-1.));
#1461=DIRECTION('ref_axis',(1.,0.,0.));
#1462=DIRECTION('',(0.,0.,-1.));
#1463=DIRECTION('center_axis',(0.,0.,1.));
#1464=DIRECTION('ref_axis',(1.,0.,0.));
#1465=DIRECTION('center_axis',(1.,0.,0.));
#1466=DIRECTION('ref_axis',(0.,0.,-1.));
#1467=DIRECTION('',(0.,0.,-1.));
#1468=DIRECTION('',(0.,1.,0.));
#1469=DIRECTION('',(0.,0.,-1.));
#1470=DIRECTION('',(0.,1.,0.));
#1471=DIRECTION('center_axis',(0.,0.,1.));
#1472=DIRECTION('ref_axis',(1.,0.,0.));
#1473=DIRECTION('',(1.,0.,0.));
#1474=DIRECTION('',(0.,1.,0.));
#1475=DIRECTION('',(1.,0.,0.));
#1476=DIRECTION('center_axis',(-1.,0.,0.));
#1477=DIRECTION('ref_axis',(0.,0.,1.));
#1478=DIRECTION('',(0.,0.,1.));
#1479=DIRECTION('',(0.,1.,0.));
#1480=DIRECTION('',(0.,0.,1.));
#1481=DIRECTION('center_axis',(0.,0.,-1.));
#1482=DIRECTION('ref_axis',(-1.,0.,0.));
#1483=DIRECTION('',(-1.,0.,0.));
#1484=DIRECTION('',(-1.,0.,0.));
#1485=DIRECTION('center_axis',(0.,-1.,0.));
#1486=DIRECTION('ref_axis',(1.,0.,0.));
#1487=DIRECTION('center_axis',(0.,-1.,0.));
#1488=DIRECTION('ref_axis',(5.55111512312576E-15,0.,1.));
#1489=DIRECTION('',(-4.44089209850072E-14,0.,1.));
#1490=DIRECTION('center_axis',(0.,-1.,0.));
#1491=DIRECTION('ref_axis',(1.,0.,2.77555756156287E-15));
#1492=DIRECTION('',(1.,0.,0.));
#1493=DIRECTION('center_axis',(0.,-1.,0.));
#1494=DIRECTION('ref_axis',(5.55111512312581E-15,0.,-1.));
#1495=DIRECTION('',(0.,0.,-1.));
#1496=DIRECTION('center_axis',(0.,-1.,0.));
#1497=DIRECTION('ref_axis',(-1.,0.,0.));
#1498=DIRECTION('',(-1.,0.,-1.0744093786695E-15));
#1499=DIRECTION('center_axis',(-1.,0.,0.));
#1500=DIRECTION('ref_axis',(0.,0.,-1.));
#1501=DIRECTION('',(0.,-1.,0.));
#1502=DIRECTION('',(0.,-1.,0.));
#1503=DIRECTION('center_axis',(0.,-1.,0.));
#1504=DIRECTION('ref_axis',(5.55111512312581E-15,0.,-1.));
#1505=DIRECTION('',(0.,-1.,0.));
#1506=DIRECTION('center_axis',(0.,0.,-1.));
#1507=DIRECTION('ref_axis',(1.,0.,0.));
#1508=DIRECTION('',(0.,-1.,0.));
#1509=DIRECTION('center_axis',(0.,-1.,0.));
#1510=DIRECTION('ref_axis',(1.,0.,2.77555756156287E-15));
#1511=DIRECTION('',(0.,-1.,0.));
#1512=DIRECTION('center_axis',(1.,0.,0.));
#1513=DIRECTION('ref_axis',(0.,0.,-1.));
#1514=DIRECTION('',(0.,0.,-1.));
#1515=DIRECTION('',(0.,1.,0.));
#1516=DIRECTION('',(0.,0.,-1.));
#1517=DIRECTION('',(0.,1.,0.));
#1518=DIRECTION('center_axis',(0.,0.,1.));
#1519=DIRECTION('ref_axis',(1.,0.,0.));
#1520=DIRECTION('',(1.,0.,0.));
#1521=DIRECTION('',(0.,1.,0.));
#1522=DIRECTION('',(1.,0.,0.));
#1523=DIRECTION('center_axis',(-1.,0.,0.));
#1524=DIRECTION('ref_axis',(0.,0.,1.));
#1525=DIRECTION('',(0.,0.,1.));
#1526=DIRECTION('',(0.,1.,0.));
#1527=DIRECTION('',(0.,0.,1.));
#1528=DIRECTION('center_axis',(0.,0.,-1.));
#1529=DIRECTION('ref_axis',(-1.,0.,0.));
#1530=DIRECTION('',(-1.,0.,0.));
#1531=DIRECTION('',(-1.,0.,0.));
#1532=DIRECTION('center_axis',(0.,1.,0.));
#1533=DIRECTION('ref_axis',(0.,0.,1.));
#1534=DIRECTION('center_axis',(1.,0.,4.44089209850072E-14));
#1535=DIRECTION('ref_axis',(-4.44089209850072E-14,0.,1.));
#1536=DIRECTION('',(0.,-1.,0.));
#1537=DIRECTION('center_axis',(0.,-1.,0.));
#1538=DIRECTION('ref_axis',(5.55111512312576E-15,0.,1.));
#1539=DIRECTION('',(0.,-1.,0.));
#1540=DIRECTION('center_axis',(-1.0744093786695E-15,0.,1.));
#1541=DIRECTION('ref_axis',(-1.,0.,-1.0744093786695E-15));
#1542=DIRECTION('',(0.,-1.,0.));
#1543=DIRECTION('center_axis',(0.,-1.,0.));
#1544=DIRECTION('ref_axis',(-1.,0.,0.));
#1545=DIRECTION('center_axis',(1.,0.,0.));
#1546=DIRECTION('ref_axis',(0.,0.,-1.));
#1547=DIRECTION('',(0.,1.,0.));
#1548=DIRECTION('',(0.,0.,-1.));
#1549=DIRECTION('',(0.,1.,0.));
#1550=DIRECTION('',(0.,0.,-1.));
#1551=DIRECTION('center_axis',(0.,0.,1.));
#1552=DIRECTION('ref_axis',(1.,0.,0.));
#1553=DIRECTION('',(0.,1.,0.));
#1554=DIRECTION('',(1.,0.,0.));
#1555=DIRECTION('center_axis',(-1.,0.,0.));
#1556=DIRECTION('ref_axis',(0.,0.,1.));
#1557=DIRECTION('',(0.,0.,1.));
#1558=DIRECTION('',(0.,1.,0.));
#1559=DIRECTION('',(0.,0.,1.));
#1560=DIRECTION('center_axis',(2.07518322359842E-16,0.,-1.));
#1561=DIRECTION('ref_axis',(-1.,0.,-2.07518322359842E-16));
#1562=DIRECTION('',(-1.,0.,-2.07518322359842E-16));
#1563=DIRECTION('',(-1.,0.,-2.07518322359842E-16));
#1564=DIRECTION('center_axis',(0.,1.,0.));
#1565=DIRECTION('ref_axis',(0.,0.,1.));
#1566=DIRECTION('center_axis',(0.,1.,0.));
#1567=DIRECTION('ref_axis',(1.,0.,0.));
#1568=DIRECTION('',(0.422056615479277,-0.220540312928034,0.87933508044646));
#1569=DIRECTION('',(-0.431088792596666,-0.219525565496194,0.875197679950721));
#1570=DIRECTION('center_axis',(0.,0.852437974084694,0.522828366042225));
#1571=DIRECTION('ref_axis',(0.,-0.522828366042225,0.852437974084694));
#1572=DIRECTION('center_axis',(0.,0.852437974084694,0.522828366042225));
#1573=DIRECTION('ref_axis',(0.,0.522828366042225,-0.852437974084694));
#1574=DIRECTION('',(1.,0.,0.));
#1575=DIRECTION('center_axis',(0.,-0.943631369176215,0.330998246379978));
#1576=DIRECTION('ref_axis',(0.,-0.330998246379978,-0.943631369176215));
#1577=DIRECTION('center_axis',(0.,-0.943631369176215,0.330998246379978));
#1578=DIRECTION('ref_axis',(0.,0.330998246379978,0.943631369176215));
#1579=DIRECTION('',(1.,0.,0.));
#1580=DIRECTION('center_axis',(0.,0.0949468557551343,0.995482342677264));
#1581=DIRECTION('ref_axis',(0.,-0.995482342677264,0.0949468557551343));
#1582=DIRECTION('center_axis',(0.,0.0949468557551343,0.995482342677264));
#1583=DIRECTION('ref_axis',(0.,0.995482342677264,-0.0949468557551342));
#1584=DIRECTION('center_axis',(0.,0.0949468557551343,0.995482342677264));
#1585=DIRECTION('ref_axis',(0.,0.995482342677264,-0.0949468557551342));
#1586=DIRECTION('center_axis',(0.,0.0949468557551343,0.995482342677264));
#1587=DIRECTION('ref_axis',(0.,0.995482342677264,-0.0949468557551342));
#1588=DIRECTION('center_axis',(0.,-0.0949468557551343,-0.995482342677264));
#1589=DIRECTION('ref_axis',(0.,-0.995482342677264,0.0949468557551343));
#1590=DIRECTION('center_axis',(0.,0.,1.));
#1591=DIRECTION('ref_axis',(-1.,0.,0.));
#1592=DIRECTION('center_axis',(0.,0.,1.));
#1593=DIRECTION('ref_axis',(-1.,0.,0.));
#1594=DIRECTION('center_axis',(0.,0.,1.));
#1595=DIRECTION('ref_axis',(-1.,0.,0.));
#1596=DIRECTION('center_axis',(0.,0.,1.));
#1597=DIRECTION('ref_axis',(-1.,0.,0.));
#1598=DIRECTION('',(0.,0.,1.));
#1599=DIRECTION('center_axis',(0.,0.,1.));
#1600=DIRECTION('ref_axis',(-1.,0.,0.));
#1601=DIRECTION('',(0.,0.,1.));
#1602=DIRECTION('center_axis',(0.,0.,1.));
#1603=DIRECTION('ref_axis',(1.,0.,0.));
#1604=DIRECTION('',(0.,0.,-1.));
#1605=DIRECTION('',(-0.32717104421173,-0.681759288898175,0.65434194411673));
#1606=DIRECTION('',(5.95596444306861E-8,-0.841580024400645,0.540132449062086));
#1607=DIRECTION('',(-1.10968132026276E-14,-0.62469504755443,0.780868809443026));
#1608=DIRECTION('',(-0.0886811439077068,-0.512468676013671,0.854114460022786));
#1609=DIRECTION('',(-0.19063259433837,-0.505423613048935,0.841549870981146));
#1610=DIRECTION('',(0.421075960533259,-0.336860768426607,0.842151921066519));
#1611=DIRECTION('center_axis',(0.,0.,1.));
#1612=DIRECTION('ref_axis',(0.,-1.,0.));
#1613=DIRECTION('center_axis',(0.,0.,1.));
#1614=DIRECTION('ref_axis',(-1.,0.,0.));
#1615=DIRECTION('',(0.999999999997357,2.29903478788152E-6,0.));
#1616=DIRECTION('',(0.464381823566949,0.814936512438945,0.346739098796897));
#1617=DIRECTION('',(-0.460797354620773,0.816701730303172,0.347367358418004));
#1618=DIRECTION('',(0.999999999997357,2.29903478788152E-6,0.));
#1619=DIRECTION('center_axis',(0.,0.,-1.));
#1620=DIRECTION('ref_axis',(0.00886968955330284,0.999960663529935,0.));
#1621=DIRECTION('',(-0.470635297085937,0.782578549502029,0.407520835045439));
#1622=DIRECTION('center_axis',(0.,0.,-1.));
#1623=DIRECTION('ref_axis',(0.00886968955330284,0.999960663529935,0.));
#1624=DIRECTION('',(-7.30004939619151E-16,1.,0.));
#1625=DIRECTION('',(-0.684658562967859,-0.422408975370716,0.593980900097846));
#1626=DIRECTION('center_axis',(0.,0.,-1.));
#1627=DIRECTION('ref_axis',(-0.0262690958257187,0.999654907757922,0.));
#1628=DIRECTION('',(-0.650468192459601,-0.564295737934689,0.508391041175082));
#1629=DIRECTION('',(-0.650468192459601,-0.564295737934689,0.508391041175082));
#1630=DIRECTION('center_axis',(0.,0.,-1.));
#1631=DIRECTION('ref_axis',(-0.0262690958257187,0.999654907757922,0.));
#1632=DIRECTION('',(0.649649757947513,-0.565538775798535,0.50805618298278));
#1633=DIRECTION('',(0.649649757947513,-0.565538775798535,0.50805618298278));
#1634=DIRECTION('center_axis',(0.,0.,-1.));
#1635=DIRECTION('ref_axis',(-7.31319764006126E-9,-1.,0.));
#1636=DIRECTION('',(0.681984466948216,-0.428033455073824,0.593029972411954));
#1637=DIRECTION('center_axis',(0.,0.,-1.));
#1638=DIRECTION('ref_axis',(-7.31319764006126E-9,-1.,0.));
#1639=DIRECTION('',(6.0834138335625E-17,-1.,0.));
#1640=DIRECTION('',(0.471955527419971,0.781036838339875,0.408949186689238));
#1641=DIRECTION('center_axis',(0.,0.,-1.));
#1642=DIRECTION('ref_axis',(7.37790917249013E-8,-0.999999999999997,0.));
#1643=DIRECTION('center_axis',(0.,0.,-1.));
#1644=DIRECTION('ref_axis',(7.37790917249013E-8,-0.999999999999997,0.));
#1645=DIRECTION('center_axis',(0.,0.,-1.));
#1646=DIRECTION('ref_axis',(7.37790917249013E-8,-0.999999999999997,0.));
#1647=DIRECTION('',(0.213980246255457,0.470756541762004,0.855920985021826));
#1648=DIRECTION('',(-0.512088214183448,0.413940194229827,0.752608249021615));
#1649=DIRECTION('',(-0.244596186458586,8.23289767381096E-6,0.969625033454756));
#1650=DIRECTION('',(-0.240103799976876,-1.14745355266416E-5,0.970747219983142));
#1651=DIRECTION('center_axis',(0.970747220047049,6.99901596581616E-16,0.240103799992682));
#1652=DIRECTION('ref_axis',(0.240103799992682,0.,-0.970747220047049));
#1653=DIRECTION('',(-7.20992635495463E-16,1.,0.));
#1654=DIRECTION('',(-0.24010379980506,1.1384127647993E-5,0.970747220026704));
#1655=DIRECTION('',(-0.249711219808061,-0.000100328033488268,0.968320348147376));
#1656=DIRECTION('',(0.242535629042841,-8.02321863444529E-8,0.970142499143702));
#1657=DIRECTION('',(0.242535625036341,-7.15584362172242E-8,0.970142500145327));
#1658=DIRECTION('center_axis',(-0.97014250014533,0.,0.242535625036342));
#1659=DIRECTION('ref_axis',(0.242535625036342,0.,0.97014250014533));
#1660=DIRECTION('',(0.,-1.,0.));
#1661=DIRECTION('',(0.242535625692361,-1.8793125308353E-8,0.970142499981325));
#1662=DIRECTION('',(0.458907252036368,0.15703525134935,0.874496463035773));
#1663=DIRECTION('center_axis',(0.,0.,1.));
#1664=DIRECTION('ref_axis',(1.,0.,0.));
#1665=DIRECTION('center_axis',(0.,0.,1.));
#1666=DIRECTION('ref_axis',(1.,0.,0.));
#1667=CARTESIAN_POINT('',(0.,0.,0.));
#1668=CARTESIAN_POINT('Origin',(86.9999980553985,104.999997653067,16.));
#1669=CARTESIAN_POINT('',(89.7077977873375,104.520080356327,2.));
#1670=CARTESIAN_POINT('',(89.7077977873375,105.479914949808,2.));
#1671=CARTESIAN_POINT('Ctrl Pts',(89.7077977873375,104.520080356327,2.00000000000001));
#1672=CARTESIAN_POINT('Ctrl Pts',(89.6716582452291,104.316173051676,2.23345360355374));
#1673=CARTESIAN_POINT('Ctrl Pts',(89.6144928759218,104.127559164104,2.59780745254412));
#1674=CARTESIAN_POINT('Ctrl Pts',(89.4907190186343,103.825805306635,3.35188238532479));
#1675=CARTESIAN_POINT('Ctrl Pts',(89.4311525851704,103.709511451507,3.7049272266831));
#1676=CARTESIAN_POINT('Ctrl Pts',(89.261215893722,103.419482460357,4.68289385908284));
#1677=CARTESIAN_POINT('Ctrl Pts',(89.134406680574,103.256003069266,5.37517842873814));
#1678=CARTESIAN_POINT('Ctrl Pts',(88.7667544865523,102.863504707804,7.27194003584507));
#1679=CARTESIAN_POINT('Ctrl Pts',(88.4867884460957,102.662731917083,8.58369576986299));
#1680=CARTESIAN_POINT('Ctrl Pts',(87.5583928792813,102.218755344542,12.4924844962347));
#1681=CARTESIAN_POINT('Ctrl Pts',(86.8062954320254,102.148152853326,15.0486565663853));
#1682=CARTESIAN_POINT('Ctrl Pts',(85.6911730546801,102.547786275351,18.2473513244586));
#1683=CARTESIAN_POINT('Ctrl Pts',(85.3481059721572,102.765989319619,19.137246485876));
#1684=CARTESIAN_POINT('Ctrl Pts',(84.945411491168,103.16421578109,20.1361523648645));
#1685=CARTESIAN_POINT('Ctrl Pts',(84.7797687223389,103.347459984406,20.53406008831));
#1686=CARTESIAN_POINT('Ctrl Pts',(84.5442995892134,103.752477186776,21.0648952608284));
#1687=CARTESIAN_POINT('Ctrl Pts',(84.4682358773911,103.909425620194,21.2314219058476));
#1688=CARTESIAN_POINT('Ctrl Pts',(84.3474905346738,104.253813629033,21.4908831415433));
#1689=CARTESIAN_POINT('Ctrl Pts',(84.3002152288044,104.438185299099,21.5901050278957));
#1690=CARTESIAN_POINT('Ctrl Pts',(84.2641264835652,104.712482926889,21.6654914402824));
#1691=CARTESIAN_POINT('Ctrl Pts',(84.2574039804409,104.785159168732,21.67947977943));
#1692=CARTESIAN_POINT('Ctrl Pts',(84.2513740594386,104.902673387823,21.692022523532));
#1693=CARTESIAN_POINT('Ctrl Pts',(84.2501689332123,104.946451282318,21.6945266708884));
#1694=CARTESIAN_POINT('Ctrl Pts',(84.2498794646189,105.02899053212,21.6951283293624));
#1695=CARTESIAN_POINT('Ctrl Pts',(84.2505586154733,105.067571041479,21.6937171417391));
#1696=CARTESIAN_POINT('Ctrl Pts',(84.2538894747617,105.153872010794,21.6867909840968));
#1697=CARTESIAN_POINT('Ctrl Pts',(84.2569703687207,105.201305393081,21.6803832545048));
#1698=CARTESIAN_POINT('Ctrl Pts',(84.269547994242,105.34004185391,21.6541782523851));
#1699=CARTESIAN_POINT('Ctrl Pts',(84.2822602269308,105.428968618154,21.6276542596024));
#1700=CARTESIAN_POINT('Ctrl Pts',(84.3373563097274,105.718144676949,21.5119440312701));
#1701=CARTESIAN_POINT('Ctrl Pts',(84.3955772756636,105.899319823979,21.3885547690515));
#1702=CARTESIAN_POINT('Ctrl Pts',(84.5432071961108,106.253783922231,21.0673940242941));
#1703=CARTESIAN_POINT('Ctrl Pts',(84.6388657876071,106.419864540935,20.8540126226298));
#1704=CARTESIAN_POINT('Ctrl Pts',(85.0567238739152,107.027135913192,19.887963443394));
#1705=CARTESIAN_POINT('Ctrl Pts',(85.4702216423567,107.325282277422,18.8363842239763));
#1706=CARTESIAN_POINT('Ctrl Pts',(86.7696401182946,107.916338462737,15.2259236755986));
#1707=CARTESIAN_POINT('Ctrl Pts',(87.72314139601,107.781512906229,11.944192869375));
#1708=CARTESIAN_POINT('Ctrl Pts',(88.872099719676,107.078426391926,6.8238558902196));
#1709=CARTESIAN_POINT('Ctrl Pts',(89.204663541245,106.707052873287,5.02643616373629));
#1710=CARTESIAN_POINT('Ctrl Pts',(89.4952070606671,106.166177962889,3.32717775317346));
#1711=CARTESIAN_POINT('Ctrl Pts',(89.5769232542426,105.985705097575,2.82992940931382));
#1712=CARTESIAN_POINT('Ctrl Pts',(89.6631445103711,105.690843010426,2.28672311778344));
#1713=CARTESIAN_POINT('Ctrl Pts',(89.6878980164606,105.592193866638,2.12854820371468));
#1714=CARTESIAN_POINT('Ctrl Pts',(89.7077977873375,105.479914949808,2.00000000000003));
#1715=CARTESIAN_POINT('Origin',(86.9999980553985,104.999997653067,2.));
#1716=CARTESIAN_POINT('Origin',(86.9999980553985,104.999997653067,2.));
#1717=CARTESIAN_POINT('Ctrl Pts',(89.7077977873375,105.479914949808,2.));
#1718=CARTESIAN_POINT('Ctrl Pts',(89.7077977873375,105.159970085314,2.));
#1719=CARTESIAN_POINT('Ctrl Pts',(89.7077977873375,104.84002522082,2.));
#1720=CARTESIAN_POINT('Ctrl Pts',(89.7077977873375,104.520080356327,2.));
#1721=CARTESIAN_POINT('',(85.2499980553985,104.999997653067,2.));
#1722=CARTESIAN_POINT('Origin',(86.9999980553985,104.999997653067,2.));
#1723=CARTESIAN_POINT('Origin',(86.9999980553985,104.999997653067,15.));
#1724=CARTESIAN_POINT('',(85.2499980553985,104.999997653067,0.));
#1725=CARTESIAN_POINT('',(85.2499980553985,104.999997653067,15.));
#1726=CARTESIAN_POINT('Origin',(86.9999980553985,104.999997653067,0.));
#1727=CARTESIAN_POINT('Origin',(2.99999993294477,104.999997653067,16.));
#1728=CARTESIAN_POINT('',(0.29220221266247,105.479926299882,2.));
#1729=CARTESIAN_POINT('',(0.29220221266247,104.520069006252,2.));
#1730=CARTESIAN_POINT('Ctrl Pts',(0.29220221266247,105.479926299882,1.99999999999999));
#1731=CARTESIAN_POINT('Ctrl Pts',(0.327036823266146,105.676466097632,2.22502402906529));
#1732=CARTESIAN_POINT('Ctrl Pts',(0.380348985098993,105.852226566203,2.56408871807172));
#1733=CARTESIAN_POINT('Ctrl Pts',(0.487921572884612,106.126720473252,3.22312604528361));
#1734=CARTESIAN_POINT('Ctrl Pts',(0.541489415747685,106.236929543656,3.54319703168342));
#1735=CARTESIAN_POINT('Ctrl Pts',(0.694398432033919,106.513152798271,4.4326583338391));
#1736=CARTESIAN_POINT('Ctrl Pts',(0.808255577885204,106.669984910871,5.06375265105962));
#1737=CARTESIAN_POINT('Ctrl Pts',(1.13714571625576,107.049460558116,6.79502135102592));
#1738=CARTESIAN_POINT('Ctrl Pts',(1.38680150211989,107.247809779738,7.99751539203792));
#1739=CARTESIAN_POINT('Ctrl Pts',(2.13482897250044,107.668488709066,11.2639202064018));
#1740=CARTESIAN_POINT('Ctrl Pts',(2.74461670456496,107.819274500242,13.5349447585382));
#1741=CARTESIAN_POINT('Ctrl Pts',(3.88127321167953,107.648426743246,17.0749358497224));
#1742=CARTESIAN_POINT('Ctrl Pts',(4.32379521224609,107.455876482019,18.2825073604408));
#1743=CARTESIAN_POINT('Ctrl Pts',(4.91204510410024,106.995743058067,19.7908564916384));
#1744=CARTESIAN_POINT('Ctrl Pts',(5.0983925435552,106.799679636376,20.246041204574));
#1745=CARTESIAN_POINT('Ctrl Pts',(5.35565322807271,106.428977908043,20.8416465828098));
#1746=CARTESIAN_POINT('Ctrl Pts',(5.45219516601396,106.262852157356,21.0572439337236));
#1747=CARTESIAN_POINT('Ctrl Pts',(5.58663919252185,105.943172266079,21.3499550119103));
#1748=CARTESIAN_POINT('Ctrl Pts',(5.63383496118148,105.806006315142,21.4507203044774));
#1749=CARTESIAN_POINT('Ctrl Pts',(5.69821648469371,105.543398214643,21.5868190036216));
#1750=CARTESIAN_POINT('Ctrl Pts',(5.71982145152099,105.425118891372,21.6319917375688));
#1751=CARTESIAN_POINT('Ctrl Pts',(5.73932165516151,105.247878233109,21.6726652765028));
#1752=CARTESIAN_POINT('Ctrl Pts',(5.74366236428491,105.194313566669,21.68169791238));
#1753=CARTESIAN_POINT('Ctrl Pts',(5.74843221814068,105.100838058825,21.6916195306331));
#1754=CARTESIAN_POINT('Ctrl Pts',(5.74959949710198,105.061381810455,21.6940453438171));
#1755=CARTESIAN_POINT('Ctrl Pts',(5.75020006131065,104.985678737899,21.6952936314039));
#1756=CARTESIAN_POINT('Ctrl Pts',(5.74977409766953,104.949573248815,21.6944085355303));
#1757=CARTESIAN_POINT('Ctrl Pts',(5.74683613645526,104.856183753705,21.6883002557927));
#1758=CARTESIAN_POINT('Ctrl Pts',(5.74325149498551,104.799358566002,21.6808472079774));
#1759=CARTESIAN_POINT('Ctrl Pts',(5.72565926780772,104.611813419628,21.6441883094704));
#1760=CARTESIAN_POINT('Ctrl Pts',(5.70439114196726,104.486755853984,21.5997924257569));
#1761=CARTESIAN_POINT('Ctrl Pts',(5.63073013745128,104.174317982375,21.4442684813944));
#1762=CARTESIAN_POINT('Ctrl Pts',(5.56788602358668,104.002273735894,21.3099918077171));
#1763=CARTESIAN_POINT('Ctrl Pts',(5.40683905207402,103.651358916545,20.9566135094943));
#1764=CARTESIAN_POINT('Ctrl Pts',(5.30055840812876,103.483348463227,20.7165627353077));
#1765=CARTESIAN_POINT('Ctrl Pts',(4.86828046529741,102.910039491627,19.7011635113915));
#1766=CARTESIAN_POINT('Ctrl Pts',(4.41475935868063,102.580476713412,18.5565740462382));
#1767=CARTESIAN_POINT('Ctrl Pts',(3.3753389788486,102.218955175766,15.563870135104));
#1768=CARTESIAN_POINT('Ctrl Pts',(2.87142909853977,102.218719982047,13.9131704021641));
#1769=CARTESIAN_POINT('Ctrl Pts',(1.85446776176609,102.428261718674,10.1546455604328));
#1770=CARTESIAN_POINT('Ctrl Pts',(1.37781260855428,102.725433816006,7.99672874940311));
#1771=CARTESIAN_POINT('Ctrl Pts',(0.794924814439107,103.321720302913,5.02318783924073));
#1772=CARTESIAN_POINT('Ctrl Pts',(0.604312831250724,103.608099802747,3.92622982186522));
#1773=CARTESIAN_POINT('Ctrl Pts',(0.423581471013955,104.030774144556,2.83108303241961));
#1774=CARTESIAN_POINT('Ctrl Pts',(0.370821568228975,104.175345141204,2.5025690810693));
#1775=CARTESIAN_POINT('Ctrl Pts',(0.316477768265159,104.396551957528,2.1563064897097));
#1776=CARTESIAN_POINT('Ctrl Pts',(0.303631643814312,104.455583196075,2.07383164626047));
#1777=CARTESIAN_POINT('Ctrl Pts',(0.292202212662471,104.520069006252,2.));
#1778=CARTESIAN_POINT('Origin',(2.99999993294477,104.999997653067,2.));
#1779=CARTESIAN_POINT('Origin',(2.99999993294477,104.999997653067,2.));
#1780=CARTESIAN_POINT('Ctrl Pts',(0.29220221266247,104.520069006252,2.));
#1781=CARTESIAN_POINT('Ctrl Pts',(0.29220221266247,104.840021437462,2.));
#1782=CARTESIAN_POINT('Ctrl Pts',(0.29220221266247,105.159973868672,2.));
#1783=CARTESIAN_POINT('Ctrl Pts',(0.29220221266247,105.479926299882,2.));
#1784=CARTESIAN_POINT('',(1.24999993294477,104.999997653067,2.));
#1785=CARTESIAN_POINT('Origin',(2.99999993294477,104.999997653067,2.));
#1786=CARTESIAN_POINT('Origin',(2.99999993294477,104.999997653067,15.));
#1787=CARTESIAN_POINT('',(1.24999993294477,104.999997653067,0.));
#1788=CARTESIAN_POINT('',(1.24999993294477,104.999997653067,15.));
#1789=CARTESIAN_POINT('Origin',(2.99999993294477,104.999997653067,0.));
#1790=CARTESIAN_POINT('Origin',(3.00000004470348,20.0000002980232,16.));
#1791=CARTESIAN_POINT('',(0.292202212662474,20.4799283142861,2.));
#1792=CARTESIAN_POINT('',(0.292202212662475,19.5200722817604,2.));
#1793=CARTESIAN_POINT('Ctrl Pts',(0.292202212662475,20.4799283142861,2.));
#1794=CARTESIAN_POINT('Ctrl Pts',(0.328714538524533,20.685934201548,2.23586170574728));
#1795=CARTESIAN_POINT('Ctrl Pts',(0.386686336304795,20.8763097611656,2.60530638835416));
#1796=CARTESIAN_POINT('Ctrl Pts',(0.512243656099106,21.1806357643078,3.36968310011368));
#1797=CARTESIAN_POINT('Ctrl Pts',(0.572769338929888,21.2979555094023,3.72800668877995));
#1798=CARTESIAN_POINT('Ctrl Pts',(0.745528194547373,21.5904583017118,4.72066994040675));
#1799=CARTESIAN_POINT('Ctrl Pts',(0.874568496938807,21.7551648055332,5.42350491867974));
#1800=CARTESIAN_POINT('Ctrl Pts',(1.24900297189619,22.1501162213121,7.34915324190394));
#1801=CARTESIAN_POINT('Ctrl Pts',(1.53442243067291,22.3513746689942,8.68046842320056));
#1802=CARTESIAN_POINT('Ctrl Pts',(2.44890574359066,22.7763207955774,12.507362751147));
#1803=CARTESIAN_POINT('Ctrl Pts',(3.16969553314926,22.8446599788058,14.9636091539871));
#1804=CARTESIAN_POINT('Ctrl Pts',(4.26935157095445,22.4742495463199,18.1422082679791));
#1805=CARTESIAN_POINT('Ctrl Pts',(4.62143247521083,22.2579401314823,19.0595715173393));
#1806=CARTESIAN_POINT('Ctrl Pts',(5.05149948254988,21.841460167339,20.1293867124721));
#1807=CARTESIAN_POINT('Ctrl Pts',(5.21620741443434,21.6557275998213,20.5243216580609));
#1808=CARTESIAN_POINT('Ctrl Pts',(5.44899730572803,21.2608464388454,21.0501060759604));
#1809=CARTESIAN_POINT('Ctrl Pts',(5.52692399479661,21.1022282542882,21.2209200720518));
#1810=CARTESIAN_POINT('Ctrl Pts',(5.63452530497268,20.7987940753718,21.452300632935));
#1811=CARTESIAN_POINT('Ctrl Pts',(5.67192182328632,20.6667800254441,21.5314073776373));
#1812=CARTESIAN_POINT('Ctrl Pts',(5.72013741255895,20.4181967732884,21.6327048342783));
#1813=CARTESIAN_POINT('Ctrl Pts',(5.7350859917959,20.308050193977,21.6638444102487));
#1814=CARTESIAN_POINT('Ctrl Pts',(5.74682241582986,20.1420322478681,21.6882739794714));
#1815=CARTESIAN_POINT('Ctrl Pts',(5.74903709428569,20.0897641863331,21.6928763176679));
#1816=CARTESIAN_POINT('Ctrl Pts',(5.7502757291991,19.9982351976907,21.6954509414726));
#1817=CARTESIAN_POINT('Ctrl Pts',(5.74997394628324,19.9592730291392,21.6948239259096));
#1818=CARTESIAN_POINT('Ctrl Pts',(5.74780206283584,19.8843048596162,21.6903085877209));
#1819=CARTESIAN_POINT('Ctrl Pts',(5.74605193341139,19.8484107370216,21.6866696620409));
#1820=CARTESIAN_POINT('Ctrl Pts',(5.74029211159807,19.7640344273258,21.6746816702756));
#1821=CARTESIAN_POINT('Ctrl Pts',(5.73570735170162,19.7159415390024,21.6651328653348));
#1822=CARTESIAN_POINT('Ctrl Pts',(5.7154112247582,19.5488001860063,21.6227670463934));
#1823=CARTESIAN_POINT('Ctrl Pts',(5.69360938507102,19.4350408737628,21.5771284913801));
#1824=CARTESIAN_POINT('Ctrl Pts',(5.61583824653486,19.1264827807829,21.4125728169937));
#1825=CARTESIAN_POINT('Ctrl Pts',(5.54725147262084,18.9500076653886,21.2654763986168));
#1826=CARTESIAN_POINT('Ctrl Pts',(5.38160394565364,18.6090683909538,20.8999283110116));
#1827=CARTESIAN_POINT('Ctrl Pts',(5.27808820003776,18.4506009065454,20.6647604675238));
#1828=CARTESIAN_POINT('Ctrl Pts',(4.90661865757423,17.9698361665999,19.7882507435193));
#1829=CARTESIAN_POINT('Ctrl Pts',(4.59873721729959,17.7420587146891,18.9993411774997));
#1830=CARTESIAN_POINT('Ctrl Pts',(3.94518766124863,17.3795743638965,17.2349662765947));
#1831=CARTESIAN_POINT('Ctrl Pts',(3.55979589005242,17.2859559267714,16.0984307730689));
#1832=CARTESIAN_POINT('Ctrl Pts',(2.49879156878773,17.2012066210653,12.6878985462293));
#1833=CARTESIAN_POINT('Ctrl Pts',(1.84231857472394,17.4300824685129,10.1009943643529));
#1834=CARTESIAN_POINT('Ctrl Pts',(1.23680391312309,17.8850518607164,7.25686789630983));
#1835=CARTESIAN_POINT('Ctrl Pts',(1.12916323303018,17.9791630932687,6.72911141282764));
#1836=CARTESIAN_POINT('Ctrl Pts',(0.791072186972648,18.3272128054771,5.00149342014449));
#1837=CARTESIAN_POINT('Ctrl Pts',(0.602069649402049,18.6123716434264,3.91297466113464));
#1838=CARTESIAN_POINT('Ctrl Pts',(0.422622676064282,19.0333783421609,2.82514921592415));
#1839=CARTESIAN_POINT('Ctrl Pts',(0.37019111771751,19.1774899434932,2.49858883556573));
#1840=CARTESIAN_POINT('Ctrl Pts',(0.316227392278945,19.3977087959256,2.15469950294852));
#1841=CARTESIAN_POINT('Ctrl Pts',(0.303521405617261,19.4562083582035,2.07311953141754));
#1842=CARTESIAN_POINT('Ctrl Pts',(0.292202212662475,19.5200722817604,2.));
#1843=CARTESIAN_POINT('Origin',(3.00000004470348,20.0000002980232,2.));
#1844=CARTESIAN_POINT('Origin',(3.00000004470348,20.0000002980232,2.));
#1845=CARTESIAN_POINT('Ctrl Pts',(0.292202212662475,19.5200722817604,2.));
#1846=CARTESIAN_POINT('Ctrl Pts',(0.292202212662475,19.8400242926023,2.));
#1847=CARTESIAN_POINT('Ctrl Pts',(0.292202212662474,20.1599763034442,2.));
#1848=CARTESIAN_POINT('Ctrl Pts',(0.292202212662474,20.4799283142861,2.));
#1849=CARTESIAN_POINT('',(1.25000004470348,20.0000002980232,2.));
#1850=CARTESIAN_POINT('Origin',(3.00000004470348,20.0000002980232,2.));
#1851=CARTESIAN_POINT('Origin',(3.00000004470348,20.0000002980232,15.));
#1852=CARTESIAN_POINT('',(1.25000004470348,20.0000002980232,0.));
#1853=CARTESIAN_POINT('',(1.25000004470348,20.0000002980232,15.));
#1854=CARTESIAN_POINT('Origin',(3.00000004470348,20.0000002980232,0.));
#1855=CARTESIAN_POINT('Origin',(86.9999980553985,20.0000002980232,16.));
#1856=CARTESIAN_POINT('',(89.7077977873375,19.5200830012826,2.));
#1857=CARTESIAN_POINT('',(89.7077977873375,20.4799175947638,2.));
#1858=CARTESIAN_POINT('Ctrl Pts',(89.7077977873375,19.5200830012826,2.00000000000004));
#1859=CARTESIAN_POINT('Ctrl Pts',(89.6583897237956,19.2413117585639,2.31916537414536));
#1860=CARTESIAN_POINT('Ctrl Pts',(89.569724968788,18.9931833177828,2.88072572255068));
#1861=CARTESIAN_POINT('Ctrl Pts',(89.3865848748229,18.6218991995545,3.96738391427215));
#1862=CARTESIAN_POINT('Ctrl Pts',(89.296785855126,18.480321842029,4.47957374110587));
#1863=CARTESIAN_POINT('Ctrl Pts',(89.0392911391994,18.1334663357131,5.88767795943529));
#1864=CARTESIAN_POINT('Ctrl Pts',(88.8452089068845,17.9455180100361,6.87356672835399));
#1865=CARTESIAN_POINT('Ctrl Pts',(88.2718719862465,17.5180887675622,9.56098750196264));
#1866=CARTESIAN_POINT('Ctrl Pts',(87.819235370579,17.3280156759831,11.4200741847835));
#1867=CARTESIAN_POINT('Ctrl Pts',(86.7489571055534,17.2008061048808,15.2071260700971));
#1868=CARTESIAN_POINT('Ctrl Pts',(86.1626558891177,17.3146845685093,16.9474642552702));
#1869=CARTESIAN_POINT('Ctrl Pts',(85.3390875015274,17.7797324998045,19.1649053209238));
#1870=CARTESIAN_POINT('Ctrl Pts',(85.0901443071118,18.0006885370262,19.7858887996006));
#1871=CARTESIAN_POINT('Ctrl Pts',(84.7827599587659,18.3624290894011,20.5247980114637));
#1872=CARTESIAN_POINT('Ctrl Pts',(84.6569817852805,18.5396174557605,20.8136050822056));
#1873=CARTESIAN_POINT('Ctrl Pts',(84.4443922578613,18.9596111932169,21.2848129135312));
#1874=CARTESIAN_POINT('Ctrl Pts',(84.3682625374735,19.1718526608135,21.4464919732659));
#1875=CARTESIAN_POINT('Ctrl Pts',(84.2965534453121,19.4862435501639,21.5977476935383));
#1876=CARTESIAN_POINT('Ctrl Pts',(84.2787400195128,19.5890261622512,21.6349904633004));
#1877=CARTESIAN_POINT('Ctrl Pts',(84.2613338216861,19.7456634400304,21.6712988575768));
#1878=CARTESIAN_POINT('Ctrl Pts',(84.2571312887127,19.7956791355936,21.6800460332591));
#1879=CARTESIAN_POINT('Ctrl Pts',(84.2521493643198,19.8846460644595,21.6904103744601));
#1880=CARTESIAN_POINT('Ctrl Pts',(84.250797916666,19.9232124127693,21.6932192611155));
#1881=CARTESIAN_POINT('Ctrl Pts',(84.2496849736147,20.0035554696987,21.6955326270799));
#1882=CARTESIAN_POINT('Ctrl Pts',(84.2500548821212,20.0451803857697,21.6947641052881));
#1883=CARTESIAN_POINT('Ctrl Pts',(84.2534221821675,20.1518876511958,21.6877631828304));
#1884=CARTESIAN_POINT('Ctrl Pts',(84.2577755822982,20.216332113489,21.6787123676078));
#1885=CARTESIAN_POINT('Ctrl Pts',(84.2816592247949,20.4497666101321,21.6289193605314));
#1886=CARTESIAN_POINT('Ctrl Pts',(84.3138412748066,20.6081740075686,21.561667554126));
#1887=CARTESIAN_POINT('Ctrl Pts',(84.4110507338222,20.9494070170829,21.3550133083418));
#1888=CARTESIAN_POINT('Ctrl Pts',(84.4831158424502,21.1203020220821,21.1994192526613));
#1889=CARTESIAN_POINT('Ctrl Pts',(84.6708903125458,21.482074237419,20.7820349441735));
#1890=CARTESIAN_POINT('Ctrl Pts',(84.7970575926904,21.656596802579,20.4913616118302));
#1891=CARTESIAN_POINT('Ctrl Pts',(85.2150949689173,22.1405328270347,19.4830544106114));
#1892=CARTESIAN_POINT('Ctrl Pts',(85.7111253314791,22.5217700682086,18.2599716778012));
#1893=CARTESIAN_POINT('Ctrl Pts',(87.1586378401311,22.8625044718093,13.9103649546115));
#1894=CARTESIAN_POINT('Ctrl Pts',(87.8877782099833,22.6804663182075,11.2099462531978));
#1895=CARTESIAN_POINT('Ctrl Pts',(88.8716571863028,22.0789412098566,6.82626071807697));
#1896=CARTESIAN_POINT('Ctrl Pts',(89.204557592456,21.7072862686045,5.02707448636442));
#1897=CARTESIAN_POINT('Ctrl Pts',(89.495244101655,21.1661004895633,3.32695489697624));
#1898=CARTESIAN_POINT('Ctrl Pts',(89.5769530975328,20.9856290006156,2.82974460881663));
#1899=CARTESIAN_POINT('Ctrl Pts',(89.6631594971703,20.6907855726073,2.28662748066392));
#1900=CARTESIAN_POINT('Ctrl Pts',(89.6879039043183,20.5921632909965,2.12851016943118));
#1901=CARTESIAN_POINT('Ctrl Pts',(89.7077977873375,20.4799175947638,2.00000000000002));
#1902=CARTESIAN_POINT('Origin',(86.9999980553985,20.0000002980232,2.));
#1903=CARTESIAN_POINT('Origin',(86.9999980553985,20.0000002980232,2.));
#1904=CARTESIAN_POINT('Ctrl Pts',(89.7077977873375,20.4799175947638,2.));
#1905=CARTESIAN_POINT('Ctrl Pts',(89.7077977873375,20.1599727302701,2.));
#1906=CARTESIAN_POINT('Ctrl Pts',(89.7077977873375,19.8400278657763,2.));
#1907=CARTESIAN_POINT('Ctrl Pts',(89.7077977873375,19.5200830012826,2.));
#1908=CARTESIAN_POINT('',(85.2499980553985,20.0000002980232,2.));
#1909=CARTESIAN_POINT('Origin',(86.9999980553985,20.0000002980232,2.));
#1910=CARTESIAN_POINT('Origin',(86.9999980553985,20.0000002980232,15.));
#1911=CARTESIAN_POINT('',(85.2499980553985,20.0000002980232,0.));
#1912=CARTESIAN_POINT('',(85.2499980553985,20.0000002980232,15.));
#1913=CARTESIAN_POINT('Origin',(86.9999980553985,20.0000002980232,0.));
#1914=CARTESIAN_POINT('Origin',(51.,116.4,21.));
#1915=CARTESIAN_POINT('',(51.,116.4,21.));
#1916=CARTESIAN_POINT('',(51.,116.4,15.6));
#1917=CARTESIAN_POINT('',(51.,116.4,19.65));
#1918=CARTESIAN_POINT('',(51.,117.9,21.));
#1919=CARTESIAN_POINT('',(51.,116.4,21.));
#1920=CARTESIAN_POINT('',(51.,117.9,15.6));
#1921=CARTESIAN_POINT('',(51.,117.9,21.));
#1922=CARTESIAN_POINT('',(51.,116.4,15.6));
#1923=CARTESIAN_POINT('Origin',(39.,116.4,21.));
#1924=CARTESIAN_POINT('',(39.,116.4,21.));
#1925=CARTESIAN_POINT('',(42.,116.4,21.));
#1926=CARTESIAN_POINT('',(39.,117.9,21.));
#1927=CARTESIAN_POINT('',(39.,116.4,21.));
#1928=CARTESIAN_POINT('',(39.,117.9,21.));
#1929=CARTESIAN_POINT('Origin',(39.,116.4,15.6));
#1930=CARTESIAN_POINT('',(39.,116.4,15.6));
#1931=CARTESIAN_POINT('',(39.,116.4,16.95));
#1932=CARTESIAN_POINT('',(39.,117.9,15.6));
#1933=CARTESIAN_POINT('',(39.,116.4,15.6));
#1934=CARTESIAN_POINT('',(39.,117.9,15.6));
#1935=CARTESIAN_POINT('Origin',(51.,116.4,15.6));
#1936=CARTESIAN_POINT('',(48.,116.4,15.6));
#1937=CARTESIAN_POINT('',(51.,117.9,15.6));
#1938=CARTESIAN_POINT('Origin',(45.,117.9,18.3));
#1939=CARTESIAN_POINT('',(49.7,117.9,18.4));
#1940=CARTESIAN_POINT('',(48.1,117.9,20.));
#1941=CARTESIAN_POINT('Origin',(48.1,117.9,18.4));
#1942=CARTESIAN_POINT('',(49.7,117.9,18.2));
#1943=CARTESIAN_POINT('',(49.7,117.9,18.2500000000001));
#1944=CARTESIAN_POINT('',(48.1,117.9,16.6));
#1945=CARTESIAN_POINT('Origin',(48.1,117.9,18.2));
#1946=CARTESIAN_POINT('',(41.9,117.9,16.6));
#1947=CARTESIAN_POINT('',(43.45,117.9,16.6));
#1948=CARTESIAN_POINT('',(40.3,117.9,18.2));
#1949=CARTESIAN_POINT('Origin',(41.9,117.9,18.2));
#1950=CARTESIAN_POINT('',(40.3,117.9,18.4));
#1951=CARTESIAN_POINT('',(40.3,117.9,18.35));
#1952=CARTESIAN_POINT('',(41.9,117.9,20.));
#1953=CARTESIAN_POINT('Origin',(41.9,117.9,18.4));
#1954=CARTESIAN_POINT('',(46.55,117.9,20.));
#1955=CARTESIAN_POINT('Origin',(40.3,122.,18.4));
#1956=CARTESIAN_POINT('',(40.3,120.779705823769,18.2));
#1957=CARTESIAN_POINT('',(40.3,122.,18.2));
#1958=CARTESIAN_POINT('',(40.3,120.697510392722,18.4));
#1959=CARTESIAN_POINT('Ctrl Pts',(40.3000001821539,120.697513928964,18.4));
#1960=CARTESIAN_POINT('Ctrl Pts',(40.3000002353846,120.725064799433,18.3333961422126));
#1961=CARTESIAN_POINT('Ctrl Pts',(40.3000002243754,120.752462998572,18.2667290578886));
#1962=CARTESIAN_POINT('Ctrl Pts',(40.3000002227788,120.779709347374,18.2));
#1963=CARTESIAN_POINT('',(40.3,122.,18.4));
#1964=CARTESIAN_POINT('Origin',(41.9,122.,18.2));
#1965=CARTESIAN_POINT('',(41.9,121.400191876232,16.6));
#1966=CARTESIAN_POINT('',(41.9,122.,16.6));
#1967=CARTESIAN_POINT('Ctrl Pts',(40.3000002227791,120.779709347374,18.1999999999998));
#1968=CARTESIAN_POINT('Ctrl Pts',(40.2999985282881,120.822137325328,18.0960896002017));
#1969=CARTESIAN_POINT('Ctrl Pts',(40.310121711413,120.86417313222,17.9920777549586));
#1970=CARTESIAN_POINT('Ctrl Pts',(40.3304238679458,120.905234028549,17.8894664126114));
#1971=CARTESIAN_POINT('Ctrl Pts',(40.3348742951134,120.914234970308,17.8669730235497));
#1972=CARTESIAN_POINT('Ctrl Pts',(40.3398138011962,120.923189186007,17.8445470825515));
#1973=CARTESIAN_POINT('Ctrl Pts',(40.3452428598994,120.932090738798,17.8222046599699));
#1974=CARTESIAN_POINT('Ctrl Pts',(40.3701336045172,120.972901916082,17.7197707823827));
#1975=CARTESIAN_POINT('Ctrl Pts',(40.4051751688489,121.012377927211,17.6196570513426));
#1976=CARTESIAN_POINT('Ctrl Pts',(40.4500810323403,121.049981822083,17.5234232549528));
#1977=CARTESIAN_POINT('Ctrl Pts',(40.486505665775,121.080483586884,17.445364834849));
#1978=CARTESIAN_POINT('Ctrl Pts',(40.5294199833347,121.109754281327,17.3698599888682));
#1979=CARTESIAN_POINT('Ctrl Pts',(40.5786543359833,121.137519185747,17.2977557830793));
#1980=CARTESIAN_POINT('Ctrl Pts',(40.6398957374974,121.172055268138,17.2080671331831));
#1981=CARTESIAN_POINT('Ctrl Pts',(40.7104564221688,121.20399622688,17.1243300455317));
#1982=CARTESIAN_POINT('Ctrl Pts',(40.7895169817199,121.232872017308,17.0481137059842));
#1983=CARTESIAN_POINT('Ctrl Pts',(40.8342284058492,121.249202254789,17.0050107845979));
#1984=CARTESIAN_POINT('Ctrl Pts',(40.8816574257818,121.26455238422,16.9643134858346));
#1985=CARTESIAN_POINT('Ctrl Pts',(40.9316485826736,121.278838225526,16.9263066722628));
#1986=CARTESIAN_POINT('Ctrl Pts',(41.0185661348114,121.303676425596,16.8602258010526));
#1987=CARTESIAN_POINT('Ctrl Pts',(41.1124515998897,121.325071207042,16.8028840705113));
#1988=CARTESIAN_POINT('Ctrl Pts',(41.2119836761647,121.342692383103,16.7554796316988));
#1989=CARTESIAN_POINT('Ctrl Pts',(41.2489610586769,121.349238865321,16.7378683034482));
#1990=CARTESIAN_POINT('Ctrl Pts',(41.2867173352925,121.355264367895,16.7216283581709));
#1991=CARTESIAN_POINT('Ctrl Pts',(41.3251831812798,121.360751345103,16.706820472152));
#1992=CARTESIAN_POINT('Ctrl Pts',(41.3772969459579,121.368185135565,16.6867586571167));
#1993=CARTESIAN_POINT('Ctrl Pts',(41.4305342946114,121.374604085185,16.6693969465466));
#1994=CARTESIAN_POINT('Ctrl Pts',(41.4846853452501,121.379979130317,16.6548419630954));
#1995=CARTESIAN_POINT('Ctrl Pts',(41.5610086479071,121.387554998034,16.6343274136267));
#1996=CARTESIAN_POINT('Ctrl Pts',(41.6388887142818,121.393031974251,16.619458343093));
#1997=CARTESIAN_POINT('Ctrl Pts',(41.7176896537723,121.39635992751,16.6104205672228));
#1998=CARTESIAN_POINT('Ctrl Pts',(41.7560791906564,121.397981210012,16.6060176244106));
#1999=CARTESIAN_POINT('Ctrl Pts',(41.7946294338443,121.399089815892,16.6030052702037));
#2000=CARTESIAN_POINT('Ctrl Pts',(41.8332638252654,121.399683372774,16.6013924110577));
#2001=CARTESIAN_POINT('Ctrl Pts',(41.8554977122752,121.400024961607,16.6004642191878));
#2002=CARTESIAN_POINT('Ctrl Pts',(41.8777481527774,121.400195782855,16.5999999967345));
#2003=CARTESIAN_POINT('Ctrl Pts',(41.9000004424005,121.400195789202,16.5999999985698));
#2004=CARTESIAN_POINT('Origin',(41.9,122.,16.6));
#2005=CARTESIAN_POINT('',(48.1,121.400191876232,16.6));
#2006=CARTESIAN_POINT('',(48.1,122.,16.6));
#2007=CARTESIAN_POINT('Ctrl Pts',(41.9,121.400191876232,16.6));
#2008=CARTESIAN_POINT('Ctrl Pts',(43.9666666666667,121.400191876232,16.6));
#2009=CARTESIAN_POINT('Ctrl Pts',(46.0333333333333,121.400191876232,16.6));
#2010=CARTESIAN_POINT('Ctrl Pts',(48.1,121.400191876232,16.6));
#2011=CARTESIAN_POINT('Origin',(48.1,122.,18.2));
#2012=CARTESIAN_POINT('',(49.7,120.779705823769,18.2));
#2013=CARTESIAN_POINT('',(49.7,122.,18.2));
#2014=CARTESIAN_POINT('Ctrl Pts',(48.0999998123776,121.400197783315,16.5999999990499));
#2015=CARTESIAN_POINT('Ctrl Pts',(48.1056636842261,121.400197784997,16.5999999995347));
#2016=CARTESIAN_POINT('Ctrl Pts',(48.1113277421783,121.40018672008,16.6000300744968));
#2017=CARTESIAN_POINT('Ctrl Pts',(48.1169917437951,121.400164586373,16.6000902293603));
#2018=CARTESIAN_POINT('Ctrl Pts',(48.1452078868993,121.400054323721,16.6003899005738));
#2019=CARTESIAN_POINT('Ctrl Pts',(48.1734073056953,121.399669439958,16.6014359182129));
#2020=CARTESIAN_POINT('Ctrl Pts',(48.2015600794196,121.399010411152,16.6032265317102));
#2021=CARTESIAN_POINT('Ctrl Pts',(48.2479391095607,121.39792472357,16.6061763979712));
#2022=CARTESIAN_POINT('Ctrl Pts',(48.2941388291495,121.396096336962,16.6111437237109));
#2023=CARTESIAN_POINT('Ctrl Pts',(48.3400273275891,121.393531174565,16.6181065862454));
#2024=CARTESIAN_POINT('Ctrl Pts',(48.4467159519058,121.387567291313,16.6342949177525));
#2025=CARTESIAN_POINT('Ctrl Pts',(48.5511255969388,121.37765730049,16.6611786625243));
#2026=CARTESIAN_POINT('Ctrl Pts',(48.6517193848261,121.363972019958,16.6981326752683));
#2027=CARTESIAN_POINT('Ctrl Pts',(48.6575571908089,121.363177815721,16.700277244642));
#2028=CARTESIAN_POINT('Ctrl Pts',(48.6633821524164,121.362370888762,16.7024557196154));
#2029=CARTESIAN_POINT('Ctrl Pts',(48.669193971954,121.361551269587,16.7046679744392));
#2030=CARTESIAN_POINT('Ctrl Pts',(48.7733430805741,121.346863510283,16.7443120766774));
#2031=CARTESIAN_POINT('Ctrl Pts',(48.8722439217566,121.328251236352,16.7944016728597));
#2032=CARTESIAN_POINT('Ctrl Pts',(48.9645827310872,121.306065991299,16.8537041976324));
#2033=CARTESIAN_POINT('Ctrl Pts',(49.0241727938336,121.291748932693,16.8919745760122));
#2034=CARTESIAN_POINT('Ctrl Pts',(49.0810308825545,121.275943410341,16.9340812727287));
#2035=CARTESIAN_POINT('Ctrl Pts',(49.1348143172223,121.258740873253,16.9796892677337));
#2036=CARTESIAN_POINT('Ctrl Pts',(49.2192240496622,121.231742568627,17.0512681596225));
#2037=CARTESIAN_POINT('Ctrl Pts',(49.2951789217051,121.201590625244,17.1307058841629));
#2038=CARTESIAN_POINT('Ctrl Pts',(49.3619667963614,121.16876710519,17.216399312451));
#2039=CARTESIAN_POINT('Ctrl Pts',(49.4194296753808,121.140526440674,17.2901281311599));
#2040=CARTESIAN_POINT('Ctrl Pts',(49.4701075963115,121.110307944235,17.3684875083604));
#2041=CARTESIAN_POINT('Ctrl Pts',(49.5135756118329,121.078426096766,17.4504656432865));
#2042=CARTESIAN_POINT('Ctrl Pts',(49.5663147226637,121.03974431507,17.5499285217202));
#2043=CARTESIAN_POINT('Ctrl Pts',(49.6080088130749,120.998934792649,17.6538879852334));
#2044=CARTESIAN_POINT('Ctrl Pts',(49.6384667967113,120.956623492051,17.7605136856206));
#2045=CARTESIAN_POINT('Ctrl Pts',(49.667210306447,120.916693886231,17.8611374463315));
#2046=CARTESIAN_POINT('Ctrl Pts',(49.6859479620717,120.8754267986,17.9641357098131));
#2047=CARTESIAN_POINT('Ctrl Pts',(49.6945451530804,120.833377312423,18.0680060157634));
#2048=CARTESIAN_POINT('Ctrl Pts',(49.6950579526563,120.83086917242,18.0742016032276));
#2049=CARTESIAN_POINT('Ctrl Pts',(49.6955346802336,120.828358257777,18.0804003043622));
#2050=CARTESIAN_POINT('Ctrl Pts',(49.695975309322,120.825844689742,18.086601804597));
#2051=CARTESIAN_POINT('Ctrl Pts',(49.6986603644856,120.810527796216,18.1243917977363));
#2052=CARTESIAN_POINT('Ctrl Pts',(49.6999988331393,120.795140863515,18.162215268865));
#2053=CARTESIAN_POINT('Ctrl Pts',(49.699998792983,120.779712875534,18.2));
#2054=CARTESIAN_POINT('Origin',(55.2,112.9,21.05));
#2055=CARTESIAN_POINT('',(55.2,112.9,21.05));
#2056=CARTESIAN_POINT('',(55.2,112.9,15.55));
#2057=CARTESIAN_POINT('',(55.2,112.9,19.675));
#2058=CARTESIAN_POINT('',(55.2,116.4,21.05));
#2059=CARTESIAN_POINT('',(55.2,112.9,21.05));
#2060=CARTESIAN_POINT('',(55.2,116.4,15.55));
#2061=CARTESIAN_POINT('',(55.2,116.4,21.05));
#2062=CARTESIAN_POINT('',(55.2,112.9,15.55));
#2063=CARTESIAN_POINT('Origin',(34.8,112.9,21.05));
#2064=CARTESIAN_POINT('',(34.8,112.9,21.05));
#2065=CARTESIAN_POINT('',(39.9,112.9,21.05));
#2066=CARTESIAN_POINT('',(34.8,116.4,21.05));
#2067=CARTESIAN_POINT('',(34.8,112.9,21.05));
#2068=CARTESIAN_POINT('',(34.8,116.4,21.05));
#2069=CARTESIAN_POINT('Origin',(34.8,112.9,15.55));
#2070=CARTESIAN_POINT('',(34.8,112.9,15.55));
#2071=CARTESIAN_POINT('',(34.8,112.9,16.925));
#2072=CARTESIAN_POINT('',(34.8,116.4,15.55));
#2073=CARTESIAN_POINT('',(34.8,112.9,15.55));
#2074=CARTESIAN_POINT('',(34.8,116.4,15.55));
#2075=CARTESIAN_POINT('Origin',(55.2,112.9,15.55));
#2076=CARTESIAN_POINT('',(50.1,112.9,15.55));
#2077=CARTESIAN_POINT('',(55.2,116.4,15.55));
#2078=CARTESIAN_POINT('Origin',(45.,116.4,18.3));
#2079=CARTESIAN_POINT('Origin',(49.7,122.,18.2));
#2080=CARTESIAN_POINT('',(49.7,120.697510392722,18.4));
#2081=CARTESIAN_POINT('',(49.7,122.,18.4));
#2082=CARTESIAN_POINT('Ctrl Pts',(49.699998792983,120.779712875534,18.2));
#2083=CARTESIAN_POINT('Ctrl Pts',(49.6999987172921,120.752466549503,18.2667290579159));
#2084=CARTESIAN_POINT('Ctrl Pts',(49.6999987076616,120.725068373386,18.3333961421857));
#2085=CARTESIAN_POINT('Ctrl Pts',(49.6999986874026,120.697517526129,18.4));
#2086=CARTESIAN_POINT('Origin',(48.1,122.,18.4));
#2087=CARTESIAN_POINT('',(48.1,120.,20.));
#2088=CARTESIAN_POINT('',(48.1,122.,20.));
#2089=CARTESIAN_POINT('Ctrl Pts',(49.6999986874022,120.697517526129,18.3999999999996));
#2090=CARTESIAN_POINT('Ctrl Pts',(49.6999988926724,120.654490149959,18.5040181892705));
#2091=CARTESIAN_POINT('Ctrl Pts',(49.6898559989238,120.611086796203,18.6078808534404));
#2092=CARTESIAN_POINT('Ctrl Pts',(49.6696571386945,120.567936082835,18.7101160599192));
#2093=CARTESIAN_POINT('Ctrl Pts',(49.6679824454767,120.564358444978,18.7185924098206));
#2094=CARTESIAN_POINT('Ctrl Pts',(49.6662386261089,120.560782562422,18.7270575954326));
#2095=CARTESIAN_POINT('Ctrl Pts',(49.6644257296203,120.557208803486,18.7355107902843));
#2096=CARTESIAN_POINT('Ctrl Pts',(49.6426026267571,120.514188967903,18.837267808364));
#2097=CARTESIAN_POINT('Ctrl Pts',(49.6108542139953,120.471652065601,18.9368634350877));
#2098=CARTESIAN_POINT('Ctrl Pts',(49.5695425955743,120.430299676115,19.0328036872983));
#2099=CARTESIAN_POINT('Ctrl Pts',(49.5322103355976,120.392930572362,19.1195024556995));
#2100=CARTESIAN_POINT('Ctrl Pts',(49.4870687956908,120.356529394666,19.2032169109512));
#2101=CARTESIAN_POINT('Ctrl Pts',(49.4343675486889,120.321634088124,19.2828695444205));
#2102=CARTESIAN_POINT('Ctrl Pts',(49.3777147331004,120.284122312238,19.3684945763084));
#2103=CARTESIAN_POINT('Ctrl Pts',(49.312592313573,120.248537234039,19.4490008086531));
#2104=CARTESIAN_POINT('Ctrl Pts',(49.2396757949071,120.215606753383,19.5230020226108));
#2105=CARTESIAN_POINT('Ctrl Pts',(49.190282118037,120.193299633536,19.5731304724752));
#2106=CARTESIAN_POINT('Ctrl Pts',(49.1373111101468,120.172211063463,19.62027448995));
#2107=CARTESIAN_POINT('Ctrl Pts',(49.0809600304684,120.152570420697,19.6640070408884));
#2108=CARTESIAN_POINT('Ctrl Pts',(49.0011359613062,120.124748486574,19.7259563449774));
#2109=CARTESIAN_POINT('Ctrl Pts',(48.9152237398467,120.100083024364,19.780503876667));
#2110=CARTESIAN_POINT('Ctrl Pts',(48.8242940348558,120.079128344963,19.8266698437556));
#2111=CARTESIAN_POINT('Ctrl Pts',(48.7346856031944,120.058478151967,19.8721649864853));
#2112=CARTESIAN_POINT('Ctrl Pts',(48.64020422927,120.041432294021,19.9095211291522));
#2113=CARTESIAN_POINT('Ctrl Pts',(48.5418286813557,120.028509492287,19.9377860018281));
#2114=CARTESIAN_POINT('Ctrl Pts',(48.4604668951532,120.01782165111,19.9611625478953));
#2115=CARTESIAN_POINT('Ctrl Pts',(48.3771258845313,120.010046683811,19.9781182907837));
#2116=CARTESIAN_POINT('Ctrl Pts',(48.2925564490672,120.005343735892,19.9883706496819));
#2117=CARTESIAN_POINT('Ctrl Pts',(48.253740126632,120.003185141102,19.9930763553134));
#2118=CARTESIAN_POINT('Ctrl Pts',(48.2147409212756,120.001677744011,19.9963604739617));
#2119=CARTESIAN_POINT('Ctrl Pts',(48.1756356160027,120.000828232263,19.9982111830179));
#2120=CARTESIAN_POINT('Ctrl Pts',(48.1504421586613,120.000280937265,19.9994034959109));
#2121=CARTESIAN_POINT('Ctrl Pts',(48.1252227828032,120.000007077292,19.9999999977919));
#2122=CARTESIAN_POINT('Ctrl Pts',(48.0999982481478,120.000007064621,19.9999999995168));
#2123=CARTESIAN_POINT('Origin',(48.1,122.,20.));
#2124=CARTESIAN_POINT('',(41.9,120.,20.));
#2125=CARTESIAN_POINT('',(41.9,122.,20.));
#2126=CARTESIAN_POINT('Ctrl Pts',(48.1,120.,20.));
#2127=CARTESIAN_POINT('Ctrl Pts',(46.0333333333333,120.,20.));
#2128=CARTESIAN_POINT('Ctrl Pts',(43.9666666666667,120.,20.));
#2129=CARTESIAN_POINT('Ctrl Pts',(41.9,120.,20.));
#2130=CARTESIAN_POINT('Origin',(41.9,122.,18.4));
#2131=CARTESIAN_POINT('Ctrl Pts',(41.89999961008,120.000004290313,19.9999999995039));
#2132=CARTESIAN_POINT('Ctrl Pts',(41.8959745287549,120.000004288481,19.9999999997824));
#2133=CARTESIAN_POINT('Ctrl Pts',(41.8919493054912,120.000011259266,19.9999848112996));
#2134=CARTESIAN_POINT('Ctrl Pts',(41.887924024617,120.000025204165,19.9999544306602));
#2135=CARTESIAN_POINT('Ctrl Pts',(41.8609672331483,120.00011859137,19.9997509754016));
#2136=CARTESIAN_POINT('Ctrl Pts',(41.8340248934183,120.000524707511,19.9988663270569));
#2137=CARTESIAN_POINT('Ctrl Pts',(41.8071223063619,120.001242677279,19.9973020389503));
#2138=CARTESIAN_POINT('Ctrl Pts',(41.7709743503891,120.002207385227,19.9952001660901));
#2139=CARTESIAN_POINT('Ctrl Pts',(41.7349323285765,120.003734232079,19.9918732544848));
#2140=CARTESIAN_POINT('Ctrl Pts',(41.6990568642527,120.005817344273,19.9873317230711));
#2141=CARTESIAN_POINT('Ctrl Pts',(41.6089435261917,120.011049783683,19.9759241339762));
#2142=CARTESIAN_POINT('Ctrl Pts',(41.5202941069723,120.019769212424,19.9569066332705));
#2143=CARTESIAN_POINT('Ctrl Pts',(41.4340120648014,120.031773228685,19.9306389270176));
#2144=CARTESIAN_POINT('Ctrl Pts',(41.3348501606782,120.045569159791,19.9004500753928));
#2145=CARTESIAN_POINT('Ctrl Pts',(41.2397889281144,120.063564517716,19.8609876457246));
#2146=CARTESIAN_POINT('Ctrl Pts',(41.1498529546801,120.085214147088,19.8132486782346));
#2147=CARTESIAN_POINT('Ctrl Pts',(41.0761774359185,120.102949516086,19.7741409323498));
#2148=CARTESIAN_POINT('Ctrl Pts',(41.0059422582537,120.123136665109,19.7294782101244));
#2149=CARTESIAN_POINT('Ctrl Pts',(40.939734906362,120.145469932371,19.6798012648695));
#2150=CARTESIAN_POINT('Ctrl Pts',(40.8551979865088,120.173986185787,19.6163712103579));
#2151=CARTESIAN_POINT('Ctrl Pts',(40.7780052156206,120.205727146626,19.5453727342969));
#2152=CARTESIAN_POINT('Ctrl Pts',(40.7087895344616,120.239954498831,19.4681819089953));
#2153=CARTESIAN_POINT('Ctrl Pts',(40.6448016223738,120.271596704286,19.396821204879));
#2154=CARTESIAN_POINT('Ctrl Pts',(40.5876322801057,120.305363527426,19.3201677691247));
#2155=CARTESIAN_POINT('Ctrl Pts',(40.5378179315015,120.340681617711,19.2393211946876));
#2156=CARTESIAN_POINT('Ctrl Pts',(40.4822217396201,120.380099002046,19.1490909339033));
#2157=CARTESIAN_POINT('Ctrl Pts',(40.4360818424277,120.421222574695,19.0541522515909));
#2158=CARTESIAN_POINT('Ctrl Pts',(40.3997014920597,120.463328474471,18.955974441252));
#2159=CARTESIAN_POINT('Ctrl Pts',(40.3636185189305,120.505090195698,18.8585991478172));
#2160=CARTESIAN_POINT('Ctrl Pts',(40.3371370799126,120.547817971772,18.7580371192102));
#2161=CARTESIAN_POINT('Ctrl Pts',(40.3205740000789,120.590834898067,18.6557582306298));
#2162=CARTESIAN_POINT('Ctrl Pts',(40.3180267774768,120.597450436242,18.6400288433822));
#2163=CARTESIAN_POINT('Ctrl Pts',(40.3157141609443,120.604072874166,18.6242589259939));
#2164=CARTESIAN_POINT('Ctrl Pts',(40.3136373269673,120.610699817253,18.6084539083595));
#2165=CARTESIAN_POINT('Ctrl Pts',(40.3045492487272,120.639698850367,18.539292271735));
#2166=CARTESIAN_POINT('Ctrl Pts',(40.3000004196845,120.668698639824,18.4696605728719));
#2167=CARTESIAN_POINT('Ctrl Pts',(40.3000001821541,120.697513928964,18.3999999999998));
#2168=CARTESIAN_POINT('Origin',(55.7,112.9,22.));
#2169=CARTESIAN_POINT('',(55.7,117.,20.));
#2170=CARTESIAN_POINT('',(55.7,118.3,14.8));
#2171=CARTESIAN_POINT('Ctrl Pts',(55.7,117.,20.));
#2172=CARTESIAN_POINT('Ctrl Pts',(55.7,117.433333333333,18.2666666666667));
#2173=CARTESIAN_POINT('Ctrl Pts',(55.7,117.866666666667,16.5333333333333));
#2174=CARTESIAN_POINT('Ctrl Pts',(55.7,118.3,14.8));
#2175=CARTESIAN_POINT('',(55.7,114.2,22.));
#2176=CARTESIAN_POINT('Ctrl Pts',(55.7,114.2,22.));
#2177=CARTESIAN_POINT('Ctrl Pts',(55.7,115.133333333333,21.3333333333333));
#2178=CARTESIAN_POINT('Ctrl Pts',(55.7,116.066666666667,20.6666666666667));
#2179=CARTESIAN_POINT('Ctrl Pts',(55.7,117.,20.));
#2180=CARTESIAN_POINT('',(55.7,112.9,22.));
#2181=CARTESIAN_POINT('',(55.7,112.9,22.));
#2182=CARTESIAN_POINT('',(55.7,112.9,14.6));
#2183=CARTESIAN_POINT('',(55.7,112.9,22.));
#2184=CARTESIAN_POINT('',(55.7,118.3,14.6));
#2185=CARTESIAN_POINT('',(55.7,112.9,14.6));
#2186=CARTESIAN_POINT('',(55.7,118.3,22.));
#2187=CARTESIAN_POINT('Origin',(34.3,112.9,22.));
#2188=CARTESIAN_POINT('',(34.3,114.2,22.));
#2189=CARTESIAN_POINT('Ctrl Pts',(34.3,114.2,22.));
#2190=CARTESIAN_POINT('Ctrl Pts',(41.4333333333333,114.2,22.));
#2191=CARTESIAN_POINT('Ctrl Pts',(48.5666666666667,114.2,22.));
#2192=CARTESIAN_POINT('Ctrl Pts',(55.7,114.2,22.));
#2193=CARTESIAN_POINT('',(34.3,112.9,22.));
#2194=CARTESIAN_POINT('',(34.3,112.9,22.));
#2195=CARTESIAN_POINT('',(34.3,112.9,22.));
#2196=CARTESIAN_POINT('Origin',(34.3,112.9,14.6));
#2197=CARTESIAN_POINT('',(34.3,118.3,14.8));
#2198=CARTESIAN_POINT('',(34.3,117.,20.));
#2199=CARTESIAN_POINT('Ctrl Pts',(34.3,118.3,14.8));
#2200=CARTESIAN_POINT('Ctrl Pts',(34.3,117.866666666667,16.5333333333333));
#2201=CARTESIAN_POINT('Ctrl Pts',(34.3,117.433333333333,18.2666666666667));
#2202=CARTESIAN_POINT('Ctrl Pts',(34.3,117.,20.));
#2203=CARTESIAN_POINT('',(34.3,118.3,14.6));
#2204=CARTESIAN_POINT('',(34.3,118.3,14.6));
#2205=CARTESIAN_POINT('',(34.3,112.9,14.6));
#2206=CARTESIAN_POINT('',(34.3,112.9,14.6));
#2207=CARTESIAN_POINT('',(34.3,112.9,14.6));
#2208=CARTESIAN_POINT('Ctrl Pts',(34.3,117.,20.));
#2209=CARTESIAN_POINT('Ctrl Pts',(34.3,116.066666666667,20.6666666666667));
#2210=CARTESIAN_POINT('Ctrl Pts',(34.3,115.133333333333,21.3333333333333));
#2211=CARTESIAN_POINT('Ctrl Pts',(34.3,114.2,22.));
#2212=CARTESIAN_POINT('Origin',(55.7,112.9,14.6));
#2213=CARTESIAN_POINT('',(55.7,112.9,14.6));
#2214=CARTESIAN_POINT('',(55.7,118.3,14.6));
#2215=CARTESIAN_POINT('Origin',(45.,118.3,18.3));
#2216=CARTESIAN_POINT('Ctrl Pts',(55.7,118.3,14.8));
#2217=CARTESIAN_POINT('Ctrl Pts',(48.5666666666667,118.3,14.8));
#2218=CARTESIAN_POINT('Ctrl Pts',(41.4333333333334,118.3,14.8));
#2219=CARTESIAN_POINT('Ctrl Pts',(34.3,118.3,14.8));
#2220=CARTESIAN_POINT('Origin',(45.,112.9,18.3));
#2221=CARTESIAN_POINT('Ctrl Pts',(87.,122.,0.));
#2222=CARTESIAN_POINT('Ctrl Pts',(83.7162558244675,120.327802045754,6.66666666666667));
#2223=CARTESIAN_POINT('Ctrl Pts',(80.4325116489349,118.655604091508,13.3333333333333));
#2224=CARTESIAN_POINT('Ctrl Pts',(77.1487674734024,116.983406137261,20.));
#2225=CARTESIAN_POINT('Ctrl Pts',(86.8232520536535,122.,0.));
#2226=CARTESIAN_POINT('Ctrl Pts',(83.5532998635507,120.331487872717,6.66666666666667));
#2227=CARTESIAN_POINT('Ctrl Pts',(80.2833476296542,118.662974716609,13.3333333333333));
#2228=CARTESIAN_POINT('Ctrl Pts',(77.0133954395514,116.994462589327,20.));
#2229=CARTESIAN_POINT('Ctrl Pts',(86.646504107307,122.,0.));
#2230=CARTESIAN_POINT('Ctrl Pts',(83.3901936530928,120.333333372896,6.66666666666667));
#2231=CARTESIAN_POINT('Ctrl Pts',(80.1338832002898,118.666666764301,13.3333333333333));
#2232=CARTESIAN_POINT('Ctrl Pts',(76.8775727460756,117.000000137197,20.));
#2233=CARTESIAN_POINT('Ctrl Pts',(58.8204378625712,122.000000000001,0.));
#2234=CARTESIAN_POINT('Ctrl Pts',(57.711791898203,120.333333308207,6.66666666666666));
#2235=CARTESIAN_POINT('Ctrl Pts',(56.6031442868549,118.666636419146,13.3333333333333));
#2236=CARTESIAN_POINT('Ctrl Pts',(55.4944983224867,116.999969727352,20.));
#2237=CARTESIAN_POINT('Ctrl Pts',(31.1711195641813,122.,0.));
#2238=CARTESIAN_POINT('Ctrl Pts',(32.196496381674,120.333333312389,6.66666666666667));
#2239=CARTESIAN_POINT('Ctrl Pts',(33.2218747735953,118.666638425573,13.3333333333332));
#2240=CARTESIAN_POINT('Ctrl Pts',(34.247251591088,116.999971737962,19.9999999999999));
#2241=CARTESIAN_POINT('Ctrl Pts',(3.34786751052778,122.,0.));
#2242=CARTESIAN_POINT('Ctrl Pts',(6.52069161383683,120.333333370323,6.66666666666667));
#2243=CARTESIAN_POINT('Ctrl Pts',(9.69351571572362,118.66666675573,13.3333333333333));
#2244=CARTESIAN_POINT('Ctrl Pts',(12.8663398190327,117.000000126053,20.));
#2245=CARTESIAN_POINT('Ctrl Pts',(3.17393375526389,122.,0.));
#2246=CARTESIAN_POINT('Ctrl Pts',(6.36018238873078,120.331546192762,6.66666666666666));
#2247=CARTESIAN_POINT('Ctrl Pts',(9.54643106260205,118.663091420294,13.3333333333333));
#2248=CARTESIAN_POINT('Ctrl Pts',(12.7326796960689,116.994637613056,20.));
#2249=CARTESIAN_POINT('Ctrl Pts',(3.00000000000001,122.,0.));
#2250=CARTESIAN_POINT('Ctrl Pts',(6.19981635263916,120.32797668881,6.66666666666667));
#2251=CARTESIAN_POINT('Ctrl Pts',(9.39963270527831,118.65595337762,13.3333333333333));
#2252=CARTESIAN_POINT('Ctrl Pts',(12.5994490579175,116.98393006643,20.));
#2253=CARTESIAN_POINT('',(12.5994490579175,116.98393006643,20.));
#2254=CARTESIAN_POINT('Ctrl Pts',(34.3000003349425,116.99998066958,19.9999999999999));
#2255=CARTESIAN_POINT('Ctrl Pts',(27.2000005357405,116.999984020398,19.9999999999999));
#2256=CARTESIAN_POINT('Ctrl Pts',(20.10000056108,116.9999905217,20.));
#2257=CARTESIAN_POINT('Ctrl Pts',(12.8663398190327,117.000000126053,20.));
#2258=CARTESIAN_POINT('Ctrl Pts',(12.7326796960689,116.994637613056,20.));
#2259=CARTESIAN_POINT('Ctrl Pts',(12.5994490579175,116.98393006643,20.));
#2260=CARTESIAN_POINT('',(3.,122.,0.));
#2261=CARTESIAN_POINT('',(3.,122.,0.));
#2262=CARTESIAN_POINT('',(87.,122.,0.));
#2263=CARTESIAN_POINT('Ctrl Pts',(87.,122.,0.));
#2264=CARTESIAN_POINT('Ctrl Pts',(86.8232520536535,122.,0.));
#2265=CARTESIAN_POINT('Ctrl Pts',(86.646504107307,122.,0.));
#2266=CARTESIAN_POINT('Ctrl Pts',(58.8204378625712,122.000000000001,0.));
#2267=CARTESIAN_POINT('Ctrl Pts',(31.1711195641813,122.,0.));
#2268=CARTESIAN_POINT('Ctrl Pts',(3.34786751052778,122.,0.));
#2269=CARTESIAN_POINT('Ctrl Pts',(3.17393375526389,122.,0.));
#2270=CARTESIAN_POINT('Ctrl Pts',(3.00000000000001,122.,0.));
#2271=CARTESIAN_POINT('',(77.1487674734024,116.983406137261,20.));
#2272=CARTESIAN_POINT('',(87.,122.,0.));
#2273=CARTESIAN_POINT('Ctrl Pts',(77.1487674734024,116.983406137261,20.));
#2274=CARTESIAN_POINT('Ctrl Pts',(77.0133954395514,116.994462589327,20.));
#2275=CARTESIAN_POINT('Ctrl Pts',(76.8775727460756,117.000000137197,20.));
#2276=CARTESIAN_POINT('Ctrl Pts',(69.7278327452819,116.999989969226,20.));
#2277=CARTESIAN_POINT('Ctrl Pts',(62.7139160859456,116.999983506294,20.));
#2278=CARTESIAN_POINT('Ctrl Pts',(55.6999996100089,116.999980338424,20.));
#2279=CARTESIAN_POINT('Origin',(0.,49.7347354249573,53.4686789713191));
#2280=CARTESIAN_POINT('',(45.0705217909831,49.1993266309305,54.3416285228943));
#2281=CARTESIAN_POINT('',(44.9294761973601,49.1993266309305,54.3416285228943));
#2282=CARTESIAN_POINT('Origin',(44.9999989941716,45.4999987818301,60.3731442974373));
#2283=CARTESIAN_POINT('',(0.,49.1993266309305,54.3416285228943));
#2284=CARTESIAN_POINT('Origin',(0.,41.8002199140705,55.0473385973424));
#2285=CARTESIAN_POINT('',(44.9595474221439,41.8002199140705,55.0473385973424));
#2286=CARTESIAN_POINT('',(45.0404505661994,41.8002199140705,55.0473385973424));
#2287=CARTESIAN_POINT('Origin',(44.9999989941716,45.4999987818301,65.5949092772951));
#2288=CARTESIAN_POINT('',(0.,41.8002199140705,55.0473385973424));
#2289=CARTESIAN_POINT('Origin',(0.,49.1993266309305,54.3416285228943));
#2290=CARTESIAN_POINT('Origin',(44.9999989941716,45.4999987818301,54.6944620515482));
#2291=CARTESIAN_POINT('',(41.2999989941716,45.4999987818301,54.6944620515482));
#2292=CARTESIAN_POINT('Origin',(44.9999989941716,45.4999987818301,54.6944620515482));
#2293=CARTESIAN_POINT('Origin',(44.9999989941716,45.4999987818301,54.6944620515482));
#2294=CARTESIAN_POINT('',(48.4999989941716,45.4999987818301,54.6944620515482));
#2295=CARTESIAN_POINT('Origin',(44.9999989941716,45.4999987818301,54.6944620515482));
#2296=CARTESIAN_POINT('Origin',(44.9999989941716,45.4999987818301,56.));
#2297=CARTESIAN_POINT('',(48.4999989941716,45.4999987818301,56.));
#2298=CARTESIAN_POINT('Origin',(44.9999989941716,45.4999987818301,56.));
#2299=CARTESIAN_POINT('',(46.2499989941716,45.4999987818301,56.));
#2300=CARTESIAN_POINT('Origin',(44.9999989941716,45.4999987818301,56.));
#2301=CARTESIAN_POINT('Origin',(44.9999989941716,45.4999987818301,55.));
#2302=CARTESIAN_POINT('',(48.4999989941716,45.4999987818301,55.));
#2303=CARTESIAN_POINT('Origin',(44.9999989941716,45.4999987818301,56.5));
#2304=CARTESIAN_POINT('',(46.2499649431234,45.4999249880049,57.2960731584308));
#2305=CARTESIAN_POINT('',(46.2499989941716,45.4999987818301,56.5));
#2306=CARTESIAN_POINT('',(46.1591573303662,45.0321930410396,57.3644358517419));
#2307=CARTESIAN_POINT('Ctrl Pts',(46.1591573303662,45.0321930410396,57.3644358517419));
#2308=CARTESIAN_POINT('Ctrl Pts',(46.1236862393971,44.9442828416544,57.3772849297315));
#2309=CARTESIAN_POINT('Ctrl Pts',(46.0783129378295,44.8606481489837,57.389509160741));
#2310=CARTESIAN_POINT('Ctrl Pts',(46.0238815359853,44.7829203001967,57.4008701063628));
#2311=CARTESIAN_POINT('Ctrl Pts',(46.0156954829179,44.7712306454491,57.4025787028825));
#2312=CARTESIAN_POINT('Ctrl Pts',(46.0073046523543,44.759674590436,57.4042677737989));
#2313=CARTESIAN_POINT('Ctrl Pts',(45.998712024839,44.7482576842169,57.4059365080551));
#2314=CARTESIAN_POINT('Ctrl Pts',(45.9470667131376,44.679637267552,57.4159663040228));
#2315=CARTESIAN_POINT('Ctrl Pts',(45.8885752301337,44.6166246358691,57.4251765120644));
#2316=CARTESIAN_POINT('Ctrl Pts',(45.8241966684569,44.5601639859806,57.4334291249156));
#2317=CARTESIAN_POINT('Ctrl Pts',(45.7637653601918,44.5071651172672,57.4411757439486));
#2318=CARTESIAN_POINT('Ctrl Pts',(45.6981470007578,44.4599394158451,57.4480785942844));
#2319=CARTESIAN_POINT('Ctrl Pts',(45.628176813818,44.4192678310123,57.4540235290217));
#2320=CARTESIAN_POINT('Ctrl Pts',(45.5498339576302,44.3737294630182,57.460679837766));
#2321=CARTESIAN_POINT('Ctrl Pts',(45.466777149862,44.3368478191249,57.4660709184814));
#2322=CARTESIAN_POINT('Ctrl Pts',(45.3804669207587,44.3092713887129,57.4701019804325));
#2323=CARTESIAN_POINT('Ctrl Pts',(45.3562586702515,44.3015367651063,57.4712326107012));
#2324=CARTESIAN_POINT('Ctrl Pts',(45.3317947995133,44.2945341710126,57.4722562499885));
#2325=CARTESIAN_POINT('Ctrl Pts',(45.307108245925,44.2882779152582,57.4731708067393));
#2326=CARTESIAN_POINT('Ctrl Pts',(45.2370206944558,44.2705157903988,57.4757673232242));
#2327=CARTESIAN_POINT('Ctrl Pts',(45.1655035337316,44.2588635277952,57.4774708384768));
#2328=CARTESIAN_POINT('Ctrl Pts',(45.0933601247258,44.2534629273056,57.4782606224078));
#2329=CARTESIAN_POINT('Ctrl Pts',(45.0622842072964,44.251136607865,57.4786008234126));
#2330=CARTESIAN_POINT('Ctrl Pts',(45.0311430499331,44.2499740894991,57.4787709251016));
#2331=CARTESIAN_POINT('Ctrl Pts',(45.000001950022,44.2499753538248,57.4787709297751));
#2332=CARTESIAN_POINT('Ctrl Pts',(44.9687774584411,44.2499766215362,57.4787709344611));
#2333=CARTESIAN_POINT('Ctrl Pts',(44.9375530320355,44.2511479131897,57.4785999299181));
#2334=CARTESIAN_POINT('Ctrl Pts',(44.9063944957815,44.2534892105615,57.4782579184647));
#2335=CARTESIAN_POINT('Ctrl Pts',(44.8342236850124,44.2589122294157,57.4774657360695));
#2336=CARTESIAN_POINT('Ctrl Pts',(44.7626812264084,44.2705916258178,57.4757591258568));
#2337=CARTESIAN_POINT('Ctrl Pts',(44.6925713766189,44.288384987414,57.4731588985753));
#2338=CARTESIAN_POINT('Ctrl Pts',(44.6045799072346,44.3107165718753,57.4698954795275));
#2339=CARTESIAN_POINT('Ctrl Pts',(44.5194248066512,44.3425301374812,57.4652461705109));
#2340=CARTESIAN_POINT('Ctrl Pts',(44.4385800304493,44.383176709519,57.4593058179137));
#2341=CARTESIAN_POINT('Ctrl Pts',(44.4157941245009,44.3946328481972,57.4576315438055));
#2342=CARTESIAN_POINT('Ctrl Pts',(44.3933503101227,44.4067906638754,57.4558547116893));
#2343=CARTESIAN_POINT('Ctrl Pts',(44.3712808142715,44.4196356264561,57.4539774451214));
#2344=CARTESIAN_POINT('Ctrl Pts',(44.2968476093283,44.4629574920167,57.4476460378195));
#2345=CARTESIAN_POINT('Ctrl Pts',(44.2273311389016,44.5137074488935,57.4402289240474));
#2346=CARTESIAN_POINT('Ctrl Pts',(44.1637421489374,44.5709511249571,57.4318626661839));
#2347=CARTESIAN_POINT('Ctrl Pts',(44.1091532738179,44.620092774884,57.4246805328304));
#2348=CARTESIAN_POINT('Ctrl Pts',(44.0589317294819,44.6740200419572,57.4167989174091));
#2349=CARTESIAN_POINT('Ctrl Pts',(44.0136863054571,44.7321417920784,57.408304216734));
#2350=CARTESIAN_POINT('Ctrl Pts',(43.9531678681113,44.8098830790474,57.3969420509094));
#2351=CARTESIAN_POINT('Ctrl Pts',(43.9022474643574,44.8942414160166,57.384612696337));
#2352=CARTESIAN_POINT('Ctrl Pts',(43.8617966838928,44.9833669978752,57.3715865139396));
#2353=CARTESIAN_POINT('Ctrl Pts',(43.8341912531084,45.0441903009825,57.3626968615664));
#2354=CARTESIAN_POINT('Ctrl Pts',(43.8114603013845,45.1072338582253,57.3534826747985));
#2355=CARTESIAN_POINT('Ctrl Pts',(43.7938673681537,45.1719097318051,57.3440298840274));
#2356=CARTESIAN_POINT('Ctrl Pts',(43.7560428138573,45.3109619330373,57.3237065193512));
#2357=CARTESIAN_POINT('Ctrl Pts',(43.7425973038878,45.4553281462878,57.302606337531));
#2358=CARTESIAN_POINT('Ctrl Pts',(43.753931832037,45.5986116644099,57.2816642560864));
#2359=CARTESIAN_POINT('Ctrl Pts',(43.7555490715523,45.6190557238667,57.2786761862524));
#2360=CARTESIAN_POINT('Ctrl Pts',(43.7576708838537,45.6394777413004,57.2756913350755));
#2361=CARTESIAN_POINT('Ctrl Pts',(43.7602985634387,45.6598591355301,57.2727124182819));
#2362=CARTESIAN_POINT('Ctrl Pts',(43.7728408303151,45.7571422621344,57.2584936491283));
#2363=CARTESIAN_POINT('Ctrl Pts',(43.7967802427824,45.8524847132617,57.2445584571227));
#2364=CARTESIAN_POINT('Ctrl Pts',(43.8315221503149,45.9439416796773,57.2311910880081));
#2365=CARTESIAN_POINT('Ctrl Pts',(43.8513252693371,45.9960727605524,57.2235715984525));
#2366=CARTESIAN_POINT('Ctrl Pts',(43.8746391049578,46.0469414176012,57.2161365988717));
#2367=CARTESIAN_POINT('Ctrl Pts',(43.9013611925159,46.0961874717207,57.2089387314359));
#2368=CARTESIAN_POINT('Ctrl Pts',(43.9467438965424,46.1798231193368,57.1967144362062));
#2369=CARTESIAN_POINT('Ctrl Pts',(44.0015081451798,46.2579548754215,57.185294511363));
#2370=CARTESIAN_POINT('Ctrl Pts',(44.0645441653206,46.3290839602853,57.1748980163604));
#2371=CARTESIAN_POINT('Ctrl Pts',(44.0971566125407,46.3658834523971,57.1695192639615));
#2372=CARTESIAN_POINT('Ctrl Pts',(44.1319839926834,46.4008085849638,57.1644144464103));
#2373=CARTESIAN_POINT('Ctrl Pts',(44.1688780518421,46.4336518103112,57.1596138988334));
#2374=CARTESIAN_POINT('Ctrl Pts',(44.2459541664421,46.5022652472283,57.1495849791749));
#2375=CARTESIAN_POINT('Ctrl Pts',(44.3311705254081,46.5610109640014,57.1409982351745));
#2376=CARTESIAN_POINT('Ctrl Pts',(44.422529865162,46.6086005316155,57.1340419942581));
#2377=CARTESIAN_POINT('Ctrl Pts',(44.4689152129384,46.6327629068062,57.1305101423972));
#2378=CARTESIAN_POINT('Ctrl Pts',(44.5168850199334,46.6540494074414,57.127398607922));
#2379=CARTESIAN_POINT('Ctrl Pts',(44.5661828983926,46.6722914042132,57.1247320397109));
#2380=CARTESIAN_POINT('Ctrl Pts',(44.6472467561059,46.7022879614064,57.1203472200635));
#2381=CARTESIAN_POINT('Ctrl Pts',(44.7312462430115,46.7238104068089,57.1172009309077));
#2382=CARTESIAN_POINT('Ctrl Pts',(44.8168385239978,46.7364860962457,57.1153476517281));
#2383=CARTESIAN_POINT('Ctrl Pts',(44.8774823961965,46.7454670800607,57.1140345657299));
#2384=CARTESIAN_POINT('Ctrl Pts',(44.9387044562678,46.7499741181077,57.1133753772695));
#2385=CARTESIAN_POINT('Ctrl Pts',(45.0000087758388,46.7499709851604,57.1133753868208));
#2386=CARTESIAN_POINT('Ctrl Pts',(45.0050785185494,46.749970726072,57.1133753876107));
#2387=CARTESIAN_POINT('Ctrl Pts',(45.0101488242993,46.7499396221322,57.1133798966255));
#2388=CARTESIAN_POINT('Ctrl Pts',(45.0152194128383,46.7498776528546,57.113388916863));
#2389=CARTESIAN_POINT('Ctrl Pts',(45.0823027935104,46.7490578054922,57.1135082537051));
#2390=CARTESIAN_POINT('Ctrl Pts',(45.1492007935285,46.7428384645619,57.1144167726263));
#2391=CARTESIAN_POINT('Ctrl Pts',(45.2152656904462,46.7312850175259,57.1161049247599));
#2392=CARTESIAN_POINT('Ctrl Pts',(45.3047361788012,46.7156383943307,57.1183911584915));
#2393=CARTESIAN_POINT('Ctrl Pts',(45.3921797864518,46.6902960644027,57.1220945211682));
#2394=CARTESIAN_POINT('Ctrl Pts',(45.4760595508136,46.6557408367182,57.1271444637389));
#2395=CARTESIAN_POINT('Ctrl Pts',(45.5702615599038,46.6169332423332,57.1328158522981));
#2396=CARTESIAN_POINT('Ctrl Pts',(45.6590323434887,46.5668913694707,57.140129279184));
#2397=CARTESIAN_POINT('Ctrl Pts',(45.7405590489952,46.5069287856596,57.1488927711281));
#2398=CARTESIAN_POINT('Ctrl Pts',(45.7901783084187,46.4704340078644,57.1542264587527));
#2399=CARTESIAN_POINT('Ctrl Pts',(45.837113293102,46.4302643457576,57.1600972873213));
#2400=CARTESIAN_POINT('Ctrl Pts',(45.8809456981879,46.3867159360093,57.1664619763692));
#2401=CARTESIAN_POINT('Ctrl Pts',(45.9484696503772,46.3196294794936,57.1762667990371));
#2402=CARTESIAN_POINT('Ctrl Pts',(46.007867161271,46.2452865043434,57.1871322945299));
#2403=CARTESIAN_POINT('Ctrl Pts',(46.0581882086898,46.1652463083219,57.1988305589188));
#2404=CARTESIAN_POINT('Ctrl Pts',(46.0948003916887,46.1070113061842,57.2073418880454));
#2405=CARTESIAN_POINT('Ctrl Pts',(46.1266068362815,46.0457604171984,57.2162940525094));
#2406=CARTESIAN_POINT('Ctrl Pts',(46.153224240232,45.9820941982001,57.2255992755261));
#2407=CARTESIAN_POINT('Ctrl Pts',(46.1929482683054,45.887078220101,57.2394864653148));
#2408=CARTESIAN_POINT('Ctrl Pts',(46.2206557408513,45.787796463764,57.2539972206059));
#2409=CARTESIAN_POINT('Ctrl Pts',(46.2359458671696,45.68654510614,57.2687959288396));
#2410=CARTESIAN_POINT('Ctrl Pts',(46.2452559952178,45.6248933522631,57.2778068333758));
#2411=CARTESIAN_POINT('Ctrl Pts',(46.2499611234792,45.5625113555247,57.2869244984327));
#2412=CARTESIAN_POINT('Ctrl Pts',(46.2499614826951,45.4999174887279,57.2960731584308));
#2413=CARTESIAN_POINT('Ctrl Pts',(46.2499614826951,45.4999174887279,57.2960731584308));
#2414=CARTESIAN_POINT('Ctrl Pts',(46.2499614906272,45.4970829057735,57.2964874583777));
#2415=CARTESIAN_POINT('Ctrl Pts',(46.2499518409979,45.4942478883555,57.2969018218834));
#2416=CARTESIAN_POINT('Ctrl Pts',(46.2499325488479,45.4914124845242,57.2973162419246));
#2417=CARTESIAN_POINT('Ctrl Pts',(46.2488621886807,45.3340996229616,57.3203089464779));
#2418=CARTESIAN_POINT('Ctrl Pts',(46.2181038108935,45.1782837508158,57.3430830287863));
#2419=CARTESIAN_POINT('Ctrl Pts',(46.1591573303662,45.0321930410396,57.3644358517419));
#2420=CARTESIAN_POINT('Origin',(44.9999989941716,45.4999987818301,54.));
#2421=CARTESIAN_POINT('',(41.3131316398797,45.1852972635167,54.7362110857243));
#2422=CARTESIAN_POINT('',(41.2996986635326,45.5002973195387,54.7057905401136));
#2423=CARTESIAN_POINT('Ctrl Pts',(41.3134320655669,45.1849999232327,54.7362110857248));
#2424=CARTESIAN_POINT('Ctrl Pts',(41.3258011470464,45.0402392503761,54.7502029793995));
#2425=CARTESIAN_POINT('Ctrl Pts',(41.3466867787853,44.8963234717397,54.7641312621914));
#2426=CARTESIAN_POINT('Ctrl Pts',(41.4489550292407,44.3995101195877,54.8122954511704));
#2427=CARTESIAN_POINT('Ctrl Pts',(41.5735743845771,44.0574995083081,54.8456064717315));
#2428=CARTESIAN_POINT('Ctrl Pts',(41.9728373436173,43.3197469755789,54.9178976844788));
#2429=CARTESIAN_POINT('Ctrl Pts',(42.2787806655623,42.9479575068328,54.9546869673675));
#2430=CARTESIAN_POINT('Ctrl Pts',(43.022520740986,42.3351941086011,55.015769289004));
#2431=CARTESIAN_POINT('Ctrl Pts',(43.4553541418613,42.1027652311463,55.0391981670191));
#2432=CARTESIAN_POINT('Ctrl Pts',(44.3823013156937,41.8202062408309,55.0677512939615));
#2433=CARTESIAN_POINT('Ctrl Pts',(44.8665922705251,41.7710846115937,55.0727526592328));
#2434=CARTESIAN_POINT('Ctrl Pts',(45.8035389900984,41.8592811623248,55.0638119447756));
#2435=CARTESIAN_POINT('Ctrl Pts',(46.2481316537671,41.9868417069769,55.0508690100976));
#2436=CARTESIAN_POINT('Ctrl Pts',(47.0475910357247,42.3875461075489,55.0105736757951));
#2437=CARTESIAN_POINT('Ctrl Pts',(47.399389028713,42.6500268928029,54.984299444949));
#2438=CARTESIAN_POINT('Ctrl Pts',(48.0354438630122,43.3274191010422,54.9171559021196));
#2439=CARTESIAN_POINT('Ctrl Pts',(48.2978043790921,43.7513455706055,54.8754865583326));
#2440=CARTESIAN_POINT('Ctrl Pts',(48.567987972627,44.4801401179047,54.8044741457463));
#2441=CARTESIAN_POINT('Ctrl Pts',(48.6357010373185,44.7568569488473,54.7776247704235));
#2442=CARTESIAN_POINT('Ctrl Pts',(48.6938866875171,45.2197320055556,54.7328443335088));
#2443=CARTESIAN_POINT('Ctrl Pts',(48.7032168814972,45.4023757938483,54.7152064240315));
#2444=CARTESIAN_POINT('Ctrl Pts',(48.6952736936048,45.7482226429449,54.6818439840397));
#2445=CARTESIAN_POINT('Ctrl Pts',(48.6807183780391,45.9110722598908,54.6661496068995));
#2446=CARTESIAN_POINT('Ctrl Pts',(48.6247792770071,46.2682866655786,54.6317355520944));
#2447=CARTESIAN_POINT('Ctrl Pts',(48.578413820193,46.4613893566494,54.6131397976505));
#2448=CARTESIAN_POINT('Ctrl Pts',(48.4139715253683,46.9643208440469,54.5646868576774));
#2449=CARTESIAN_POINT('Ctrl Pts',(48.2693994866098,47.263707443503,54.5358181814849));
#2450=CARTESIAN_POINT('Ctrl Pts',(47.8296424258971,47.9291391378721,54.4714935260052));
#2451=CARTESIAN_POINT('Ctrl Pts',(47.5009459812017,48.2665082373263,54.4387310492143));
#2452=CARTESIAN_POINT('Ctrl Pts',(46.7204309472775,48.8113394603533,54.3856064477972));
#2453=CARTESIAN_POINT('Ctrl Pts',(46.272133320766,49.0081519580876,54.3662896511446));
#2454=CARTESIAN_POINT('Ctrl Pts',(45.3334847606766,49.2155613260507,54.345914223321));
#2455=CARTESIAN_POINT('Ctrl Pts',(44.8531553988883,49.2276112484706,54.344725542265));
#2456=CARTESIAN_POINT('Ctrl Pts',(43.9463428547378,49.0744310593932,54.3597813946222));
#2457=CARTESIAN_POINT('Ctrl Pts',(43.5260376353921,48.9225402308951,54.3747054167297));
#2458=CARTESIAN_POINT('Ctrl Pts',(42.7841059547171,48.4919550863376,54.416772638935));
#2459=CARTESIAN_POINT('Ctrl Pts',(42.4632333355598,48.2251240455483,54.4427572485948));
#2460=CARTESIAN_POINT('Ctrl Pts',(41.9168595923697,47.5890995599602,54.5044005946362));
#2461=CARTESIAN_POINT('Ctrl Pts',(41.6979469226555,47.2222297722995,54.539823858046));
#2462=CARTESIAN_POINT('Ctrl Pts',(41.4676307469571,46.6225586187371,54.5976166387609));
#2463=CARTESIAN_POINT('Ctrl Pts',(41.4075187279549,46.4120358167668,54.6178906106552));
#2464=CARTESIAN_POINT('Ctrl Pts',(41.3349797355651,46.0341352408798,54.6542924168542));
#2465=CARTESIAN_POINT('Ctrl Pts',(41.3146771681233,45.868864967348,54.6702154038036));
#2466=CARTESIAN_POINT('Ctrl Pts',(41.3018527084944,45.6352463090762,54.6927420638898));
#2467=CARTESIAN_POINT('Ctrl Pts',(41.2999989941393,45.567619021295,54.6992652081466));
#2468=CARTESIAN_POINT('Ctrl Pts',(41.2999989941716,45.499998780059,54.7057905401136));
#2469=CARTESIAN_POINT('Ctrl Pts',(41.2990409845585,45.5009510761433,54.7057905401135));
#2470=CARTESIAN_POINT('Ctrl Pts',(41.2990411058126,45.3958377157321,54.7159338258227));
#2471=CARTESIAN_POINT('Ctrl Pts',(41.3035200280901,45.2907414530333,54.7260824264394));
#2472=CARTESIAN_POINT('Ctrl Pts',(41.3124730956577,45.1859490444211,54.7362110857233));
#2473=CARTESIAN_POINT('',(41.2999989941716,45.4999987818301,54.));
#2474=CARTESIAN_POINT('Ctrl Pts',(40.0000005513429,77.2095031888752,55.));
#2475=CARTESIAN_POINT('Ctrl Pts',(39.9702386400174,77.1474852937695,55.0595238095238));
#2476=CARTESIAN_POINT('Ctrl Pts',(39.9107148173664,77.0234495035582,55.1785714285714));
#2477=CARTESIAN_POINT('Ctrl Pts',(39.7916671720644,76.7753779231356,55.4166666666667));
#2478=CARTESIAN_POINT('Ctrl Pts',(39.6428576154368,76.4652884476073,55.7142857142857));
#2479=CARTESIAN_POINT('Ctrl Pts',(39.4642861474838,76.0931810769734,56.0714285714286));
#2480=CARTESIAN_POINT('Ctrl Pts',(38.7500002756715,74.6047515944376,57.5));
#2481=CARTESIAN_POINT('Ctrl Pts',(38.0952382265102,73.2403579021132,58.8095238095238));
#2482=CARTESIAN_POINT('Ctrl Pts',(37.5,72.,60.));
#2483=CARTESIAN_POINT('Ctrl Pts',(39.6610150915712,77.2095031888752,55.));
#2484=CARTESIAN_POINT('Ctrl Pts',(39.6305856484524,77.147487229454,55.0595238095238));
#2485=CARTESIAN_POINT('Ctrl Pts',(39.5697572141838,77.0234532117088,55.1785714285714));
#2486=CARTESIAN_POINT('Ctrl Pts',(39.4480577683947,76.7753881108566,55.4166666666667));
#2487=CARTESIAN_POINT('Ctrl Pts',(39.2959901225303,76.4653028294049,55.7142857142857));
#2488=CARTESIAN_POINT('Ctrl Pts',(39.1134864895141,76.0932020395795,56.0714285714286));
#2489=CARTESIAN_POINT('Ctrl Pts',(38.3832987335162,74.6048108197423,57.5));
#2490=CARTESIAN_POINT('Ctrl Pts',(37.7158897806771,73.2403191884244,58.8095238095238));
#2491=CARTESIAN_POINT('Ctrl Pts',(37.1073009183013,72.,60.));
#2492=CARTESIAN_POINT('Ctrl Pts',(38.8248674797633,77.0865625205607,55.));
#2493=CARTESIAN_POINT('Ctrl Pts',(38.7950725260135,77.0241548826969,55.0595238095238));
#2494=CARTESIAN_POINT('Ctrl Pts',(38.7354813207521,76.8993340411893,55.1785714285714));
#2495=CARTESIAN_POINT('Ctrl Pts',(38.6163007247302,76.6497001401213,55.4166666666666));
#2496=CARTESIAN_POINT('Ctrl Pts',(38.4673225649835,76.3376474076506,55.7142857142857));
#2497=CARTESIAN_POINT('Ctrl Pts',(38.288549730372,75.9631882333848,56.0714285714286));
#2498=CARTESIAN_POINT('Ctrl Pts',(37.5734657741538,74.4653831968777,57.5));
#2499=CARTESIAN_POINT('Ctrl Pts',(36.9178899049589,73.0920425282487,58.8095238095238));
#2500=CARTESIAN_POINT('Ctrl Pts',(36.3219908299617,71.8438897709719,60.));
#2501=CARTESIAN_POINT('Ctrl Pts',(37.6428528314483,76.2443150307566,55.));
#2502=CARTESIAN_POINT('Ctrl Pts',(37.6152200021557,76.1839967463179,55.0595238095238));
#2503=CARTESIAN_POINT('Ctrl Pts',(37.559975240579,76.0633482345699,55.1785714285714));
#2504=CARTESIAN_POINT('Ctrl Pts',(37.4494564997025,75.8220679093245,55.4166666666666));
#2505=CARTESIAN_POINT('Ctrl Pts',(37.3113469562544,75.5204452809063,55.7142857142857));
#2506=CARTESIAN_POINT('Ctrl Pts',(37.1456000928118,75.158506934535,56.0714285714286));
#2507=CARTESIAN_POINT('Ctrl Pts',(36.4824937678442,73.7108214852489,57.5));
#2508=CARTESIAN_POINT('Ctrl Pts',(35.8759706031414,72.3830196381124,58.8095238095238));
#2509=CARTESIAN_POINT('Ctrl Pts',(35.3233140172891,71.1766539493385,60.));
#2510=CARTESIAN_POINT('Ctrl Pts',(37.038601100074,75.0457861708593,54.9999999999999));
#2511=CARTESIAN_POINT('Ctrl Pts',(37.0102388490327,74.9878433025571,55.0595238095238));
#2512=CARTESIAN_POINT('Ctrl Pts',(36.9535131609412,74.8719497453379,55.1785714285714));
#2513=CARTESIAN_POINT('Ctrl Pts',(36.840063443009,74.6401735655057,55.4166666666666));
#2514=CARTESIAN_POINT('Ctrl Pts',(36.6982490888104,74.3504387890529,55.7142857142857));
#2515=CARTESIAN_POINT('Ctrl Pts',(36.5280727384401,74.0027628249238,56.0714285714285));
#2516=CARTESIAN_POINT('Ctrl Pts',(35.8473740834897,72.6121034554385,57.4999999999999));
#2517=CARTESIAN_POINT('Ctrl Pts',(35.2233251558611,71.3368367532525,58.8095238095238));
#2518=CARTESIAN_POINT('Ctrl Pts',(34.6560801350355,70.17797938721,59.9999999999999));
#2519=CARTESIAN_POINT('Ctrl Pts',(37.0006501455343,74.4148229859169,54.9999999999999));
#2520=CARTESIAN_POINT('Ctrl Pts',(36.9708657572404,74.3550513542037,55.0595238095237));
#2521=CARTESIAN_POINT('Ctrl Pts',(36.9113126036515,74.2354906701484,55.1785714285713));
#2522=CARTESIAN_POINT('Ctrl Pts',(36.7921844527512,73.996393659166,55.4166666666666));
#2523=CARTESIAN_POINT('Ctrl Pts',(36.6433033335287,73.6974899812204,55.7142857142856));
#2524=CARTESIAN_POINT('Ctrl Pts',(36.4646344686786,73.3388184152006,56.0714285714285));
#2525=CARTESIAN_POINT('Ctrl Pts',(35.7498701389221,71.9042312471723,57.4999999999999));
#2526=CARTESIAN_POINT('Ctrl Pts',(35.0956595749361,70.5880890175169,58.8095238095237));
#2527=CARTESIAN_POINT('Ctrl Pts',(34.4999718090578,69.392656383254,59.9999999999999));
#2528=CARTESIAN_POINT('Ctrl Pts',(37.0002275882445,74.1059545179721,54.9999999999999));
#2529=CARTESIAN_POINT('Ctrl Pts',(36.9704733515192,74.0427948700687,55.0595238095237));
#2530=CARTESIAN_POINT('Ctrl Pts',(36.9109531727031,73.9164695332134,55.1785714285713));
#2531=CARTESIAN_POINT('Ctrl Pts',(36.7919291812473,73.6638273059598,55.4166666666666));
#2532=CARTESIAN_POINT('Ctrl Pts',(36.643127411987,73.3480132814338,55.7142857142856));
#2533=CARTESIAN_POINT('Ctrl Pts',(36.4645739214479,72.9690409072071,56.0714285714285));
#2534=CARTESIAN_POINT('Ctrl Pts',(35.7504265444594,71.4531857743903,57.4999999999999));
#2535=CARTESIAN_POINT('Ctrl Pts',(35.0950496482652,70.0632690650753,58.8095238095237));
#2536=CARTESIAN_POINT('Ctrl Pts',(34.4999649137596,68.8000761070084,59.9999999999999));
#2537=CARTESIAN_POINT('Ctrl Pts',(37.0003029840145,73.8976077621306,54.9999999999999));
#2538=CARTESIAN_POINT('Ctrl Pts',(36.9705360589454,73.8317115005329,55.0595238095237));
#2539=CARTESIAN_POINT('Ctrl Pts',(36.911003325399,73.6999094555555,55.1785714285713));
#2540=CARTESIAN_POINT('Ctrl Pts',(36.7919362971128,73.4363186787402,55.4166666666666));
#2541=CARTESIAN_POINT('Ctrl Pts',(36.6431045893753,73.1068124907307,55.7142857142856));
#2542=CARTESIAN_POINT('Ctrl Pts',(36.4645057166165,72.7114120873248,56.0714285714285));
#2543=CARTESIAN_POINT('Ctrl Pts',(35.7501038739255,71.1298646377048,57.4999999999999));
#2544=CARTESIAN_POINT('Ctrl Pts',(35.0953062795652,69.6795093878416,58.8095238095237));
#2545=CARTESIAN_POINT('Ctrl Pts',(34.4999677781827,68.3615841558883,59.9999999999999));
#2546=CARTESIAN_POINT('Ctrl Pts',(37.0002462561658,73.585083902632,54.9999999999999));
#2547=CARTESIAN_POINT('Ctrl Pts',(36.9704865599034,73.5137805299173,55.0595238095237));
#2548=CARTESIAN_POINT('Ctrl Pts',(36.9109611775876,73.3711664808207,55.1785714285713));
#2549=CARTESIAN_POINT('Ctrl Pts',(36.7919187877457,73.0859485944493,55.4166666666666));
#2550=CARTESIAN_POINT('Ctrl Pts',(36.6431046553586,72.729412646697,55.7142857142856));
#2551=CARTESIAN_POINT('Ctrl Pts',(36.4645321138965,72.3015748957653,56.0714285714285));
#2552=CARTESIAN_POINT('Ctrl Pts',(35.7502760205625,70.5902654384472,57.4999999999999));
#2553=CARTESIAN_POINT('Ctrl Pts',(35.0951616791132,69.0211022494657,58.8095238095237));
#2554=CARTESIAN_POINT('Ctrl Pts',(34.4999677538647,67.5950347951717,59.9999999999999));
#2555=CARTESIAN_POINT('Ctrl Pts',(37.0002627059622,73.2725686408188,54.9999999999999));
#2556=CARTESIAN_POINT('Ctrl Pts',(36.9704999313335,73.1946513180121,55.0595238095237));
#2557=CARTESIAN_POINT('Ctrl Pts',(36.9109715361017,73.0388090103477,55.1785714285713));
#2558=CARTESIAN_POINT('Ctrl Pts',(36.7919187248149,72.7271351079247,55.4166666666666));
#2559=CARTESIAN_POINT('Ctrl Pts',(36.6430974152587,72.3375284732704,55.7142857142856));
#2560=CARTESIAN_POINT('Ctrl Pts',(36.4645139426648,71.8700061623602,56.0714285714285));
#2561=CARTESIAN_POINT('Ctrl Pts',(35.7501962414186,69.9999605037693,57.4999999999999));
#2562=CARTESIAN_POINT('Ctrl Pts',(35.0952246581981,68.2852664185427,58.8095238095237));
#2563=CARTESIAN_POINT('Ctrl Pts',(34.499969165624,66.7269199624079,59.9999999999999));
#2564=CARTESIAN_POINT('Ctrl Pts',(37.0002107038356,72.6475423176756,54.9999999999999));
#2565=CARTESIAN_POINT('Ctrl Pts',(36.9704498760896,72.5541507826295,55.0595238095237));
#2566=CARTESIAN_POINT('Ctrl Pts',(36.9109239355067,72.3673602156297,55.1785714285713));
#2567=CARTESIAN_POINT('Ctrl Pts',(36.7918780456577,71.9937895636361,55.4166666666666));
#2568=CARTESIAN_POINT('Ctrl Pts',(36.6430627101631,71.5268122992975,55.7142857142856));
#2569=CARTESIAN_POINT('Ctrl Pts',(36.4644874677752,70.9664451109749,56.0714285714285));
#2570=CARTESIAN_POINT('Ctrl Pts',(35.7502108736692,68.7250190033283,57.4999999999999));
#2571=CARTESIAN_POINT('Ctrl Pts',(35.0951857712852,66.6699033053745,58.8095238095237));
#2572=CARTESIAN_POINT('Ctrl Pts',(34.4999692163657,64.8020726044527,59.9999999999999));
#2573=CARTESIAN_POINT('Ctrl Pts',(37.0006725795529,69.6263926113618,55.));
#2574=CARTESIAN_POINT('Ctrl Pts',(36.970906805601,69.4331615840009,55.0595238095238));
#2575=CARTESIAN_POINT('Ctrl Pts',(36.9113707880975,69.0466980163028,55.1785714285714));
#2576=CARTESIAN_POINT('Ctrl Pts',(36.7923050023833,68.2737729963156,55.4166666666666));
#2577=CARTESIAN_POINT('Ctrl Pts',(36.6434644537455,67.307613906167,55.7142857142857));
#2578=CARTESIAN_POINT('Ctrl Pts',(36.4648590916588,66.1482241137912,56.0714285714286));
#2579=CARTESIAN_POINT('Ctrl Pts',(35.7504630683225,61.5106735507493,57.5));
#2580=CARTESIAN_POINT('Ctrl Pts',(35.0953167963338,57.2594896532433,58.8095238095238));
#2581=CARTESIAN_POINT('Ctrl Pts',(34.5000013172952,53.3948691060241,60.));
#2582=CARTESIAN_POINT('Ctrl Pts',(36.9981764461082,66.7095634664508,55.));
#2583=CARTESIAN_POINT('Ctrl Pts',(36.9684209802398,66.3296618858592,55.0595238095238));
#2584=CARTESIAN_POINT('Ctrl Pts',(36.9089256753777,65.5698545183147,55.1785714285714));
#2585=CARTESIAN_POINT('Ctrl Pts',(36.7899132165121,64.0502456644648,55.4166666666666));
#2586=CARTESIAN_POINT('Ctrl Pts',(36.6411767195442,62.1507267704595,55.7142857142857));
#2587=CARTESIAN_POINT('Ctrl Pts',(36.4626813985414,59.8713071997966,56.0714285714286));
#2588=CARTESIAN_POINT('Ctrl Pts',(35.7486112221285,50.7536528447427,57.5));
#2589=CARTESIAN_POINT('Ctrl Pts',(35.0950372109799,42.3955364507996,58.8095238095238));
#2590=CARTESIAN_POINT('Ctrl Pts',(34.4999278936132,34.7975048389685,60.));
#2591=CARTESIAN_POINT('Ctrl Pts',(37.0013073723178,64.0045354772998,55.));
#2592=CARTESIAN_POINT('Ctrl Pts',(36.9715392368821,63.5950381249457,55.0595238095238));
#2593=CARTESIAN_POINT('Ctrl Pts',(36.9119925891291,62.7760511074821,55.1785714285714));
#2594=CARTESIAN_POINT('Ctrl Pts',(36.7929138023435,61.138066324424,55.4166666666667));
#2595=CARTESIAN_POINT('Ctrl Pts',(36.6440460108045,59.0905996491042,55.7142857142857));
#2596=CARTESIAN_POINT('Ctrl Pts',(36.4654123137893,56.6336339694654,56.0714285714286));
#2597=CARTESIAN_POINT('Ctrl Pts',(35.7509365539067,46.8057275225481,57.5));
#2598=CARTESIAN_POINT('Ctrl Pts',(35.0953428296734,37.7973004409802,58.8095238095238));
#2599=CARTESIAN_POINT('Ctrl Pts',(34.4999801209597,29.6073533938988,60.));
#2600=CARTESIAN_POINT('Ctrl Pts',(37.0392119796411,63.3736537575899,55.));
#2601=CARTESIAN_POINT('Ctrl Pts',(37.0108383696688,62.9623198198818,55.0595238095238));
#2602=CARTESIAN_POINT('Ctrl Pts',(36.9540945558477,62.1396574114562,55.1785714285714));
#2603=CARTESIAN_POINT('Ctrl Pts',(36.8406021658412,60.494324950783,55.4166666666667));
#2604=CARTESIAN_POINT('Ctrl Pts',(36.6987430160389,58.4376695472618,55.7142857142857));
#2605=CARTESIAN_POINT('Ctrl Pts',(36.5285095242991,55.9696790311933,56.0714285714286));
#2606=CARTESIAN_POINT('Ctrl Pts',(35.847556181841,46.0976858683197,57.5));
#2607=CARTESIAN_POINT('Ctrl Pts',(35.2235648064916,37.0487052602987,58.8095238095238));
#2608=CARTESIAN_POINT('Ctrl Pts',(34.6560926070468,28.8220265061379,60.));
#2609=CARTESIAN_POINT('Ctrl Pts',(37.6434901720669,62.1752154484567,55.));
#2610=CARTESIAN_POINT('Ctrl Pts',(37.6158659304945,61.7662616311588,55.0595238095238));
#2611=CARTESIAN_POINT('Ctrl Pts',(37.5606210132739,60.9483573002642,55.1785714285715));
#2612=CARTESIAN_POINT('Ctrl Pts',(37.4501261930383,59.3125440193149,55.4166666666667));
#2613=CARTESIAN_POINT('Ctrl Pts',(37.3120143027881,57.2677835652594,55.7142857142857));
#2614=CARTESIAN_POINT('Ctrl Pts',(37.1462774046595,54.8140685839509,56.0714285714286));
#2615=CARTESIAN_POINT('Ctrl Pts',(36.4833095276294,44.9991898658392,57.5));
#2616=CARTESIAN_POINT('Ctrl Pts',(35.8758149559387,36.0024270720404,58.8095238095238));
#2617=CARTESIAN_POINT('Ctrl Pts',(35.3233301244895,27.8233507260818,60.));
#2618=CARTESIAN_POINT('Ctrl Pts',(38.8254478029794,61.3329457211878,55.));
#2619=CARTESIAN_POINT('Ctrl Pts',(38.795641293703,60.9260776444879,55.0595238095238));
#2620=CARTESIAN_POINT('Ctrl Pts',(38.7360322027802,60.1123425904436,55.1785714285714));
#2621=CARTESIAN_POINT('Ctrl Pts',(38.6168085294114,58.4848709452612,55.4166666666667));
#2622=CARTESIAN_POINT('Ctrl Pts',(38.4677862457632,56.4505334343318,55.7142857142857));
#2623=CARTESIAN_POINT('Ctrl Pts',(38.2889566088032,54.0093276104545,56.0714285714286));
#2624=CARTESIAN_POINT('Ctrl Pts',(37.5736157189102,44.2444980613378,57.5));
#2625=CARTESIAN_POINT('Ctrl Pts',(36.9181354743557,35.2934739770995,58.8095238095238));
#2626=CARTESIAN_POINT('Ctrl Pts',(36.3220052888276,27.1561124431022,60.));
#2627=CARTESIAN_POINT('Ctrl Pts',(39.6617683623079,61.2103386020503,55.));
#2628=CARTESIAN_POINT('Ctrl Pts',(39.6313559601147,60.80308258859,55.0595238095238));
#2629=CARTESIAN_POINT('Ctrl Pts',(39.5705337846942,59.9885598151905,55.1785714285715));
#2630=CARTESIAN_POINT('Ctrl Pts',(39.4488857580927,58.3595292938742,55.4166666666667));
#2631=CARTESIAN_POINT('Ctrl Pts',(39.2968306165054,56.3232211464699,55.7142857142857));
#2632=CARTESIAN_POINT('Ctrl Pts',(39.1143625077683,53.87965929499,56.0714285714286));
#2633=CARTESIAN_POINT('Ctrl Pts',(38.3844751181278,44.1054730196766,57.5));
#2634=CARTESIAN_POINT('Ctrl Pts',(37.7155782822924,35.1451212339295,58.8095238095238));
#2635=CARTESIAN_POINT('Ctrl Pts',(37.1073302384282,27.0000009647225,60.));
#2636=CARTESIAN_POINT('Ctrl Pts',(40.8334245695356,61.2095677988926,55.));
#2637=CARTESIAN_POINT('Ctrl Pts',(40.8052415551019,60.8023120362104,55.0595238095238));
#2638=CARTESIAN_POINT('Ctrl Pts',(40.7488666499902,59.987799227435,55.1785714285714));
#2639=CARTESIAN_POINT('Ctrl Pts',(40.6361292503302,58.3587754043203,55.4166666666667));
#2640=CARTESIAN_POINT('Ctrl Pts',(40.4951909849042,56.3224932374098,55.7142857142857));
#2641=CARTESIAN_POINT('Ctrl Pts',(40.3260716125217,53.878955583618,56.0714285714286));
#2642=CARTESIAN_POINT('Ctrl Pts',(39.6496446148976,44.104812269046,57.5));
#2643=CARTESIAN_POINT('Ctrl Pts',(39.0290240221726,35.1450995641361,58.8095238095238));
#2644=CARTESIAN_POINT('Ctrl Pts',(38.4653637334991,26.999984310492,60.));
#2645=CARTESIAN_POINT('Ctrl Pts',(42.5001812440284,61.209666972341,55.));
#2646=CARTESIAN_POINT('Ctrl Pts',(42.48021419014,60.8024112129028,55.0595238095239));
#2647=CARTESIAN_POINT('Ctrl Pts',(42.4402814594272,59.9878972961952,55.1785714285715));
#2648=CARTESIAN_POINT('Ctrl Pts',(42.360414072622,58.3588728153729,55.4166666666667));
#2649=CARTESIAN_POINT('Ctrl Pts',(42.2605824013911,56.3225877527486,55.7142857142858));
#2650=CARTESIAN_POINT('Ctrl Pts',(42.140783380345,53.8790474459725,56.0714285714286));
#2651=CARTESIAN_POINT('Ctrl Pts',(41.6615794628269,44.1048998587651,57.5));
#2652=CARTESIAN_POINT('Ctrl Pts',(41.2223964733637,35.1451126134625,58.8095238095238));
#2653=CARTESIAN_POINT('Ctrl Pts',(40.8230553955962,26.9999974246971,60.));
#2654=CARTESIAN_POINT('Ctrl Pts',(45.000009088153,61.2094801223139,55.0000000000001));
#2655=CARTESIAN_POINT('Ctrl Pts',(45.000010898727,60.8022235331283,55.0595238095239));
#2656=CARTESIAN_POINT('Ctrl Pts',(45.0000119368096,59.9877113824296,55.1785714285715));
#2657=CARTESIAN_POINT('Ctrl Pts',(45.0000176245583,58.3586856441637,55.4166666666667));
#2658=CARTESIAN_POINT('Ctrl Pts',(45.0000199279858,56.3224053835013,55.7142857142858));
#2659=CARTESIAN_POINT('Ctrl Pts',(45.0000245970801,53.8788683128096,56.0714285714286));
#2660=CARTESIAN_POINT('Ctrl Pts',(45.0000579670471,44.1047141841979,57.5000000000001));
#2661=CARTESIAN_POINT('Ctrl Pts',(44.9999248603545,35.1451380260246,58.8095238095239));
#2662=CARTESIAN_POINT('Ctrl Pts',(44.9999610718349,27.0000062423117,60.0000000000001));
#2663=CARTESIAN_POINT('Ctrl Pts',(47.0832162557455,61.2092699290292,55.0000000000001));
#2664=CARTESIAN_POINT('Ctrl Pts',(47.09985219272,60.8020149123757,55.0595238095239));
#2665=CARTESIAN_POINT('Ctrl Pts',(47.1331251928207,59.987506780674,55.1785714285716));
#2666=CARTESIAN_POINT('Ctrl Pts',(47.1996696184623,58.3584878584892,55.4166666666668));
#2667=CARTESIAN_POINT('Ctrl Pts',(47.2828522459226,56.3222177440373,55.7142857142858));
#2668=CARTESIAN_POINT('Ctrl Pts',(47.3826705683508,53.8786922042829,56.0714285714287));
#2669=CARTESIAN_POINT('Ctrl Pts',(47.7819374520265,44.104579228114,57.5000000000001));
#2670=CARTESIAN_POINT('Ctrl Pts',(48.1480034626753,35.1450961764898,58.8095238095239));
#2671=CARTESIAN_POINT('Ctrl Pts',(48.4807222021649,26.9999958434196,60.0000000000001));
#2672=CARTESIAN_POINT('Ctrl Pts',(48.5415911259763,61.2093628026123,55.0000000000001));
#2673=CARTESIAN_POINT('Ctrl Pts',(48.5665368432211,60.8021054106567,55.0595238095239));
#2674=CARTESIAN_POINT('Ctrl Pts',(48.6164289311727,59.9875941500015,55.1785714285715));
#2675=CARTESIAN_POINT('Ctrl Pts',(48.7162121934202,58.3585667025546,55.4166666666668));
#2676=CARTESIAN_POINT('Ctrl Pts',(48.8409424871133,56.322288948898,55.7142857142858));
#2677=CARTESIAN_POINT('Ctrl Pts',(48.9906183576243,53.8787530461493,56.0714285714287));
#2678=CARTESIAN_POINT('Ctrl Pts',(49.5893181224941,44.1045893933552,57.5000000000001));
#2679=CARTESIAN_POINT('Ctrl Pts',(50.138167651946,35.1451626565295,58.8095238095239));
#2680=CARTESIAN_POINT('Ctrl Pts',(50.6370819968418,27.0000148174186,60.0000000000001));
#2681=CARTESIAN_POINT('Ctrl Pts',(49.3748281253243,61.2091753555188,55.0000000000001));
#2682=CARTESIAN_POINT('Ctrl Pts',(49.4030948127953,60.80192208809,55.0595238095239));
#2683=CARTESIAN_POINT('Ctrl Pts',(49.4596280442764,59.9874166976412,55.1785714285716));
#2684=CARTESIAN_POINT('Ctrl Pts',(49.5726947078224,58.358404316657,55.4166666666668));
#2685=CARTESIAN_POINT('Ctrl Pts',(49.7140277703202,56.3221409698057,55.7142857142859));
#2686=CARTESIAN_POINT('Ctrl Pts',(49.8836275511182,53.8786241095956,56.0714285714287));
#2687=CARTESIAN_POINT('Ctrl Pts',(50.5620274903774,44.1045501588634,57.5000000000001));
#2688=CARTESIAN_POINT('Ctrl Pts',(51.1838850098636,35.1450548949793,58.809523809524));
#2689=CARTESIAN_POINT('Ctrl Pts',(51.7492187592836,26.9999895464017,60.0000000000001));
#2690=CARTESIAN_POINT('Ctrl Pts',(49.7916382954342,61.2094641955432,55.0000000000001));
#2691=CARTESIAN_POINT('Ctrl Pts',(49.8210037901958,60.8022024241393,55.0595238095239));
#2692=CARTESIAN_POINT('Ctrl Pts',(49.879737894702,59.9876861100108,55.1785714285716));
#2693=CARTESIAN_POINT('Ctrl Pts',(49.997201748416,58.3586433747787,55.4166666666668));
#2694=CARTESIAN_POINT('Ctrl Pts',(50.1440373615453,56.3223534059979,55.7142857142859));
#2695=CARTESIAN_POINT('Ctrl Pts',(50.320237800036,53.8788001123926,56.0714285714287));
#2696=CARTESIAN_POINT('Ctrl Pts',(51.0250218346323,44.1045458181267,57.5000000000001));
#2697=CARTESIAN_POINT('Ctrl Pts',(51.6712712712284,35.1452708159667,58.809523809524));
#2698=CARTESIAN_POINT('Ctrl Pts',(52.2585811664609,27.00003538789,60.0000000000001));
#2699=CARTESIAN_POINT('Ctrl Pts',(50.3384464547967,61.2084468810908,55.0000000000001));
#2700=CARTESIAN_POINT('Ctrl Pts',(50.368859566624,60.8012102214271,55.059523809524));
#2701=CARTESIAN_POINT('Ctrl Pts',(50.4296793300755,59.9867280569082,55.1785714285716));
#2702=CARTESIAN_POINT('Ctrl Pts',(50.5513278894879,58.3577760950164,55.4166666666668));
#2703=CARTESIAN_POINT('Ctrl Pts',(50.7033765683821,56.3215696845802,55.7142857142859));
#2704=CARTESIAN_POINT('Ctrl Pts',(50.8858397473811,53.8781285152844,56.0714285714287));
#2705=CARTESIAN_POINT('Ctrl Pts',(51.615729211799,44.1044141533644,57.5000000000001));
#2706=CARTESIAN_POINT('Ctrl Pts',(52.2843851536626,35.1446154446095,58.809523809524));
#2707=CARTESIAN_POINT('Ctrl Pts',(52.8926473902093,26.9998822513353,60.0000000000002));
#2708=CARTESIAN_POINT('Ctrl Pts',(50.9637791806743,61.3051994806706,55.0000000000001));
#2709=CARTESIAN_POINT('Ctrl Pts',(50.9937515933154,60.8981978663067,55.059523809524));
#2710=CARTESIAN_POINT('Ctrl Pts',(51.0536958351216,60.0841978931174,55.1785714285716));
#2711=CARTESIAN_POINT('Ctrl Pts',(51.1735851345368,58.4561933949187,55.4166666666668));
#2712=CARTESIAN_POINT('Ctrl Pts',(51.323445673144,56.4211938296862,55.7142857142859));
#2713=CARTESIAN_POINT('Ctrl Pts',(51.5032787497793,53.9791919504846,56.0714285714287));
#2714=CARTESIAN_POINT('Ctrl Pts',(52.2226143753825,44.2111659147705,57.5000000000002));
#2715=CARTESIAN_POINT('Ctrl Pts',(52.8819683890835,35.2573483609717,58.809523809524));
#2716=CARTESIAN_POINT('Ctrl Pts',(53.4814166419041,27.1173160736928,60.0000000000002));
#2717=CARTESIAN_POINT('Ctrl Pts',(51.7666488955793,61.7517912220497,55.0000000000001));
#2718=CARTESIAN_POINT('Ctrl Pts',(51.7953473301661,61.3439048676123,55.059523809524));
#2719=CARTESIAN_POINT('Ctrl Pts',(51.8527446166704,60.5281355208416,55.1785714285716));
#2720=CARTESIAN_POINT('Ctrl Pts',(51.9675386061767,58.8965921264826,55.4166666666668));
#2721=CARTESIAN_POINT('Ctrl Pts',(52.1110318695785,56.8571691393339,55.7142857142859));
#2722=CARTESIAN_POINT('Ctrl Pts',(52.283223477884,54.4098590752421,56.0714285714287));
#2723=CARTESIAN_POINT('Ctrl Pts',(52.9719875371488,44.6205996937772,57.5000000000001));
#2724=CARTESIAN_POINT('Ctrl Pts',(53.603381038851,35.6473249930455,58.809523809524));
#2725=CARTESIAN_POINT('Ctrl Pts',(54.1773497305866,27.4895979042979,60.0000000000002));
#2726=CARTESIAN_POINT('Ctrl Pts',(52.2814148273844,62.2208296396349,55.0000000000002));
#2727=CARTESIAN_POINT('Ctrl Pts',(52.3094332562304,61.8118275604624,55.059523809524));
#2728=CARTESIAN_POINT('Ctrl Pts',(52.3654698375409,60.993827479171,55.1785714285716));
#2729=CARTESIAN_POINT('Ctrl Pts',(52.4775433865924,59.3578216161444,55.4166666666668));
#2730=CARTESIAN_POINT('Ctrl Pts',(52.617634808649,57.3128218734533,55.7142857142859));
#2731=CARTESIAN_POINT('Ctrl Pts',(52.7857447189452,54.8588191754437,56.0714285714287));
#2732=CARTESIAN_POINT('Ctrl Pts',(53.4581859323079,45.0427851913668,57.5000000000002));
#2733=CARTESIAN_POINT('Ctrl Pts',(54.0745728628403,36.0450124131817,58.809523809524));
#2734=CARTESIAN_POINT('Ctrl Pts',(54.6349414397615,27.8649708297322,60.0000000000002));
#2735=CARTESIAN_POINT('Ctrl Pts',(52.6609801903945,62.7745476377319,55.0000000000002));
#2736=CARTESIAN_POINT('Ctrl Pts',(52.6889486634116,62.364398065118,55.059523809524));
#2737=CARTESIAN_POINT('Ctrl Pts',(52.7448859760056,61.5441063867115,55.1785714285716));
#2738=CARTESIAN_POINT('Ctrl Pts',(52.856760088678,59.9035125899584,55.4166666666668));
#2739=CARTESIAN_POINT('Ctrl Pts',(52.9966034115691,57.8527842373827,55.7142857142859));
#2740=CARTESIAN_POINT('Ctrl Pts',(53.1644151287047,55.3919047075965,56.0714285714288));
#2741=CARTESIAN_POINT('Ctrl Pts',(53.8356599120964,45.5483441139521,57.5000000000002));
#2742=CARTESIAN_POINT('Ctrl Pts',(54.4509908600966,36.5255534290671,58.809523809524));
#2743=CARTESIAN_POINT('Ctrl Pts',(55.0103603204379,28.3225619767895,60.0000000000002));
#2744=CARTESIAN_POINT('Ctrl Pts',(52.9668751176035,63.5304448723336,55.0000000000002));
#2745=CARTESIAN_POINT('Ctrl Pts',(52.9956343343897,63.1195892523593,55.059523809524));
#2746=CARTESIAN_POINT('Ctrl Pts',(53.0531518339734,62.2978772907976,55.1785714285716));
#2747=CARTESIAN_POINT('Ctrl Pts',(53.1681881390226,60.6544543766174,55.4166666666668));
#2748=CARTESIAN_POINT('Ctrl Pts',(53.3119817824798,58.6001743912007,55.7142857142859));
#2749=CARTESIAN_POINT('Ctrl Pts',(53.4845348434344,56.1350389408822,56.0714285714288));
#2750=CARTESIAN_POINT('Ctrl Pts',(54.1747524001839,46.274501244456,57.5000000000002));
#2751=CARTESIAN_POINT('Ctrl Pts',(54.8073926378163,37.235629292146,58.809523809524));
#2752=CARTESIAN_POINT('Ctrl Pts',(55.3825769735402,29.0185168926617,60.0000000000002));
#2753=CARTESIAN_POINT('Ctrl Pts',(53.0002105306378,64.0054052676508,55.0000000000002));
#2754=CARTESIAN_POINT('Ctrl Pts',(53.0299674804837,63.5958840078586,55.059523809524));
#2755=CARTESIAN_POINT('Ctrl Pts',(53.0894860425298,62.7768627873258,55.1785714285717));
#2756=CARTESIAN_POINT('Ctrl Pts',(53.208516647824,61.1387905664098,55.4166666666669));
#2757=CARTESIAN_POINT('Ctrl Pts',(53.3573135795917,59.0912399209858,55.7142857142859));
#2758=CARTESIAN_POINT('Ctrl Pts',(53.5358664592799,56.63416343867,56.0714285714288));
#2759=CARTESIAN_POINT('Ctrl Pts',(54.2500514565501,46.8057363512145,57.5000000000002));
#2760=CARTESIAN_POINT('Ctrl Pts',(54.905016503366,37.7976946327925,58.8095238095241));
#2761=CARTESIAN_POINT('Ctrl Pts',(55.5001555002837,29.6072694369485,60.0000000000003));
#2762=CARTESIAN_POINT('Ctrl Pts',(53.000142108421,64.2229112485741,55.0000000000002));
#2763=CARTESIAN_POINT('Ctrl Pts',(53.0299042885687,63.8157991787785,55.059523809524));
#2764=CARTESIAN_POINT('Ctrl Pts',(53.0894280280718,63.0015681357692,55.1785714285717));
#2765=CARTESIAN_POINT('Ctrl Pts',(53.2084763750557,61.3731157019532,55.4166666666669));
#2766=CARTESIAN_POINT('Ctrl Pts',(53.3572856536896,59.3375373146303,55.7142857142859));
#2767=CARTESIAN_POINT('Ctrl Pts',(53.5358572458776,56.8948483410349,56.0714285714288));
#2768=CARTESIAN_POINT('Ctrl Pts',(54.2501471459639,47.1241317162738,57.5000000000002));
#2769=CARTESIAN_POINT('Ctrl Pts',(54.9048735464238,38.1672039886542,58.8095238095241));
#2770=CARTESIAN_POINT('Ctrl Pts',(55.5001171493777,30.0249625927431,60.0000000000003));
#2771=CARTESIAN_POINT('Ctrl Pts',(53.0001442014599,64.2424469835273,55.0000000000002));
#2772=CARTESIAN_POINT('Ctrl Pts',(53.029905950771,63.8355517624996,55.059523809524));
#2773=CARTESIAN_POINT('Ctrl Pts',(53.0894292832463,63.0217567833238,55.1785714285717));
#2774=CARTESIAN_POINT('Ctrl Pts',(53.2084761804997,61.3941731686709,55.4166666666669));
#2775=CARTESIAN_POINT('Ctrl Pts',(53.3572844929204,59.359685208225,55.7142857142859));
#2776=CARTESIAN_POINT('Ctrl Pts',(53.5358545903566,56.9183030017645,56.0714285714288));
#2777=CARTESIAN_POINT('Ctrl Pts',(54.250135925216,47.1527999850206,57.5000000000002));
#2778=CARTESIAN_POINT('Ctrl Pts',(54.9048832863314,38.2008013567636,58.8095238095241));
#2779=CARTESIAN_POINT('Ctrl Pts',(55.500118272553,30.0628969362095,60.0000000000003));
#2780=CARTESIAN_POINT('Ctrl Pts',(53.0001434613422,64.2684870373591,55.0000000000002));
#2781=CARTESIAN_POINT('Ctrl Pts',(53.0299053971445,63.8618956243578,55.059523809524));
#2782=CARTESIAN_POINT('Ctrl Pts',(53.0894289045384,63.0487072188651,55.1785714285717));
#2783=CARTESIAN_POINT('Ctrl Pts',(53.2084764285575,61.4223382089961,55.4166666666669));
#2784=CARTESIAN_POINT('Ctrl Pts',(53.3572851559017,59.3893665650138,55.7142857142859));
#2785=CARTESIAN_POINT('Ctrl Pts',(53.535855897316,56.9498047070452,56.0714285714288));
#2786=CARTESIAN_POINT('Ctrl Pts',(54.2501409347608,47.1915890137168,57.5000000000002));
#2787=CARTESIAN_POINT('Ctrl Pts',(54.9048791380679,38.2462043741485,58.8095238095241));
#2788=CARTESIAN_POINT('Ctrl Pts',(55.5001178541147,30.1143761141224,60.0000000000003));
#2789=CARTESIAN_POINT('Ctrl Pts',(53.000143538885,64.3075496809446,55.0000000000002));
#2790=CARTESIAN_POINT('Ctrl Pts',(53.029905414709,63.9014228234857,55.059523809524));
#2791=CARTESIAN_POINT('Ctrl Pts',(53.0894288663625,63.0891639103718,55.1785714285717));
#2792=CARTESIAN_POINT('Ctrl Pts',(53.2084761891151,61.4646533521438,55.4166666666669));
#2793=CARTESIAN_POINT('Ctrl Pts',(53.357284784362,59.4340054821787,55.7142857142859));
#2794=CARTESIAN_POINT('Ctrl Pts',(53.5358553199008,56.9972318718308,56.0714285714288));
#2795=CARTESIAN_POINT('Ctrl Pts',(54.2501391685543,47.2501670000211,57.5000000000002));
#2796=CARTESIAN_POINT('Ctrl Pts',(54.9048803516887,38.3150281104682,58.8095238095241));
#2797=CARTESIAN_POINT('Ctrl Pts',(55.5001178681694,30.1924909612904,60.0000000000003));
#2798=CARTESIAN_POINT('Ctrl Pts',(53.000142487122,64.3921826510732,55.0000000000002));
#2799=CARTESIAN_POINT('Ctrl Pts',(53.0299043890357,63.9871208963549,55.059523809524));
#2800=CARTESIAN_POINT('Ctrl Pts',(53.0894278688602,63.1769919633092,55.1785714285717));
#2801=CARTESIAN_POINT('Ctrl Pts',(53.2084752815228,61.556741680385,55.4166666666669));
#2802=CARTESIAN_POINT('Ctrl Pts',(53.3572839444851,59.5314187351283,55.7142857142859));
#2803=CARTESIAN_POINT('Ctrl Pts',(53.5358545789884,57.1010352006699,56.0714285714288));
#2804=CARTESIAN_POINT('Ctrl Pts',(54.2501389600705,47.3795319146645,57.5000000000002));
#2805=CARTESIAN_POINT('Ctrl Pts',(54.9048791097806,38.4678101937384,58.8095238095241));
#2806=CARTESIAN_POINT('Ctrl Pts',(55.5001171480558,30.3665750993727,60.0000000000003));
#2807=CARTESIAN_POINT('Ctrl Pts',(53.0001400297081,64.5223856093134,55.0000000000002));
#2808=CARTESIAN_POINT('Ctrl Pts',(53.0299019444802,64.1191711335984,55.059523809524));
#2809=CARTESIAN_POINT('Ctrl Pts',(53.0894254463313,63.312736978086,55.1785714285717));
#2810=CARTESIAN_POINT('Ctrl Pts',(53.2084729082066,61.6998759432911,55.4166666666669));
#2811=CARTESIAN_POINT('Ctrl Pts',(53.3572816258186,59.683789966665,55.7142857142859));
#2812=CARTESIAN_POINT('Ctrl Pts',(53.5358523286229,57.264490632665,56.0714285714288));
#2813=CARTESIAN_POINT('Ctrl Pts',(54.2501370039007,47.58732289973,57.5000000000002));
#2814=CARTESIAN_POINT('Ctrl Pts',(54.9048771894328,38.7162560144549,58.8095238095241));
#2815=CARTESIAN_POINT('Ctrl Pts',(55.5001154848758,30.6519665001548,60.0000000000003));
#2816=CARTESIAN_POINT('Ctrl Pts',(53.0001383600419,64.6786317599016,55.0000000000002));
#2817=CARTESIAN_POINT('Ctrl Pts',(53.0299002295053,64.2779580994776,55.0595238095241));
#2818=CARTESIAN_POINT('Ctrl Pts',(53.0894236963814,63.4766055656301,55.1785714285717));
#2819=CARTESIAN_POINT('Ctrl Pts',(53.2084710105087,61.8739077866326,55.4166666666669));
#2820=CARTESIAN_POINT('Ctrl Pts',(53.3572796469686,59.8705258631614,55.714285714286));
#2821=CARTESIAN_POINT('Ctrl Pts',(53.5358502113547,57.4664713995235,56.0714285714288));
#2822=CARTESIAN_POINT('Ctrl Pts',(54.2501340164404,47.8502831987615,57.5000000000002));
#2823=CARTESIAN_POINT('Ctrl Pts',(54.904876930519,39.0351136528739,58.8095238095241));
#2824=CARTESIAN_POINT('Ctrl Pts',(55.5001143197866,31.0216404443938,60.0000000000003));
#2825=CARTESIAN_POINT('Ctrl Pts',(53.0001339918785,64.8869563865265,55.0000000000002));
#2826=CARTESIAN_POINT('Ctrl Pts',(53.0298959592744,64.4900878229306,55.059523809524));
#2827=CARTESIAN_POINT('Ctrl Pts',(53.0894195376048,63.6963456059086,55.1785714285717));
#2828=CARTESIAN_POINT('Ctrl Pts',(53.2084671926617,62.1088682883496,55.4166666666669));
#2829=CARTESIAN_POINT('Ctrl Pts',(53.3572760982222,60.1245121708552,55.7142857142859));
#2830=CARTESIAN_POINT('Ctrl Pts',(53.535847047781,57.7432885835536,56.0714285714288));
#2831=CARTESIAN_POINT('Ctrl Pts',(54.2501328737228,48.2184231874962,57.5000000000002));
#2832=CARTESIAN_POINT('Ctrl Pts',(54.9048722909094,39.4869740181633,58.8095238095241));
#2833=CARTESIAN_POINT('Ctrl Pts',(55.5001116388274,31.5496027462449,60.0000000000003));
#2834=CARTESIAN_POINT('Ctrl Pts',(53.0001298196582,65.1473636367247,55.0000000000002));
#2835=CARTESIAN_POINT('Ctrl Pts',(53.0298916216293,64.7560070925112,55.059523809524));
#2836=CARTESIAN_POINT('Ctrl Pts',(53.0894150652975,63.9732890812394,55.1785714285717));
#2837=CARTESIAN_POINT('Ctrl Pts',(53.2084621767252,62.4078599417058,55.4166666666669));
#2838=CARTESIAN_POINT('Ctrl Pts',(53.3572707677914,60.4510643574492,55.7142857142859));
#2839=CARTESIAN_POINT('Ctrl Pts',(53.535841195271,58.1029132868832,56.0714285714288));
#2840=CARTESIAN_POINT('Ctrl Pts',(54.2501238168963,48.7103370078846,57.5000000000002));
#2841=CARTESIAN_POINT('Ctrl Pts',(54.904872729731,40.1001634448236,58.8095238095241));
#2842=CARTESIAN_POINT('Ctrl Pts',(55.5001087691518,32.2730325605548,60.0000000000003));
#2843=CARTESIAN_POINT('Ctrl Pts',(53.0001172488245,65.7723438212346,55.0000000000002));
#2844=CARTESIAN_POINT('Ctrl Pts',(53.0298793990297,65.3964617540459,55.059523809524));
#2845=CARTESIAN_POINT('Ctrl Pts',(53.0894032438128,64.6446928574289,55.1785714285717));
#2846=CARTESIAN_POINT('Ctrl Pts',(53.2084515704269,63.1411617226503,55.4166666666669));
#2847=CARTESIAN_POINT('Ctrl Pts',(53.3572611309177,61.2617389431725,55.7142857142859));
#2848=CARTESIAN_POINT('Ctrl Pts',(53.5358329395266,59.0064351198966,56.0714285714288));
#2849=CARTESIAN_POINT('Ctrl Pts',(54.2501227657674,49.9852469164658,57.5000000000002));
#2850=CARTESIAN_POINT('Ctrl Pts',(54.9048595654846,41.7155226006692,58.8095238095241));
#2851=CARTESIAN_POINT('Ctrl Pts',(55.5001025695894,34.1978812568957,60.0000000000003));
#2852=CARTESIAN_POINT('Ctrl Pts',(53.0000316641043,67.9596963643458,55.0000000000001));
#2853=CARTESIAN_POINT('Ctrl Pts',(53.0297927336338,67.6561105735958,55.0595238095239));
#2854=CARTESIAN_POINT('Ctrl Pts',(53.0893161032979,67.048936604779,55.1785714285715));
#2855=CARTESIAN_POINT('Ctrl Pts',(53.2083611220221,65.8345920050375,55.4166666666668));
#2856=CARTESIAN_POINT('Ctrl Pts',(53.3571696851895,64.3166568133279,55.7142857142858));
#2857=CARTESIAN_POINT('Ctrl Pts',(53.5357390534332,62.4951363438952,56.0714285714287));
#2858=CARTESIAN_POINT('Ctrl Pts',(54.2500095261965,55.2090680462516,57.5000000000001));
#2859=CARTESIAN_POINT('Ctrl Pts',(54.9048354463219,48.5300208160384,58.8095238095239));
#2860=CARTESIAN_POINT('Ctrl Pts',(55.5000568369128,42.4583050010378,60.0000000000001));
#2861=CARTESIAN_POINT('Ctrl Pts',(52.9998444958569,70.4596227431186,55.0000000000001));
#2862=CARTESIAN_POINT('Ctrl Pts',(53.0296077156589,70.293934800119,55.0595238095239));
#2863=CARTESIAN_POINT('Ctrl Pts',(53.0891350999946,69.9625567789201,55.1785714285715));
#2864=CARTESIAN_POINT('Ctrl Pts',(53.2081885477637,69.2998037219098,55.4166666666668));
#2865=CARTESIAN_POINT('Ctrl Pts',(53.3570071153183,68.4713584277239,55.7142857142858));
#2866=CARTESIAN_POINT('Ctrl Pts',(53.535588699655,67.477225649386,56.0714285714287));
#2867=CARTESIAN_POINT('Ctrl Pts',(54.2499096629613,63.5007066819696,57.5000000000001));
#2868=CARTESIAN_POINT('Ctrl Pts',(54.9047637495175,59.8554289818163,58.8095238095239));
#2869=CARTESIAN_POINT('Ctrl Pts',(55.5000281455582,56.5416701218225,60.0000000000001));
#2870=CARTESIAN_POINT('Ctrl Pts',(52.9995734216965,72.7512913366274,55.0000000000001));
#2871=CARTESIAN_POINT('Ctrl Pts',(53.0293339446208,72.6613418681636,55.0595238095239));
#2872=CARTESIAN_POINT('Ctrl Pts',(53.0888622317491,72.4814416102289,55.1785714285715));
#2873=CARTESIAN_POINT('Ctrl Pts',(53.2079086814128,72.1216429413617,55.4166666666667));
#2874=CARTESIAN_POINT('Ctrl Pts',(53.3567302171974,71.6718921473061,55.7142857142858));
#2875=CARTESIAN_POINT('Ctrl Pts',(53.5353107197778,71.1321921686671,56.0714285714286));
#2876=CARTESIAN_POINT('Ctrl Pts',(54.2495915385775,68.9733997685686,57.5000000000001));
#2877=CARTESIAN_POINT('Ctrl Pts',(54.9048078552564,66.9944230193618,58.8095238095239));
#2878=CARTESIAN_POINT('Ctrl Pts',(55.5000183137427,65.1954336500857,60.0000000000001));
#2879=CARTESIAN_POINT('Ctrl Pts',(52.9994475886143,73.5846358727958,55.0000000000001));
#2880=CARTESIAN_POINT('Ctrl Pts',(53.0292128616717,73.5139385521444,55.0595238095239));
#2881=CARTESIAN_POINT('Ctrl Pts',(53.0887470963376,73.3725408043311,55.1785714285715));
#2882=CARTESIAN_POINT('Ctrl Pts',(53.2078104084208,73.089749652157,55.4166666666667));
#2883=CARTESIAN_POINT('Ctrl Pts',(53.3566464117385,72.7362549317173,55.7142857142858));
#2884=CARTESIAN_POINT('Ctrl Pts',(53.5352468954555,72.3120635582056,56.0714285714287));
#2885=CARTESIAN_POINT('Ctrl Pts',(54.2496278482531,70.61531573533,57.5000000000001));
#2886=CARTESIAN_POINT('Ctrl Pts',(54.9047108084346,69.0597666964071,58.8095238095239));
#2887=CARTESIAN_POINT('Ctrl Pts',(55.5000162695812,67.645820283379,60.0000000000001));
#2888=CARTESIAN_POINT('Ctrl Pts',(52.9995439003598,74.0012989281653,55.0000000000001));
#2889=CARTESIAN_POINT('Ctrl Pts',(53.0292982352827,73.9369993108319,55.0595238095239));
#2890=CARTESIAN_POINT('Ctrl Pts',(53.0888212545997,73.8084007758676,55.1785714285715));
#2891=CARTESIAN_POINT('Ctrl Pts',(53.2078472301288,73.5512027276308,55.4166666666667));
#2892=CARTESIAN_POINT('Ctrl Pts',(53.3566563993155,73.2297064692573,55.7142857142858));
#2893=CARTESIAN_POINT('Ctrl Pts',(53.5352168197685,72.8439104431865,56.0714285714286));
#2894=CARTESIAN_POINT('Ctrl Pts',(54.2493768755993,71.3007223586937,57.5000000000001));
#2895=CARTESIAN_POINT('Ctrl Pts',(54.9049329581786,69.8861776232781,58.8095238095239));
#2896=CARTESIAN_POINT('Ctrl Pts',(55.5000196566369,68.6001852766099,60.0000000000001));
#2897=CARTESIAN_POINT('Ctrl Pts',(52.9989601369682,74.4143134372752,55.0000000000001));
#2898=CARTESIAN_POINT('Ctrl Pts',(53.0287374863541,74.3545400720568,55.0595238095239));
#2899=CARTESIAN_POINT('Ctrl Pts',(53.0882889663685,74.2349844187367,55.1785714285715));
#2900=CARTESIAN_POINT('Ctrl Pts',(53.2073964267908,73.9958855878693,55.4166666666667));
#2901=CARTESIAN_POINT('Ctrl Pts',(53.3562747632409,73.6969954466539,55.7142857142858));
#2902=CARTESIAN_POINT('Ctrl Pts',(53.5349311407778,73.3383338577198,56.0714285714286));
#2903=CARTESIAN_POINT('Ctrl Pts',(54.2495749606059,71.9037382591921,57.5000000000001));
#2904=CARTESIAN_POINT('Ctrl Pts',(54.9044611474333,70.588126826669,58.8095238095239));
#2905=CARTESIAN_POINT('Ctrl Pts',(55.5000081351513,69.3926595223006,60.0000000000001));
#2906=CARTESIAN_POINT('Ctrl Pts',(52.9610038426303,75.0452001101225,55.0000000000001));
#2907=CARTESIAN_POINT('Ctrl Pts',(52.9893728463855,74.9872584549173,55.0595238095239));
#2908=CARTESIAN_POINT('Ctrl Pts',(53.0461095053217,74.8713736465076,55.1785714285715));
#2909=CARTESIAN_POINT('Ctrl Pts',(53.1595847087399,74.6396061241568,55.4166666666668));
#2910=CARTESIAN_POINT('Ctrl Pts',(53.3014262037474,74.349893933921,55.7142857142858));
#2911=CARTESIAN_POINT('Ctrl Pts',(53.4716369923145,74.0022404103952,56.0714285714287));
#2912=CARTESIAN_POINT('Ctrl Pts',(54.1524878178549,72.6116348375581,57.5000000000001));
#2913=CARTESIAN_POINT('Ctrl Pts',(54.7765156118076,71.3368181302015,58.8095238095239));
#2914=CARTESIAN_POINT('Ctrl Pts',(55.3438956869117,70.1779850260971,60.0000000000001));
#2915=CARTESIAN_POINT('Ctrl Pts',(52.3566998146779,76.2436306118971,55.0000000000001));
#2916=CARTESIAN_POINT('Ctrl Pts',(52.3843259057007,76.1833113955269,55.0595238095239));
#2917=CARTESIAN_POINT('Ctrl Pts',(52.439569897725,76.0626709474846,55.1785714285715));
#2918=CARTESIAN_POINT('Ctrl Pts',(52.5500693328756,75.8213928691495,55.4166666666668));
#2919=CARTESIAN_POINT('Ctrl Pts',(52.6881783878043,75.5197915213983,55.7142857142858));
#2920=CARTESIAN_POINT('Ctrl Pts',(52.8539152937658,75.1578713903591,56.0714285714287));
#2921=CARTESIAN_POINT('Ctrl Pts',(53.5169095059852,73.710202330109,57.5000000000001));
#2922=CARTESIAN_POINT('Ctrl Pts',(54.1241351767577,72.3830446430841,58.8095238095239));
#2923=CARTESIAN_POINT('Ctrl Pts',(54.6766569972139,71.1766603156809,60.0000000000001));
#2924=CARTESIAN_POINT('Ctrl Pts',(51.1747188880971,77.0858966210456,55.0000000000001));
#2925=CARTESIAN_POINT('Ctrl Pts',(51.2045250196224,77.0234902522833,55.0595238095239));
#2926=CARTESIAN_POINT('Ctrl Pts',(51.2641314378202,76.898679274879,55.1785714285715));
#2927=CARTESIAN_POINT('Ctrl Pts',(51.3833524463562,76.64905485911,55.4166666666668));
#2928=CARTESIAN_POINT('Ctrl Pts',(51.532367831625,76.3370276144198,55.7142857142858));
#2929=CARTESIAN_POINT('Ctrl Pts',(51.7111906044597,75.9625936227229,56.0714285714287));
#2930=CARTESIAN_POINT('Ctrl Pts',(52.4265149438425,74.4648476436111,57.5000000000001));
#2931=CARTESIAN_POINT('Ctrl Pts',(53.0818585175032,73.0920253730099,58.8095238095239));
#2932=CARTESIAN_POINT('Ctrl Pts',(53.6779811480091,71.8438979977629,60.0000000000001));
#2933=CARTESIAN_POINT('Ctrl Pts',(50.3383672893928,77.208481017235,55.0000000000001));
#2934=CARTESIAN_POINT('Ctrl Pts',(50.368777546252,77.1464632245256,55.0595238095239));
#2935=CARTESIAN_POINT('Ctrl Pts',(50.4295957995383,77.0224408483327,55.1785714285715));
#2936=CARTESIAN_POINT('Ctrl Pts',(50.5512354665958,76.7743776271072,55.4166666666667));
#2937=CARTESIAN_POINT('Ctrl Pts',(50.7032808444768,76.4643231787186,55.7142857142858));
#2938=CARTESIAN_POINT('Ctrl Pts',(50.8857369649768,76.0922480989993,56.0714285714286));
#2939=CARTESIAN_POINT('Ctrl Pts',(51.615574305289,74.6038726403485,57.5000000000001));
#2940=CARTESIAN_POINT('Ctrl Pts',(52.2844486175608,73.2403655742236,58.8095238095239));
#2941=CARTESIAN_POINT('Ctrl Pts',(52.8926537547447,72.0000097200364,60.0000000000001));
#2942=CARTESIAN_POINT('Ctrl Pts',(48.3337028503726,77.2097201618159,55.));
#2943=CARTESIAN_POINT('Ctrl Pts',(48.3603137997083,77.1477017514817,55.0595238095239));
#2944=CARTESIAN_POINT('Ctrl Pts',(48.4135387865112,77.0236631245406,55.1785714285715));
#2945=CARTESIAN_POINT('Ctrl Pts',(48.5199844423615,76.7755883961479,55.4166666666667));
#2946=CARTESIAN_POINT('Ctrl Pts',(48.6530472581994,76.4654916247615,55.7142857142858));
#2947=CARTESIAN_POINT('Ctrl Pts',(48.8127203597431,76.0933768312031,56.0714285714286));
#2948=CARTESIAN_POINT('Ctrl Pts',(49.4513951992934,74.604927931828,57.5));
#2949=CARTESIAN_POINT('Ctrl Pts',(50.037042838784,73.2404019723555,58.8095238095239));
#2950=CARTESIAN_POINT('Ctrl Pts',(50.5692618254974,72.0000337656716,60.0000000000001));
#2951=CARTESIAN_POINT('Ctrl Pts',(44.9998452612853,77.2092633504108,55.));
#2952=CARTESIAN_POINT('Ctrl Pts',(44.9998527534565,77.1472460552964,55.0595238095238));
#2953=CARTESIAN_POINT('Ctrl Pts',(44.9998614691241,77.023213920211,55.1785714285715));
#2954=CARTESIAN_POINT('Ctrl Pts',(44.9998876651781,76.7751462173142,55.4166666666667));
#2955=CARTESIAN_POINT('Ctrl Pts',(44.9999087462475,76.4650661569301,55.7142857142858));
#2956=CARTESIAN_POINT('Ctrl Pts',(44.9999386666067,76.0929682738287,56.0714285714286));
#2957=CARTESIAN_POINT('Ctrl Pts',(45.0000940069687,74.6045627755078,57.5));
#2958=CARTESIAN_POINT('Ctrl Pts',(44.9998391394585,73.2403466577906,58.8095238095238));
#2959=CARTESIAN_POINT('Ctrl Pts',(44.9999889828822,72.0000007555012,60.));
#2960=CARTESIAN_POINT('Ctrl Pts',(41.6666672180096,77.2095031888752,55.));
#2961=CARTESIAN_POINT('Ctrl Pts',(41.6400452315063,77.1474849633931,55.0595238095238));
#2962=CARTESIAN_POINT('Ctrl Pts',(41.58680560111,77.023448870663,55.1785714285714));
#2963=CARTESIAN_POINT('Ctrl Pts',(41.4803202685782,76.775376184328,55.4166666666667));
#2964=CARTESIAN_POINT('Ctrl Pts',(41.3472216831219,76.4652859929682,55.7142857142857));
#2965=CARTESIAN_POINT('Ctrl Pts',(41.1875001779488,76.0931774991429,56.0714285714286));
#2966=CARTESIAN_POINT('Ctrl Pts',(40.548589454617,74.6047414860523,57.5));
#2967=CARTESIAN_POINT('Ctrl Pts',(39.963196494496,73.2403645096416,58.8095238095238));
#2968=CARTESIAN_POINT('Ctrl Pts',(39.4307567644304,72.,60.));
#2969=CARTESIAN_POINT('Ctrl Pts',(40.0000005513429,77.2095031888752,55.));
#2970=CARTESIAN_POINT('Ctrl Pts',(39.9702386400174,77.1474852937695,55.0595238095238));
#2971=CARTESIAN_POINT('Ctrl Pts',(39.9107148173664,77.0234495035582,55.1785714285714));
#2972=CARTESIAN_POINT('Ctrl Pts',(39.7916671720644,76.7753779231356,55.4166666666667));
#2973=CARTESIAN_POINT('Ctrl Pts',(39.6428576154368,76.4652884476073,55.7142857142857));
#2974=CARTESIAN_POINT('Ctrl Pts',(39.4642861474837,76.0931810769734,56.0714285714286));
#2975=CARTESIAN_POINT('Ctrl Pts',(38.7500002756715,74.6047515944376,57.5));
#2976=CARTESIAN_POINT('Ctrl Pts',(38.0952382265102,73.2403579021132,58.8095238095238));
#2977=CARTESIAN_POINT('Ctrl Pts',(37.5,72.,60.));
#2978=CARTESIAN_POINT('',(40.0000005513429,77.2095031888752,55.));
#2979=CARTESIAN_POINT('Ctrl Pts',(40.0000005513429,77.2095031888752,55.));
#2980=CARTESIAN_POINT('Ctrl Pts',(39.6610150915712,77.2095031888752,55.));
#2981=CARTESIAN_POINT('Ctrl Pts',(38.8248674797633,77.0865625205607,55.));
#2982=CARTESIAN_POINT('Ctrl Pts',(37.6428528314483,76.2443150307566,55.));
#2983=CARTESIAN_POINT('Ctrl Pts',(37.038601100074,75.0457861708593,54.9999999999999));
#2984=CARTESIAN_POINT('Ctrl Pts',(37.0006501455343,74.4148229859169,54.9999999999999));
#2985=CARTESIAN_POINT('Ctrl Pts',(37.0002275882445,74.1059545179721,54.9999999999999));
#2986=CARTESIAN_POINT('Ctrl Pts',(37.0003029840145,73.8976077621306,54.9999999999999));
#2987=CARTESIAN_POINT('Ctrl Pts',(37.0002462561658,73.585083902632,54.9999999999999));
#2988=CARTESIAN_POINT('Ctrl Pts',(37.0002627059622,73.2725686408188,54.9999999999999));
#2989=CARTESIAN_POINT('Ctrl Pts',(37.0002107038356,72.6475423176756,54.9999999999999));
#2990=CARTESIAN_POINT('Ctrl Pts',(37.0006725795529,69.6263926113618,55.));
#2991=CARTESIAN_POINT('Ctrl Pts',(36.9981764461082,66.7095634664508,55.));
#2992=CARTESIAN_POINT('Ctrl Pts',(37.0013073723178,64.0045354772998,55.));
#2993=CARTESIAN_POINT('Ctrl Pts',(37.0392119796411,63.3736537575899,55.));
#2994=CARTESIAN_POINT('Ctrl Pts',(37.6434901720669,62.1752154484567,55.));
#2995=CARTESIAN_POINT('Ctrl Pts',(38.8254478029794,61.3329457211878,55.));
#2996=CARTESIAN_POINT('Ctrl Pts',(39.6617683623079,61.2103386020503,55.));
#2997=CARTESIAN_POINT('Ctrl Pts',(40.8334245695356,61.2095677988926,55.));
#2998=CARTESIAN_POINT('Ctrl Pts',(42.5001812440284,61.209666972341,55.));
#2999=CARTESIAN_POINT('Ctrl Pts',(45.000009088153,61.2094801223139,55.0000000000001));
#3000=CARTESIAN_POINT('Ctrl Pts',(47.0832162557455,61.2092699290292,55.0000000000001));
#3001=CARTESIAN_POINT('Ctrl Pts',(48.5415911259763,61.2093628026123,55.0000000000001));
#3002=CARTESIAN_POINT('Ctrl Pts',(49.3748281253243,61.2091753555188,55.0000000000001));
#3003=CARTESIAN_POINT('Ctrl Pts',(49.7916382954342,61.2094641955432,55.0000000000001));
#3004=CARTESIAN_POINT('Ctrl Pts',(50.3384464547967,61.2084468810908,55.0000000000001));
#3005=CARTESIAN_POINT('Ctrl Pts',(50.9637791806743,61.3051994806706,55.0000000000001));
#3006=CARTESIAN_POINT('Ctrl Pts',(51.7666488955793,61.7517912220497,55.0000000000001));
#3007=CARTESIAN_POINT('Ctrl Pts',(52.2814148273844,62.2208296396349,55.0000000000002));
#3008=CARTESIAN_POINT('Ctrl Pts',(52.6609801903945,62.7745476377319,55.0000000000002));
#3009=CARTESIAN_POINT('Ctrl Pts',(52.9668751176035,63.5304448723336,55.0000000000002));
#3010=CARTESIAN_POINT('Ctrl Pts',(53.0002105306378,64.0054052676508,55.0000000000002));
#3011=CARTESIAN_POINT('Ctrl Pts',(53.000142108421,64.2229112485741,55.0000000000002));
#3012=CARTESIAN_POINT('Ctrl Pts',(53.0001442014599,64.2424469835273,55.0000000000002));
#3013=CARTESIAN_POINT('Ctrl Pts',(53.0001434613422,64.2684870373591,55.0000000000002));
#3014=CARTESIAN_POINT('Ctrl Pts',(53.000143538885,64.3075496809446,55.0000000000002));
#3015=CARTESIAN_POINT('Ctrl Pts',(53.000142487122,64.3921826510732,55.0000000000002));
#3016=CARTESIAN_POINT('Ctrl Pts',(53.0001400297081,64.5223856093134,55.0000000000002));
#3017=CARTESIAN_POINT('Ctrl Pts',(53.0001383600419,64.6786317599016,55.0000000000002));
#3018=CARTESIAN_POINT('Ctrl Pts',(53.0001339918785,64.8869563865265,55.0000000000002));
#3019=CARTESIAN_POINT('Ctrl Pts',(53.0001298196582,65.1473636367247,55.0000000000002));
#3020=CARTESIAN_POINT('Ctrl Pts',(53.0001172488245,65.7723438212346,55.0000000000002));
#3021=CARTESIAN_POINT('Ctrl Pts',(53.0000316641043,67.9596963643458,55.0000000000001));
#3022=CARTESIAN_POINT('Ctrl Pts',(52.9998444958569,70.4596227431186,55.0000000000001));
#3023=CARTESIAN_POINT('Ctrl Pts',(52.9995734216965,72.7512913366274,55.0000000000001));
#3024=CARTESIAN_POINT('Ctrl Pts',(52.9994475886143,73.5846358727958,55.0000000000001));
#3025=CARTESIAN_POINT('Ctrl Pts',(52.9995439003598,74.0012989281653,55.0000000000001));
#3026=CARTESIAN_POINT('Ctrl Pts',(52.9989601369682,74.4143134372752,55.0000000000001));
#3027=CARTESIAN_POINT('Ctrl Pts',(52.9610038426303,75.0452001101225,55.0000000000001));
#3028=CARTESIAN_POINT('Ctrl Pts',(52.3566998146779,76.2436306118971,55.0000000000001));
#3029=CARTESIAN_POINT('Ctrl Pts',(51.1747188880971,77.0858966210456,55.0000000000001));
#3030=CARTESIAN_POINT('Ctrl Pts',(50.3383672893928,77.208481017235,55.0000000000001));
#3031=CARTESIAN_POINT('Ctrl Pts',(48.3337028503726,77.2097201618159,55.));
#3032=CARTESIAN_POINT('Ctrl Pts',(44.9998452612853,77.2092633504108,55.));
#3033=CARTESIAN_POINT('Ctrl Pts',(41.6666672180096,77.2095031888752,55.));
#3034=CARTESIAN_POINT('Ctrl Pts',(40.0000005513429,77.2095031888752,55.));
#3035=CARTESIAN_POINT('',(37.5,72.,60.));
#3036=CARTESIAN_POINT('',(40.0000005513429,77.2095031888752,55.));
#3037=CARTESIAN_POINT('',(37.367372063584,71.9970668712063,60.));
#3038=CARTESIAN_POINT('Ctrl Pts',(37.4998341233122,72.0014713335499,59.9999999999673));
#3039=CARTESIAN_POINT('Ctrl Pts',(37.4558345280788,72.0014656384045,59.9999999999672));
#3040=CARTESIAN_POINT('Ctrl Pts',(37.4118306056833,72.0004714527087,59.9999999999672));
#3041=CARTESIAN_POINT('Ctrl Pts',(37.3676427151099,71.9985365847286,59.9999999999673));
#3042=CARTESIAN_POINT('Ctrl Pts',(37.3674090268757,71.9985263231222,59.9999999999673));
#3043=CARTESIAN_POINT('Ctrl Pts',(37.3671753402568,71.9985160325572,59.9999999999673));
#3044=CARTESIAN_POINT('',(39.0191377962553,27.,60.));
#3045=CARTESIAN_POINT('Ctrl Pts',(37.3678764049535,71.9985468173736,59.9999999999673));
#3046=CARTESIAN_POINT('Ctrl Pts',(36.6054007919079,71.9651600765692,59.999999999968));
#3047=CARTESIAN_POINT('Ctrl Pts',(35.1147168722559,71.2817594276029,59.9999999999706));
#3048=CARTESIAN_POINT('Ctrl Pts',(34.4978447104654,69.7623027783823,59.9999999999702));
#3049=CARTESIAN_POINT('Ctrl Pts',(34.4985368874849,68.3325234708183,59.9999999999703));
#3050=CARTESIAN_POINT('Ctrl Pts',(34.4983575620787,67.6658278999016,59.9999999999705));
#3051=CARTESIAN_POINT('Ctrl Pts',(34.4986025393533,65.4721030686056,59.9999999999673));
#3052=CARTESIAN_POINT('Ctrl Pts',(34.4991163568754,62.4180660201467,59.9999999999601));
#3053=CARTESIAN_POINT('Ctrl Pts',(34.4994756528917,57.8367723501503,59.9999999999224));
#3054=CARTESIAN_POINT('Ctrl Pts',(34.4996506811279,53.2553897066772,59.9999999999114));
#3055=CARTESIAN_POINT('Ctrl Pts',(34.4997738927771,48.6739780661721,59.9999999998233));
#3056=CARTESIAN_POINT('Ctrl Pts',(34.4998885464648,44.0925636410166,59.9999999997338));
#3057=CARTESIAN_POINT('Ctrl Pts',(34.4999064320553,39.5110986190071,59.999999999594));
#3058=CARTESIAN_POINT('Ctrl Pts',(34.4999600098915,34.9296545805667,59.9999999993379));
#3059=CARTESIAN_POINT('Ctrl Pts',(34.4999776563296,31.875353273893,59.9999999989101));
#3060=CARTESIAN_POINT('Ctrl Pts',(34.4999816890566,30.3463842716498,59.9999999988384));
#3061=CARTESIAN_POINT('Ctrl Pts',(34.4999816863504,30.3427573120171,59.9999999988384));
#3062=CARTESIAN_POINT('Ctrl Pts',(34.4999816878191,30.3355033984132,59.9999999988384));
#3063=CARTESIAN_POINT('Ctrl Pts',(34.4999816869985,30.3228090468648,59.9999999988385));
#3064=CARTESIAN_POINT('Ctrl Pts',(34.4999816880821,30.2974203465615,59.9999999988387));
#3065=CARTESIAN_POINT('Ctrl Pts',(34.499981688366,30.2466429452185,59.9999999988392));
#3066=CARTESIAN_POINT('Ctrl Pts',(34.4999816894865,30.1886116334987,59.9999999988403));
#3067=CARTESIAN_POINT('Ctrl Pts',(34.499981688632,30.1305803217381,59.999999998841));
#3068=CARTESIAN_POINT('Ctrl Pts',(34.4999816894129,30.0870568315309,59.9999999988412));
#3069=CARTESIAN_POINT('Ctrl Pts',(34.4999816854089,30.0507872692697,59.9999999988418));
#3070=CARTESIAN_POINT('Ctrl Pts',(34.4999816890598,30.025398558401,59.9999999988418));
#3071=CARTESIAN_POINT('Ctrl Pts',(34.4999816830085,30.0108907437034,59.999999998842));
#3072=CARTESIAN_POINT('Ctrl Pts',(34.4999816941171,30.0036368014369,59.9999999988417));
#3073=CARTESIAN_POINT('Ctrl Pts',(34.4999795534507,29.6073160384375,59.9999999988885));
#3074=CARTESIAN_POINT('Ctrl Pts',(34.6562353043554,28.8221102470087,59.9999999991566));
#3075=CARTESIAN_POINT('Ctrl Pts',(35.3231862506504,27.8231966639819,59.9999999993234));
#3076=CARTESIAN_POINT('Ctrl Pts',(36.3221013815129,27.1562469160588,59.9999999995121));
#3077=CARTESIAN_POINT('Ctrl Pts',(37.107308431211,26.9999933232568,59.9999999997229));
#3078=CARTESIAN_POINT('Ctrl Pts',(38.0063763508043,26.9999992270013,59.9999999998569));
#3079=CARTESIAN_POINT('Ctrl Pts',(38.9545039053819,27.,60.));
#3080=CARTESIAN_POINT('Ctrl Pts',(39.0191377962553,27.,60.));
#3081=CARTESIAN_POINT('',(52.6326300347269,27.0029332216502,60.));
#3082=CARTESIAN_POINT('Ctrl Pts',(39.0191377962553,27.,60.));
#3083=CARTESIAN_POINT('Ctrl Pts',(43.5127585308369,27.,60.));
#3084=CARTESIAN_POINT('Ctrl Pts',(48.0061834014523,27.0062143745213,59.9999999999996));
#3085=CARTESIAN_POINT('Ctrl Pts',(52.5442253142707,26.9999466564223,60.));
#3086=CARTESIAN_POINT('Ctrl Pts',(52.6112763202511,27.0019882497486,60.));
#3087=CARTESIAN_POINT('Ctrl Pts',(52.6326300347269,27.0029332216502,60.));
#3088=CARTESIAN_POINT('',(55.5,31.9999979049775,60.));
#3089=CARTESIAN_POINT('Ctrl Pts',(52.6326300347269,27.0029332216502,60.));
#3090=CARTESIAN_POINT('Ctrl Pts',(53.2426617586034,27.0299291262148,60.));
#3091=CARTESIAN_POINT('Ctrl Pts',(54.7500071795621,27.576833878901,60.));
#3092=CARTESIAN_POINT('Ctrl Pts',(55.5059196546564,29.0819987306906,60.));
#3093=CARTESIAN_POINT('Ctrl Pts',(55.4996475106624,30.6669920048246,60.));
#3094=CARTESIAN_POINT('Ctrl Pts',(55.5,31.3333319366517,60.));
#3095=CARTESIAN_POINT('Ctrl Pts',(55.5,31.9999979049775,60.));
#3096=CARTESIAN_POINT('',(52.3425599082513,72.,60.));
#3097=CARTESIAN_POINT('Ctrl Pts',(55.5,31.9999979049775,60.));
#3098=CARTESIAN_POINT('Ctrl Pts',(55.5,32.0942095709717,60.));
#3099=CARTESIAN_POINT('Ctrl Pts',(55.5000156369837,32.992365693983,60.));
#3100=CARTESIAN_POINT('Ctrl Pts',(55.5000437818583,36.073327229665,60.));
#3101=CARTESIAN_POINT('Ctrl Pts',(55.500057853876,40.4925472056668,60.));
#3102=CARTESIAN_POINT('Ctrl Pts',(55.5001116041228,45.8545642064116,60.));
#3103=CARTESIAN_POINT('Ctrl Pts',(55.5001921504576,51.7639094541106,59.9999999999999));
#3104=CARTESIAN_POINT('Ctrl Pts',(55.5002573957824,57.8251129920492,59.9999999999999));
#3105=CARTESIAN_POINT('Ctrl Pts',(55.5005247433042,63.6427266167965,59.9999999999998));
#3106=CARTESIAN_POINT('Ctrl Pts',(55.5006433826147,67.0950835396397,59.9999999999996));
#3107=CARTESIAN_POINT('Ctrl Pts',(55.5010128256721,68.7669460158914,59.9999999999995));
#3108=CARTESIAN_POINT('Ctrl Pts',(55.5008358970905,68.8840187619872,59.9999999999996));
#3109=CARTESIAN_POINT('Ctrl Pts',(55.5026821229774,69.7856329937518,59.9999999999993));
#3110=CARTESIAN_POINT('Ctrl Pts',(54.8489780500453,71.3490863936848,59.9999999999987));
#3111=CARTESIAN_POINT('Ctrl Pts',(53.2855431650056,72.0028208819708,59.9999999999981));
#3112=CARTESIAN_POINT('Ctrl Pts',(52.4475336758969,72.0011147701068,59.9999999999977));
#3113=CARTESIAN_POINT('Ctrl Pts',(52.3950469546019,72.0010270746745,59.9999999999977));
#3114=CARTESIAN_POINT('Ctrl Pts',(52.3425615369561,72.0009556103549,59.9999999999977));
#3115=CARTESIAN_POINT('Ctrl Pts',(52.3425615369561,72.0009556103549,59.9999999999977));
#3116=CARTESIAN_POINT('Ctrl Pts',(51.8886146381878,72.0003375147444,59.9999999999975));
#3117=CARTESIAN_POINT('Ctrl Pts',(51.4347652593867,72.0009335935696,59.9999999999974));
#3118=CARTESIAN_POINT('Ctrl Pts',(49.8574605020027,72.0006258840655,59.9999999999961));
#3119=CARTESIAN_POINT('Ctrl Pts',(47.6107653962125,72.0007481990376,59.9999999999907));
#3120=CARTESIAN_POINT('Ctrl Pts',(44.8022918610714,72.0007595034888,59.999999999988));
#3121=CARTESIAN_POINT('Ctrl Pts',(42.5555603880416,72.0008789687374,59.9999999999835));
#3122=CARTESIAN_POINT('Ctrl Pts',(40.3087521616207,72.00088683616,59.9999999999834));
#3123=CARTESIAN_POINT('Ctrl Pts',(38.623872053657,72.001361138719,59.999999999969));
#3124=CARTESIAN_POINT('Ctrl Pts',(37.5005024772725,72.0014713440248,59.9999999999673));
#3125=CARTESIAN_POINT('Ctrl Pts',(40.,85.,50.));
#3126=CARTESIAN_POINT('Ctrl Pts',(40.000000183781,82.4031677296251,51.6666666666667));
#3127=CARTESIAN_POINT('Ctrl Pts',(40.000000367562,79.8063354592501,53.3333333333333));
#3128=CARTESIAN_POINT('Ctrl Pts',(40.0000005513429,77.2095031888752,55.));
#3129=CARTESIAN_POINT('Ctrl Pts',(39.2146018366025,85.,50.));
#3130=CARTESIAN_POINT('Ctrl Pts',(39.2146020203835,82.4031677296251,51.6666666666667));
#3131=CARTESIAN_POINT('Ctrl Pts',(39.2146022041645,79.8063354592501,53.3333333333333));
#3132=CARTESIAN_POINT('Ctrl Pts',(39.2146023879455,77.2095031888752,55.));
#3133=CARTESIAN_POINT('Ctrl Pts',(37.6512693535191,84.3464986643579,50.));
#3134=CARTESIAN_POINT('Ctrl Pts',(37.6512695373001,81.749666393983,51.6666666666667));
#3135=CARTESIAN_POINT('Ctrl Pts',(37.6512697210811,79.152834123608,53.3333333333333));
#3136=CARTESIAN_POINT('Ctrl Pts',(37.6512699048621,76.5560018532331,55.));
#3137=CARTESIAN_POINT('Ctrl Pts',(36.9965586442263,82.782720965412,50.));
#3138=CARTESIAN_POINT('Ctrl Pts',(36.9965588280073,80.185888695037,51.6666666666667));
#3139=CARTESIAN_POINT('Ctrl Pts',(36.9965590117883,77.5890564246621,53.3333333333333));
#3140=CARTESIAN_POINT('Ctrl Pts',(36.9965591955693,74.9922241542872,55.));
#3141=CARTESIAN_POINT('Ctrl Pts',(37.003103988197,78.6643793623323,50.));
#3142=CARTESIAN_POINT('Ctrl Pts',(37.003104171978,76.0675470919574,51.6666666666667));
#3143=CARTESIAN_POINT('Ctrl Pts',(37.003104355759,73.4707148215825,53.3333333333333));
#3144=CARTESIAN_POINT('Ctrl Pts',(37.00310453954,70.8738825512075,55.));
#3145=CARTESIAN_POINT('Ctrl Pts',(37.0018082374821,75.3322245836856,50.));
#3146=CARTESIAN_POINT('Ctrl Pts',(37.0018084212631,72.7353923133107,51.6666666666667));
#3147=CARTESIAN_POINT('Ctrl Pts',(37.0018086050441,70.1385600429357,53.3333333333334));
#3148=CARTESIAN_POINT('Ctrl Pts',(37.0018087888251,67.5417277725608,55.));
#3149=CARTESIAN_POINT('Ctrl Pts',(36.9972243978072,71.2137519104018,50.));
#3150=CARTESIAN_POINT('Ctrl Pts',(36.9972245815881,68.6169196400269,51.6666666666667));
#3151=CARTESIAN_POINT('Ctrl Pts',(36.9972247653691,66.0200873696519,53.3333333333334));
#3152=CARTESIAN_POINT('Ctrl Pts',(36.9972249491501,63.423255099277,55.));
#3153=CARTESIAN_POINT('Ctrl Pts',(37.6490590006291,69.6486676511609,50.));
#3154=CARTESIAN_POINT('Ctrl Pts',(37.6490591844101,67.051835380786,51.6666666666667));
#3155=CARTESIAN_POINT('Ctrl Pts',(37.6490593681911,64.455003110411,53.3333333333334));
#3156=CARTESIAN_POINT('Ctrl Pts',(37.6490595519721,61.8581708400361,55.));
#3157=CARTESIAN_POINT('Ctrl Pts',(39.2142680469014,68.9968441114788,50.));
#3158=CARTESIAN_POINT('Ctrl Pts',(39.2142682306824,66.4000118411039,51.6666666666667));
#3159=CARTESIAN_POINT('Ctrl Pts',(39.2142684144634,63.8031795707289,53.3333333333333));
#3160=CARTESIAN_POINT('Ctrl Pts',(39.2142685982444,61.206347300354,55.));
#3161=CARTESIAN_POINT('Ctrl Pts',(43.3330772921278,69.0020868867988,50.));
#3162=CARTESIAN_POINT('Ctrl Pts',(43.3330774759088,66.4052546164239,51.6666666666667));
#3163=CARTESIAN_POINT('Ctrl Pts',(43.3330776596898,63.808422346049,53.3333333333334));
#3164=CARTESIAN_POINT('Ctrl Pts',(43.3330778434708,61.211590075674,55.));
#3165=CARTESIAN_POINT('Ctrl Pts',(46.6665445187723,69.0017805328874,50.0000000000001));
#3166=CARTESIAN_POINT('Ctrl Pts',(46.6665447025533,66.4049482625124,51.6666666666667));
#3167=CARTESIAN_POINT('Ctrl Pts',(46.6665448863343,63.8081159921375,53.3333333333334));
#3168=CARTESIAN_POINT('Ctrl Pts',(46.6665450701153,61.2112837217626,55.0000000000001));
#3169=CARTESIAN_POINT('Ctrl Pts',(50.7853373732221,68.9969263502191,50.0000000000001));
#3170=CARTESIAN_POINT('Ctrl Pts',(50.7853375570031,66.4000940798442,51.6666666666667));
#3171=CARTESIAN_POINT('Ctrl Pts',(50.7853377407841,63.8032618094693,53.3333333333334));
#3172=CARTESIAN_POINT('Ctrl Pts',(50.7853379245651,61.2064295390943,55.0000000000001));
#3173=CARTESIAN_POINT('Ctrl Pts',(52.3504967412257,69.6488017261112,50.0000000000001));
#3174=CARTESIAN_POINT('Ctrl Pts',(52.3504969250067,67.0519694557363,51.6666666666668));
#3175=CARTESIAN_POINT('Ctrl Pts',(52.3504971087877,64.4551371853614,53.3333333333334));
#3176=CARTESIAN_POINT('Ctrl Pts',(52.3504972925687,61.8583049149864,55.0000000000001));
#3177=CARTESIAN_POINT('Ctrl Pts',(53.0023704050232,71.2139397737108,50.0000000000001));
#3178=CARTESIAN_POINT('Ctrl Pts',(53.0023705888042,68.6171075033359,51.6666666666667));
#3179=CARTESIAN_POINT('Ctrl Pts',(53.0023707725851,66.0202752329609,53.3333333333334));
#3180=CARTESIAN_POINT('Ctrl Pts',(53.0023709563661,63.423442962586,55.0000000000001));
#3181=CARTESIAN_POINT('Ctrl Pts',(52.9973092821584,75.3328310733431,50.0000000000001));
#3182=CARTESIAN_POINT('Ctrl Pts',(52.9973094659393,72.7359988029682,51.6666666666667));
#3183=CARTESIAN_POINT('Ctrl Pts',(52.9973096497203,70.1391665325932,53.3333333333334));
#3184=CARTESIAN_POINT('Ctrl Pts',(52.9973098335013,67.5423342622183,55.0000000000001));
#3185=CARTESIAN_POINT('Ctrl Pts',(52.9971786409199,78.6651755211248,50.0000000000001));
#3186=CARTESIAN_POINT('Ctrl Pts',(52.9971788247009,76.0683432507499,51.6666666666667));
#3187=CARTESIAN_POINT('Ctrl Pts',(52.9971790084819,73.4715109803749,53.3333333333334));
#3188=CARTESIAN_POINT('Ctrl Pts',(52.9971791922629,70.87467871,55.0000000000001));
#3189=CARTESIAN_POINT('Ctrl Pts',(53.0023380747403,82.7846098227203,50.));
#3190=CARTESIAN_POINT('Ctrl Pts',(53.0023382585213,80.1877775523454,51.6666666666667));
#3191=CARTESIAN_POINT('Ctrl Pts',(53.0023384423023,77.5909452819705,53.3333333333334));
#3192=CARTESIAN_POINT('Ctrl Pts',(53.0023386260833,74.9941130115955,55.));
#3193=CARTESIAN_POINT('Ctrl Pts',(52.3502231922794,84.3478312023092,50.0000000000001));
#3194=CARTESIAN_POINT('Ctrl Pts',(52.3502233760604,81.7509989319342,51.6666666666667));
#3195=CARTESIAN_POINT('Ctrl Pts',(52.3502235598414,79.1541666615593,53.3333333333334));
#3196=CARTESIAN_POINT('Ctrl Pts',(52.3502237436224,76.5573343911844,55.0000000000001));
#3197=CARTESIAN_POINT('Ctrl Pts',(50.78543367027,85.0027591052093,50.));
#3198=CARTESIAN_POINT('Ctrl Pts',(50.785433854051,82.4059268348344,51.6666666666667));
#3199=CARTESIAN_POINT('Ctrl Pts',(50.785434037832,79.8090945644595,53.3333333333334));
#3200=CARTESIAN_POINT('Ctrl Pts',(50.785434221613,77.2122622940846,55.));
#3201=CARTESIAN_POINT('Ctrl Pts',(46.667414107884,85.0005632439853,50.));
#3202=CARTESIAN_POINT('Ctrl Pts',(46.667414291665,82.4037309736104,51.6666666666667));
#3203=CARTESIAN_POINT('Ctrl Pts',(46.667414475446,79.8068987032354,53.3333333333334));
#3204=CARTESIAN_POINT('Ctrl Pts',(46.667414659227,77.2100664328605,55.));
#3205=CARTESIAN_POINT('Ctrl Pts',(43.3333333333333,85.,50.));
#3206=CARTESIAN_POINT('Ctrl Pts',(43.3333335171143,82.4031677296251,51.6666666666667));
#3207=CARTESIAN_POINT('Ctrl Pts',(43.3333337008953,79.8063354592501,53.3333333333333));
#3208=CARTESIAN_POINT('Ctrl Pts',(43.3333338846763,77.2095031888752,55.));
#3209=CARTESIAN_POINT('Ctrl Pts',(40.,85.,50.));
#3210=CARTESIAN_POINT('Ctrl Pts',(40.000000183781,82.4031677296251,51.6666666666667));
#3211=CARTESIAN_POINT('Ctrl Pts',(40.000000367562,79.8063354592501,53.3333333333333));
#3212=CARTESIAN_POINT('Ctrl Pts',(40.0000005513429,77.2095031888752,55.));
#3213=CARTESIAN_POINT('',(40.,85.,50.));
#3214=CARTESIAN_POINT('',(37.3014552747399,83.3106701971782,50.));
#3215=CARTESIAN_POINT('Ctrl Pts',(40.,85.,50.));
#3216=CARTESIAN_POINT('Ctrl Pts',(39.2146018366025,85.,50.));
#3217=CARTESIAN_POINT('Ctrl Pts',(38.4329355950608,84.673249332179,50.));
#3218=CARTESIAN_POINT('Ctrl Pts',(37.8784247969668,84.118929573532,50.));
#3219=CARTESIAN_POINT('Ctrl Pts',(37.643135056169,83.8837208944955,50.));
#3220=CARTESIAN_POINT('Ctrl Pts',(37.4487439788287,83.6075390760186,50.));
#3221=CARTESIAN_POINT('Ctrl Pts',(37.3030019379635,83.3075073972138,50.));
#3222=CARTESIAN_POINT('',(40.,85.,50.));
#3223=CARTESIAN_POINT('',(52.6985445326217,83.310670593802,50.));
#3224=CARTESIAN_POINT('Ctrl Pts',(52.6967642663339,83.309251824845,50.0000000000001));
#3225=CARTESIAN_POINT('Ctrl Pts',(52.5513111477674,83.6092722008727,50.0000000000001));
#3226=CARTESIAN_POINT('Ctrl Pts',(52.3572233669972,83.8854569420878,50.0000000000001));
#3227=CARTESIAN_POINT('Ctrl Pts',(52.1220545323923,84.120757833137,50.0000000000001));
#3228=CARTESIAN_POINT('Ctrl Pts',(51.5678284312747,84.6752951537593,50.0000000000001));
#3229=CARTESIAN_POINT('Ctrl Pts',(50.78543367027,85.0027591052093,50.));
#3230=CARTESIAN_POINT('Ctrl Pts',(50.0001712651582,85.0023403778964,50.));
#3231=CARTESIAN_POINT('Ctrl Pts',(46.667414107884,85.0005632439853,50.));
#3232=CARTESIAN_POINT('Ctrl Pts',(43.3333333333333,85.,50.));
#3233=CARTESIAN_POINT('Ctrl Pts',(40.,85.,50.));
#3234=CARTESIAN_POINT('Ctrl Pts',(37.3030019379635,83.3075073972138,50.));
#3235=CARTESIAN_POINT('Ctrl Pts',(37.105271564256,82.9004499989369,50.));
#3236=CARTESIAN_POINT('Ctrl Pts',(36.9970882489605,82.4494927623355,50.));
#3237=CARTESIAN_POINT('Ctrl Pts',(36.9978067715047,81.9973971505749,50.));
#3238=CARTESIAN_POINT('Ctrl Pts',(37.003103988197,78.6643793623323,50.));
#3239=CARTESIAN_POINT('Ctrl Pts',(37.0018082374821,75.3322245836856,50.));
#3240=CARTESIAN_POINT('Ctrl Pts',(36.998098487139,71.9991007189287,50.));
#3241=CARTESIAN_POINT('Ctrl Pts',(36.9972243978072,71.2137519104018,50.));
#3242=CARTESIAN_POINT('Ctrl Pts',(37.3231416992181,70.4312097807814,50.));
#3243=CARTESIAN_POINT('Ctrl Pts',(37.8774026114917,69.8769828310506,50.));
#3244=CARTESIAN_POINT('Ctrl Pts',(38.4316635237653,69.3227558813199,50.));
#3245=CARTESIAN_POINT('Ctrl Pts',(39.2142680469014,68.9968441114788,50.));
#3246=CARTESIAN_POINT('Ctrl Pts',(39.9996810361077,68.9978438528096,50.));
#3247=CARTESIAN_POINT('Ctrl Pts',(43.3330772921278,69.0020868867988,50.));
#3248=CARTESIAN_POINT('Ctrl Pts',(46.6665445187723,69.0017805328874,50.0000000000001));
#3249=CARTESIAN_POINT('Ctrl Pts',(49.9999275095621,68.9978519910761,50.0000000000001));
#3250=CARTESIAN_POINT('Ctrl Pts',(50.7853373732221,68.9969263502191,50.0000000000001));
#3251=CARTESIAN_POINT('Ctrl Pts',(51.5679170572239,69.3228640381652,50.0000000000001));
#3252=CARTESIAN_POINT('Ctrl Pts',(52.1221753151742,69.8771173940381,50.0000000000001));
#3253=CARTESIAN_POINT('Ctrl Pts',(52.6764335731244,70.431370749911,50.0000000000001));
#3254=CARTESIAN_POINT('Ctrl Pts',(53.0023704050232,71.2139397737108,50.0000000000001));
#3255=CARTESIAN_POINT('Ctrl Pts',(53.001405302878,71.999368409817,50.0000000000001));
#3256=CARTESIAN_POINT('Ctrl Pts',(52.9973092821584,75.3328310733431,50.0000000000001));
#3257=CARTESIAN_POINT('Ctrl Pts',(52.9971786409199,78.6651755211248,50.0000000000001));
#3258=CARTESIAN_POINT('Ctrl Pts',(53.0013542257446,81.9990776419317,50.0000000000001));
#3259=CARTESIAN_POINT('Ctrl Pts',(53.0019206086172,82.451293352911,50.));
#3260=CARTESIAN_POINT('Ctrl Pts',(52.8941028060834,82.9022094493776,50.0000000000001));
#3261=CARTESIAN_POINT('Ctrl Pts',(52.6967642663339,83.309251824845,50.0000000000001));
#3262=CARTESIAN_POINT('Ctrl Pts',(55.5,31.9999979049775,60.));
#3263=CARTESIAN_POINT('Ctrl Pts',(55.5,30.6666645716442,61.6666666666667));
#3264=CARTESIAN_POINT('Ctrl Pts',(55.5,29.3333312383108,63.3333333333333));
#3265=CARTESIAN_POINT('Ctrl Pts',(55.5,27.9999979049775,65.));
#3266=CARTESIAN_POINT('Ctrl Pts',(55.5,32.0942095709717,60.));
#3267=CARTESIAN_POINT('Ctrl Pts',(55.5000001525436,30.7594609302127,61.6666666666667));
#3268=CARTESIAN_POINT('Ctrl Pts',(55.4999998474564,29.4247123108879,63.3333333333333));
#3269=CARTESIAN_POINT('Ctrl Pts',(55.5,28.0899636701289,65.));
#3270=CARTESIAN_POINT('Ctrl Pts',(55.5000156369837,32.992365693983,60.));
#3271=CARTESIAN_POINT('Ctrl Pts',(55.5000153598278,31.6462706600893,61.6666666666667));
#3272=CARTESIAN_POINT('Ctrl Pts',(55.5000051966367,30.300174801726,63.3333333333334));
#3273=CARTESIAN_POINT('Ctrl Pts',(55.5000049194807,28.9540797678322,65.));
#3274=CARTESIAN_POINT('Ctrl Pts',(55.5000437818583,36.073327229665,60.));
#3275=CARTESIAN_POINT('Ctrl Pts',(55.5000441324646,34.688202956571,61.6666666666667));
#3276=CARTESIAN_POINT('Ctrl Pts',(55.500013368691,33.3030765260653,63.3333333333333));
#3277=CARTESIAN_POINT('Ctrl Pts',(55.5000137192973,31.9179522529713,65.));
#3278=CARTESIAN_POINT('Ctrl Pts',(55.500057853876,40.4925472056668,60.));
#3279=CARTESIAN_POINT('Ctrl Pts',(55.5000573577368,39.049922020716,61.6666666666667));
#3280=CARTESIAN_POINT('Ctrl Pts',(55.5000186989328,37.6072938599767,63.3333333333333));
#3281=CARTESIAN_POINT('Ctrl Pts',(55.5000182027936,36.1646686750258,65.));
#3282=CARTESIAN_POINT('Ctrl Pts',(55.5001116041228,45.8545642064116,60.));
#3283=CARTESIAN_POINT('Ctrl Pts',(55.5001126511167,44.3395041041504,61.6666666666666));
#3284=CARTESIAN_POINT('Ctrl Pts',(55.5000338730762,42.8244385170673,63.3333333333333));
#3285=CARTESIAN_POINT('Ctrl Pts',(55.5000349200701,41.3093784148061,65.));
#3286=CARTESIAN_POINT('Ctrl Pts',(55.5001921504576,51.7639094541106,59.9999999999999));
#3287=CARTESIAN_POINT('Ctrl Pts',(55.5001900955124,50.1650186066919,61.6666666666666));
#3288=CARTESIAN_POINT('Ctrl Pts',(55.5000625875149,48.5661178287808,63.3333333333333));
#3289=CARTESIAN_POINT('Ctrl Pts',(55.5000605325697,46.9672269813621,64.9999999999999));
#3290=CARTESIAN_POINT('Ctrl Pts',(55.5002573957824,57.8251129920492,59.9999999999999));
#3291=CARTESIAN_POINT('Ctrl Pts',(55.5002613865122,56.1345327743517,61.6666666666665));
#3292=CARTESIAN_POINT('Ctrl Pts',(55.5000764396974,54.443940113068,63.3333333333332));
#3293=CARTESIAN_POINT('Ctrl Pts',(55.5000804304273,52.7533598953704,64.9999999999999));
#3294=CARTESIAN_POINT('Ctrl Pts',(55.5005247433042,63.6427266167965,59.9999999999998));
#3295=CARTESIAN_POINT('Ctrl Pts',(55.5005158661576,61.8561375612555,61.6666666666664));
#3296=CARTESIAN_POINT('Ctrl Pts',(55.5001749508698,60.069521040323,63.3333333333331));
#3297=CARTESIAN_POINT('Ctrl Pts',(55.5001660737232,58.282931984782,64.9999999999997));
#3298=CARTESIAN_POINT('Ctrl Pts',(55.5006433826147,67.0950835396397,59.9999999999996));
#3299=CARTESIAN_POINT('Ctrl Pts',(55.5006598662422,65.2439653678094,61.6666666666663));
#3300=CARTESIAN_POINT('Ctrl Pts',(55.5001835261405,63.3928167937425,63.3333333333329));
#3301=CARTESIAN_POINT('Ctrl Pts',(55.500200009768,61.5416986219121,64.9999999999996));
#3302=CARTESIAN_POINT('Ctrl Pts',(55.5010128256721,68.7669460158914,59.9999999999995));
#3303=CARTESIAN_POINT('Ctrl Pts',(55.5009764514135,66.881608209985,61.6666666666662));
#3304=CARTESIAN_POINT('Ctrl Pts',(55.500358340833,64.9962154504501,63.3333333333328));
#3305=CARTESIAN_POINT('Ctrl Pts',(55.5003219665745,63.1108776445436,64.9999999999995));
#3306=CARTESIAN_POINT('Ctrl Pts',(55.5008358970905,68.8840187619872,59.9999999999996));
#3307=CARTESIAN_POINT('Ctrl Pts',(55.4994777038518,66.9965924727727,61.6666666666662));
#3308=CARTESIAN_POINT('Ctrl Pts',(55.4970138117218,65.1091296220933,63.3333333333329));
#3309=CARTESIAN_POINT('Ctrl Pts',(55.4956556184831,63.2217033328788,64.9999999999995));
#3310=CARTESIAN_POINT('Ctrl Pts',(55.5026821229774,69.7856329937518,59.9999999999993));
#3311=CARTESIAN_POINT('Ctrl Pts',(55.4760328064194,67.8835789123977,61.666666666666));
#3312=CARTESIAN_POINT('Ctrl Pts',(55.451427877392,65.9816835748012,63.3333333333326));
#3313=CARTESIAN_POINT('Ctrl Pts',(55.424778560834,64.0796294934471,64.9999999999992));
#3314=CARTESIAN_POINT('Ctrl Pts',(54.8489780500453,71.3490863936848,59.9999999999987));
#3315=CARTESIAN_POINT('Ctrl Pts',(54.8552710338177,69.4116707862315,61.6666666666653));
#3316=CARTESIAN_POINT('Ctrl Pts',(54.8609799122743,67.4741299982006,63.3333333333319));
#3317=CARTESIAN_POINT('Ctrl Pts',(54.8672728960468,65.5367143907472,64.9999999999986));
#3318=CARTESIAN_POINT('Ctrl Pts',(53.2855431650056,72.0028208819708,59.9999999999981));
#3319=CARTESIAN_POINT('Ctrl Pts',(53.3971582196481,70.1595644268184,61.6666666666648));
#3320=CARTESIAN_POINT('Ctrl Pts',(53.5089914958372,68.3178048330451,63.3333333333313));
#3321=CARTESIAN_POINT('Ctrl Pts',(53.6206065504797,66.4745483778928,64.999999999998));
#3322=CARTESIAN_POINT('Ctrl Pts',(51.9935622439197,72.0001905251477,59.9999999999975));
#3323=CARTESIAN_POINT('Ctrl Pts',(52.1513521355928,70.3045183461438,61.6666666666642));
#3324=CARTESIAN_POINT('Ctrl Pts',(52.3091980576023,68.6072117815785,63.3333333333306));
#3325=CARTESIAN_POINT('Ctrl Pts',(52.4669879492753,66.9115396025746,64.9999999999973));
#3326=CARTESIAN_POINT('Ctrl Pts',(51.4872452745156,72.0009438316668,59.9999999999975));
#3327=CARTESIAN_POINT('Ctrl Pts',(51.6526948890741,70.3341639760199,61.6666666666641));
#3328=CARTESIAN_POINT('Ctrl Pts',(51.8182104302675,68.6671894090762,63.3333333333306));
#3329=CARTESIAN_POINT('Ctrl Pts',(51.983660044826,67.0004095534293,64.9999999999973));
#3330=CARTESIAN_POINT('Ctrl Pts',(49.8574605020027,72.0006258840655,59.9999999999961));
#3331=CARTESIAN_POINT('Ctrl Pts',(50.0473773070707,70.3340412800247,61.6666666666628));
#3332=CARTESIAN_POINT('Ctrl Pts',(50.2373333044754,68.6666716159913,63.3333333333291));
#3333=CARTESIAN_POINT('Ctrl Pts',(50.4272501095434,67.0000870119505,64.9999999999958));
#3334=CARTESIAN_POINT('Ctrl Pts',(47.6107653962125,72.0007481990376,59.9999999999907));
#3335=CARTESIAN_POINT('Ctrl Pts',(47.8344458605511,70.3340286446834,61.6666666666574));
#3336=CARTESIAN_POINT('Ctrl Pts',(48.0580705874996,68.6669516219975,63.3333333333233));
#3337=CARTESIAN_POINT('Ctrl Pts',(48.2817510518381,67.0002320676433,64.99999999999));
#3338=CARTESIAN_POINT('Ctrl Pts',(44.8022918610714,72.0007595034888,59.999999999988));
#3339=CARTESIAN_POINT('Ctrl Pts',(45.0681571619869,70.3341181689418,61.6666666666547));
#3340=CARTESIAN_POINT('Ctrl Pts',(45.3339412263747,68.6668216857846,63.3333333333204));
#3341=CARTESIAN_POINT('Ctrl Pts',(45.5998065272902,67.0001803512376,64.9999999999871));
#3342=CARTESIAN_POINT('Ctrl Pts',(42.5555603880416,72.0008789687374,59.9999999999835));
#3343=CARTESIAN_POINT('Ctrl Pts',(42.8551812900438,70.334202079338,61.6666666666502));
#3344=CARTESIAN_POINT('Ctrl Pts',(43.154658668198,68.6669046346625,63.3333333333155));
#3345=CARTESIAN_POINT('Ctrl Pts',(43.4542795702003,67.000227745263,64.9999999999821));
#3346=CARTESIAN_POINT('Ctrl Pts',(40.3087521616207,72.00088683616,59.9999999999834));
#3347=CARTESIAN_POINT('Ctrl Pts',(40.6421242780666,70.3342321629858,61.6666666666501));
#3348=CARTESIAN_POINT('Ctrl Pts',(40.9753555870107,68.6668791884944,63.3333333333154));
#3349=CARTESIAN_POINT('Ctrl Pts',(41.3087277034565,67.0002245153202,64.999999999982));
#3350=CARTESIAN_POINT('Ctrl Pts',(38.623872053657,72.001361138719,59.999999999969));
#3351=CARTESIAN_POINT('Ctrl Pts',(38.9825596322706,70.3346905186851,61.6666666666356));
#3352=CARTESIAN_POINT('Ctrl Pts',(39.3409471733606,68.6670257291905,63.3333333332998));
#3353=CARTESIAN_POINT('Ctrl Pts',(39.6996347519742,67.0003551091566,64.9999999999665));
#3354=CARTESIAN_POINT('Ctrl Pts',(37.4562801427067,72.0014756823441,59.9999999999672));
#3355=CARTESIAN_POINT('Ctrl Pts',(37.8325101017875,70.3347982594237,61.6666666666339));
#3356=CARTESIAN_POINT('Ctrl Pts',(38.2084114601733,68.6670638793584,63.3333333332978));
#3357=CARTESIAN_POINT('Ctrl Pts',(38.5846414192541,67.000386456438,64.9999999999645));
#3358=CARTESIAN_POINT('Ctrl Pts',(37.4120531606024,72.0004811977855,59.9999999999672));
#3359=CARTESIAN_POINT('Ctrl Pts',(37.7889345906162,70.3342035004629,61.6666666666339));
#3360=CARTESIAN_POINT('Ctrl Pts',(38.165527883264,68.6666594779026,63.3333333332978));
#3361=CARTESIAN_POINT('Ctrl Pts',(38.5424093132778,67.00038178058,64.9999999999645));
#3362=CARTESIAN_POINT('Ctrl Pts',(36.6054007919079,71.9651600765692,59.999999999968));
#3363=CARTESIAN_POINT('Ctrl Pts',(36.9945027264129,70.3092762134754,61.6666666666347));
#3364=CARTESIAN_POINT('Ctrl Pts',(37.3822216648934,68.6563737376334,63.3333333332987));
#3365=CARTESIAN_POINT('Ctrl Pts',(37.7713235993984,67.0004898745395,64.9999999999653));
#3366=CARTESIAN_POINT('Ctrl Pts',(35.1147168722559,71.2817594276029,59.9999999999706));
#3367=CARTESIAN_POINT('Ctrl Pts',(35.5149609550415,69.7180773798837,61.6666666666373));
#3368=CARTESIAN_POINT('Ctrl Pts',(35.9149276349998,68.153840396664,63.3333333333015));
#3369=CARTESIAN_POINT('Ctrl Pts',(36.3151717177854,66.5901583489447,64.9999999999682));
#3370=CARTESIAN_POINT('Ctrl Pts',(34.4978447104654,69.7623027783823,59.9999999999702));
#3371=CARTESIAN_POINT('Ctrl Pts',(34.7598527969327,68.3362497330324,61.6666666666369));
#3372=CARTESIAN_POINT('Ctrl Pts',(35.0196958163079,66.9115061100027,63.3333333333011));
#3373=CARTESIAN_POINT('Ctrl Pts',(35.2817039027752,65.4854530646528,64.9999999999678));
#3374=CARTESIAN_POINT('Ctrl Pts',(34.4985368874849,68.3325234708183,59.9999999999703));
#3375=CARTESIAN_POINT('Ctrl Pts',(34.5494089676609,66.9790685431872,61.666666666637));
#3376=CARTESIAN_POINT('Ctrl Pts',(34.6030983797321,65.6261897705114,63.3333333333012));
#3377=CARTESIAN_POINT('Ctrl Pts',(34.6539704599082,64.2727348428803,64.9999999999679));
#3378=CARTESIAN_POINT('Ctrl Pts',(34.4983575620787,67.6658278999016,59.9999999999705));
#3379=CARTESIAN_POINT('Ctrl Pts',(34.4984159691517,66.3224888372263,61.6666666666372));
#3380=CARTESIAN_POINT('Ctrl Pts',(34.4990517536806,64.9799990389137,63.3333333333014));
#3381=CARTESIAN_POINT('Ctrl Pts',(34.4991101607536,63.6366599762385,64.9999999999681));
#3382=CARTESIAN_POINT('Ctrl Pts',(34.4986025393533,65.4721030686056,59.9999999999673));
#3383=CARTESIAN_POINT('Ctrl Pts',(34.4985543637788,64.161706461045,61.6666666666339));
#3384=CARTESIAN_POINT('Ctrl Pts',(34.4999039640776,62.8519424645786,63.3333333332979));
#3385=CARTESIAN_POINT('Ctrl Pts',(34.4998557885032,61.5415458570181,64.9999999999645));
#3386=CARTESIAN_POINT('Ctrl Pts',(34.4991163568754,62.4180660201467,59.9999999999601));
#3387=CARTESIAN_POINT('Ctrl Pts',(34.4991477792652,61.153561404742,61.6666666666268));
#3388=CARTESIAN_POINT('Ctrl Pts',(34.4996576183096,59.8894779751085,63.3333333332901));
#3389=CARTESIAN_POINT('Ctrl Pts',(34.4996890406994,58.6249733597037,64.9999999999568));
#3390=CARTESIAN_POINT('Ctrl Pts',(34.4994756528917,57.8367723501503,59.9999999999224));
#3391=CARTESIAN_POINT('Ctrl Pts',(34.4994608329593,56.6410885640262,61.666666666589));
#3392=CARTESIAN_POINT('Ctrl Pts',(34.4999408504323,55.4456276214957,63.3333333332492));
#3393=CARTESIAN_POINT('Ctrl Pts',(34.4999260304999,54.2499438353716,64.9999999999159));
#3394=CARTESIAN_POINT('Ctrl Pts',(34.4996506811279,53.2553897066772,59.9999999999114));
#3395=CARTESIAN_POINT('Ctrl Pts',(34.4996583796542,52.1285336746708,61.6666666665781));
#3396=CARTESIAN_POINT('Ctrl Pts',(34.4999098662289,51.0018179333556,63.3333333332373));
#3397=CARTESIAN_POINT('Ctrl Pts',(34.4999175647552,49.8749619013492,64.999999999904));
#3398=CARTESIAN_POINT('Ctrl Pts',(34.4997738927771,48.6739780661721,59.9999999998233));
#3399=CARTESIAN_POINT('Ctrl Pts',(34.499769958867,47.6159463709573,61.66666666649));
#3400=CARTESIAN_POINT('Ctrl Pts',(34.4999935246202,46.557967655344,63.333333333142));
#3401=CARTESIAN_POINT('Ctrl Pts',(34.4999895907101,45.4999359601292,64.9999999998087));
#3402=CARTESIAN_POINT('Ctrl Pts',(34.4998885464648,44.0925636410166,59.9999999997338));
#3403=CARTESIAN_POINT('Ctrl Pts',(34.4998904120264,43.1033580247443,61.6666666664005));
#3404=CARTESIAN_POINT('Ctrl Pts',(34.500016324963,42.1141251289103,63.333333333045));
#3405=CARTESIAN_POINT('Ctrl Pts',(34.5000181905247,41.1249195126379,64.9999999997117));
#3406=CARTESIAN_POINT('Ctrl Pts',(34.4999064320553,39.5110986190071,59.999999999594));
#3407=CARTESIAN_POINT('Ctrl Pts',(34.4999051132923,38.5907181842317,61.6666666662606));
#3408=CARTESIAN_POINT('Ctrl Pts',(34.5000541214134,37.6702595724399,63.3333333328936));
#3409=CARTESIAN_POINT('Ctrl Pts',(34.5000528026504,36.7498791376645,64.9999999995602));
#3410=CARTESIAN_POINT('Ctrl Pts',(34.4999600098915,34.9296545805667,59.9999999993379));
#3411=CARTESIAN_POINT('Ctrl Pts',(34.4999610528658,34.0780998811572,61.6666666660046));
#3412=CARTESIAN_POINT('Ctrl Pts',(34.5001063298356,33.2263643473792,63.3333333326161));
#3413=CARTESIAN_POINT('Ctrl Pts',(34.5001073728099,32.3748096479697,64.9999999992828));
#3414=CARTESIAN_POINT('Ctrl Pts',(34.4999776563296,31.875353273893,59.9999999989101));
#3415=CARTESIAN_POINT('Ctrl Pts',(34.4999770808466,31.0696820794536,61.6666666655768));
#3416=CARTESIAN_POINT('Ctrl Pts',(34.5001888871908,30.2636928937192,63.3333333321529));
#3417=CARTESIAN_POINT('Ctrl Pts',(34.5001883117078,29.4580216992798,64.9999999988196));
#3418=CARTESIAN_POINT('Ctrl Pts',(34.4999816890566,30.3463842716498,59.9999999988384));
#3419=CARTESIAN_POINT('Ctrl Pts',(34.4999816973301,29.5636822107817,61.6666666655051));
#3420=CARTESIAN_POINT('Ctrl Pts',(34.5002018043136,28.7806385590085,63.333333332075));
#3421=CARTESIAN_POINT('Ctrl Pts',(34.5002018125871,27.9979364981404,64.9999999987416));
#3422=CARTESIAN_POINT('Ctrl Pts',(34.4999816863504,30.3427573120171,59.9999999988384));
#3423=CARTESIAN_POINT('Ctrl Pts',(34.4999824365053,29.5601089094135,61.6666666655051));
#3424=CARTESIAN_POINT('Ctrl Pts',(34.5002033025843,28.7771189171044,63.333333332075));
#3425=CARTESIAN_POINT('Ctrl Pts',(34.5002040527392,27.9944705145009,64.9999999987417));
#3426=CARTESIAN_POINT('Ctrl Pts',(34.4999816878191,30.3355033984132,59.9999999988384));
#3427=CARTESIAN_POINT('Ctrl Pts',(34.499986941548,29.5529589694967,61.6666666655051));
#3428=CARTESIAN_POINT('Ctrl Pts',(34.5002123385268,28.7700729847075,63.333333332075));
#3429=CARTESIAN_POINT('Ctrl Pts',(34.5002175922557,27.987528555791,64.9999999987417));
#3430=CARTESIAN_POINT('Ctrl Pts',(34.4999816869985,30.3228090468648,59.9999999988385));
#3431=CARTESIAN_POINT('Ctrl Pts',(34.5000028024563,29.5404379464238,61.6666666655051));
#3432=CARTESIAN_POINT('Ctrl Pts',(34.5002439797187,28.7577252063453,63.3333333320751));
#3433=CARTESIAN_POINT('Ctrl Pts',(34.5002650951765,27.9753541059043,64.9999999987417));
#3434=CARTESIAN_POINT('Ctrl Pts',(34.4999816880821,30.2974203465615,59.9999999988387));
#3435=CARTESIAN_POINT('Ctrl Pts',(34.5000664474879,29.515361322932,61.6666666655053));
#3436=CARTESIAN_POINT('Ctrl Pts',(34.5003714583151,28.7329608116439,63.3333333320753));
#3437=CARTESIAN_POINT('Ctrl Pts',(34.5004562177209,27.9509017880143,64.9999999987419));
#3438=CARTESIAN_POINT('Ctrl Pts',(34.499981688366,30.2466429452185,59.9999999988392));
#3439=CARTESIAN_POINT('Ctrl Pts',(34.5003242571623,29.4650725406634,61.6666666655059));
#3440=CARTESIAN_POINT('Ctrl Pts',(34.5008867048116,28.6831602661436,63.3333333320758));
#3441=CARTESIAN_POINT('Ctrl Pts',(34.5012292736079,27.9015898615885,64.9999999987425));
#3442=CARTESIAN_POINT('Ctrl Pts',(34.4999816894865,30.1886116334987,59.9999999988403));
#3443=CARTESIAN_POINT('Ctrl Pts',(34.5009260118261,29.407298557654,61.6666666655069));
#3444=CARTESIAN_POINT('Ctrl Pts',(34.5020910428667,28.6256441147741,63.333333332077));
#3445=CARTESIAN_POINT('Ctrl Pts',(34.5030353652062,27.8443310389294,64.9999999987437));
#3446=CARTESIAN_POINT('Ctrl Pts',(34.499981688632,30.1305803217381,59.999999998841));
#3447=CARTESIAN_POINT('Ctrl Pts',(34.501854672373,29.3492442159708,61.6666666655077));
#3448=CARTESIAN_POINT('Ctrl Pts',(34.5039473305322,28.5675658086155,63.3333333320778));
#3449=CARTESIAN_POINT('Ctrl Pts',(34.5058203142732,27.7862297028482,64.9999999987445));
#3450=CARTESIAN_POINT('Ctrl Pts',(34.4999816894129,30.0870568315309,59.9999999988412));
#3451=CARTESIAN_POINT('Ctrl Pts',(34.5027179007436,29.3055675020911,61.6666666655078));
#3452=CARTESIAN_POINT('Ctrl Pts',(34.5056756448556,28.523737243884,63.333333332078));
#3453=CARTESIAN_POINT('Ctrl Pts',(34.5084118561862,27.7422479144443,64.9999999987446));
#3454=CARTESIAN_POINT('Ctrl Pts',(34.4999816854089,30.0507872692697,59.9999999988418));
#3455=CARTESIAN_POINT('Ctrl Pts',(34.5035823558741,29.2690631840248,61.6666666655085));
#3456=CARTESIAN_POINT('Ctrl Pts',(34.5074010528978,28.4869953545855,63.3333333320786));
#3457=CARTESIAN_POINT('Ctrl Pts',(34.511001723363,27.7052712693406,64.9999999987453));
#3458=CARTESIAN_POINT('Ctrl Pts',(34.4999816890598,30.025398558401,59.9999999988418));
#3459=CARTESIAN_POINT('Ctrl Pts',(34.5042619511481,29.2434535310438,61.6666666655085));
#3460=CARTESIAN_POINT('Ctrl Pts',(34.5087656583245,28.4611688718651,63.3333333320786));
#3461=CARTESIAN_POINT('Ctrl Pts',(34.5130459204129,27.6792238445079,64.9999999987453));
#3462=CARTESIAN_POINT('Ctrl Pts',(34.4999816830085,30.0108907437034,59.999999998842));
#3463=CARTESIAN_POINT('Ctrl Pts',(34.5046765353998,29.2288072687574,61.6666666655086));
#3464=CARTESIAN_POINT('Ctrl Pts',(34.5095862356982,28.4463774654366,63.3333333320788));
#3465=CARTESIAN_POINT('Ctrl Pts',(34.5142810880894,27.6642939904905,64.9999999987455));
#3466=CARTESIAN_POINT('Ctrl Pts',(34.4999816941171,30.0036368014369,59.9999999988417));
#3467=CARTESIAN_POINT('Ctrl Pts',(34.504884899037,29.2214736594202,61.6666666655084));
#3468=CARTESIAN_POINT('Ctrl Pts',(34.5100176389512,28.4389768654325,63.3333333320786));
#3469=CARTESIAN_POINT('Ctrl Pts',(34.5149208438711,27.6568137234158,64.9999999987452));
#3470=CARTESIAN_POINT('Ctrl Pts',(34.4999795534507,29.6073160384375,59.9999999988885));
#3471=CARTESIAN_POINT('Ctrl Pts',(34.5165874075832,28.8212157949807,61.6666666655552));
#3472=CARTESIAN_POINT('Ctrl Pts',(34.533933487149,28.033862873491,63.3333333321293));
#3473=CARTESIAN_POINT('Ctrl Pts',(34.5505413412816,27.2477626300341,64.9999999987959));
#3474=CARTESIAN_POINT('Ctrl Pts',(34.6562353043554,28.8221102470087,59.9999999991566));
#3475=CARTESIAN_POINT('Ctrl Pts',(34.6909148175218,27.9967289381683,61.6666666658233));
#3476=CARTESIAN_POINT('Ctrl Pts',(34.7259871232792,27.1713867849372,63.3333333324197));
#3477=CARTESIAN_POINT('Ctrl Pts',(34.7606666364456,26.3460054760968,64.9999999990863));
#3478=CARTESIAN_POINT('Ctrl Pts',(35.3231862506504,27.8231966639819,59.9999999993234));
#3479=CARTESIAN_POINT('Ctrl Pts',(35.4179072933095,26.9176462747124,61.6666666659901));
#3480=CARTESIAN_POINT('Ctrl Pts',(35.5121091742655,26.0105027324449,63.3333333326004));
#3481=CARTESIAN_POINT('Ctrl Pts',(35.6068302169246,25.1049523431754,64.999999999267));
#3482=CARTESIAN_POINT('Ctrl Pts',(36.3221013815129,27.1562469160588,59.9999999995121));
#3483=CARTESIAN_POINT('Ctrl Pts',(36.4744316693935,26.2082289811592,61.6666666661787));
#3484=CARTESIAN_POINT('Ctrl Pts',(36.6266418844613,25.2603314805788,63.3333333328047));
#3485=CARTESIAN_POINT('Ctrl Pts',(36.7789721723418,24.3123135456792,64.9999999994714));
#3486=CARTESIAN_POINT('Ctrl Pts',(37.107308431211,26.9999933232568,59.9999999997229));
#3487=CARTESIAN_POINT('Ctrl Pts',(37.2411261026564,26.0378272489717,61.6666666663896));
#3488=CARTESIAN_POINT('Ctrl Pts',(37.3743750480909,25.0751972209117,63.3333333330332));
#3489=CARTESIAN_POINT('Ctrl Pts',(37.5081927195363,24.1130311466265,64.9999999996998));
#3490=CARTESIAN_POINT('Ctrl Pts',(38.0063763508043,26.9999992270013,59.9999999998569));
#3491=CARTESIAN_POINT('Ctrl Pts',(38.0640964261216,25.9982463989488,61.6666666665236));
#3492=CARTESIAN_POINT('Ctrl Pts',(38.1219292709606,24.9963681994424,63.3333333331783));
#3493=CARTESIAN_POINT('Ctrl Pts',(38.1796493462779,23.9946153713898,64.999999999845));
#3494=CARTESIAN_POINT('Ctrl Pts',(38.9545039053819,27.,60.));
#3495=CARTESIAN_POINT('Ctrl Pts',(38.7827443367816,26.00062548559,61.6666666666667));
#3496=CARTESIAN_POINT('Ctrl Pts',(38.6100355082924,24.9993745617618,63.3333333333333));
#3497=CARTESIAN_POINT('Ctrl Pts',(38.438275939692,24.0000000473518,65.));
#3498=CARTESIAN_POINT('Ctrl Pts',(39.0191377962553,27.,60.));
#3499=CARTESIAN_POINT('Ctrl Pts',(38.8460908412736,26.0000000000004,61.6666666666667));
#3500=CARTESIAN_POINT('Ctrl Pts',(38.6730438862918,25.0000000000008,63.3333333333333));
#3501=CARTESIAN_POINT('Ctrl Pts',(38.49999693131,24.0000000000012,65.));
#3502=CARTESIAN_POINT('',(55.4999999999999,27.9999979049775,65.));
#3503=CARTESIAN_POINT('',(55.5,31.9999979049775,60.));
#3504=CARTESIAN_POINT('',(38.49999693131,24.,65.));
#3505=CARTESIAN_POINT('Ctrl Pts',(38.49999693131,24.0000000000012,65.));
#3506=CARTESIAN_POINT('Ctrl Pts',(38.438275939692,24.0000000473518,65.));
#3507=CARTESIAN_POINT('Ctrl Pts',(38.1796493462779,23.9946153713898,64.999999999845));
#3508=CARTESIAN_POINT('Ctrl Pts',(37.5081927195363,24.1130311466265,64.9999999996998));
#3509=CARTESIAN_POINT('Ctrl Pts',(36.7789721723418,24.3123135456792,64.9999999994714));
#3510=CARTESIAN_POINT('Ctrl Pts',(35.6068302169246,25.1049523431754,64.999999999267));
#3511=CARTESIAN_POINT('Ctrl Pts',(34.7606666364456,26.3460054760968,64.9999999990863));
#3512=CARTESIAN_POINT('Ctrl Pts',(34.5505413412816,27.2477626300341,64.9999999987959));
#3513=CARTESIAN_POINT('Ctrl Pts',(34.5149208438711,27.6568137234158,64.9999999987452));
#3514=CARTESIAN_POINT('Ctrl Pts',(34.5142810880894,27.6642939904905,64.9999999987455));
#3515=CARTESIAN_POINT('Ctrl Pts',(34.5130459204129,27.6792238445079,64.9999999987453));
#3516=CARTESIAN_POINT('Ctrl Pts',(34.511001723363,27.7052712693406,64.9999999987453));
#3517=CARTESIAN_POINT('Ctrl Pts',(34.5084118561862,27.7422479144443,64.9999999987446));
#3518=CARTESIAN_POINT('Ctrl Pts',(34.5058203142732,27.7862297028482,64.9999999987445));
#3519=CARTESIAN_POINT('Ctrl Pts',(34.5030353652062,27.8443310389294,64.9999999987437));
#3520=CARTESIAN_POINT('Ctrl Pts',(34.5012292736079,27.9015898615885,64.9999999987425));
#3521=CARTESIAN_POINT('Ctrl Pts',(34.5004562177209,27.9509017880143,64.9999999987419));
#3522=CARTESIAN_POINT('Ctrl Pts',(34.5002650951765,27.9753541059043,64.9999999987417));
#3523=CARTESIAN_POINT('Ctrl Pts',(34.5002175922557,27.987528555791,64.9999999987417));
#3524=CARTESIAN_POINT('Ctrl Pts',(34.5002040527392,27.9944705145009,64.9999999987417));
#3525=CARTESIAN_POINT('Ctrl Pts',(34.5002018125871,27.9979364981404,64.9999999987416));
#3526=CARTESIAN_POINT('Ctrl Pts',(34.5001883117078,29.4580216992798,64.9999999988196));
#3527=CARTESIAN_POINT('Ctrl Pts',(34.5001073728099,32.3748096479697,64.9999999992828));
#3528=CARTESIAN_POINT('Ctrl Pts',(34.5000528026504,36.7498791376645,64.9999999995602));
#3529=CARTESIAN_POINT('Ctrl Pts',(34.5000181905247,41.1249195126379,64.9999999997117));
#3530=CARTESIAN_POINT('Ctrl Pts',(34.4999895907101,45.4999359601292,64.9999999998087));
#3531=CARTESIAN_POINT('Ctrl Pts',(34.4999175647552,49.8749619013492,64.999999999904));
#3532=CARTESIAN_POINT('Ctrl Pts',(34.4999260304999,54.2499438353716,64.9999999999159));
#3533=CARTESIAN_POINT('Ctrl Pts',(34.4996890406994,58.6249733597037,64.9999999999568));
#3534=CARTESIAN_POINT('Ctrl Pts',(34.4998557885032,61.5415458570181,64.9999999999645));
#3535=CARTESIAN_POINT('Ctrl Pts',(34.4991101607536,63.6366599762385,64.9999999999681));
#3536=CARTESIAN_POINT('Ctrl Pts',(34.6539704599082,64.2727348428803,64.9999999999679));
#3537=CARTESIAN_POINT('Ctrl Pts',(35.2817039027752,65.4854530646528,64.9999999999678));
#3538=CARTESIAN_POINT('Ctrl Pts',(36.3151717177854,66.5901583489447,64.9999999999682));
#3539=CARTESIAN_POINT('Ctrl Pts',(37.7713235993984,67.0004898745395,64.9999999999653));
#3540=CARTESIAN_POINT('Ctrl Pts',(38.5424093132778,67.00038178058,64.9999999999645));
#3541=CARTESIAN_POINT('Ctrl Pts',(38.5846414192541,67.000386456438,64.9999999999645));
#3542=CARTESIAN_POINT('Ctrl Pts',(39.6996347519742,67.0003551091566,64.9999999999665));
#3543=CARTESIAN_POINT('Ctrl Pts',(41.3087277034565,67.0002245153202,64.999999999982));
#3544=CARTESIAN_POINT('Ctrl Pts',(43.4542795702003,67.000227745263,64.9999999999821));
#3545=CARTESIAN_POINT('Ctrl Pts',(45.5998065272902,67.0001803512376,64.9999999999871));
#3546=CARTESIAN_POINT('Ctrl Pts',(48.2817510518381,67.0002320676433,64.99999999999));
#3547=CARTESIAN_POINT('Ctrl Pts',(50.4272501095434,67.0000870119505,64.9999999999958));
#3548=CARTESIAN_POINT('Ctrl Pts',(51.983660044826,67.0004095534293,64.9999999999973));
#3549=CARTESIAN_POINT('Ctrl Pts',(52.4669879492753,66.9115396025746,64.9999999999973));
#3550=CARTESIAN_POINT('Ctrl Pts',(53.6206065504797,66.4745483778928,64.999999999998));
#3551=CARTESIAN_POINT('Ctrl Pts',(54.8672728960468,65.5367143907472,64.9999999999986));
#3552=CARTESIAN_POINT('Ctrl Pts',(55.424778560834,64.0796294934471,64.9999999999992));
#3553=CARTESIAN_POINT('Ctrl Pts',(55.4956556184831,63.2217033328788,64.9999999999995));
#3554=CARTESIAN_POINT('Ctrl Pts',(55.5003219665745,63.1108776445436,64.9999999999995));
#3555=CARTESIAN_POINT('Ctrl Pts',(55.500200009768,61.5416986219121,64.9999999999996));
#3556=CARTESIAN_POINT('Ctrl Pts',(55.5001660737232,58.282931984782,64.9999999999997));
#3557=CARTESIAN_POINT('Ctrl Pts',(55.5000804304273,52.7533598953704,64.9999999999999));
#3558=CARTESIAN_POINT('Ctrl Pts',(55.5000605325697,46.9672269813621,64.9999999999999));
#3559=CARTESIAN_POINT('Ctrl Pts',(55.5000349200701,41.3093784148061,65.));
#3560=CARTESIAN_POINT('Ctrl Pts',(55.5000182027936,36.1646686750258,65.));
#3561=CARTESIAN_POINT('Ctrl Pts',(55.5000137192973,31.9179522529713,65.));
#3562=CARTESIAN_POINT('Ctrl Pts',(55.5000049194807,28.9540797678322,65.));
#3563=CARTESIAN_POINT('Ctrl Pts',(55.5,28.0899636701289,65.));
#3564=CARTESIAN_POINT('Ctrl Pts',(55.5,27.9999979049775,65.));
#3565=CARTESIAN_POINT('',(39.0191377962553,27.,60.));
#3566=CARTESIAN_POINT('Ctrl Pts',(39.0191377962553,27.,60.));
#3567=CARTESIAN_POINT('Ctrl Pts',(38.8460908412736,26.,61.6666666666667));
#3568=CARTESIAN_POINT('Ctrl Pts',(38.6730438862918,25.,63.3333333333333));
#3569=CARTESIAN_POINT('Ctrl Pts',(38.49999693131,24.,65.));
#3570=CARTESIAN_POINT('Ctrl Pts',(43.5127585308369,27.,60.));
#3571=CARTESIAN_POINT('Ctrl Pts',(43.2722056443103,26.0000103027277,61.6666666666667));
#3572=CARTESIAN_POINT('Ctrl Pts',(43.0316535088795,24.9999896972723,63.3333333333333));
#3573=CARTESIAN_POINT('Ctrl Pts',(42.791100622353,24.,65.));
#3574=CARTESIAN_POINT('Ctrl Pts',(48.0061834014523,27.0062143745213,59.9999999999996));
#3575=CARTESIAN_POINT('Ctrl Pts',(48.4299634687413,26.0061970459647,61.6666666666663));
#3576=CARTESIAN_POINT('Ctrl Pts',(48.8539381373832,25.0000173285564,63.3333333333329));
#3577=CARTESIAN_POINT('Ctrl Pts',(49.2777182046723,23.9999999999998,64.9999999999995));
#3578=CARTESIAN_POINT('Ctrl Pts',(52.5442253142707,26.9999466564223,60.));
#3579=CARTESIAN_POINT('Ctrl Pts',(52.1824015613811,25.9999592662141,61.6666666666667));
#3580=CARTESIAN_POINT('Ctrl Pts',(51.8205778379578,24.9999873902083,63.3333333333333));
#3581=CARTESIAN_POINT('Ctrl Pts',(51.4587540850682,24.,65.));
#3582=CARTESIAN_POINT('Ctrl Pts',(52.6112763202511,27.0019882497486,60.));
#3583=CARTESIAN_POINT('Ctrl Pts',(52.234044045984,26.0014282251386,61.6666666666667));
#3584=CARTESIAN_POINT('Ctrl Pts',(51.8568229708194,25.0005600246101,63.3333333333333));
#3585=CARTESIAN_POINT('Ctrl Pts',(51.4795906965523,24.,65.));
#3586=CARTESIAN_POINT('Ctrl Pts',(52.6326300347269,27.0029332216502,60.));
#3587=CARTESIAN_POINT('Ctrl Pts',(52.2550873583867,26.0019554811001,61.6666666666667));
#3588=CARTESIAN_POINT('Ctrl Pts',(51.8775446820466,25.0009777405501,63.3333333333333));
#3589=CARTESIAN_POINT('Ctrl Pts',(51.5000020057064,24.,65.));
#3590=CARTESIAN_POINT('',(51.5000020057064,24.,65.));
#3591=CARTESIAN_POINT('Ctrl Pts',(51.5000020057064,24.,65.));
#3592=CARTESIAN_POINT('Ctrl Pts',(51.4795906965523,24.,65.));
#3593=CARTESIAN_POINT('Ctrl Pts',(51.4587540850682,24.,65.));
#3594=CARTESIAN_POINT('Ctrl Pts',(49.2777182046723,23.9999999999998,64.9999999999995));
#3595=CARTESIAN_POINT('Ctrl Pts',(42.791100622353,24.,65.));
#3596=CARTESIAN_POINT('Ctrl Pts',(38.49999693131,24.,65.));
#3597=CARTESIAN_POINT('',(52.6326300347269,27.0029332216502,60.));
#3598=CARTESIAN_POINT('Ctrl Pts',(52.6326300347269,27.0029332216502,60.));
#3599=CARTESIAN_POINT('Ctrl Pts',(52.2550873583867,26.0019554811001,61.6666666666667));
#3600=CARTESIAN_POINT('Ctrl Pts',(51.8775446820466,25.0009777405501,63.3333333333333));
#3601=CARTESIAN_POINT('Ctrl Pts',(51.5000020057064,24.,65.));
#3602=CARTESIAN_POINT('Ctrl Pts',(53.2426617586034,27.0299291262148,60.));
#3603=CARTESIAN_POINT('Ctrl Pts',(52.8569029167168,26.0202482213702,61.6666666666667));
#3604=CARTESIAN_POINT('Ctrl Pts',(52.4688699888126,25.0096811972311,63.3333333333333));
#3605=CARTESIAN_POINT('Ctrl Pts',(52.083111146926,24.0000002923864,65.));
#3606=CARTESIAN_POINT('Ctrl Pts',(54.7500071795621,27.576833878901,60.));
#3607=CARTESIAN_POINT('Ctrl Pts',(54.346969000137,26.4922757601692,61.6666666666667));
#3608=CARTESIAN_POINT('Ctrl Pts',(53.9449837627689,25.407477060404,63.3333333333333));
#3609=CARTESIAN_POINT('Ctrl Pts',(53.5419455833438,24.3229189416722,65.));
#3610=CARTESIAN_POINT('Ctrl Pts',(55.5059196546564,29.0819987306906,60.));
#3611=CARTESIAN_POINT('Ctrl Pts',(55.220615415897,27.8495542679487,61.6666666666667));
#3612=CARTESIAN_POINT('Ctrl Pts',(54.9373613887989,26.6161494868417,63.3333333333333));
#3613=CARTESIAN_POINT('Ctrl Pts',(54.6520571500394,25.3837050240998,65.));
#3614=CARTESIAN_POINT('Ctrl Pts',(55.4996475106624,30.6669920048246,60.));
#3615=CARTESIAN_POINT('Ctrl Pts',(55.4491609127933,29.3535813912305,61.6666666666667));
#3616=CARTESIAN_POINT('Ctrl Pts',(55.3958410576011,28.0407858500795,63.3333333333333));
#3617=CARTESIAN_POINT('Ctrl Pts',(55.345354459732,26.7273752364855,65.));
#3618=CARTESIAN_POINT('Ctrl Pts',(55.5,31.3333319366517,60.));
#3619=CARTESIAN_POINT('Ctrl Pts',(55.499604015304,30.0101254211214,61.6666666666667));
#3620=CARTESIAN_POINT('Ctrl Pts',(55.5003956512621,28.6865835380732,63.3333333333333));
#3621=CARTESIAN_POINT('Ctrl Pts',(55.4999996665661,27.3633770225429,65.));
#3622=CARTESIAN_POINT('Ctrl Pts',(55.5,31.9999979049775,60.));
#3623=CARTESIAN_POINT('Ctrl Pts',(55.5,30.6666645716442,61.6666666666667));
#3624=CARTESIAN_POINT('Ctrl Pts',(55.4999999999999,29.3333312383108,63.3333333333333));
#3625=CARTESIAN_POINT('Ctrl Pts',(55.4999999999999,27.9999979049775,65.));
#3626=CARTESIAN_POINT('Ctrl Pts',(55.4999999999999,27.9999979049775,65.));
#3627=CARTESIAN_POINT('Ctrl Pts',(55.4999996665661,27.3633770225429,65.));
#3628=CARTESIAN_POINT('Ctrl Pts',(55.345354459732,26.7273752364855,65.));
#3629=CARTESIAN_POINT('Ctrl Pts',(54.6520571500394,25.3837050240998,65.));
#3630=CARTESIAN_POINT('Ctrl Pts',(53.5419455833438,24.3229189416722,65.));
#3631=CARTESIAN_POINT('Ctrl Pts',(52.083111146926,24.0000002923864,65.));
#3632=CARTESIAN_POINT('Ctrl Pts',(51.5000020057064,24.,65.));
#3633=CARTESIAN_POINT('Ctrl Pts',(35.,89.,40.));
#3634=CARTESIAN_POINT('Ctrl Pts',(36.6666666666667,87.6666666666667,43.3333333333333));
#3635=CARTESIAN_POINT('Ctrl Pts',(38.3333333333333,86.3333333333333,46.6666666666667));
#3636=CARTESIAN_POINT('Ctrl Pts',(40.,85.,50.));
#3637=CARTESIAN_POINT('Ctrl Pts',(34.4764012244017,89.,40.));
#3638=CARTESIAN_POINT('Ctrl Pts',(36.2101337493407,87.6666147133072,43.3333333333333));
#3639=CARTESIAN_POINT('Ctrl Pts',(37.9427092163646,86.3333852866928,46.6666666666667));
#3640=CARTESIAN_POINT('Ctrl Pts',(39.6764417413036,85.,50.));
#3641=CARTESIAN_POINT('Ctrl Pts',(33.4294648858985,88.7916655248076,40.0000000000001));
#3642=CARTESIAN_POINT('Ctrl Pts',(35.2595328243054,87.4911958060447,43.3333333333335));
#3643=CARTESIAN_POINT('Ctrl Pts',(37.0900126685909,86.1902422258566,46.6666666666668));
#3644=CARTESIAN_POINT('Ctrl Pts',(38.9200806069977,84.8897725070938,50.0000000000002));
#3645=CARTESIAN_POINT('Ctrl Pts',(32.0975770222856,87.9023966892831,40.0000000000002));
#3646=CARTESIAN_POINT('Ctrl Pts',(34.0016757303102,86.6649724939311,43.3333333333336));
#3647=CARTESIAN_POINT('Ctrl Pts',(35.9047777899527,85.4288442250381,46.666666666667));
#3648=CARTESIAN_POINT('Ctrl Pts',(37.8088764979773,84.191420029686,50.0000000000003));
#3649=CARTESIAN_POINT('Ctrl Pts',(31.2083100463924,86.570513142614,40.0000000000003));
#3650=CARTESIAN_POINT('Ctrl Pts',(33.1754428968737,85.4070965219165,43.3333333333336));
#3651=CARTESIAN_POINT('Ctrl Pts',(35.1433875747041,84.2436012695738,46.6666666666671));
#3652=CARTESIAN_POINT('Ctrl Pts',(37.1105204251854,83.0801846488763,50.0000000000004));
#3653=CARTESIAN_POINT('Ctrl Pts',(30.9999697132183,85.5235716647705,40.0000000000005));
#3654=CARTESIAN_POINT('Ctrl Pts',(33.0000197668939,84.456536084833,43.3333333333338));
#3655=CARTESIAN_POINT('Ctrl Pts',(35.0003444415278,83.3908315563302,46.6666666666672));
#3656=CARTESIAN_POINT('Ctrl Pts',(37.0003944952034,82.3237959763927,50.0000000000006));
#3657=CARTESIAN_POINT('Ctrl Pts',(30.9999742152502,84.831414451317,40.0000000000005));
#3658=CARTESIAN_POINT('Ctrl Pts',(32.9999582366908,83.8529562749995,43.3333333333338));
#3659=CARTESIAN_POINT('Ctrl Pts',(35.0003202881225,82.8745625079796,46.6666666666673));
#3660=CARTESIAN_POINT('Ctrl Pts',(37.0003043095631,81.8961043316621,50.0000000000006));
#3661=CARTESIAN_POINT('Ctrl Pts',(30.9999740326252,84.4868217359283,40.0000000000005));
#3662=CARTESIAN_POINT('Ctrl Pts',(32.9999820771882,83.5536722098381,43.3333333333338));
#3663=CARTESIAN_POINT('Ctrl Pts',(35.0003037314875,82.6209095708718,46.6666666666673));
#3664=CARTESIAN_POINT('Ctrl Pts',(37.0003117760505,81.6877600447816,50.0000000000006));
#3665=CARTESIAN_POINT('Ctrl Pts',(30.9999746952101,83.769679055104,40.0000000000005));
#3666=CARTESIAN_POINT('Ctrl Pts',(32.9999706477056,82.9367427910811,43.3333333333339));
#3667=CARTESIAN_POINT('Ctrl Pts',(35.0003054371384,82.104026971617,46.6666666666673));
#3668=CARTESIAN_POINT('Ctrl Pts',(37.0003013896339,81.2710907075941,50.0000000000007));
#3669=CARTESIAN_POINT('Ctrl Pts',(30.9999759639902,82.4461766412855,40.0000000000006));
#3670=CARTESIAN_POINT('Ctrl Pts',(32.9999783236755,81.811323829669,43.3333333333339));
#3671=CARTESIAN_POINT('Ctrl Pts',(35.000286711543,81.1767506097317,46.6666666666674));
#3672=CARTESIAN_POINT('Ctrl Pts',(37.0002890712283,80.5418977981152,50.0000000000007));
#3673=CARTESIAN_POINT('Ctrl Pts',(30.9999795821935,79.5643098828407,40.0000000000008));
#3674=CARTESIAN_POINT('Ctrl Pts',(32.9999781180182,79.4039877646804,43.3333333333341));
#3675=CARTESIAN_POINT('Ctrl Pts',(35.000249648518,79.2438200510904,46.6666666666677));
#3676=CARTESIAN_POINT('Ctrl Pts',(37.0002481843427,79.0834979329301,50.000000000001));
#3677=CARTESIAN_POINT('Ctrl Pts',(30.9999830357757,74.9999957946419,40.0000000000013));
#3678=CARTESIAN_POINT('Ctrl Pts',(32.9999840454324,75.6666567413498,43.3333333333346));
#3679=CARTESIAN_POINT('Ctrl Pts',(35.0002142461722,76.3334024988335,46.6666666666683));
#3680=CARTESIAN_POINT('Ctrl Pts',(37.0002152558289,77.0000634455414,50.0000000000016));
#3681=CARTESIAN_POINT('Ctrl Pts',(30.9999831633637,70.892114261165,40.0000000000021));
#3682=CARTESIAN_POINT('Ctrl Pts',(32.9999826367425,72.3030811129346,43.3333333333355));
#3683=CARTESIAN_POINT('Ctrl Pts',(35.0002248444477,73.7139985305399,46.6666666666694));
#3684=CARTESIAN_POINT('Ctrl Pts',(37.0002243178264,75.1249653823096,50.0000000000027));
#3685=CARTESIAN_POINT('Ctrl Pts',(30.9999827348822,68.3772046308488,40.0000000000025));
#3686=CARTESIAN_POINT('Ctrl Pts',(32.999982804683,70.2098030831334,43.3333333333358));
#3687=CARTESIAN_POINT('Ctrl Pts',(35.0002336459833,72.0423332470458,46.6666666666698));
#3688=CARTESIAN_POINT('Ctrl Pts',(37.0002337157841,73.8749316993304,50.0000000000031));
#3689=CARTESIAN_POINT('Ctrl Pts',(30.9999824011592,67.1756693335528,40.0000000000026));
#3690=CARTESIAN_POINT('Ctrl Pts',(32.9999827949574,69.2004511830889,43.3333333333359));
#3691=CARTESIAN_POINT('Ctrl Pts',(35.0002386513476,71.225142497139,46.6666666666699));
#3692=CARTESIAN_POINT('Ctrl Pts',(37.0002390451458,73.2499243466752,50.0000000000032));
#3693=CARTESIAN_POINT('Ctrl Pts',(30.9999817469253,66.3248465457132,40.0000000000028));
#3694=CARTESIAN_POINT('Ctrl Pts',(32.9999807510654,68.4769790748514,43.3333333333361));
#3695=CARTESIAN_POINT('Ctrl Pts',(35.0002500223449,70.6290269276641,46.6666666666702));
#3696=CARTESIAN_POINT('Ctrl Pts',(37.000249026485,72.7811594568022,50.0000000000035));
#3697=CARTESIAN_POINT('Ctrl Pts',(30.99998160558,65.7820959330132,40.0000000000028));
#3698=CARTESIAN_POINT('Ctrl Pts',(32.9999827375413,68.0109872643526,43.3333333333361));
#3699=CARTESIAN_POINT('Ctrl Pts',(35.0002502316609,70.2397668850034,46.6666666666702));
#3700=CARTESIAN_POINT('Ctrl Pts',(37.0002513636222,72.4686582163428,50.0000000000035));
#3701=CARTESIAN_POINT('Ctrl Pts',(30.9999815949023,65.5157882253619,40.0000000000028));
#3702=CARTESIAN_POINT('Ctrl Pts',(32.9999781118088,67.781348965146,43.3333333333362));
#3703=CARTESIAN_POINT('Ctrl Pts',(35.0002545596481,70.0468457826281,46.6666666666702));
#3704=CARTESIAN_POINT('Ctrl Pts',(37.0002510765547,72.3124065224122,50.0000000000035));
#3705=CARTESIAN_POINT('Ctrl Pts',(30.9999813654401,65.2547235072048,40.0000000000028));
#3706=CARTESIAN_POINT('Ctrl Pts',(32.9999894550419,67.5552634101863,43.3333333333362));
#3707=CARTESIAN_POINT('Ctrl Pts',(35.0002474356017,69.85561734971,46.6666666666702));
#3708=CARTESIAN_POINT('Ctrl Pts',(37.0002555252035,72.1561572526915,50.0000000000036));
#3709=CARTESIAN_POINT('Ctrl Pts',(30.9999815793638,65.0842910028219,40.0000000000029));
#3710=CARTESIAN_POINT('Ctrl Pts',(32.9999697955232,67.4068467374538,43.3333333333362));
#3711=CARTESIAN_POINT('Ctrl Pts',(35.0002620455308,69.7294307559741,46.6666666666703));
#3712=CARTESIAN_POINT('Ctrl Pts',(37.0002502616902,72.051986490606,50.0000000000036));
#3713=CARTESIAN_POINT('Ctrl Pts',(30.9999778611749,64.4764162487953,40.000000000003));
#3714=CARTESIAN_POINT('Ctrl Pts',(33.0000319922431,66.8768066784614,43.3333333333363));
#3715=CARTESIAN_POINT('Ctrl Pts',(35.0002753890547,69.275989594687,46.6666666666704));
#3716=CARTESIAN_POINT('Ctrl Pts',(37.0003295201229,71.6763800243531,50.0000000000037));
#3717=CARTESIAN_POINT('Ctrl Pts',(31.2083179694646,63.4294743238541,40.0000000000034));
#3718=CARTESIAN_POINT('Ctrl Pts',(33.175448944065,65.926212382323,43.3333333333368));
#3719=CARTESIAN_POINT('Ctrl Pts',(35.1433283889917,68.4232605766608,46.6666666666709));
#3720=CARTESIAN_POINT('Ctrl Pts',(37.1104593635922,70.9199986351297,50.0000000000043));
#3721=CARTESIAN_POINT('Ctrl Pts',(32.097586716049,62.0975887370281,40.000000000004));
#3722=CARTESIAN_POINT('Ctrl Pts',(34.0016860382702,64.6683532806734,43.3333333333374));
#3723=CARTESIAN_POINT('Ctrl Pts',(35.9047193230817,67.2380332303515,46.6666666666717));
#3724=CARTESIAN_POINT('Ctrl Pts',(37.8088186453029,69.8087977739968,50.000000000005));
#3725=CARTESIAN_POINT('Ctrl Pts',(33.4294726712526,61.2083202303617,40.0000000000045));
#3726=CARTESIAN_POINT('Ctrl Pts',(35.2595411360677,63.8421184242646,43.3333333333378));
#3727=CARTESIAN_POINT('Ctrl Pts',(37.0899459652159,66.4766366446819,46.6666666666722));
#3728=CARTESIAN_POINT('Ctrl Pts',(38.9200144300311,69.1104348385848,50.0000000000056));
#3729=CARTESIAN_POINT('Ctrl Pts',(34.4764148544828,60.9999807279555,40.0000000000055));
#3730=CARTESIAN_POINT('Ctrl Pts',(36.2101445449797,63.6667022167854,43.3333333333388));
#3731=CARTESIAN_POINT('Ctrl Pts',(37.9426616990942,66.3335753488357,46.6666666666735));
#3732=CARTESIAN_POINT('Ctrl Pts',(39.6763913895912,69.0002968376656,50.0000000000068));
#3733=CARTESIAN_POINT('Ctrl Pts',(35.0421483004102,60.9999842458164,40.0000000000056));
#3734=CARTESIAN_POINT('Ctrl Pts',(36.7034256207292,63.6666424420775,43.333333333339));
#3735=CARTESIAN_POINT('Ctrl Pts',(38.3646797527191,66.3335641605554,46.6666666666737));
#3736=CARTESIAN_POINT('Ctrl Pts',(40.0259570730381,69.0002223568166,50.000000000007));
#3737=CARTESIAN_POINT('Ctrl Pts',(35.1268985539049,60.9999841262062,40.0000000000056));
#3738=CARTESIAN_POINT('Ctrl Pts',(36.7773235489383,63.6666565090316,43.333333333339));
#3739=CARTESIAN_POINT('Ctrl Pts',(38.4276171862388,66.3335527448025,46.6666666666737));
#3740=CARTESIAN_POINT('Ctrl Pts',(40.0780421812722,69.0002251276278,50.000000000007));
#3741=CARTESIAN_POINT('Ctrl Pts',(35.2982331477005,60.9999842297414,40.0000000000056));
#3742=CARTESIAN_POINT('Ctrl Pts',(36.9262429850316,63.6666460091515,43.333333333339));
#3743=CARTESIAN_POINT('Ctrl Pts',(38.5541982310146,66.3335612452037,46.6666666666737));
#3744=CARTESIAN_POINT('Ctrl Pts',(40.1822080683457,69.0002230246138,50.000000000007));
#3745=CARTESIAN_POINT('Ctrl Pts',(35.4505211906872,60.9999842742635,40.0000000000057));
#3746=CARTESIAN_POINT('Ctrl Pts',(37.0581683631015,63.6666535300292,43.333333333339));
#3747=CARTESIAN_POINT('Ctrl Pts',(38.6657081785437,66.3335535332067,46.6666666666737));
#3748=CARTESIAN_POINT('Ctrl Pts',(40.273355350958,69.0002227889723,50.0000000000071));
#3749=CARTESIAN_POINT('Ctrl Pts',(35.5826920179722,60.9999842894478,40.0000000000057));
#3750=CARTESIAN_POINT('Ctrl Pts',(37.1723159458775,63.6666502484636,43.333333333339));
#3751=CARTESIAN_POINT('Ctrl Pts',(38.7618563898501,66.3335565490242,46.6666666666737));
#3752=CARTESIAN_POINT('Ctrl Pts',(40.3514803177554,69.00022250804,50.0000000000071));
#3753=CARTESIAN_POINT('Ctrl Pts',(35.671239153669,60.9999842937984,40.0000000000057));
#3754=CARTESIAN_POINT('Ctrl Pts',(37.2487111463265,63.6666513390967,43.333333333339));
#3755=CARTESIAN_POINT('Ctrl Pts',(38.8260917432542,66.3335554158361,46.6666666666737));
#3756=CARTESIAN_POINT('Ctrl Pts',(40.4035637359117,69.0002224611343,50.0000000000071));
#3757=CARTESIAN_POINT('Ctrl Pts',(35.8273243117488,60.9999843098004,40.0000000000057));
#3758=CARTESIAN_POINT('Ctrl Pts',(37.3831484812097,63.6666508349277,43.333333333339));
#3759=CARTESIAN_POINT('Ctrl Pts',(38.9388855601229,66.333555698392,46.6666666666737));
#3760=CARTESIAN_POINT('Ctrl Pts',(40.4947097295838,69.0002222235193,50.0000000000071));
#3761=CARTESIAN_POINT('Ctrl Pts',(36.3248458017809,60.9999844083289,40.0000000000056));
#3762=CARTESIAN_POINT('Ctrl Pts',(37.8103163931176,63.6666511421976,43.3333333333389));
#3763=CARTESIAN_POINT('Ctrl Pts',(39.2956986574772,66.3335540941571,46.6666666666737));
#3764=CARTESIAN_POINT('Ctrl Pts',(40.7811692488138,69.0002208280258,50.000000000007));
#3765=CARTESIAN_POINT('Ctrl Pts',(37.5538126647331,60.9999849947326,40.0000000000052));
#3766=CARTESIAN_POINT('Ctrl Pts',(38.8553209210021,63.6666516667959,43.3333333333385));
#3767=CARTESIAN_POINT('Ctrl Pts',(40.1567553383196,66.3335457484945,46.6666666666732));
#3768=CARTESIAN_POINT('Ctrl Pts',(41.4582635945886,69.0002124205578,50.0000000000065));
#3769=CARTESIAN_POINT('Ctrl Pts',(40.4356824261365,60.9999866082557,40.0000000000041));
#3770=CARTESIAN_POINT('Ctrl Pts',(41.2626790012013,63.6666531819999,43.3333333333374));
#3771=CARTESIAN_POINT('Ctrl Pts',(42.0896287185008,66.3335227084438,46.6666666666718));
#3772=CARTESIAN_POINT('Ctrl Pts',(42.9166252935657,69.000189282188,50.0000000000052));
#3773=CARTESIAN_POINT('Ctrl Pts',(44.5435671580108,60.9999864130058,40.0000000000028));
#3774=CARTESIAN_POINT('Ctrl Pts',(44.626265469827,63.6666533173088,43.3333333333362));
#3775=CARTESIAN_POINT('Ctrl Pts',(44.7089802043581,66.3335245510103,46.6666666666702));
#3776=CARTESIAN_POINT('Ctrl Pts',(44.7916785161743,69.0001914553134,50.0000000000036));
#3777=CARTESIAN_POINT('Ctrl Pts',(48.1950186602781,60.9999854705318,40.0000000000013));
#3778=CARTESIAN_POINT('Ctrl Pts',(47.6161232002434,63.6666517864061,43.3333333333346));
#3779=CARTESIAN_POINT('Ctrl Pts',(47.0373106866325,66.3335373288733,46.6666666666683));
#3780=CARTESIAN_POINT('Ctrl Pts',(46.4584152265977,69.0002036447476,50.0000000000016));
#3781=CARTESIAN_POINT('Ctrl Pts',(50.3653387487911,60.999984935347,40.0000000000014));
#3782=CARTESIAN_POINT('Ctrl Pts',(49.4102213705073,63.6666521368199,43.3333333333347));
#3783=CARTESIAN_POINT('Ctrl Pts',(48.4551999340361,66.3335441425652,46.6666666666684));
#3784=CARTESIAN_POINT('Ctrl Pts',(47.5000825557523,69.0002113440381,50.0000000000018));
#3785=CARTESIAN_POINT('Ctrl Pts',(51.6227938708676,60.9999842431072,40.0000000000012));
#3786=CARTESIAN_POINT('Ctrl Pts',(50.4568668910009,63.6666494378348,43.3333333333346));
#3787=CARTESIAN_POINT('Ctrl Pts',(49.2910232054835,66.3335554045671,46.6666666666682));
#3788=CARTESIAN_POINT('Ctrl Pts',(48.1250962256168,69.0002205992947,50.0000000000015));
#3789=CARTESIAN_POINT('Ctrl Pts',(52.8243289732541,60.9999834536623,40.0000000000012));
#3790=CARTESIAN_POINT('Ctrl Pts',(51.4662022208064,63.6666533417348,43.3333333333345));
#3791=CARTESIAN_POINT('Ctrl Pts',(50.1082292693211,66.3335625399183,46.6666666666682));
#3792=CARTESIAN_POINT('Ctrl Pts',(48.7501025168734,69.0002324279909,50.0000000000015));
#3793=CARTESIAN_POINT('Ctrl Pts',(53.7696882213025,60.9999825239632,40.0000000000011));
#3794=CARTESIAN_POINT('Ctrl Pts',(52.2700938639495,63.6666432646235,43.3333333333345));
#3795=CARTESIAN_POINT('Ctrl Pts',(50.7705455472477,66.3335830777585,46.6666666666681));
#3796=CARTESIAN_POINT('Ctrl Pts',(49.2709511898946,69.0002438184188,50.0000000000014));
#3797=CARTESIAN_POINT('Ctrl Pts',(54.4868310460268,60.9999819120451,40.0000000000011));
#3798=CARTESIAN_POINT('Ctrl Pts',(52.8870100262966,63.6666576024881,43.3333333333345));
#3799=CARTESIAN_POINT('Ctrl Pts',(51.2874385137274,66.3335790696682,46.6666666666681));
#3800=CARTESIAN_POINT('Ctrl Pts',(49.6876174939973,69.0002547601112,50.0000000000014));
#3801=CARTESIAN_POINT('Ctrl Pts',(54.8314238639462,60.9999821232918,40.0000000000011));
#3802=CARTESIAN_POINT('Ctrl Pts',(53.1863003197071,63.6666327431551,43.3333333333344));
#3803=CARTESIAN_POINT('Ctrl Pts',(51.5410839531413,66.3335968503639,46.6666666666681));
#3804=CARTESIAN_POINT('Ctrl Pts',(49.8959604089021,69.0002474702273,50.0000000000014));
#3805=CARTESIAN_POINT('Ctrl Pts',(55.5235815244285,60.9999778399578,40.0000000000011));
#3806=CARTESIAN_POINT('Ctrl Pts',(53.78987857314,63.6666937478839,43.3333333333344));
#3807=CARTESIAN_POINT('Ctrl Pts',(52.0573478706176,66.3336221702803,46.6666666666681));
#3808=CARTESIAN_POINT('Ctrl Pts',(50.3236449193291,69.0003380782065,50.0000000000014));
#3809=CARTESIAN_POINT('Ctrl Pts',(56.5705239305958,61.2083181611702,40.0000000000011));
#3810=CARTESIAN_POINT('Ctrl Pts',(54.7404407204148,63.8421195701935,43.3333333333344));
#3811=CARTESIAN_POINT('Ctrl Pts',(52.9101033632625,66.4766624064319,46.666666666668));
#3812=CARTESIAN_POINT('Ctrl Pts',(51.0800201530814,69.1104638154552,50.0000000000013));
#3813=CARTESIAN_POINT('Ctrl Pts',(57.9024097268116,62.0975870308746,40.0000000000011));
#3814=CARTESIAN_POINT('Ctrl Pts',(55.9983191803878,64.6683495494784,43.3333333333344));
#3815=CARTESIAN_POINT('Ctrl Pts',(54.0953087889919,67.2380584978154,46.6666666666681));
#3816=CARTESIAN_POINT('Ctrl Pts',(52.191218242568,69.8088210164191,50.0000000000014));
#3817=CARTESIAN_POINT('Ctrl Pts',(58.7916785035678,63.4294731161974,40.0000000000011));
#3818=CARTESIAN_POINT('Ctrl Pts',(56.8245413618335,65.9262127740615,43.3333333333345));
#3819=CARTESIAN_POINT('Ctrl Pts',(54.8567148463612,68.4232747070751,46.6666666666681));
#3820=CARTESIAN_POINT('Ctrl Pts',(52.8895777046268,70.9200143649392,50.0000000000014));
#3821=CARTESIAN_POINT('Ctrl Pts',(59.0000182760894,64.476415527676,40.0000000000012));
#3822=CARTESIAN_POINT('Ctrl Pts',(56.9999675575578,66.8768046650322,43.3333333333346));
#3823=CARTESIAN_POINT('Ctrl Pts',(54.9997625686491,69.275998783019,46.6666666666682));
#3824=CARTESIAN_POINT('Ctrl Pts',(52.9997118501175,71.6763879203752,50.0000000000015));
#3825=CARTESIAN_POINT('Ctrl Pts',(59.0000145010895,65.0842904218075,40.0000000000012));
#3826=CARTESIAN_POINT('Ctrl Pts',(57.0000255625419,67.4068472728744,43.3333333333346));
#3827=CARTESIAN_POINT('Ctrl Pts',(54.9997807531447,69.7294355906896,46.6666666666682));
#3828=CARTESIAN_POINT('Ctrl Pts',(52.9997918145971,72.0519924417565,50.0000000000016));
#3829=CARTESIAN_POINT('Ctrl Pts',(59.0000146910869,65.254722896563,40.0000000000012));
#3830=CARTESIAN_POINT('Ctrl Pts',(57.0000082026915,67.5552579140386,43.3333333333346));
#3831=CARTESIAN_POINT('Ctrl Pts',(54.999793484965,69.8556279379195,46.6666666666682));
#3832=CARTESIAN_POINT('Ctrl Pts',(52.9997869965697,72.1561629553952,50.0000000000016));
#3833=CARTESIAN_POINT('Ctrl Pts',(59.0000144274365,65.6028093292994,40.0000000000013));
#3834=CARTESIAN_POINT('Ctrl Pts',(57.0000188779811,67.8567201388545,43.3333333333346));
#3835=CARTESIAN_POINT('Ctrl Pts',(54.9997874633509,70.1105845752304,46.6666666666682));
#3836=CARTESIAN_POINT('Ctrl Pts',(52.9997919138955,72.3644953847854,50.0000000000016));
#3837=CARTESIAN_POINT('Ctrl Pts',(59.0000141881217,66.0510241777959,40.0000000000013));
#3838=CARTESIAN_POINT('Ctrl Pts',(57.0000113860679,68.2423617642569,43.3333333333346));
#3839=CARTESIAN_POINT('Ctrl Pts',(54.9997972787631,70.4335784557726,46.6666666666682));
#3840=CARTESIAN_POINT('Ctrl Pts',(52.9997944767093,72.6249160422336,50.0000000000016));
#3841=CARTESIAN_POINT('Ctrl Pts',(59.0000138673792,66.5155487487007,40.0000000000013));
#3842=CARTESIAN_POINT('Ctrl Pts',(57.0000150263019,68.6388359803119,43.3333333333346));
#3843=CARTESIAN_POINT('Ctrl Pts',(54.9997982426225,70.7620471354238,46.6666666666682));
#3844=CARTESIAN_POINT('Ctrl Pts',(52.9997994015452,72.885334367035,50.0000000000016));
#3845=CARTESIAN_POINT('Ctrl Pts',(59.0000137927719,66.8962556334494,40.0000000000013));
#3846=CARTESIAN_POINT('Ctrl Pts',(57.0000133983629,68.9620906256441,43.3333333333346));
#3847=CARTESIAN_POINT('Ctrl Pts',(54.9998007404809,71.0278336233511,46.6666666666682));
#3848=CARTESIAN_POINT('Ctrl Pts',(52.9998003460719,73.0936686155459,50.0000000000016));
#3849=CARTESIAN_POINT('Ctrl Pts',(59.0000137063285,67.4760534556455,40.0000000000012));
#3850=CARTESIAN_POINT('Ctrl Pts',(57.0000141601459,69.4527860208531,43.3333333333346));
#3851=CARTESIAN_POINT('Ctrl Pts',(54.9998011368438,71.4294367572703,46.6666666666682));
#3852=CARTESIAN_POINT('Ctrl Pts',(52.9998015906612,73.4061693224779,50.0000000000015));
#3853=CARTESIAN_POINT('Ctrl Pts',(59.0000129857774,68.1769488104347,40.0000000000012));
#3854=CARTESIAN_POINT('Ctrl Pts',(57.0000127951625,70.041579652858,43.3333333333345));
#3855=CARTESIAN_POINT('Ctrl Pts',(54.9998116775298,71.9061292133139,46.6666666666681));
#3856=CARTESIAN_POINT('Ctrl Pts',(52.9998114869149,73.7707600557373,50.0000000000015));
#3857=CARTESIAN_POINT('Ctrl Pts',(59.0000129255269,69.0059327067679,40.0000000000011));
#3858=CARTESIAN_POINT('Ctrl Pts',(57.0000129556622,70.7331234484683,43.3333333333345));
#3859=CARTESIAN_POINT('Ctrl Pts',(54.9998122157781,72.4602370597904,46.6666666666681));
#3860=CARTESIAN_POINT('Ctrl Pts',(52.9998122459135,74.1874278014909,50.0000000000014));
#3861=CARTESIAN_POINT('Ctrl Pts',(59.0000124999959,71.1203324371964,40.0000000000011));
#3862=CARTESIAN_POINT('Ctrl Pts',(57.0000125195112,72.4899459334831,43.3333333333344));
#3863=CARTESIAN_POINT('Ctrl Pts',(54.9998180967194,73.8594852787306,46.666666666668));
#3864=CARTESIAN_POINT('Ctrl Pts',(52.9998181162346,75.2290987750173,50.0000000000014));
#3865=CARTESIAN_POINT('Ctrl Pts',(59.0000112584336,75.0000009987342,40.0000000000008));
#3866=CARTESIAN_POINT('Ctrl Pts',(57.0000111372301,75.6666670498525,43.3333333333341));
#3867=CARTESIAN_POINT('Ctrl Pts',(54.9998291705484,76.3333161394432,46.6666666666676));
#3868=CARTESIAN_POINT('Ctrl Pts',(52.9998290493448,76.9999821905616,50.000000000001));
#3869=CARTESIAN_POINT('Ctrl Pts',(59.000011464099,79.5643191113476,40.0000000000006));
#3870=CARTESIAN_POINT('Ctrl Pts',(57.0000116395008,79.4039905832145,43.3333333333339));
#3871=CARTESIAN_POINT('Ctrl Pts',(54.9998203614654,79.2436776301145,46.6666666666675));
#3872=CARTESIAN_POINT('Ctrl Pts',(52.9998205368672,79.0833491019813,50.0000000000008));
#3873=CARTESIAN_POINT('Ctrl Pts',(59.0000128838527,82.4461895146068,40.0000000000006));
#3874=CARTESIAN_POINT('Ctrl Pts',(57.0000126030232,81.8113465151113,43.333333333334));
#3875=CARTESIAN_POINT('Ctrl Pts',(54.9997960415807,81.1765418611159,46.6666666666675));
#3876=CARTESIAN_POINT('Ctrl Pts',(52.9997957607513,80.5416988616204,50.0000000000008));
#3877=CARTESIAN_POINT('Ctrl Pts',(59.000013389693,83.7696927297461,40.0000000000006));
#3878=CARTESIAN_POINT('Ctrl Pts',(57.0000138782045,82.9367399141463,43.3333333333339));
#3879=CARTESIAN_POINT('Ctrl Pts',(54.9997866539884,82.1038246893889,46.6666666666675));
#3880=CARTESIAN_POINT('Ctrl Pts',(52.9997871424998,81.270871873789,50.0000000000008));
#3881=CARTESIAN_POINT('Ctrl Pts',(59.0000136099406,84.397193297486,40.0000000000006));
#3882=CARTESIAN_POINT('Ctrl Pts',(57.0000127247911,83.4765969276546,43.333333333334));
#3883=CARTESIAN_POINT('Ctrl Pts',(54.9997841706771,82.5560525247363,46.6666666666675));
#3884=CARTESIAN_POINT('Ctrl Pts',(52.9997832855277,81.6354561549049,50.0000000000008));
#3885=CARTESIAN_POINT('Ctrl Pts',(59.0000136269519,84.7017693466998,40.0000000000006));
#3886=CARTESIAN_POINT('Ctrl Pts',(57.0000152264795,83.7404194715125,43.333333333334));
#3887=CARTESIAN_POINT('Ctrl Pts',(54.9997816645896,82.7790987093802,46.6666666666675));
#3888=CARTESIAN_POINT('Ctrl Pts',(52.9997832641171,81.8177488341929,50.0000000000008));
#3889=CARTESIAN_POINT('Ctrl Pts',(59.0000137136421,84.8731039708378,40.0000000000006));
#3890=CARTESIAN_POINT('Ctrl Pts',(57.0000105165236,83.8893492465457,43.333333333334));
#3891=CARTESIAN_POINT('Ctrl Pts',(54.9997846236336,82.9056694652299,46.6666666666675));
#3892=CARTESIAN_POINT('Ctrl Pts',(52.9997814265151,81.9219147409378,50.0000000000008));
#3893=CARTESIAN_POINT('Ctrl Pts',(59.0000135949687,84.9578542180299,40.0000000000006));
#3894=CARTESIAN_POINT('Ctrl Pts',(57.0000195864143,83.9632425455213,43.333333333334));
#3895=CARTESIAN_POINT('Ctrl Pts',(54.9997781740536,82.9686114707621,46.6666666666675));
#3896=CARTESIAN_POINT('Ctrl Pts',(52.9997841654992,81.9739997982535,50.0000000000008));
#3897=CARTESIAN_POINT('Ctrl Pts',(59.0000167948441,85.5235879197462,40.0000000000006));
#3898=CARTESIAN_POINT('Ctrl Pts',(56.9999913290818,84.4565301339523,43.3333333333339));
#3899=CARTESIAN_POINT('Ctrl Pts',(54.9997385981857,83.3906195234365,46.6666666666674));
#3900=CARTESIAN_POINT('Ctrl Pts',(52.9997131324234,82.3235617376425,50.0000000000008));
#3901=CARTESIAN_POINT('Ctrl Pts',(58.7916758563908,86.5705311912227,40.0000000000005));
#3902=CARTESIAN_POINT('Ctrl Pts',(56.8244902654147,85.4071201242368,43.3333333333339));
#3903=CARTESIAN_POINT('Ctrl Pts',(54.8567762256091,84.2433333754467,46.6666666666673));
#3904=CARTESIAN_POINT('Ctrl Pts',(52.889590634633,83.0799223084608,50.0000000000007));
#3905=CARTESIAN_POINT('Ctrl Pts',(57.9024059369568,87.9024183623011,40.0000000000005));
#3906=CARTESIAN_POINT('Ctrl Pts',(55.9983851458842,86.6649988057031,43.3333333333338));
#3907=CARTESIAN_POINT('Ctrl Pts',(54.0952631548759,85.4285192435092,46.6666666666673));
#3908=CARTESIAN_POINT('Ctrl Pts',(52.1912423638032,84.1910996869112,50.0000000000006));
#3909=CARTESIAN_POINT('Ctrl Pts',(56.5705192179961,88.7916878770531,40.0000000000004));
#3910=CARTESIAN_POINT('Ctrl Pts',(54.7403203171399,87.4912020003754,43.3333333333338));
#3911=CARTESIAN_POINT('Ctrl Pts',(52.9102510166682,86.189932793523,46.6666666666672));
#3912=CARTESIAN_POINT('Ctrl Pts',(51.080052115812,84.8894469168454,50.0000000000006));
#3913=CARTESIAN_POINT('Ctrl Pts',(55.5235750241966,89.0000301265655,40.0000000000004));
#3914=CARTESIAN_POINT('Ctrl Pts',(53.790070639565,87.6666795655091,43.3333333333338));
#3915=CARTESIAN_POINT('Ctrl Pts',(52.0571996739501,86.332895214113,46.6666666666672));
#3916=CARTESIAN_POINT('Ctrl Pts',(50.3236952893184,84.9995446530565,50.0000000000005));
#3917=CARTESIAN_POINT('Ctrl Pts',(53.6514565478673,89.0000180554408,40.0000000000004));
#3918=CARTESIAN_POINT('Ctrl Pts',(52.1566241151708,87.666700092698,43.3333333333337));
#3919=CARTESIAN_POINT('Ctrl Pts',(50.6617401145776,86.333111289871,46.6666666666671));
#3920=CARTESIAN_POINT('Ctrl Pts',(49.1669076818811,84.9997933271282,50.0000000000005));
#3921=CARTESIAN_POINT('Ctrl Pts',(50.4771785959705,89.0000118087523,40.0000000000002));
#3922=CARTESIAN_POINT('Ctrl Pts',(49.484734612244,87.666670459217,43.3333333333335));
#3923=CARTESIAN_POINT('Ctrl Pts',(48.4925295130291,86.3331761279864,46.6666666666669));
#3924=CARTESIAN_POINT('Ctrl Pts',(47.5000855293026,84.9998347784511,50.0000000000002));
#3925=CARTESIAN_POINT('Ctrl Pts',(43.174271427222,89.000009129174,40.0000000000002));
#3926=CARTESIAN_POINT('Ctrl Pts',(43.5051178365921,87.6666837415532,43.3333333333335));
#3927=CARTESIAN_POINT('Ctrl Pts',(43.8359407838979,86.3332203333468,46.6666666666669));
#3928=CARTESIAN_POINT('Ctrl Pts',(44.1667871932679,84.999894945726,50.0000000000002));
#3929=CARTESIAN_POINT('Ctrl Pts',(37.6970865448251,89.,40.));
#3930=CARTESIAN_POINT('Ctrl Pts',(39.020244168874,87.6666607355309,43.3333333333333));
#3931=CARTESIAN_POINT('Ctrl Pts',(40.3435090426178,86.3333392644692,46.6666666666667));
#3932=CARTESIAN_POINT('Ctrl Pts',(41.6666666666667,85.,50.));
#3933=CARTESIAN_POINT('Ctrl Pts',(35.,89.,40.));
#3934=CARTESIAN_POINT('Ctrl Pts',(36.6666666666667,87.6666666666667,43.3333333333333));
#3935=CARTESIAN_POINT('Ctrl Pts',(38.3333333333333,86.3333333333333,46.6666666666667));
#3936=CARTESIAN_POINT('Ctrl Pts',(40.,85.,50.));
#3937=CARTESIAN_POINT('',(35.,89.,40.));
#3938=CARTESIAN_POINT('',(33.5739338707916,88.7371560571007,40.));
#3939=CARTESIAN_POINT('Ctrl Pts',(35.0000006952038,89.0000042534808,40.));
#3940=CARTESIAN_POINT('Ctrl Pts',(34.6069729672954,89.0000393763273,40.));
#3941=CARTESIAN_POINT('Ctrl Pts',(34.213997973835,88.9416973980946,40.));
#3942=CARTESIAN_POINT('Ctrl Pts',(33.748918990494,88.8004481755605,40.));
#3943=CARTESIAN_POINT('Ctrl Pts',(33.6608473132032,88.7703214680448,40.));
#3944=CARTESIAN_POINT('Ctrl Pts',(33.5739338707916,88.7371560571007,40.));
#3945=CARTESIAN_POINT('',(35.,89.,40.));
#3946=CARTESIAN_POINT('',(56.2530992347885,88.7986500638743,40.));
#3947=CARTESIAN_POINT('Ctrl Pts',(56.2530992347885,88.7986500638743,40.));
#3948=CARTESIAN_POINT('Ctrl Pts',(56.1275199053476,88.8400761913095,40.));
#3949=CARTESIAN_POINT('Ctrl Pts',(55.999884616687,88.8752675530064,40.));
#3950=CARTESIAN_POINT('Ctrl Pts',(55.5852233832928,88.9677716675488,40.));
#3951=CARTESIAN_POINT('Ctrl Pts',(55.2926176960153,89.0000099262772,40.));
#3952=CARTESIAN_POINT('Ctrl Pts',(54.6005947193926,88.9999898935566,40.));
#3953=CARTESIAN_POINT('Ctrl Pts',(54.2011915425365,88.9999979724495,40.));
#3954=CARTESIAN_POINT('Ctrl Pts',(50.8369583174755,88.9999893347055,40.));
#3955=CARTESIAN_POINT('Ctrl Pts',(44.9072992769712,89.0000110488832,40.));
#3956=CARTESIAN_POINT('Ctrl Pts',(38.9776446684376,88.9999803845787,40.));
#3957=CARTESIAN_POINT('Ctrl Pts',(35.6752099828975,88.9999961534446,40.));
#3958=CARTESIAN_POINT('Ctrl Pts',(35.3376090618696,88.9999740831748,40.));
#3959=CARTESIAN_POINT('Ctrl Pts',(35.0000006952038,89.0000042534808,40.));
#3960=CARTESIAN_POINT('',(59.,84.7772542596045,40.));
#3961=CARTESIAN_POINT('Ctrl Pts',(59.,84.7772542596045,40.));
#3962=CARTESIAN_POINT('Ctrl Pts',(59.,84.8515028397363,40.));
#3963=CARTESIAN_POINT('Ctrl Pts',(59.0000001584852,84.9257516567504,40.));
#3964=CARTESIAN_POINT('Ctrl Pts',(59.0000005179571,85.3339070163211,40.));
#3965=CARTESIAN_POINT('Ctrl Pts',(58.9159854868438,86.0017255037397,40.));
#3966=CARTESIAN_POINT('Ctrl Pts',(58.5455063058874,86.9408980817542,40.));
#3967=CARTESIAN_POINT('Ctrl Pts',(57.9539899783865,87.7590763710625,40.));
#3968=CARTESIAN_POINT('Ctrl Pts',(57.1780284696742,88.4050035722844,40.));
#3969=CARTESIAN_POINT('Ctrl Pts',(56.5701996158358,88.6940449441186,40.));
#3970=CARTESIAN_POINT('Ctrl Pts',(56.2530992347885,88.7986500638743,40.));
#3971=CARTESIAN_POINT('',(58.9557341996723,64.4065634477527,40.));
#3972=CARTESIAN_POINT('Ctrl Pts',(58.9557341996723,64.4065634477527,40.));
#3973=CARTESIAN_POINT('Ctrl Pts',(58.9851901828992,64.6029113804749,40.));
#3974=CARTESIAN_POINT('Ctrl Pts',(59.0000015471895,64.8014547987394,40.));
#3975=CARTESIAN_POINT('Ctrl Pts',(58.9999288692492,71.5924231801439,39.9999999999999));
#3976=CARTESIAN_POINT('Ctrl Pts',(59.,78.1848361730696,40.));
#3977=CARTESIAN_POINT('Ctrl Pts',(59.,84.7772542596045,40.));
#3978=CARTESIAN_POINT('',(55.4239927342976,61.0225347064666,40.));
#3979=CARTESIAN_POINT('Origin',(55.,65.,40.));
#3980=CARTESIAN_POINT('',(34.7856624867657,61.0057466992665,40.));
#3981=CARTESIAN_POINT('Ctrl Pts',(34.7856624867657,61.0057466992665,40.));
#3982=CARTESIAN_POINT('Ctrl Pts',(34.8570398653771,61.0019164840346,40.));
#3983=CARTESIAN_POINT('Ctrl Pts',(34.9285199255398,61.0000000109524,40.));
#3984=CARTESIAN_POINT('Ctrl Pts',(41.6666669882059,60.9999984717953,39.9999999999999));
#3985=CARTESIAN_POINT('Ctrl Pts',(48.333332055978,61.000024157972,39.9999999999998));
#3986=CARTESIAN_POINT('Ctrl Pts',(55.1415969289634,60.9999996280121,40.));
#3987=CARTESIAN_POINT('Ctrl Pts',(55.2831935303498,61.007525690658,40.));
#3988=CARTESIAN_POINT('Ctrl Pts',(55.4239927342976,61.0225347064666,40.));
#3989=CARTESIAN_POINT('',(31.0813775330588,64.1972559800388,40.));
#3990=CARTESIAN_POINT('Origin',(35.,65.,40.));
#3991=CARTESIAN_POINT('',(31.,84.5645254039037,40.));
#3992=CARTESIAN_POINT('Ctrl Pts',(31.,84.5645254039037,40.));
#3993=CARTESIAN_POINT('Ctrl Pts',(31.,78.0430169359358,40.));
#3994=CARTESIAN_POINT('Ctrl Pts',(31.0001706772957,71.5215250992477,40.));
#3995=CARTESIAN_POINT('Ctrl Pts',(30.9999947972325,64.7305888118591,40.));
#3996=CARTESIAN_POINT('Ctrl Pts',(31.0273105500728,64.4611858119407,40.));
#3997=CARTESIAN_POINT('Ctrl Pts',(31.0813775330588,64.1972559800388,40.));
#3998=CARTESIAN_POINT('Ctrl Pts',(33.5739338707916,88.7371560571007,40.));
#3999=CARTESIAN_POINT('Ctrl Pts',(33.2734018542527,88.6224756629774,40.));
#4000=CARTESIAN_POINT('Ctrl Pts',(32.7001249925093,88.3202945904963,40.));
#4001=CARTESIAN_POINT('Ctrl Pts',(31.9735088034592,87.674609390013,40.));
#4002=CARTESIAN_POINT('Ctrl Pts',(31.4220645741546,86.8741124118074,40.));
#4003=CARTESIAN_POINT('Ctrl Pts',(31.0779934161211,85.9649779805766,40.));
#4004=CARTESIAN_POINT('Ctrl Pts',(30.9999998650319,85.3216677399825,40.));
#4005=CARTESIAN_POINT('Ctrl Pts',(31.0000000910891,84.854841807299,40.));
#4006=CARTESIAN_POINT('Ctrl Pts',(31.,84.7096836026024,40.));
#4007=CARTESIAN_POINT('Ctrl Pts',(31.,84.5645254039037,40.));
#4008=CARTESIAN_POINT('Ctrl Pts',(8.,14.,20.));
#4009=CARTESIAN_POINT('Ctrl Pts',(16.9285541622552,29.6685822330888,26.6666666666667));
#4010=CARTESIAN_POINT('Ctrl Pts',(25.8571083245104,45.3371644661777,33.3333333333333));
#4011=CARTESIAN_POINT('Ctrl Pts',(34.7856624867657,61.0057466992665,40.));
#4012=CARTESIAN_POINT('Ctrl Pts',(8.25612856642911,14.0000005888485,20.));
#4013=CARTESIAN_POINT('Ctrl Pts',(17.1230989980796,29.6673058335277,26.6666666666667));
#4014=CARTESIAN_POINT('Ctrl Pts',(25.9900694337265,45.3346112393553,33.3333333333333));
#4015=CARTESIAN_POINT('Ctrl Pts',(34.8570398653771,61.0019164840346,40.));
#4016=CARTESIAN_POINT('Ctrl Pts',(8.51225713285823,14.000001177697,20.));
#4017=CARTESIAN_POINT('Ctrl Pts',(17.3176780642531,29.6666674481414,26.6666666666667));
#4018=CARTESIAN_POINT('Ctrl Pts',(26.1230989941449,45.333333740508,33.3333333333333));
#4019=CARTESIAN_POINT('Ctrl Pts',(34.9285199255398,61.0000000109524,40.));
#4020=CARTESIAN_POINT('Ctrl Pts',(32.6564949708399,14.0000566861396,19.9999999999999));
#4021=CARTESIAN_POINT('Ctrl Pts',(35.6598855386031,29.6667044108497,26.6666666666666));
#4022=CARTESIAN_POINT('Ctrl Pts',(38.6632764204427,45.3333507470852,33.3333333333332));
#4023=CARTESIAN_POINT('Ctrl Pts',(41.6666669882059,60.9999984717953,39.9999999999999));
#4024=CARTESIAN_POINT('Ctrl Pts',(56.5446042423924,14.0001116057339,19.9999999999999));
#4025=CARTESIAN_POINT('Ctrl Pts',(53.8075139345215,29.6667411766868,26.6666666666666));
#4026=CARTESIAN_POINT('Ctrl Pts',(51.0704223638489,45.3333945870191,33.3333333333331));
#4027=CARTESIAN_POINT('Ctrl Pts',(48.333332055978,61.000024157972,39.9999999999998));
#4028=CARTESIAN_POINT('Ctrl Pts',(80.9400859012872,14.0001676917949,20.));
#4029=CARTESIAN_POINT('Ctrl Pts',(72.3405895767902,29.6667783649042,26.6666666666667));
#4030=CARTESIAN_POINT('Ctrl Pts',(63.7410932534604,45.3333889549028,33.3333333333333));
#4031=CARTESIAN_POINT('Ctrl Pts',(55.1415969289634,60.9999996280121,40.));
#4032=CARTESIAN_POINT('Ctrl Pts',(81.4474582886294,14.0001688582617,20.));
#4033=CARTESIAN_POINT('Ctrl Pts',(72.7260367463751,29.669287016211,26.6666666666667));
#4034=CARTESIAN_POINT('Ctrl Pts',(64.0046150726042,45.3384075327087,33.3333333333333));
#4035=CARTESIAN_POINT('Ctrl Pts',(55.2831935303498,61.007525690658,40.));
#4036=CARTESIAN_POINT('Ctrl Pts',(81.9548306759716,14.0001700247285,20.));
#4037=CARTESIAN_POINT('Ctrl Pts',(73.1112180287469,29.6742915853078,26.6666666666667));
#4038=CARTESIAN_POINT('Ctrl Pts',(64.2676053815223,45.3484131458872,33.3333333333333));
#4039=CARTESIAN_POINT('Ctrl Pts',(55.4239927342976,61.0225347064666,40.));
#4040=CARTESIAN_POINT('',(8.,14.,20.));
#4041=CARTESIAN_POINT('',(73.3916396119984,14.0001503376543,20.));
#4042=CARTESIAN_POINT('',(8.,14.,20.));
#4043=CARTESIAN_POINT('',(8.,14.,20.));
#4044=CARTESIAN_POINT('',(81.9548306759716,14.0001700247285,20.));
#4045=CARTESIAN_POINT('',(81.9548306759716,14.0001700247285,20.));
#4046=CARTESIAN_POINT('',(8.,14.,20.));
#4047=CARTESIAN_POINT('Ctrl Pts',(81.9548306759716,14.0001700247285,20.));
#4048=CARTESIAN_POINT('Ctrl Pts',(73.1112180287469,29.6742915853078,26.6666666666667));
#4049=CARTESIAN_POINT('Ctrl Pts',(64.2676053815223,45.3484131458872,33.3333333333333));
#4050=CARTESIAN_POINT('Ctrl Pts',(55.4239927342976,61.0225347064666,40.));
#4051=CARTESIAN_POINT('Ctrl Pts',(81.056874931712,14.0069302252913,20.));
#4052=CARTESIAN_POINT('Ctrl Pts',(72.5962692344998,29.6874096074902,26.6666666666667));
#4053=CARTESIAN_POINT('Ctrl Pts',(64.1337941701292,45.3686192726104,33.3333333333333));
#4054=CARTESIAN_POINT('Ctrl Pts',(55.6731884729171,61.0490986548093,40.));
#4055=CARTESIAN_POINT('Ctrl Pts',(79.2654189996983,14.4300277226752,20.));
#4056=CARTESIAN_POINT('Ctrl Pts',(71.5649119868406,30.0039334169397,26.6666666666667));
#4057=CARTESIAN_POINT('Ctrl Pts',(63.8670577664116,45.5753077542603,33.3333333333333));
#4058=CARTESIAN_POINT('Ctrl Pts',(56.1665507535539,61.1492134485248,40.));
#4059=CARTESIAN_POINT('Ctrl Pts',(77.1142060989844,16.1716036201246,20.));
#4060=CARTESIAN_POINT('Ctrl Pts',(70.3650475151441,31.258777143115,26.6666666666667));
#4061=CARTESIAN_POINT('Ctrl Pts',(63.6147869763185,46.3477619095767,33.3333333333333));
#4062=CARTESIAN_POINT('Ctrl Pts',(56.8656283924782,61.4349354325671,40.));
#4063=CARTESIAN_POINT('Ctrl Pts',(75.9434744073829,18.6651807589428,20.));
#4064=CARTESIAN_POINT('Ctrl Pts',(69.7945072689308,33.0596483870534,26.6666666666667));
#4065=CARTESIAN_POINT('Ctrl Pts',(63.6476929640826,47.4519462274276,33.3333333333333));
#4066=CARTESIAN_POINT('Ctrl Pts',(57.4987258256306,61.8464138555382,40.));
#4067=CARTESIAN_POINT('Ctrl Pts',(75.954389836655,22.3633716814735,20.));
#4068=CARTESIAN_POINT('Ctrl Pts',(70.0447906509515,35.7563957983416,26.6666666666667));
#4069=CARTESIAN_POINT('Ctrl Pts',(64.1357582829309,49.1497291705613,33.3333333333334));
#4070=CARTESIAN_POINT('Ctrl Pts',(58.2261590972274,62.5427532874293,40.));
#4071=CARTESIAN_POINT('Ctrl Pts',(78.43658612744,25.4332305433026,20.));
#4072=CARTESIAN_POINT('Ctrl Pts',(71.8718694775909,38.0960324173732,26.6666666666667));
#4073=CARTESIAN_POINT('Ctrl Pts',(65.3021164772776,50.7626783706962,33.3333333333333));
#4074=CARTESIAN_POINT('Ctrl Pts',(58.7373998274285,63.4254802447668,40.));
#4075=CARTESIAN_POINT('Ctrl Pts',(81.1552722699691,26.0077287955664,20.));
#4076=CARTESIAN_POINT('Ctrl Pts',(73.7399766168855,38.7269487031931,26.6666666666667));
#4077=CARTESIAN_POINT('Ctrl Pts',(66.3338499280935,51.439509295721,33.3333333333333));
#4078=CARTESIAN_POINT('Ctrl Pts',(58.9185542750098,64.1587292033478,40.));
#4079=CARTESIAN_POINT('Ctrl Pts',(82.0532181373198,25.9997639811796,20.));
#4080=CARTESIAN_POINT('Ctrl Pts',(74.3540568247706,38.8020304700373,26.6666666666667));
#4081=CARTESIAN_POINT('Ctrl Pts',(66.6548955122215,51.604296958895,33.3333333333333));
#4082=CARTESIAN_POINT('Ctrl Pts',(58.9557341996723,64.4065634477527,40.));
#4083=CARTESIAN_POINT('',(76.2844286133047,18.1745565679567,20.));
#4084=CARTESIAN_POINT('Origin',(82.,20.,20.));
#4085=CARTESIAN_POINT('',(82.0532181373198,25.9997639811796,20.));
#4086=CARTESIAN_POINT('',(82.0532181373198,25.9997639811796,20.));
#4087=CARTESIAN_POINT('Origin',(82.,20.,20.));
#4088=CARTESIAN_POINT('Ctrl Pts',(82.0532181373198,25.9997639811796,20.));
#4089=CARTESIAN_POINT('Ctrl Pts',(74.3540568247706,38.8020304700373,26.6666666666667));
#4090=CARTESIAN_POINT('Ctrl Pts',(66.6548955122215,51.604296958895,33.3333333333333));
#4091=CARTESIAN_POINT('Ctrl Pts',(58.9557341996723,64.4065634477527,40.));
#4092=CARTESIAN_POINT('Ctrl Pts',(82.0532181373198,26.7111941180953,20.));
#4093=CARTESIAN_POINT('Ctrl Pts',(74.3638785131933,39.3417663017803,26.6666666666667));
#4094=CARTESIAN_POINT('Ctrl Pts',(66.6745298070256,51.9723391967898,33.3333333333333));
#4095=CARTESIAN_POINT('Ctrl Pts',(58.9851901828992,64.6029113804749,40.));
#4096=CARTESIAN_POINT('Ctrl Pts',(82.0532181373198,27.422624255011,20.));
#4097=CARTESIAN_POINT('Ctrl Pts',(74.3688124717289,39.8822344392963,26.6666666666667));
#4098=CARTESIAN_POINT('Ctrl Pts',(66.6844072127804,52.3418446144541,33.3333333333333));
#4099=CARTESIAN_POINT('Ctrl Pts',(59.0000015471895,64.8014547987394,40.));
#4100=CARTESIAN_POINT('Ctrl Pts',(82.0532181373196,51.7561149342245,20.));
#4101=CARTESIAN_POINT('Ctrl Pts',(74.368811661373,58.3682160113627,26.6666666666666));
#4102=CARTESIAN_POINT('Ctrl Pts',(66.6843353451958,64.9803221030057,33.3333333333332));
#4103=CARTESIAN_POINT('Ctrl Pts',(58.9999288692492,71.5924231801439,39.9999999999999));
#4104=CARTESIAN_POINT('Ctrl Pts',(82.0532181373198,75.3781754765225,20.));
#4105=CARTESIAN_POINT('Ctrl Pts',(74.368812298253,76.3137290293476,26.6666666666667));
#4106=CARTESIAN_POINT('Ctrl Pts',(66.6844058390668,77.2492826202445,33.3333333333333));
#4107=CARTESIAN_POINT('Ctrl Pts',(59.,78.1848361730696,40.));
#4108=CARTESIAN_POINT('Ctrl Pts',(82.0532181373198,99.0002360188204,20.));
#4109=CARTESIAN_POINT('Ctrl Pts',(74.3688120915465,94.2592420990817,26.6666666666667));
#4110=CARTESIAN_POINT('Ctrl Pts',(66.6844060457732,89.5182481793431,33.3333333333333));
#4111=CARTESIAN_POINT('Ctrl Pts',(59.,84.7772542596045,40.));
#4112=CARTESIAN_POINT('',(82.0532181373198,99.0002360188204,20.));
#4113=CARTESIAN_POINT('',(82.0532181373198,99.0002360188204,20.));
#4114=CARTESIAN_POINT('',(82.0532181373198,99.0002360188204,20.));
#4115=CARTESIAN_POINT('Ctrl Pts',(82.0532181373198,99.0002360188204,20.));
#4116=CARTESIAN_POINT('Ctrl Pts',(74.3688120915465,94.2592420990818,26.6666666666667));
#4117=CARTESIAN_POINT('Ctrl Pts',(66.6844060457732,89.5182481793431,33.3333333333333));
#4118=CARTESIAN_POINT('Ctrl Pts',(59.,84.7772542596045,40.));
#4119=CARTESIAN_POINT('Ctrl Pts',(81.7871798734199,98.9978762491853,20.));
#4120=CARTESIAN_POINT('Ctrl Pts',(74.1914539728328,94.2825270517076,26.6666666666667));
#4121=CARTESIAN_POINT('Ctrl Pts',(66.595725900587,89.566852037214,33.3333333333333));
#4122=CARTESIAN_POINT('Ctrl Pts',(59.,84.8515028397363,40.));
#4123=CARTESIAN_POINT('Ctrl Pts',(81.5209617862473,99.0132414005139,20.));
#4124=CARTESIAN_POINT('Ctrl Pts',(74.0139626866383,94.3172498284398,26.6666666666667));
#4125=CARTESIAN_POINT('Ctrl Pts',(66.5069992580943,89.6217432288244,33.3333333333333));
#4126=CARTESIAN_POINT('Ctrl Pts',(59.0000001584852,84.9257516567504,40.));
#4127=CARTESIAN_POINT('Ctrl Pts',(80.069855275654,99.1942555807713,20.));
#4128=CARTESIAN_POINT('Ctrl Pts',(73.0466686905878,94.5751380316145,26.6666666666667));
#4129=CARTESIAN_POINT('Ctrl Pts',(66.0231871030233,89.9530245654779,33.3333333333333));
#4130=CARTESIAN_POINT('Ctrl Pts',(59.0000005179571,85.3339070163211,40.));
#4131=CARTESIAN_POINT('Ctrl Pts',(77.7867487179548,100.221317453886,20.));
#4132=CARTESIAN_POINT('Ctrl Pts',(71.495758223156,95.4810796009092,26.6666666666667));
#4133=CARTESIAN_POINT('Ctrl Pts',(65.2069759816426,90.7419633567169,33.3333333333333));
#4134=CARTESIAN_POINT('Ctrl Pts',(58.9159854868438,86.0017255037397,40.));
#4135=CARTESIAN_POINT('Ctrl Pts',(75.8306522596165,103.42411102583,20.));
#4136=CARTESIAN_POINT('Ctrl Pts',(70.0697737893721,97.9303717613844,26.6666666666667));
#4137=CARTESIAN_POINT('Ctrl Pts',(64.3063847761318,92.4346373461999,33.3333333333333));
#4138=CARTESIAN_POINT('Ctrl Pts',(58.5455063058874,86.9408980817542,40.));
#4139=CARTESIAN_POINT('Ctrl Pts',(76.009377246745,107.173721098703,20.));
#4140=CARTESIAN_POINT('Ctrl Pts',(69.9899595977258,100.702171311234,26.6666666666667));
#4141=CARTESIAN_POINT('Ctrl Pts',(63.9734076274056,94.230626158532,33.3333333333333));
#4142=CARTESIAN_POINT('Ctrl Pts',(57.9539899783865,87.7590763710625,40.));
#4143=CARTESIAN_POINT('Ctrl Pts',(78.2769718734608,110.166688730591,20.));
#4144=CARTESIAN_POINT('Ctrl Pts',(71.2445283028839,102.913044248479,26.6666666666667));
#4145=CARTESIAN_POINT('Ctrl Pts',(64.2104720402512,95.6586480543964,33.3333333333333));
#4146=CARTESIAN_POINT('Ctrl Pts',(57.1780284696742,88.4050035722844,40.));
#4147=CARTESIAN_POINT('Ctrl Pts',(80.646331925599,110.966499356278,20.));
#4148=CARTESIAN_POINT('Ctrl Pts',(72.6207851960743,103.541244592432,26.6666666666667));
#4149=CARTESIAN_POINT('Ctrl Pts',(64.5957463453605,96.1192997079638,33.3333333333333));
#4150=CARTESIAN_POINT('Ctrl Pts',(56.5701996158358,88.6940449441186,40.));
#4151=CARTESIAN_POINT('Ctrl Pts',(81.8423854250457,110.997929446548,20.));
#4152=CARTESIAN_POINT('Ctrl Pts',(73.3126233616266,103.598169652323,26.6666666666667));
#4153=CARTESIAN_POINT('Ctrl Pts',(64.7828612982075,96.1984098580987,33.3333333333333));
#4154=CARTESIAN_POINT('Ctrl Pts',(56.2530992347885,88.7986500638743,40.));
#4155=CARTESIAN_POINT('',(77.1079630833249,108.473899078253,20.));
#4156=CARTESIAN_POINT('Origin',(82.,105.,20.));
#4157=CARTESIAN_POINT('',(59.8352387702136,91.9062364085414,37.200281782937));
#4158=CARTESIAN_POINT('',(81.8423854250457,110.997929446548,20.));
#4159=CARTESIAN_POINT('',(81.8423854250457,110.997929446548,20.));
#4160=CARTESIAN_POINT('',(81.8423854250457,110.997929446548,20.));
#4161=CARTESIAN_POINT('Origin',(82.,105.,20.));
#4162=CARTESIAN_POINT('Ctrl Pts',(81.8423854250457,110.997929446548,20.));
#4163=CARTESIAN_POINT('Ctrl Pts',(73.3126233616266,103.598169652323,26.6666666666667));
#4164=CARTESIAN_POINT('Ctrl Pts',(64.7828612982075,96.1984098580987,33.3333333333333));
#4165=CARTESIAN_POINT('Ctrl Pts',(56.2530992347885,88.7986500638743,40.));
#4166=CARTESIAN_POINT('Ctrl Pts',(81.8031027222004,111.47012756306,20.));
#4167=CARTESIAN_POINT('Ctrl Pts',(73.2442217487828,103.926407020432,26.6666666666667));
#4168=CARTESIAN_POINT('Ctrl Pts',(64.6864008787652,96.3837967339367,33.3333333333333));
#4169=CARTESIAN_POINT('Ctrl Pts',(56.1275199053476,88.8400761913095,40.));
#4170=CARTESIAN_POINT('Ctrl Pts',(81.7636065423799,111.942213506155,20.));
#4171=CARTESIAN_POINT('Ctrl Pts',(73.1761267053656,104.253709773354,26.6666666666667));
#4172=CARTESIAN_POINT('Ctrl Pts',(64.5873644537014,96.5637712858074,33.3333333333333));
#4173=CARTESIAN_POINT('Ctrl Pts',(55.999884616687,88.8752675530064,40.));
#4174=CARTESIAN_POINT('Ctrl Pts',(81.6385624311069,113.460055040363,20.));
#4175=CARTESIAN_POINT('Ctrl Pts',(72.953055433637,105.294799542863,26.6666666666667));
#4176=CARTESIAN_POINT('Ctrl Pts',(64.2707303807627,97.1330271650484,33.3333333333333));
#4177=CARTESIAN_POINT('Ctrl Pts',(55.5852233832928,88.9677716675488,40.));
#4178=CARTESIAN_POINT('Ctrl Pts',(81.2120541898188,114.472662994576,20.));
#4179=CARTESIAN_POINT('Ctrl Pts',(72.5727770763848,105.983012801039,26.6666666666666));
#4180=CARTESIAN_POINT('Ctrl Pts',(63.9318948094493,97.4896601198141,33.3333333333333));
#4181=CARTESIAN_POINT('Ctrl Pts',(55.2926176960153,89.0000099262772,40.));
#4182=CARTESIAN_POINT('Ctrl Pts',(79.5928032731581,116.354373521255,20.));
#4183=CARTESIAN_POINT('Ctrl Pts',(71.2610813580106,107.234389959905,26.6666666666667));
#4184=CARTESIAN_POINT('Ctrl Pts',(62.9323166345402,98.1199734549061,33.3333333333333));
#4185=CARTESIAN_POINT('Ctrl Pts',(54.6005947193926,88.9999898935566,40.));
#4186=CARTESIAN_POINT('Ctrl Pts',(78.1740984143965,117.003936089946,20.));
#4187=CARTESIAN_POINT('Ctrl Pts',(70.1831865708552,107.669755768058,26.6666666666667));
#4188=CARTESIAN_POINT('Ctrl Pts',(62.1921033860778,98.3341782943382,33.3333333333333));
#4189=CARTESIAN_POINT('Ctrl Pts',(54.2011915425365,88.9999979724495,40.));
#4190=CARTESIAN_POINT('Ctrl Pts',(66.1121110519149,116.985196388446,20.));
#4191=CARTESIAN_POINT('Ctrl Pts',(61.0185307388059,107.652442684395,26.6666666666667));
#4192=CARTESIAN_POINT('Ctrl Pts',(55.9305386305845,98.3327430387568,33.3333333333333));
#4193=CARTESIAN_POINT('Ctrl Pts',(50.8369583174755,88.9999893347055,40.));
#4194=CARTESIAN_POINT('Ctrl Pts',(44.8723215081026,117.010655061345,20.));
#4195=CARTESIAN_POINT('Ctrl Pts',(44.884413237582,107.676656166293,26.6666666666667));
#4196=CARTESIAN_POINT('Ctrl Pts',(44.8952075474918,98.3340099439354,33.3333333333334));
#4197=CARTESIAN_POINT('Ctrl Pts',(44.9072992769712,89.0000110488832,40.));
#4198=CARTESIAN_POINT('Ctrl Pts',(23.6264206298202,116.99061060747,20.));
#4199=CARTESIAN_POINT('Ctrl Pts',(28.7443615806253,107.657734836187,26.6666666666667));
#4200=CARTESIAN_POINT('Ctrl Pts',(33.8597037176324,98.3328561558616,33.3333333333333));
#4201=CARTESIAN_POINT('Ctrl Pts',(38.9776446684376,88.9999803845787,40.));
#4202=CARTESIAN_POINT('Ctrl Pts',(11.7901476630421,117.00207674532,20.));
#4203=CARTESIAN_POINT('Ctrl Pts',(19.7520302075534,107.668255746779,26.6666666666667));
#4204=CARTESIAN_POINT('Ctrl Pts',(27.7133274383862,98.3338171519857,33.3333333333334));
#4205=CARTESIAN_POINT('Ctrl Pts',(35.6752099828975,88.9999961534446,40.));
#4206=CARTESIAN_POINT('Ctrl Pts',(10.5873179792595,116.543955546775,20.));
#4207=CARTESIAN_POINT('Ctrl Pts',(18.8376454730204,107.362159746285,26.6666666666667));
#4208=CARTESIAN_POINT('Ctrl Pts',(27.0872815681087,98.1817698836656,33.3333333333333));
#4209=CARTESIAN_POINT('Ctrl Pts',(35.3376090618696,88.9999740831748,40.));
#4210=CARTESIAN_POINT('Ctrl Pts',(8.62530558993807,114.805952672002,20.));
#4211=CARTESIAN_POINT('Ctrl Pts',(17.2862389772829,106.204251854455,26.6666666666667));
#4212=CARTESIAN_POINT('Ctrl Pts',(25.9460395799506,97.601740193874,33.3333333333333));
#4213=CARTESIAN_POINT('Ctrl Pts',(34.6069729672954,89.0000393763273,40.));
#4214=CARTESIAN_POINT('Ctrl Pts',(7.99690435726294,113.409768839485,20.));
#4215=CARTESIAN_POINT('Ctrl Pts',(16.7380080877322,105.252586042023,26.6666666666667));
#4216=CARTESIAN_POINT('Ctrl Pts',(25.4728942433658,97.0988801955566,33.3333333333333));
#4217=CARTESIAN_POINT('Ctrl Pts',(34.213997973835,88.9416973980946,40.));
#4218=CARTESIAN_POINT('Ctrl Pts',(8.00043888238738,111.666458290437,20.));
#4219=CARTESIAN_POINT('Ctrl Pts',(16.5827672936761,104.044750373901,26.6666666666667));
#4220=CARTESIAN_POINT('Ctrl Pts',(25.1665905792052,96.4221560920969,33.3333333333334));
#4221=CARTESIAN_POINT('Ctrl Pts',(33.748918990494,88.8004481755605,40.));
#4222=CARTESIAN_POINT('Ctrl Pts',(8.00000004460123,111.333333333333,20.));
#4223=CARTESIAN_POINT('Ctrl Pts',(16.5540851559468,103.812058141187,26.6666666666667));
#4224=CARTESIAN_POINT('Ctrl Pts',(25.1067622018577,96.2915966601907,33.3333333333333));
#4225=CARTESIAN_POINT('Ctrl Pts',(33.6608473132032,88.7703214680448,40.));
#4226=CARTESIAN_POINT('Ctrl Pts',(8.00000004460123,111.,20.));
#4227=CARTESIAN_POINT('Ctrl Pts',(16.5246446533314,103.579052019034,26.6666666666667));
#4228=CARTESIAN_POINT('Ctrl Pts',(25.0492892620615,96.1581040380672,33.3333333333333));
#4229=CARTESIAN_POINT('Ctrl Pts',(33.5739338707916,88.7371560571007,40.));
#4230=CARTESIAN_POINT('Ctrl Pts',(81.8423854250457,110.997929446548,20.));
#4231=CARTESIAN_POINT('Ctrl Pts',(81.8031027222004,111.47012756306,20.));
#4232=CARTESIAN_POINT('Ctrl Pts',(81.7638188421101,111.942334013583,20.));
#4233=CARTESIAN_POINT('Ctrl Pts',(81.6456515752141,113.345506968778,20.));
#4234=CARTESIAN_POINT('Ctrl Pts',(80.7801793418794,115.633534595315,20.));
#4235=CARTESIAN_POINT('Ctrl Pts',(78.5504028980475,116.868928172761,20.));
#4236=CARTESIAN_POINT('Ctrl Pts',(77.1487674734024,116.983406137261,20.));
#4237=CARTESIAN_POINT('',(30.0228753530751,91.8284545026558,37.2229078607533));
#4238=CARTESIAN_POINT('',(8.00000013246204,111.,20.));
#4239=CARTESIAN_POINT('',(8.00000013246204,111.,20.));
#4240=CARTESIAN_POINT('',(8.00000013246204,111.,20.));
#4241=CARTESIAN_POINT('Ctrl Pts',(12.5994490579175,116.98393006643,20.));
#4242=CARTESIAN_POINT('Ctrl Pts',(11.6089094409979,116.904321882604,20.));
#4243=CARTESIAN_POINT('Ctrl Pts',(9.18768914276738,115.946909429673,20.));
#4244=CARTESIAN_POINT('Ctrl Pts',(7.99055457486723,113.49417494897,20.));
#4245=CARTESIAN_POINT('Ctrl Pts',(8.00098027085054,111.666250790527,20.));
#4246=CARTESIAN_POINT('Ctrl Pts',(8.00000004460123,111.333333333333,20.));
#4247=CARTESIAN_POINT('Ctrl Pts',(8.00000004460123,111.,20.));
#4248=CARTESIAN_POINT('Ctrl Pts',(8.00000013246204,111.,20.));
#4249=CARTESIAN_POINT('Ctrl Pts',(16.5246447119052,103.579052019034,26.6666666666667));
#4250=CARTESIAN_POINT('Ctrl Pts',(25.0492892913484,96.1581040380672,33.3333333333333));
#4251=CARTESIAN_POINT('Ctrl Pts',(33.5739338707916,88.7371560571007,40.));
#4252=CARTESIAN_POINT('Ctrl Pts',(9.15261054653234,110.999999991571,20.));
#4253=CARTESIAN_POINT('Ctrl Pts',(17.1929504453434,103.539941156565,26.6666666666667));
#4254=CARTESIAN_POINT('Ctrl Pts',(25.2330619554417,96.0825344979833,33.3333333333333));
#4255=CARTESIAN_POINT('Ctrl Pts',(33.2734018542527,88.6224756629774,40.));
#4256=CARTESIAN_POINT('Ctrl Pts',(11.4575698382036,110.318128358957,20.));
#4257=CARTESIAN_POINT('Ctrl Pts',(18.538987848042,102.985930391271,26.6666666666667));
#4258=CARTESIAN_POINT('Ctrl Pts',(25.6187069826709,95.6524925581828,33.3333333333333));
#4259=CARTESIAN_POINT('Ctrl Pts',(32.7001249925093,88.3202945904963,40.));
#4260=CARTESIAN_POINT('Ctrl Pts',(13.7941562615082,107.574416151261,20.));
#4261=CARTESIAN_POINT('Ctrl Pts',(19.8533272585027,100.940499684642,26.6666666666667));
#4262=CARTESIAN_POINT('Ctrl Pts',(25.9143378064647,94.308525856632,33.3333333333333));
#4263=CARTESIAN_POINT('Ctrl Pts',(31.9735088034592,87.674609390013,40.));
#4264=CARTESIAN_POINT('Ctrl Pts',(14.2657082918662,104.000821465526,20.));
#4265=CARTESIAN_POINT('Ctrl Pts',(19.9852778787385,98.2920402092674,26.6666666666667));
#4266=CARTESIAN_POINT('Ctrl Pts',(25.7024949872823,92.582893668066,33.3333333333333));
#4267=CARTESIAN_POINT('Ctrl Pts',(31.4220645741546,86.8741124118074,40.));
#4268=CARTESIAN_POINT('Ctrl Pts',(12.7060801695789,100.750040955038,20.));
#4269=CARTESIAN_POINT('Ctrl Pts',(18.8296300540772,95.8214405596595,26.6666666666667));
#4270=CARTESIAN_POINT('Ctrl Pts',(24.9544435316228,90.8935783759555,33.3333333333333));
#4271=CARTESIAN_POINT('Ctrl Pts',(31.0779934161211,85.9649779805766,40.));
#4272=CARTESIAN_POINT('Ctrl Pts',(10.6566115247855,99.4981530185754,20.));
#4273=CARTESIAN_POINT('Ctrl Pts',(17.4376189446234,94.7735370024607,26.6666666666667));
#4274=CARTESIAN_POINT('Ctrl Pts',(24.218992445194,90.0462837560971,33.3333333333333));
#4275=CARTESIAN_POINT('Ctrl Pts',(30.9999998650319,85.3216677399825,40.));
#4276=CARTESIAN_POINT('Ctrl Pts',(9.04024325646094,99.0679867441123,20.));
#4277=CARTESIAN_POINT('Ctrl Pts',(16.360186719905,94.3300004624577,26.6666666666667));
#4278=CARTESIAN_POINT('Ctrl Pts',(23.6800566276451,89.5928280889536,33.3333333333333));
#4279=CARTESIAN_POINT('Ctrl Pts',(31.0000000910891,84.854841807299,40.));
#4280=CARTESIAN_POINT('Ctrl Pts',(8.52013328153178,98.9999999961962,20.));
#4281=CARTESIAN_POINT('Ctrl Pts',(16.0134061018988,94.2367767464884,26.6666666666667));
#4282=CARTESIAN_POINT('Ctrl Pts',(23.506727179633,89.4729068523102,33.3333333333333));
#4283=CARTESIAN_POINT('Ctrl Pts',(31.,84.7096836026024,40.));
#4284=CARTESIAN_POINT('Ctrl Pts',(8.00000004470367,99.,20.));
#4285=CARTESIAN_POINT('Ctrl Pts',(15.6666666964691,94.1881751346345,26.6666666666667));
#4286=CARTESIAN_POINT('Ctrl Pts',(23.3333333482346,89.3763502692691,33.3333333333333));
#4287=CARTESIAN_POINT('Ctrl Pts',(31.,84.5645254039037,40.));
#4288=CARTESIAN_POINT('',(12.9251530670471,108.426786853413,20.));
#4289=CARTESIAN_POINT('Origin',(8.00000008858286,105.,20.));
#4290=CARTESIAN_POINT('',(8.00000004470367,99.,20.));
#4291=CARTESIAN_POINT('',(8.00000004470367,99.,20.));
#4292=CARTESIAN_POINT('Origin',(8.00000008858286,105.,20.));
#4293=CARTESIAN_POINT('Ctrl Pts',(8.00000004470367,99.,20.));
#4294=CARTESIAN_POINT('Ctrl Pts',(15.6666666964691,94.1881751346345,26.6666666666667));
#4295=CARTESIAN_POINT('Ctrl Pts',(23.3333333482346,89.3763502692691,33.3333333333333));
#4296=CARTESIAN_POINT('Ctrl Pts',(31.,84.5645254039037,40.));
#4297=CARTESIAN_POINT('Ctrl Pts',(8.00000004470367,75.6320239652125,20.));
#4298=CARTESIAN_POINT('Ctrl Pts',(15.6666659630891,76.4356882275351,26.6666666666667));
#4299=CARTESIAN_POINT('Ctrl Pts',(23.3333340816145,77.2393526736131,33.3333333333333));
#4300=CARTESIAN_POINT('Ctrl Pts',(31.,78.0430169359358,40.));
#4301=CARTESIAN_POINT('Ctrl Pts',(8.00000004470367,52.2640479304249,20.));
#4302=CARTESIAN_POINT('Ctrl Pts',(15.6666681979704,58.6832015680941,26.6666666666667));
#4303=CARTESIAN_POINT('Ctrl Pts',(23.333502524029,65.1023714615786,33.3333333333333));
#4304=CARTESIAN_POINT('Ctrl Pts',(31.0001706772957,71.5215250992477,40.));
#4305=CARTESIAN_POINT('Ctrl Pts',(8.00000004470368,27.9307145970916,20.));
#4306=CARTESIAN_POINT('Ctrl Pts',(15.6666653758349,40.1973393453427,26.6666666666667));
#4307=CARTESIAN_POINT('Ctrl Pts',(23.3333294661013,52.4639640636079,33.3333333333333));
#4308=CARTESIAN_POINT('Ctrl Pts',(30.9999947972325,64.7305888118591,40.));
#4309=CARTESIAN_POINT('Ctrl Pts',(8.00000004470368,26.9653572985458,20.));
#4310=CARTESIAN_POINT('Ctrl Pts',(15.6757600061863,39.4639657157809,26.6666666666667));
#4311=CARTESIAN_POINT('Ctrl Pts',(23.3515505885902,51.9625773947056,33.3333333333333));
#4312=CARTESIAN_POINT('Ctrl Pts',(31.0273105500728,64.4611858119407,40.));
#4313=CARTESIAN_POINT('Ctrl Pts',(8.00000004470368,26.,20.));
#4314=CARTESIAN_POINT('Ctrl Pts',(15.693792540822,38.7324186600129,26.6666666666667));
#4315=CARTESIAN_POINT('Ctrl Pts',(23.3875850369404,51.4648373200259,33.3333333333333));
#4316=CARTESIAN_POINT('Ctrl Pts',(31.0813775330588,64.1972559800388,40.));
#4317=CARTESIAN_POINT('',(8.00000005235908,26.,20.));
#4318=CARTESIAN_POINT('',(8.00000004470367,99.,20.));
#4319=CARTESIAN_POINT('',(8.00000005235908,26.,20.));
#4320=CARTESIAN_POINT('Ctrl Pts',(8.00000005235908,26.,20.));
#4321=CARTESIAN_POINT('Ctrl Pts',(15.6937925459256,38.7324186600129,26.6666666666667));
#4322=CARTESIAN_POINT('Ctrl Pts',(23.3875850394922,51.4648373200259,33.3333333333333));
#4323=CARTESIAN_POINT('Ctrl Pts',(31.0813775330588,64.1972559800388,40.));
#4324=CARTESIAN_POINT('Ctrl Pts',(8.89759790873197,25.9999999259431,20.));
#4325=CARTESIAN_POINT('Ctrl Pts',(16.3089973754946,38.6503000278682,26.6666666666667));
#4326=CARTESIAN_POINT('Ctrl Pts',(23.7202500309893,51.3015515581744,33.3333333333333));
#4327=CARTESIAN_POINT('Ctrl Pts',(31.1316494977519,63.9518516600995,40.));
#4328=CARTESIAN_POINT('Ctrl Pts',(10.6920294673814,25.590274697844,20.));
#4329=CARTESIAN_POINT('Ctrl Pts',(17.5540365872766,38.2170129688223,26.6666666666667));
#4330=CARTESIAN_POINT('Ctrl Pts',(24.4164298083551,50.8437855779195,33.3333333333333));
#4331=CARTESIAN_POINT('Ctrl Pts',(31.2784369282503,63.4705238488979,40.));
#4332=CARTESIAN_POINT('Ctrl Pts',(12.852054325749,23.8693888184986,20.));
#4333=CARTESIAN_POINT('Ctrl Pts',(19.1114682786782,36.8471488092378,26.6666666666667));
#4334=CARTESIAN_POINT('Ctrl Pts',(25.3701535636881,49.8245786780947,33.3333333333333));
#4335=CARTESIAN_POINT('Ctrl Pts',(31.6295675166172,62.8023386688339,40.));
#4336=CARTESIAN_POINT('Ctrl Pts',(14.0491709352717,21.380728992789,20.));
#4337=CARTESIAN_POINT('Ctrl Pts',(20.065732540548,34.9910032883945,26.6666666666667));
#4338=CARTESIAN_POINT('Ctrl Pts',(26.0827947032016,48.601251446233,33.3333333333333));
#4339=CARTESIAN_POINT('Ctrl Pts',(32.099356308478,62.2115257418385,40.));
#4340=CARTESIAN_POINT('Ctrl Pts',(14.0500138386304,18.61947223826,20.));
#4341=CARTESIAN_POINT('Ctrl Pts',(20.2571914932752,32.9859911506224,26.6666666666667));
#4342=CARTESIAN_POINT('Ctrl Pts',(26.4640179728977,47.3523020880082,33.3333333333334));
#4343=CARTESIAN_POINT('Ctrl Pts',(32.6711956275424,61.7188210003707,40.));
#4344=CARTESIAN_POINT('Ctrl Pts',(12.8512273533309,16.1314595265734,20.));
#4345=CARTESIAN_POINT('Ctrl Pts',(19.6758014817802,31.2016249831556,26.6666666666667));
#4346=CARTESIAN_POINT('Ctrl Pts',(26.5004415685617,46.2714508190441,33.3333333333333));
#4347=CARTESIAN_POINT('Ctrl Pts',(33.3250156970111,61.3416162756263,40.));
#4348=CARTESIAN_POINT('Ctrl Pts',(10.6923896390144,14.4094353162715,20.));
#4349=CARTESIAN_POINT('Ctrl Pts',(18.4741971206213,29.9706411324127,26.6666666666667));
#4350=CARTESIAN_POINT('Ctrl Pts',(26.2559646382524,45.5319364708325,33.3333333333334));
#4351=CARTESIAN_POINT('Ctrl Pts',(34.0377721198594,61.0931422869737,40.));
#4352=CARTESIAN_POINT('Ctrl Pts',(8.89759785637288,14.000000066224,20.));
#4353=CARTESIAN_POINT('Ctrl Pts',(17.4436120490464,29.6733074623471,26.6666666666667));
#4354=CARTESIAN_POINT('Ctrl Pts',(25.9895075818391,45.3458622220687,33.3333333333333));
#4355=CARTESIAN_POINT('Ctrl Pts',(34.5355217745126,61.0191696181918,40.));
#4356=CARTESIAN_POINT('Ctrl Pts',(8.,14.,20.));
#4357=CARTESIAN_POINT('Ctrl Pts',(16.9285541622552,29.6685822330888,26.6666666666667));
#4358=CARTESIAN_POINT('Ctrl Pts',(25.8571083245104,45.3371644661777,33.3333333333333));
#4359=CARTESIAN_POINT('Ctrl Pts',(34.7856624867657,61.0057466992665,40.));
#4360=CARTESIAN_POINT('',(13.8226719316303,18.552075132644,20.));
#4361=CARTESIAN_POINT('Origin',(7.99999955732545,20.,20.));
#4362=CARTESIAN_POINT('',(13.495348384676,17.5914441534942,20.));
#4363=CARTESIAN_POINT('Origin',(7.99999955732545,20.,20.));
#4364=CARTESIAN_POINT('Origin',(7.99999955732545,20.,20.));
#4365=CARTESIAN_POINT('Ctrl Pts',(3.,3.00000000000001,0.));
#4366=CARTESIAN_POINT('Ctrl Pts',(4.66666666666667,6.66666666666667,6.66666666666667));
#4367=CARTESIAN_POINT('Ctrl Pts',(6.33333333333334,10.3333333333333,13.3333333333333));
#4368=CARTESIAN_POINT('Ctrl Pts',(8.,14.,20.));
#4369=CARTESIAN_POINT('Ctrl Pts',(31.,3.,0.));
#4370=CARTESIAN_POINT('Ctrl Pts',(30.5990710679998,6.66668337085049,6.66666666666666));
#4371=CARTESIAN_POINT('Ctrl Pts',(30.1981421359997,10.333366741701,13.3333333333333));
#4372=CARTESIAN_POINT('Ctrl Pts',(29.7972132039995,14.0000501125514,20.));
#4373=CARTESIAN_POINT('Ctrl Pts',(59.,3.,0.));
#4374=CARTESIAN_POINT('Ctrl Pts',(56.531475469333,6.66670007503429,6.66666666666667));
#4375=CARTESIAN_POINT('Ctrl Pts',(54.062950938666,10.3334001500686,13.3333333333333));
#4376=CARTESIAN_POINT('Ctrl Pts',(51.594426407999,14.0001002251029,20.));
#4377=CARTESIAN_POINT('Ctrl Pts',(87.,3.,0.));
#4378=CARTESIAN_POINT('Ctrl Pts',(82.4638798706661,6.6667167792181,6.66666666666667));
#4379=CARTESIAN_POINT('Ctrl Pts',(77.9277597413323,10.3334335584362,13.3333333333333));
#4380=CARTESIAN_POINT('Ctrl Pts',(73.3916396119984,14.0001503376543,20.));
#4381=CARTESIAN_POINT('',(3.,3.,0.));
#4382=CARTESIAN_POINT('',(87.,3.,0.));
#4383=CARTESIAN_POINT('Ctrl Pts',(3.,3.00000000000001,0.));
#4384=CARTESIAN_POINT('Ctrl Pts',(31.,3.,0.));
#4385=CARTESIAN_POINT('Ctrl Pts',(59.,3.,0.));
#4386=CARTESIAN_POINT('Ctrl Pts',(87.,3.,0.));
#4387=CARTESIAN_POINT('',(3.,3.,0.));
#4388=CARTESIAN_POINT('',(87.,3.,0.));
#4389=CARTESIAN_POINT('Ctrl Pts',(87.,3.,0.));
#4390=CARTESIAN_POINT('Ctrl Pts',(82.4638798706661,6.6667167792181,6.66666666666667));
#4391=CARTESIAN_POINT('Ctrl Pts',(77.9277597413323,10.3334335584362,13.3333333333333));
#4392=CARTESIAN_POINT('Ctrl Pts',(73.3916396119984,14.0001503376543,20.));
#4393=CARTESIAN_POINT('Ctrl Pts',(87.0000004321337,6.66666673620542,0.));
#4394=CARTESIAN_POINT('Ctrl Pts',(83.4153458325301,9.11116345747439,6.66666666666666));
#4395=CARTESIAN_POINT('Ctrl Pts',(79.8306912329264,11.5556601787434,13.3333333333333));
#4396=CARTESIAN_POINT('Ctrl Pts',(76.2460366333228,14.0001569000124,20.));
#4397=CARTESIAN_POINT('Ctrl Pts',(87.0000008642673,10.3333334724108,0.));
#4398=CARTESIAN_POINT('Ctrl Pts',(84.366811794394,11.5556101357307,6.66666666666667));
#4399=CARTESIAN_POINT('Ctrl Pts',(81.7336227245206,12.7778867990505,13.3333333333333));
#4400=CARTESIAN_POINT('Ctrl Pts',(79.1004336546472,14.0001634623704,20.));
#4401=CARTESIAN_POINT('Ctrl Pts',(87.000001296401,14.0000002086163,0.));
#4402=CARTESIAN_POINT('Ctrl Pts',(85.3182777562579,14.000056813987,6.66666666666667));
#4403=CARTESIAN_POINT('Ctrl Pts',(83.6365542161148,14.0001134193577,13.3333333333333));
#4404=CARTESIAN_POINT('Ctrl Pts',(81.9548306759716,14.0001700247285,20.));
#4405=CARTESIAN_POINT('',(87.0000012938773,14.0000002086163,0.));
#4406=CARTESIAN_POINT('Ctrl Pts',(87.,3.,0.));
#4407=CARTESIAN_POINT('Ctrl Pts',(87.0000004321337,6.66666673620542,0.));
#4408=CARTESIAN_POINT('Ctrl Pts',(87.0000008642673,10.3333334724108,0.));
#4409=CARTESIAN_POINT('Ctrl Pts',(87.000001296401,14.0000002086163,0.));
#4410=CARTESIAN_POINT('',(87.0000012938773,14.0000002086163,0.));
#4411=CARTESIAN_POINT('Ctrl Pts',(87.0000012938773,14.0000002086163,0.));
#4412=CARTESIAN_POINT('Ctrl Pts',(85.3182777545754,14.000056813987,6.66666666666667));
#4413=CARTESIAN_POINT('Ctrl Pts',(83.6365542152735,14.0001134193577,13.3333333333333));
#4414=CARTESIAN_POINT('Ctrl Pts',(81.9548306759716,14.0001700247285,20.));
#4415=CARTESIAN_POINT('Ctrl Pts',(86.1024032661923,14.0000000308589,0.));
#4416=CARTESIAN_POINT('Ctrl Pts',(84.4205616854113,14.0023156682718,6.66666666666667));
#4417=CARTESIAN_POINT('Ctrl Pts',(82.7387165124931,14.0046145878784,13.3333333333333));
#4418=CARTESIAN_POINT('Ctrl Pts',(81.056874931712,14.0069302252913,20.));
#4419=CARTESIAN_POINT('Ctrl Pts',(84.3086242241189,14.4092100047249,0.));
#4420=CARTESIAN_POINT('Ctrl Pts',(82.6275659934454,14.4161289589306,6.66666666666666));
#4421=CARTESIAN_POINT('Ctrl Pts',(80.9465242082646,14.4230739560743,13.3333333333333));
#4422=CARTESIAN_POINT('Ctrl Pts',(79.2654659775911,14.42999291028,20.));
#4423=CARTESIAN_POINT('Ctrl Pts',(82.1448344285036,16.1331539987242,0.));
#4424=CARTESIAN_POINT('Ctrl Pts',(80.4679767819911,16.1459676266875,6.66666666666667));
#4425=CARTESIAN_POINT('Ctrl Pts',(78.7911056631254,16.1587682976918,13.3333333333333));
#4426=CARTESIAN_POINT('Ctrl Pts',(77.1142480166129,16.1715819256551,20.));
#4427=CARTESIAN_POINT('Ctrl Pts',(80.954735220632,18.6161462519015,0.));
#4428=CARTESIAN_POINT('Ctrl Pts',(79.28433603046,18.6324678714548,6.66666666666667));
#4429=CARTESIAN_POINT('Ctrl Pts',(77.6139510153574,18.6488104658481,13.3333333333333));
#4430=CARTESIAN_POINT('Ctrl Pts',(75.9435518251854,18.6651320854013,20.));
#4431=CARTESIAN_POINT('Ctrl Pts',(80.935309441536,22.3126626919012,0.));
#4432=CARTESIAN_POINT('Ctrl Pts',(79.2750139226432,22.3295621648476,6.66666666666665));
#4433=CARTESIAN_POINT('Ctrl Pts',(77.6147146404061,22.3464654140039,13.3333333333333));
#4434=CARTESIAN_POINT('Ctrl Pts',(75.9544191215133,22.3633648869503,20.));
#4435=CARTESIAN_POINT('Ctrl Pts',(83.3901445796009,25.40191272369,0.));
#4436=CARTESIAN_POINT('Ctrl Pts',(81.7389783086521,25.4123640756801,6.66666666666668));
#4437=CARTESIAN_POINT('Ctrl Pts',(80.0877886046756,25.4227668040487,13.3333333333333));
#4438=CARTESIAN_POINT('Ctrl Pts',(78.4366223337268,25.4332181560388,20.));
#4439=CARTESIAN_POINT('Ctrl Pts',(86.1024032687161,26.0000005655651,0.));
#4440=CARTESIAN_POINT('Ctrl Pts',(84.4533464407467,26.0025474808646,6.66666666666666));
#4441=CARTESIAN_POINT('Ctrl Pts',(82.8043290979384,26.0051818802669,13.3333333333333));
#4442=CARTESIAN_POINT('Ctrl Pts',(81.1552722699691,26.0077287955664,20.));
#4443=CARTESIAN_POINT('Ctrl Pts',(87.000001296401,26.0000003874302,0.));
#4444=CARTESIAN_POINT('Ctrl Pts',(85.3510735767073,25.9999215853467,6.66666666666667));
#4445=CARTESIAN_POINT('Ctrl Pts',(83.7021458570135,25.9998427832631,13.3333333333333));
#4446=CARTESIAN_POINT('Ctrl Pts',(82.0532181373198,25.9997639811796,20.));
#4447=CARTESIAN_POINT('',(87.000001296401,26.0000003874302,0.));
#4448=CARTESIAN_POINT('Ctrl Pts',(87.0000012938773,14.0000002086163,0.));
#4449=CARTESIAN_POINT('Ctrl Pts',(86.1024032661923,14.0000000308589,0.));
#4450=CARTESIAN_POINT('Ctrl Pts',(84.3086242241189,14.4092100047249,0.));
#4451=CARTESIAN_POINT('Ctrl Pts',(82.1448344285036,16.1331539987242,0.));
#4452=CARTESIAN_POINT('Ctrl Pts',(80.954735220632,18.6161462519015,0.));
#4453=CARTESIAN_POINT('Ctrl Pts',(80.935309441536,22.3126626919012,0.));
#4454=CARTESIAN_POINT('Ctrl Pts',(83.3901445796009,25.40191272369,0.));
#4455=CARTESIAN_POINT('Ctrl Pts',(86.1024032687161,26.0000005655651,0.));
#4456=CARTESIAN_POINT('Ctrl Pts',(87.000001296401,26.0000003874302,0.));
#4457=CARTESIAN_POINT('',(87.000001296401,26.0000003874302,0.));
#4458=CARTESIAN_POINT('Origin',(87.000001296401,26.0000003874302,0.));
#4459=CARTESIAN_POINT('',(87.0000012926391,99.000001475215,0.));
#4460=CARTESIAN_POINT('',(87.000001296401,47.0909091993894,0.));
#4461=CARTESIAN_POINT('',(87.0000012926391,99.000001475215,0.));
#4462=CARTESIAN_POINT('Ctrl Pts',(87.0000012926391,99.000001475215,0.));
#4463=CARTESIAN_POINT('Ctrl Pts',(85.3510735741993,99.0000796564168,6.66666666666667));
#4464=CARTESIAN_POINT('Ctrl Pts',(83.7021458557595,99.0001578376186,13.3333333333333));
#4465=CARTESIAN_POINT('Ctrl Pts',(82.0532181373198,99.0002360188204,20.));
#4466=CARTESIAN_POINT('Ctrl Pts',(86.1024032764142,99.0000013155516,0.));
#4467=CARTESIAN_POINT('Ctrl Pts',(84.4551495133357,98.9974224359218,6.66666666666667));
#4468=CARTESIAN_POINT('Ctrl Pts',(82.8078812013043,98.9948975846119,13.3333333333333));
#4469=CARTESIAN_POINT('Ctrl Pts',(81.1606274382257,98.9923187049821,20.));
#4470=CARTESIAN_POINT('Ctrl Pts',(84.3085316583308,99.4092778604118,0.));
#4471=CARTESIAN_POINT('Ctrl Pts',(82.6634035680041,99.3999469066647,6.66666666666666));
#4472=CARTESIAN_POINT('Ctrl Pts',(81.0182822715315,99.3905025095868,13.3333333333333));
#4473=CARTESIAN_POINT('Ctrl Pts',(79.3731541812048,99.3811715558397,20.));
#4474=CARTESIAN_POINT('Ctrl Pts',(82.1447504652083,101.133198135012,0.));
#4475=CARTESIAN_POINT('Ctrl Pts',(80.4966925799763,101.111363621649,6.66666666666667));
#4476=CARTESIAN_POINT('Ctrl Pts',(78.8486482699833,101.089594930134,13.3333333333333));
#4477=CARTESIAN_POINT('Ctrl Pts',(77.2005903847513,101.067760416771,20.));
#4478=CARTESIAN_POINT('Ctrl Pts',(80.9545825471778,103.616240948082,0.));
#4479=CARTESIAN_POINT('Ctrl Pts',(79.2964355509695,103.583643341917,6.66666666666667));
#4480=CARTESIAN_POINT('Ctrl Pts',(77.638292882964,103.550949788523,13.3333333333333));
#4481=CARTESIAN_POINT('Ctrl Pts',(75.9801458867558,103.518352182358,20.));
#4482=CARTESIAN_POINT('Ctrl Pts',(80.9352480146727,107.31267968666,0.));
#4483=CARTESIAN_POINT('Ctrl Pts',(79.2556990585403,107.27248420597,6.66666666666665));
#4484=CARTESIAN_POINT('Ctrl Pts',(77.5761710132182,107.232285907436,13.3333333333333));
#4485=CARTESIAN_POINT('Ctrl Pts',(75.8966220570858,107.192090426746,20.));
#4486=CARTESIAN_POINT('Ctrl Pts',(83.390073024263,110.401938300923,0.));
#4487=CARTESIAN_POINT('Ctrl Pts',(81.6832680797099,110.372035443468,6.66666666666668));
#4488=CARTESIAN_POINT('Ctrl Pts',(79.9764311008698,110.342317163678,13.3333333333333));
#4489=CARTESIAN_POINT('Ctrl Pts',(78.2696261563167,110.312414306222,20.));
#4490=CARTESIAN_POINT('Ctrl Pts',(86.1024032801761,111.000001814255,0.));
#4491=CARTESIAN_POINT('Ctrl Pts',(84.3849348552864,110.991605281687,6.66666666666666));
#4492=CARTESIAN_POINT('Ctrl Pts',(82.6675360763356,110.982877506128,13.3333333333333));
#4493=CARTESIAN_POINT('Ctrl Pts',(80.9500676514459,110.97448097356,20.));
#4494=CARTESIAN_POINT('Ctrl Pts',(87.000001296401,111.000001654029,0.));
#4495=CARTESIAN_POINT('Ctrl Pts',(85.2807960059492,110.999310918202,6.66666666666667));
#4496=CARTESIAN_POINT('Ctrl Pts',(83.5615907154975,110.998620182375,13.3333333333333));
#4497=CARTESIAN_POINT('Ctrl Pts',(81.8423854250457,110.997929446548,20.));
#4498=CARTESIAN_POINT('',(87.000001296401,111.000001654029,0.));
#4499=CARTESIAN_POINT('Ctrl Pts',(87.0000012926391,99.000001475215,0.));
#4500=CARTESIAN_POINT('Ctrl Pts',(86.1024032764142,99.0000013155516,0.));
#4501=CARTESIAN_POINT('Ctrl Pts',(84.3085316583308,99.4092778604118,0.));
#4502=CARTESIAN_POINT('Ctrl Pts',(82.1447504652083,101.133198135012,0.));
#4503=CARTESIAN_POINT('Ctrl Pts',(80.9545825471778,103.616240948082,0.));
#4504=CARTESIAN_POINT('Ctrl Pts',(80.9352480146727,107.31267968666,0.));
#4505=CARTESIAN_POINT('Ctrl Pts',(83.390073024263,110.401938300923,0.));
#4506=CARTESIAN_POINT('Ctrl Pts',(86.1024032801761,111.000001814255,0.));
#4507=CARTESIAN_POINT('Ctrl Pts',(87.000001296401,111.000001654029,0.));
#4508=CARTESIAN_POINT('',(87.000001296401,111.000001654029,0.));
#4509=CARTESIAN_POINT('Ctrl Pts',(87.000001296401,111.000001654029,0.));
#4510=CARTESIAN_POINT('Ctrl Pts',(85.2807960059492,110.999310918202,6.66666666666667));
#4511=CARTESIAN_POINT('Ctrl Pts',(83.5615907154975,110.998620182375,13.3333333333333));
#4512=CARTESIAN_POINT('Ctrl Pts',(81.8423854250457,110.997929446548,20.));
#4513=CARTESIAN_POINT('Ctrl Pts',(87.0000012237318,111.616601767473,0.));
#4514=CARTESIAN_POINT('Ctrl Pts',(85.2677422663039,111.567514258003,6.66666666666667));
#4515=CARTESIAN_POINT('Ctrl Pts',(83.5353616796283,111.51921507253,13.3333333333333));
#4516=CARTESIAN_POINT('Ctrl Pts',(81.8031027222004,111.47012756306,20.));
#4517=CARTESIAN_POINT('Ctrl Pts',(87.0000011510626,112.233201880917,0.));
#4518=CARTESIAN_POINT('Ctrl Pts',(85.254538642566,112.136632412618,6.66666666666667));
#4519=CARTESIAN_POINT('Ctrl Pts',(83.5092813506066,112.038903481881,13.3333333333333));
#4520=CARTESIAN_POINT('Ctrl Pts',(81.7638188421101,111.942334013583,20.));
#4521=CARTESIAN_POINT('Ctrl Pts',(87.0000009346077,114.069828395113,0.));
#4522=CARTESIAN_POINT('Ctrl Pts',(85.2158434246542,113.828441642915,6.66666666666666));
#4523=CARTESIAN_POINT('Ctrl Pts',(83.4298090851676,113.586893720976,13.3333333333333));
#4524=CARTESIAN_POINT('Ctrl Pts',(81.6456515752141,113.345506968778,20.));
#4525=CARTESIAN_POINT('Ctrl Pts',(87.0000005751432,117.119894396993,0.));
#4526=CARTESIAN_POINT('Ctrl Pts',(84.9266705846576,116.624442857438,6.66666666666668));
#4527=CARTESIAN_POINT('Ctrl Pts',(82.853509332365,116.12898613487,13.3333333333333));
#4528=CARTESIAN_POINT('Ctrl Pts',(80.7801793418794,115.633534595315,20.));
#4529=CARTESIAN_POINT('Ctrl Pts',(87.0000002156787,120.169960398872,0.));
#4530=CARTESIAN_POINT('Ctrl Pts',(84.1853371048042,119.073300988036,6.66666666666666));
#4531=CARTESIAN_POINT('Ctrl Pts',(81.365066008922,117.965587583597,13.3333333333333));
#4532=CARTESIAN_POINT('Ctrl Pts',(78.5504028980475,116.868928172761,20.));
#4533=CARTESIAN_POINT('Ctrl Pts',(87.,122.,0.));
#4534=CARTESIAN_POINT('Ctrl Pts',(83.7162558244675,120.327802045754,6.66666666666667));
#4535=CARTESIAN_POINT('Ctrl Pts',(80.4325116489349,118.655604091508,13.3333333333333));
#4536=CARTESIAN_POINT('Ctrl Pts',(77.1487674734024,116.983406137261,20.));
#4537=CARTESIAN_POINT('Ctrl Pts',(87.000001296401,111.000001654029,0.));
#4538=CARTESIAN_POINT('Ctrl Pts',(87.0000012237318,111.616601767473,0.));
#4539=CARTESIAN_POINT('Ctrl Pts',(87.0000011510626,112.233201880917,0.));
#4540=CARTESIAN_POINT('Ctrl Pts',(87.0000009346077,114.069828395113,0.));
#4541=CARTESIAN_POINT('Ctrl Pts',(87.0000005751432,117.119894396993,0.));
#4542=CARTESIAN_POINT('Ctrl Pts',(87.0000002156787,120.169960398872,0.));
#4543=CARTESIAN_POINT('Ctrl Pts',(87.,122.,0.));
#4544=CARTESIAN_POINT('Ctrl Pts',(3.,122.,0.));
#4545=CARTESIAN_POINT('Ctrl Pts',(6.19981635263915,120.32797668881,6.66666666666667));
#4546=CARTESIAN_POINT('Ctrl Pts',(9.3996327052783,118.65595337762,13.3333333333333));
#4547=CARTESIAN_POINT('Ctrl Pts',(12.5994490579175,116.98393006643,20.));
#4548=CARTESIAN_POINT('Ctrl Pts',(3.00000000525533,120.70684192691,0.));
#4549=CARTESIAN_POINT('Ctrl Pts',(5.87118945289133,119.439733849327,6.66666666666664));
#4550=CARTESIAN_POINT('Ctrl Pts',(8.7377199933619,118.171429960187,13.3333333333334));
#4551=CARTESIAN_POINT('Ctrl Pts',(11.6089094409979,116.904321882604,20.));
#4552=CARTESIAN_POINT('Ctrl Pts',(3.00000001839367,117.473946744186,0.));
#4553=CARTESIAN_POINT('Ctrl Pts',(5.06219036325478,116.96492966955,6.66666666666669));
#4554=CARTESIAN_POINT('Ctrl Pts',(7.12549879790627,116.455926504309,13.3333333333333));
#4555=CARTESIAN_POINT('Ctrl Pts',(9.18768914276738,115.946909429673,20.));
#4556=CARTESIAN_POINT('Ctrl Pts',(3.00000003153201,114.241051561462,0.));
#4557=CARTESIAN_POINT('Ctrl Pts',(4.66203946121932,113.992960005528,6.66666666666666));
#4558=CARTESIAN_POINT('Ctrl Pts',(6.32851514517992,113.742266504904,13.3333333333333));
#4559=CARTESIAN_POINT('Ctrl Pts',(7.99055457486723,113.49417494897,20.));
#4560=CARTESIAN_POINT('Ctrl Pts',(3.00000004117783,111.867543519228,0.));
#4561=CARTESIAN_POINT('Ctrl Pts',(4.66771061205593,111.800105841905,6.66666666666667));
#4562=CARTESIAN_POINT('Ctrl Pts',(6.33326969997245,111.73368846785,13.3333333333333));
#4563=CARTESIAN_POINT('Ctrl Pts',(8.00098027085054,111.666250790527,20.));
#4564=CARTESIAN_POINT('Ctrl Pts',(3.00000004294066,111.433772586628,0.));
#4565=CARTESIAN_POINT('Ctrl Pts',(4.66587423880882,111.400660102386,6.66666666666666));
#4566=CARTESIAN_POINT('Ctrl Pts',(6.33412584873307,111.366445817576,13.3333333333333));
#4567=CARTESIAN_POINT('Ctrl Pts',(8.00000004460123,111.333333333333,20.));
#4568=CARTESIAN_POINT('Ctrl Pts',(3.00000004470348,111.000001654029,0.));
#4569=CARTESIAN_POINT('Ctrl Pts',(4.66666671133607,111.000001102686,6.66666666666667));
#4570=CARTESIAN_POINT('Ctrl Pts',(6.33333337796865,111.000000551343,13.3333333333333));
#4571=CARTESIAN_POINT('Ctrl Pts',(8.00000004460123,111.,20.));
#4572=CARTESIAN_POINT('',(3.00000004470348,111.000001654029,0.));
#4573=CARTESIAN_POINT('Ctrl Pts',(3.,122.,0.));
#4574=CARTESIAN_POINT('Ctrl Pts',(3.00000000525533,120.70684192691,0.));
#4575=CARTESIAN_POINT('Ctrl Pts',(3.00000001839367,117.473946744186,0.));
#4576=CARTESIAN_POINT('Ctrl Pts',(3.00000003153201,114.241051561462,0.));
#4577=CARTESIAN_POINT('Ctrl Pts',(3.00000004117783,111.867543519228,0.));
#4578=CARTESIAN_POINT('Ctrl Pts',(3.00000004294066,111.433772586628,0.));
#4579=CARTESIAN_POINT('Ctrl Pts',(3.00000004470348,111.000001654029,0.));
#4580=CARTESIAN_POINT('',(3.00000004470348,111.000001654029,0.));
#4581=CARTESIAN_POINT('Ctrl Pts',(3.00000004470348,111.000001654029,0.));
#4582=CARTESIAN_POINT('Ctrl Pts',(4.666666740623,111.000001102686,6.66666666666667));
#4583=CARTESIAN_POINT('Ctrl Pts',(6.33333343654252,111.000000551343,13.3333333333333));
#4584=CARTESIAN_POINT('Ctrl Pts',(8.00000013246204,111.,20.));
#4585=CARTESIAN_POINT('Ctrl Pts',(3.89759795910439,111.000001654029,0.));
#4586=CARTESIAN_POINT('Ctrl Pts',(5.56426465055478,111.000001100497,6.66666666666667));
#4587=CARTESIAN_POINT('Ctrl Pts',(7.23093134203731,111.000000546968,13.3333333333333));
#4588=CARTESIAN_POINT('Ctrl Pts',(8.8975980334877,110.999999993436,20.));
#4589=CARTESIAN_POINT('Ctrl Pts',(5.69139663637853,110.590776788636,0.));
#4590=CARTESIAN_POINT('Ctrl Pts',(7.35806331795095,110.590776232759,6.66666666666666));
#4591=CARTESIAN_POINT('Ctrl Pts',(9.024729999467,110.590775676899,13.3333333333333));
#4592=CARTESIAN_POINT('Ctrl Pts',(10.6913966810394,110.590775121022,20.));
#4593=CARTESIAN_POINT('Ctrl Pts',(7.85518355123851,108.866838558065,0.));
#4594=CARTESIAN_POINT('Ctrl Pts',(9.52185021783212,108.866838005488,6.66666666666667));
#4595=CARTESIAN_POINT('Ctrl Pts',(11.1885168844553,108.866837452893,13.3333333333333));
#4596=CARTESIAN_POINT('Ctrl Pts',(12.855183551049,108.866836900316,20.));
#4597=CARTESIAN_POINT('Ctrl Pts',(9.04529771726994,106.383835070619,0.));
#4598=CARTESIAN_POINT('Ctrl Pts',(10.7119643719246,106.383834527463,6.66666666666667));
#4599=CARTESIAN_POINT('Ctrl Pts',(12.378631026533,106.383833984322,13.3333333333333));
#4600=CARTESIAN_POINT('Ctrl Pts',(14.0452976811876,106.383833441166,20.));
#4601=CARTESIAN_POINT('Ctrl Pts',(9.06470251014246,102.687337122562,0.));
#4602=CARTESIAN_POINT('Ctrl Pts',(10.7313691556761,102.687336597727,6.66666666666665));
#4603=CARTESIAN_POINT('Ctrl Pts',(12.3980358012041,102.687336072884,13.3333333333333));
#4604=CARTESIAN_POINT('Ctrl Pts',(14.0647024467377,102.687335548049,20.));
#4605=CARTESIAN_POINT('Ctrl Pts',(6.60987143729056,99.5980846948039,0.));
#4606=CARTESIAN_POINT('Ctrl Pts',(8.27653808745103,99.5980841913014,6.66666666666668));
#4607=CARTESIAN_POINT('Ctrl Pts',(9.9432047377129,99.5980836877796,13.3333333333333));
#4608=CARTESIAN_POINT('Ctrl Pts',(11.6098713878734,99.5980831842772,20.));
#4609=CARTESIAN_POINT('Ctrl Pts',(3.89759795910439,99.000001475215,0.));
#4610=CARTESIAN_POINT('Ctrl Pts',(5.56426462137323,99.0000009812785,6.66666666666666));
#4611=CARTESIAN_POINT('Ctrl Pts',(7.23093128346048,99.0000004873722,13.3333333333333));
#4612=CARTESIAN_POINT('Ctrl Pts',(8.89759794572933,98.9999999934357,20.));
#4613=CARTESIAN_POINT('Ctrl Pts',(3.00000004470348,99.000001475215,0.));
#4614=CARTESIAN_POINT('Ctrl Pts',(4.66666671137021,99.0000009834766,6.66666666666667));
#4615=CARTESIAN_POINT('Ctrl Pts',(6.33333337803694,99.0000004917383,13.3333333333333));
#4616=CARTESIAN_POINT('Ctrl Pts',(8.00000004470367,99.,20.));
#4617=CARTESIAN_POINT('',(3.00000004470348,99.000001475215,0.));
#4618=CARTESIAN_POINT('Ctrl Pts',(3.00000004470348,111.000001654029,0.));
#4619=CARTESIAN_POINT('Ctrl Pts',(3.89759795910439,111.000001654029,0.));
#4620=CARTESIAN_POINT('Ctrl Pts',(5.69139663637853,110.590776788636,0.));
#4621=CARTESIAN_POINT('Ctrl Pts',(7.85518355123851,108.866838558065,0.));
#4622=CARTESIAN_POINT('Ctrl Pts',(9.04529771726994,106.383835070619,0.));
#4623=CARTESIAN_POINT('Ctrl Pts',(9.06470251014246,102.687337122562,0.));
#4624=CARTESIAN_POINT('Ctrl Pts',(6.60987143729056,99.5980846948039,0.));
#4625=CARTESIAN_POINT('Ctrl Pts',(3.89759795910439,99.000001475215,0.));
#4626=CARTESIAN_POINT('Ctrl Pts',(3.00000004470348,99.000001475215,0.));
#4627=CARTESIAN_POINT('',(3.00000004470348,99.000001475215,0.));
#4628=CARTESIAN_POINT('Origin',(3.00000004470348,99.000001475215,0.));
#4629=CARTESIAN_POINT('',(3.00000003798945,26.0000003874302,0.));
#4630=CARTESIAN_POINT('',(3.00000004470348,83.5909097432818,5.55111512312578E-16));
#4631=CARTESIAN_POINT('',(3.00000003798945,26.0000003874302,0.));
#4632=CARTESIAN_POINT('Ctrl Pts',(3.00000003798945,26.0000003874302,0.));
#4633=CARTESIAN_POINT('Ctrl Pts',(4.666666709446,26.0000002582868,6.66666666666667));
#4634=CARTESIAN_POINT('Ctrl Pts',(6.33333338090254,26.0000001291434,13.3333333333333));
#4635=CARTESIAN_POINT('Ctrl Pts',(8.00000005235908,26.,20.));
#4636=CARTESIAN_POINT('Ctrl Pts',(3.89759794287036,26.0000003696346,0.));
#4637=CARTESIAN_POINT('Ctrl Pts',(5.45352436963927,26.000290091329,6.66666666666667));
#4638=CARTESIAN_POINT('Ctrl Pts',(7.01089347851392,25.9997102315398,13.3333333333333));
#4639=CARTESIAN_POINT('Ctrl Pts',(8.56681990528284,25.9999999532342,20.));
#4640=CARTESIAN_POINT('Ctrl Pts',(5.69118586389799,25.5909405819206,0.));
#4641=CARTESIAN_POINT('Ctrl Pts',(7.02814595478145,25.6725909399513,6.66666666666666));
#4642=CARTESIAN_POINT('Ctrl Pts',(8.36325105895621,25.7565825030183,13.3333333333333));
#4643=CARTESIAN_POINT('Ctrl Pts',(9.70021114983967,25.8382328610491,20.));
#4644=CARTESIAN_POINT('Ctrl Pts',(7.85501834906228,23.8669166533426,0.));
#4645=CARTESIAN_POINT('Ctrl Pts',(8.99163888567647,24.2886055305454,6.66666666666667));
#4646=CARTESIAN_POINT('Ctrl Pts',(10.1292032820962,24.7084338724179,13.3333333333333));
#4647=CARTESIAN_POINT('Ctrl Pts',(11.2658238187104,25.1301227496207,20.));
#4648=CARTESIAN_POINT('Ctrl Pts',(9.04495218647027,21.3840589170924,0.));
#4649=CARTESIAN_POINT('Ctrl Pts',(10.2199099026147,22.2594334333356,6.66666666666667));
#4650=CARTESIAN_POINT('Ctrl Pts',(11.3935283975324,23.1366956026626,13.3333333333333));
#4651=CARTESIAN_POINT('Ctrl Pts',(12.5684861136769,24.0120701189058,20.));
#4652=CARTESIAN_POINT('Ctrl Pts',(9.06462777130253,17.6873243938883,0.));
#4653=CARTESIAN_POINT('Ctrl Pts',(10.6516485232865,19.1568642998528,6.66666666666665));
#4654=CARTESIAN_POINT('Ctrl Pts',(12.2382236708421,20.6261514801004,13.3333333333333));
#4655=CARTESIAN_POINT('Ctrl Pts',(13.8252444228261,22.0956913860649,20.));
#4656=CARTESIAN_POINT('Ctrl Pts',(6.60971264752068,14.5981308619213,0.));
#4657=CARTESIAN_POINT('Ctrl Pts',(9.13421517578939,16.3220545030982,6.66666666666668));
#4658=CARTESIAN_POINT('Ctrl Pts',(11.6628547960403,18.0420126931366,13.3333333333333));
#4659=CARTESIAN_POINT('Ctrl Pts',(14.187357324309,19.7659363343135,20.));
#4660=CARTESIAN_POINT('Ctrl Pts',(3.8975979048809,14.0000002207286,0.));
#4661=CARTESIAN_POINT('Ctrl Pts',(7.1751324757623,15.3679357823244,6.66666666666666));
#4662=CARTESIAN_POINT('Ctrl Pts',(10.4453500255738,16.7426540609124,13.3333333333333));
#4663=CARTESIAN_POINT('Ctrl Pts',(13.7228845964552,18.1105896225081,20.));
#4664=CARTESIAN_POINT('Ctrl Pts',(3.,14.0000002086163,0.));
#4665=CARTESIAN_POINT('Ctrl Pts',(6.49844946155866,15.1971481902422,6.66666666666667));
#4666=CARTESIAN_POINT('Ctrl Pts',(9.99689892311732,16.3942961718682,13.3333333333333));
#4667=CARTESIAN_POINT('Ctrl Pts',(13.495348384676,17.5914441534942,20.));
#4668=CARTESIAN_POINT('',(3.,14.0000002086163,0.));
#4669=CARTESIAN_POINT('Ctrl Pts',(3.00000003798945,26.0000003874302,0.));
#4670=CARTESIAN_POINT('Ctrl Pts',(3.89759794287036,26.0000003696346,0.));
#4671=CARTESIAN_POINT('Ctrl Pts',(5.69118586389799,25.5909405819206,0.));
#4672=CARTESIAN_POINT('Ctrl Pts',(7.85501834906228,23.8669166533426,0.));
#4673=CARTESIAN_POINT('Ctrl Pts',(9.04495218647027,21.3840589170924,0.));
#4674=CARTESIAN_POINT('Ctrl Pts',(9.06462777130253,17.6873243938883,0.));
#4675=CARTESIAN_POINT('Ctrl Pts',(6.60971264752068,14.5981308619213,0.));
#4676=CARTESIAN_POINT('Ctrl Pts',(3.8975979048809,14.0000002207286,0.));
#4677=CARTESIAN_POINT('Ctrl Pts',(3.,14.0000002086163,0.));
#4678=CARTESIAN_POINT('',(3.,14.0000002086163,0.));
#4679=CARTESIAN_POINT('Ctrl Pts',(3.,14.0000002086163,0.));
#4680=CARTESIAN_POINT('Ctrl Pts',(6.49844946155866,15.1971481902422,6.66666666666667));
#4681=CARTESIAN_POINT('Ctrl Pts',(9.99689892311732,16.3942961718682,13.3333333333333));
#4682=CARTESIAN_POINT('Ctrl Pts',(13.495348384676,17.5914441534942,20.));
#4683=CARTESIAN_POINT('Ctrl Pts',(3.,11.9047620736417,0.));
#4684=CARTESIAN_POINT('Ctrl Pts',(6.32298902537841,13.395051362616,6.66666666666667));
#4685=CARTESIAN_POINT('Ctrl Pts',(9.64122782989563,14.8893278556083,13.3333333333333));
#4686=CARTESIAN_POINT('Ctrl Pts',(12.964216855274,16.3796171445825,20.));
#4687=CARTESIAN_POINT('Ctrl Pts',(3.,8.23809533743631,0.));
#4688=CARTESIAN_POINT('Ctrl Pts',(5.76939400585555,10.3540901675289,6.66666666666667));
#4689=CARTESIAN_POINT('Ctrl Pts',(8.54027879355378,12.4684922842426,13.3333333333333));
#4690=CARTESIAN_POINT('Ctrl Pts',(11.3096727994093,14.5844871143352,20.));
#4691=CARTESIAN_POINT('Ctrl Pts',(3.,4.5714286012309,0.));
#4692=CARTESIAN_POINT('Ctrl Pts',(4.99716172264743,7.71396156585444,6.66666666666666));
#4693=CARTESIAN_POINT('Ctrl Pts',(6.99517228769996,10.85746710859,13.3333333333333));
#4694=CARTESIAN_POINT('Ctrl Pts',(8.99233401034739,14.0000000732135,20.));
#4695=CARTESIAN_POINT('Ctrl Pts',(3.,3.,0.));
#4696=CARTESIAN_POINT('Ctrl Pts',(4.66666666666667,6.66666666666667,6.66666666666667));
#4697=CARTESIAN_POINT('Ctrl Pts',(6.33333333333334,10.3333333333333,13.3333333333333));
#4698=CARTESIAN_POINT('Ctrl Pts',(8.,14.,20.));
#4699=CARTESIAN_POINT('Ctrl Pts',(3.,14.0000002086163,0.));
#4700=CARTESIAN_POINT('Ctrl Pts',(3.,11.9047620736417,0.));
#4701=CARTESIAN_POINT('Ctrl Pts',(3.,8.23809533743631,0.));
#4702=CARTESIAN_POINT('Ctrl Pts',(3.,4.5714286012309,0.));
#4703=CARTESIAN_POINT('Ctrl Pts',(3.,3.,0.));
#4704=CARTESIAN_POINT('Origin',(44.4090901716665,47.6363638623576,65.));
#4705=CARTESIAN_POINT('',(38.5,69.,65.));
#4706=CARTESIAN_POINT('Ctrl Pts',(38.5,69.,65.));
#4707=CARTESIAN_POINT('Ctrl Pts',(38.0135555306243,69.,65.));
#4708=CARTESIAN_POINT('Ctrl Pts',(36.7292933116397,68.8780054426069,64.9999999999839));
#4709=CARTESIAN_POINT('Ctrl Pts',(35.2316120718067,68.1073888468172,64.9999999999782));
#4710=CARTESIAN_POINT('Ctrl Pts',(34.5704316802041,67.5352798976456,64.9999999999752));
#4711=CARTESIAN_POINT('Ctrl Pts',(34.5501244164212,67.5176384292483,64.9999999999752));
#4712=CARTESIAN_POINT('Ctrl Pts',(34.5147142965808,67.4865249542873,64.9999999999752));
#4713=CARTESIAN_POINT('Ctrl Pts',(34.4443844672774,67.4234834591733,64.9999999999753));
#4714=CARTESIAN_POINT('Ctrl Pts',(34.3057926248766,67.2940795468138,64.9999999999754));
#4715=CARTESIAN_POINT('Ctrl Pts',(34.1141728260658,67.1000069634287,64.9999999999757));
#4716=CARTESIAN_POINT('Ctrl Pts',(33.8958747464285,66.8532356082765,64.9999999999761));
#4717=CARTESIAN_POINT('Ctrl Pts',(33.6220571033192,66.5071013643095,64.9999999999767));
#4718=CARTESIAN_POINT('Ctrl Pts',(33.315245580396,66.0452248701978,64.9999999999771));
#4719=CARTESIAN_POINT('Ctrl Pts',(33.0114250571585,65.4551778597775,64.9999999999778));
#4720=CARTESIAN_POINT('Ctrl Pts',(32.7769204520854,64.8419243770077,64.9999999999785));
#4721=CARTESIAN_POINT('Ctrl Pts',(32.5585381373372,64.0109647286917,64.9999999999791));
#4722=CARTESIAN_POINT('Ctrl Pts',(32.4996720139366,63.3933717378096,64.9999999999794));
#4723=CARTESIAN_POINT('Ctrl Pts',(32.5001874551791,60.1451353216147,64.9999999999846));
#4724=CARTESIAN_POINT('Ctrl Pts',(32.4996321584346,54.3418229744379,64.9999999999961));
#4725=CARTESIAN_POINT('Ctrl Pts',(32.5005356951037,45.4999715975528,64.9999999999986));
#4726=CARTESIAN_POINT('Ctrl Pts',(32.4992526674122,36.6584616821183,64.9999999999995));
#4727=CARTESIAN_POINT('Ctrl Pts',(32.5032589404477,30.8547767409976,64.9999999999999));
#4728=CARTESIAN_POINT('Ctrl Pts',(32.4980895994115,27.2149654108752,65.));
#4729=CARTESIAN_POINT('Ctrl Pts',(32.7479437041627,25.919517067083,65.));
#4730=CARTESIAN_POINT('Ctrl Pts',(33.6555505578209,24.3774342617266,65.));
#4731=CARTESIAN_POINT('Ctrl Pts',(34.5622861501856,23.4105346178495,65.));
#4732=CARTESIAN_POINT('Ctrl Pts',(35.6101568732098,22.6944940318483,65.));
#4733=CARTESIAN_POINT('Ctrl Pts',(37.0510731741657,22.0933330047905,65.));
#4734=CARTESIAN_POINT('Ctrl Pts',(38.0144965397484,21.9994537456579,65.));
#4735=CARTESIAN_POINT('Ctrl Pts',(40.6650277975515,22.0013627702574,65.));
#4736=CARTESIAN_POINT('Ctrl Pts',(44.9999643015264,21.9990875437192,65.));
#4737=CARTESIAN_POINT('Ctrl Pts',(49.3351184780268,22.0013199371938,65.));
#4738=CARTESIAN_POINT('Ctrl Pts',(51.9855522459324,21.9993921088843,65.));
#4739=CARTESIAN_POINT('Ctrl Pts',(52.9491439834565,22.0932245746729,65.));
#4740=CARTESIAN_POINT('Ctrl Pts',(54.3898409162227,22.694593027296,65.0000000000001));
#4741=CARTESIAN_POINT('Ctrl Pts',(55.4376607001757,23.4105311033594,65.));
#4742=CARTESIAN_POINT('Ctrl Pts',(56.3444325902294,24.3774704084343,65.0000000000001));
#4743=CARTESIAN_POINT('Ctrl Pts',(57.2520748920213,25.919539554168,65.0000000000001));
#4744=CARTESIAN_POINT('Ctrl Pts',(57.5018433187152,27.2149766653187,65.0000000000001));
#4745=CARTESIAN_POINT('Ctrl Pts',(57.4938962822407,33.7096938802216,65.));
#4746=CARTESIAN_POINT('Ctrl Pts',(57.5021141317511,42.5532757508252,65.));
#4747=CARTESIAN_POINT('Ctrl Pts',(57.4993780856092,52.8679000768322,65.));
#4748=CARTESIAN_POINT('Ctrl Pts',(57.4999306280068,57.9655960525805,65.));
#4749=CARTESIAN_POINT('Ctrl Pts',(57.5001297498994,60.8525563410304,65.));
#4750=CARTESIAN_POINT('Ctrl Pts',(57.4995547489151,62.2862044377008,65.));
#4751=CARTESIAN_POINT('Ctrl Pts',(57.5018331006954,63.7849884201489,65.));
#4752=CARTESIAN_POINT('Ctrl Pts',(57.2520518173343,65.0803946608586,65.));
#4753=CARTESIAN_POINT('Ctrl Pts',(56.3443506634732,66.6225370308504,65.0000000000001));
#4754=CARTESIAN_POINT('Ctrl Pts',(55.4379124014166,67.5892735747956,65.0000000000001));
#4755=CARTESIAN_POINT('Ctrl Pts',(54.3894524828679,68.3056252946964,65.0000000000001));
#4756=CARTESIAN_POINT('Ctrl Pts',(53.3101538153492,68.7558999460615,65.0000000000001));
#4757=CARTESIAN_POINT('Ctrl Pts',(52.3050103631891,68.9704018866308,65.0000000000001));
#4758=CARTESIAN_POINT('Ctrl Pts',(51.7432647871933,69.0000027094501,65.));
#4759=CARTESIAN_POINT('Ctrl Pts',(49.333338514887,69.0000287709569,65.));
#4760=CARTESIAN_POINT('Ctrl Pts',(45.0000043413074,68.9999917802383,65.));
#4761=CARTESIAN_POINT('Ctrl Pts',(40.6666666666666,69.,65.));
#4762=CARTESIAN_POINT('Ctrl Pts',(38.5,69.,65.));
#4763=CARTESIAN_POINT('Origin',(41.3636333763156,68.1818180113486,0.));
#4764=CARTESIAN_POINT('',(5.,125.,0.));
#4765=CARTESIAN_POINT('Ctrl Pts',(5.,125.,0.));
#4766=CARTESIAN_POINT('Ctrl Pts',(4.34550153050213,125.,0.));
#4767=CARTESIAN_POINT('Ctrl Pts',(3.03684781121913,124.739509389854,0.));
#4768=CARTESIAN_POINT('Ctrl Pts',(1.92277441352408,123.99555093259,0.));
#4769=CARTESIAN_POINT('Ctrl Pts',(1.45354965658691,123.524722080608,0.));
#4770=CARTESIAN_POINT('Ctrl Pts',(1.43915264060236,123.510194219901,0.));
#4771=CARTESIAN_POINT('Ctrl Pts',(1.41407788208487,123.484652193009,0.));
#4772=CARTESIAN_POINT('Ctrl Pts',(1.36439804871157,123.433109688301,0.));
#4773=CARTESIAN_POINT('Ctrl Pts',(1.26694878230149,123.328206008682,0.));
#4774=CARTESIAN_POINT('Ctrl Pts',(1.13331498977712,123.173286695325,0.));
#4775=CARTESIAN_POINT('Ctrl Pts',(0.982271463185222,122.979737569554,0.));
#4776=CARTESIAN_POINT('Ctrl Pts',(0.793780628955291,122.71210360749,0.));
#4777=CARTESIAN_POINT('Ctrl Pts',(0.583230843946118,122.360815786169,0.));
#4778=CARTESIAN_POINT('Ctrl Pts',(0.373100095761681,121.916535059656,0.));
#4779=CARTESIAN_POINT('Ctrl Pts',(0.20754568368589,121.453795437163,0.));
#4780=CARTESIAN_POINT('Ctrl Pts',(0.0482939003337979,120.818148543325,0.));
#4781=CARTESIAN_POINT('Ctrl Pts',(-8.20245331074006E-5,120.32728849534,
0.));
#4782=CARTESIAN_POINT('Ctrl Pts',(1.32684866909048E-5,117.620405554227,
0.));
#4783=CARTESIAN_POINT('Ctrl Pts',(-6.39098945604302E-5,102.055576234225,
0.));
#4784=CARTESIAN_POINT('Ctrl Pts',(7.95072076545611E-5,62.500011838996,0.));
#4785=CARTESIAN_POINT('Ctrl Pts',(-0.000116582947767128,22.9444087496214,
0.));
#4786=CARTESIAN_POINT('Ctrl Pts',(0.000479414695155771,7.37968561916013,
0.));
#4787=CARTESIAN_POINT('Ctrl Pts',(-0.000312947839735793,4.34542901144488,
0.));
#4788=CARTESIAN_POINT('Ctrl Pts',(0.195402342382408,3.3641267060512,0.));
#4789=CARTESIAN_POINT('Ctrl Pts',(0.815939679709017,2.20425995116452,0.));
#4790=CARTESIAN_POINT('Ctrl Pts',(1.44155398909063,1.44157566659738,0.));
#4791=CARTESIAN_POINT('Ctrl Pts',(2.20424137325901,0.815935763735617,0.));
#4792=CARTESIAN_POINT('Ctrl Pts',(3.3641311942304,0.195384004882069,0.));
#4793=CARTESIAN_POINT('Ctrl Pts',(4.34543010442678,-0.0003038907418252,
0.));
#4794=CARTESIAN_POINT('Ctrl Pts',(7.91526811811301,0.000581779349197941,
0.));
#4795=CARTESIAN_POINT('Ctrl Pts',(44.9999973504311,-0.000413483065811124,
0.));
#4796=CARTESIAN_POINT('Ctrl Pts',(82.0847455787215,0.000592507480143443,
0.));
#4797=CARTESIAN_POINT('Ctrl Pts',(85.6545846961082,-0.00031329892951156,
0.));
#4798=CARTESIAN_POINT('Ctrl Pts',(86.6358935294935,0.19539911203485,0.));
#4799=CARTESIAN_POINT('Ctrl Pts',(87.7957516981122,0.815941200839321,0.));
#4800=CARTESIAN_POINT('Ctrl Pts',(88.5584542588158,1.44155071976065,0.));
#4801=CARTESIAN_POINT('Ctrl Pts',(89.1840618471574,2.20425191310904,0.));
#4802=CARTESIAN_POINT('Ctrl Pts',(89.8046099224377,3.36411038041044,0.));
#4803=CARTESIAN_POINT('Ctrl Pts',(90.0003091742651,4.34541936043781,0.));
#4804=CARTESIAN_POINT('Ctrl Pts',(89.9990895864196,9.75937179854862,0.));
#4805=CARTESIAN_POINT('Ctrl Pts',(90.0003162635511,49.3147572487522,0.));
#4806=CARTESIAN_POINT('Ctrl Pts',(89.9999072821979,95.4629951042496,0.));
#4807=CARTESIAN_POINT('Ctrl Pts',(89.9999880044688,111.445898246268,0.));
#4808=CARTESIAN_POINT('Ctrl Pts',(90.0000190049618,117.539943287114,0.));
#4809=CARTESIAN_POINT('Ctrl Pts',(89.9999298839164,119.405080856989,0.));
#4810=CARTESIAN_POINT('Ctrl Pts',(90.0002804607813,120.654548627287,0.));
#4811=CARTESIAN_POINT('Ctrl Pts',(89.8045609055648,121.635829443237,0.));
#4812=CARTESIAN_POINT('Ctrl Pts',(89.1840331433187,122.795732246408,0.));
#4813=CARTESIAN_POINT('Ctrl Pts',(88.5584091478286,123.558339980853,0.));
#4814=CARTESIAN_POINT('Ctrl Pts',(87.7957439121651,124.184142732326,0.));
#4815=CARTESIAN_POINT('Ctrl Pts',(86.9257921899734,124.649205397972,0.));
#4816=CARTESIAN_POINT('Ctrl Pts',(85.9817470513722,124.935551371863,0.));
#4817=CARTESIAN_POINT('Ctrl Pts',(85.3272663087709,125.000019932357,0.));
#4818=CARTESIAN_POINT('Ctrl Pts',(82.0848156864399,125.000010272658,0.));
#4819=CARTESIAN_POINT('Ctrl Pts',(44.9999994578476,124.999999689853,0.));
#4820=CARTESIAN_POINT('Ctrl Pts',(7.91519403862344,125.,0.));
#4821=CARTESIAN_POINT('Ctrl Pts',(5.,125.,0.));
#4822=CARTESIAN_POINT('Ctrl Pts',(5.,125.,0.));
#4823=CARTESIAN_POINT('Ctrl Pts',(5.77781814626052,124.222181853739,7.76653417460949));
#4824=CARTESIAN_POINT('Ctrl Pts',(7.44448481292719,122.555515187073,14.4332008412762));
#4825=CARTESIAN_POINT('Ctrl Pts',(14.9706130854292,115.029386914571,30.8277207203779));
#4826=CARTESIAN_POINT('Ctrl Pts',(29.4361545783621,102.561498294885,31.5536179161949));
#4827=CARTESIAN_POINT('Ctrl Pts',(37.0383955238833,92.2297353520638,43.0944546672124));
#4828=CARTESIAN_POINT('Ctrl Pts',(39.0470715969989,89.3445089960038,47.2157608177098));
#4829=CARTESIAN_POINT('Ctrl Pts',(41.846469917339,82.457092769595,55.3949634375307));
#4830=CARTESIAN_POINT('Ctrl Pts',(36.5509987503804,86.5379535235923,53.7955361069254));
#4831=CARTESIAN_POINT('Ctrl Pts',(37.7292885385859,74.6955315649983,61.4990627876653));
#4832=CARTESIAN_POINT('Ctrl Pts',(38.0626218719193,72.0288648983316,63.165729454332));
#4833=CARTESIAN_POINT('Ctrl Pts',(38.5,69.,65.));
#4834=CARTESIAN_POINT('Ctrl Pts',(4.34550153050213,125.,0.));
#4835=CARTESIAN_POINT('Ctrl Pts',(5.12818258353238,124.222122792906,7.7665341746095));
#4836=CARTESIAN_POINT('Ctrl Pts',(6.79434800719127,122.555409036558,14.4332008412762));
#4837=CARTESIAN_POINT('Ctrl Pts',(14.303992022484,115.02923131353,30.8277207203779));
#4838=CARTESIAN_POINT('Ctrl Pts',(28.4533999785991,102.562346989962,31.5536179161949));
#4839=CARTESIAN_POINT('Ctrl Pts',(36.3815080739785,92.2300888157803,43.0944546672124));
#4840=CARTESIAN_POINT('Ctrl Pts',(38.602334203121,89.3444504545207,47.2157608177098));
#4841=CARTESIAN_POINT('Ctrl Pts',(41.6086268547657,82.4566819191724,55.3949634375308));
#4842=CARTESIAN_POINT('Ctrl Pts',(35.9159311093642,86.5388348242162,53.7955361069254));
#4843=CARTESIAN_POINT('Ctrl Pts',(37.1841342130132,74.6958739786016,61.4990627876653));
#4844=CARTESIAN_POINT('Ctrl Pts',(37.5428485826167,72.0290715526628,63.165729454332));
#4845=CARTESIAN_POINT('Ctrl Pts',(38.0135555306243,69.,65.));
#4846=CARTESIAN_POINT('Ctrl Pts',(3.03684781121913,124.739509389854,0.));
#4847=CARTESIAN_POINT('Ctrl Pts',(3.89149656775727,123.957125356766,7.76653417460948));
#4848=CARTESIAN_POINT('Ctrl Pts',(5.55825348507352,122.290617316339,14.4332008412739));
#4849=CARTESIAN_POINT('Ctrl Pts',(12.8584928872251,114.778631605689,30.827720720373));
#4850=CARTESIAN_POINT('Ctrl Pts',(25.1786539386765,102.313801177908,31.5536179161857));
#4851=CARTESIAN_POINT('Ctrl Pts',(34.1133163244129,92.0744071816261,43.0944546672013));
#4852=CARTESIAN_POINT('Ctrl Pts',(37.0536653680206,89.2414788194224,47.2157608176984));
#4853=CARTESIAN_POINT('Ctrl Pts',(40.8889882546428,82.3944795924898,55.394963437518));
#4854=CARTESIAN_POINT('Ctrl Pts',(34.7659006004089,86.2691104095937,53.7955361069103));
#4855=CARTESIAN_POINT('Ctrl Pts',(35.9482281750821,74.5186314094914,61.4990627876494));
#4856=CARTESIAN_POINT('Ctrl Pts',(36.285283445813,71.8762328649041,63.1657294543159));
#4857=CARTESIAN_POINT('Ctrl Pts',(36.7292933116397,68.8780054426069,64.9999999999839));
#4858=CARTESIAN_POINT('Ctrl Pts',(1.92277441352408,123.99555093259,0.));
#4859=CARTESIAN_POINT('Ctrl Pts',(2.88641851199141,123.276028480055,7.7665341746095));
#4860=CARTESIAN_POINT('Ctrl Pts',(4.55328817435504,121.608833229819,14.4332008412731));
#4861=CARTESIAN_POINT('Ctrl Pts',(11.5330562449029,113.908720093647,30.8277207203712));
#4862=CARTESIAN_POINT('Ctrl Pts',(21.3657325643472,99.9701691008876,31.5536179161824));
#4863=CARTESIAN_POINT('Ctrl Pts',(31.4305002990764,90.4289783159345,43.0944546671974));
#4864=CARTESIAN_POINT('Ctrl Pts',(35.2137281161252,88.1088054310805,47.2157608176943));
#4865=CARTESIAN_POINT('Ctrl Pts',(40.0698123039581,81.8880602845967,55.3949634375135));
#4866=CARTESIAN_POINT('Ctrl Pts',(33.9474226643336,85.612414927619,53.795536106905));
#4867=CARTESIAN_POINT('Ctrl Pts',(34.6983071706296,73.7954390165314,61.4990627876437));
#4868=CARTESIAN_POINT('Ctrl Pts',(34.9247707065313,71.1328937596045,63.1657294543102));
#4869=CARTESIAN_POINT('Ctrl Pts',(35.2316120718067,68.1073888468172,64.9999999999782));
#4870=CARTESIAN_POINT('Ctrl Pts',(1.45354965658691,123.524722080608,0.));
#4871=CARTESIAN_POINT('Ctrl Pts',(2.45548813240688,122.85147161342,7.7665341746095));
#4872=CARTESIAN_POINT('Ctrl Pts',(4.12199838535824,121.185021206102,14.4332008412727));
#4873=CARTESIAN_POINT('Ctrl Pts',(10.9873929128208,113.35187425795,30.8277207203702));
#4874=CARTESIAN_POINT('Ctrl Pts',(19.9174052173088,98.3631249920649,31.5536179161806));
#4875=CARTESIAN_POINT('Ctrl Pts',(30.414858784177,89.300405950758,43.0944546671953));
#4876=CARTESIAN_POINT('Ctrl Pts',(34.5182878004414,87.336025082,47.2157608176922));
#4877=CARTESIAN_POINT('Ctrl Pts',(39.7506668830652,81.5491545238062,55.3949634375111));
#4878=CARTESIAN_POINT('Ctrl Pts',(33.6233736297281,85.2417820949841,53.7955361069022));
#4879=CARTESIAN_POINT('Ctrl Pts',(34.156574164817,73.2990274599261,61.4990627876407));
#4880=CARTESIAN_POINT('Ctrl Pts',(34.3291137778719,70.6031256097603,63.1657294543072));
#4881=CARTESIAN_POINT('Ctrl Pts',(34.5704316802041,67.5352798976456,64.9999999999752));
#4882=CARTESIAN_POINT('Ctrl Pts',(1.43915264060236,123.510194219901,0.));
#4883=CARTESIAN_POINT('Ctrl Pts',(2.44230639777094,122.838292923553,7.76653417460949));
#4884=CARTESIAN_POINT('Ctrl Pts',(4.10883532040376,121.171809082296,14.4332008412727));
#4885=CARTESIAN_POINT('Ctrl Pts',(10.9707332556863,113.334543425592,30.8277207203703));
#4886=CARTESIAN_POINT('Ctrl Pts',(19.8724786404393,98.3145045225802,31.5536179161807));
#4887=CARTESIAN_POINT('Ctrl Pts',(30.3834207288692,89.2661278202749,43.0944546671953));
#4888=CARTESIAN_POINT('Ctrl Pts',(34.4968464171511,87.3123857600024,47.2157608176922));
#4889=CARTESIAN_POINT('Ctrl Pts',(39.740956458419,81.5385264156425,55.3949634375112));
#4890=CARTESIAN_POINT('Ctrl Pts',(33.6134587947432,85.2300029854444,53.7955361069022));
#4891=CARTESIAN_POINT('Ctrl Pts',(34.1399476538601,73.2835864041768,61.4990627876408));
#4892=CARTESIAN_POINT('Ctrl Pts',(34.3108245823403,70.5867119441207,63.1657294543072));
#4893=CARTESIAN_POINT('Ctrl Pts',(34.5501244164212,67.5176384292483,64.9999999999752));
#4894=CARTESIAN_POINT('Ctrl Pts',(1.41407788208487,123.484652193009,0.));
#4895=CARTESIAN_POINT('Ctrl Pts',(2.41928168239942,122.815225156604,7.76653417460948));
#4896=CARTESIAN_POINT('Ctrl Pts',(4.08579998171659,121.148760164499,14.4332008412727));
#4897=CARTESIAN_POINT('Ctrl Pts',(10.9416135150929,113.30428961102,30.8277207203703));
#4898=CARTESIAN_POINT('Ctrl Pts',(19.7951113484273,98.2278209451495,31.5536179161807));
#4899=CARTESIAN_POINT('Ctrl Pts',(30.3291911995909,89.2052046287979,43.0944546671953));
#4900=CARTESIAN_POINT('Ctrl Pts',(34.4597416705433,87.2706069083163,47.2157608176922));
#4901=CARTESIAN_POINT('Ctrl Pts',(39.7239536279749,81.5200942550025,55.3949634375111));
#4902=CARTESIAN_POINT('Ctrl Pts',(33.5961749031246,85.2098110276032,53.7955361069022));
#4903=CARTESIAN_POINT('Ctrl Pts',(34.1109545074834,73.2565689960799,61.4990627876408));
#4904=CARTESIAN_POINT('Ctrl Pts',(34.278933147988,70.5578873586911,63.1657294543072));
#4905=CARTESIAN_POINT('Ctrl Pts',(34.5147142965808,67.4865249542873,64.9999999999752));
#4906=CARTESIAN_POINT('Ctrl Pts',(1.36439804871157,123.433109688301,0.));
#4907=CARTESIAN_POINT('Ctrl Pts',(2.37366569208049,122.768612489955,7.7665341746095));
#4908=CARTESIAN_POINT('Ctrl Pts',(4.04019019023091,121.102136792022,14.4332008412727));
#4909=CARTESIAN_POINT('Ctrl Pts',(10.8840628430589,113.243101071536,30.8277207203703));
#4910=CARTESIAN_POINT('Ctrl Pts',(19.6421226101155,98.0536292197959,31.5536179161807));
#4911=CARTESIAN_POINT('Ctrl Pts',(30.2220408047462,89.0826603691986,43.0944546671954));
#4912=CARTESIAN_POINT('Ctrl Pts',(34.3865182744063,87.1864295722511,47.2157608176922));
#4913=CARTESIAN_POINT('Ctrl Pts',(39.6904754806961,81.4827244589954,55.3949634375112));
#4914=CARTESIAN_POINT('Ctrl Pts',(33.5620685901655,85.1688918244189,53.7955361069022));
#4915=CARTESIAN_POINT('Ctrl Pts',(34.053432633084,73.2018095338196,61.4990627876408));
#4916=CARTESIAN_POINT('Ctrl Pts',(34.2156230069956,70.4994689501547,63.1657294543072));
#4917=CARTESIAN_POINT('Ctrl Pts',(34.4443844672774,67.4234834591733,64.9999999999753));
#4918=CARTESIAN_POINT('Ctrl Pts',(1.26694878230149,123.328206008682,0.));
#4919=CARTESIAN_POINT('Ctrl Pts',(2.28401972285206,122.673772343027,7.76653417460949));
#4920=CARTESIAN_POINT('Ctrl Pts',(3.95054102600448,121.007302111024,14.4332008412727));
#4921=CARTESIAN_POINT('Ctrl Pts',(10.7714184722739,113.118652514129,30.8277207203703));
#4922=CARTESIAN_POINT('Ctrl Pts',(19.3454281760554,97.6988051020885,31.5536179161807));
#4923=CARTESIAN_POINT('Ctrl Pts',(30.0143073544141,88.8331107838169,43.0944546671954));
#4924=CARTESIAN_POINT('Ctrl Pts',(34.2445683837269,87.0151132957059,47.2157608176923));
#4925=CARTESIAN_POINT('Ctrl Pts',(39.6253236185601,81.4067426480847,55.3949634375113));
#4926=CARTESIAN_POINT('Ctrl Pts',(33.4955535585138,85.0863133859495,53.7955361069023));
#4927=CARTESIAN_POINT('Ctrl Pts',(33.9402629496196,73.0898765562227,61.4990627876409));
#4928=CARTESIAN_POINT('Ctrl Pts',(34.0909530426275,70.3798085222327,63.1657294543074));
#4929=CARTESIAN_POINT('Ctrl Pts',(34.3057926248766,67.2940795468138,64.9999999999754));
#4930=CARTESIAN_POINT('Ctrl Pts',(1.13331498977712,123.173286695325,0.));
#4931=CARTESIAN_POINT('Ctrl Pts',(2.16063911589945,122.53360782177,7.76653417460949));
#4932=CARTESIAN_POINT('Ctrl Pts',(3.82716536564344,120.867130428579,14.4332008412728));
#4933=CARTESIAN_POINT('Ctrl Pts',(10.6178683586288,112.934996074807,30.8277207203704));
#4934=CARTESIAN_POINT('Ctrl Pts',(18.9482484190473,97.1768988445606,31.553617916181));
#4935=CARTESIAN_POINT('Ctrl Pts',(29.7365570460101,88.4660682674326,43.0944546671957));
#4936=CARTESIAN_POINT('Ctrl Pts',(34.0549619526669,86.7631657315498,47.2157608176925));
#4937=CARTESIAN_POINT('Ctrl Pts',(39.5377779955835,81.2947243643226,55.3949634375115));
#4938=CARTESIAN_POINT('Ctrl Pts',(33.4054276186055,84.9657731711026,53.7955361069027));
#4939=CARTESIAN_POINT('Ctrl Pts',(33.7842568321435,72.9230568623761,61.4990627876413));
#4940=CARTESIAN_POINT('Ctrl Pts',(33.9188024201765,70.2009022455004,63.1657294543077));
#4941=CARTESIAN_POINT('Ctrl Pts',(34.1141728260658,67.1000069634287,64.9999999999757));
#4942=CARTESIAN_POINT('Ctrl Pts',(0.982271463185222,122.979737569554,0.));
#4943=CARTESIAN_POINT('Ctrl Pts',(2.0203392912583,122.358131725663,7.7665341746095));
#4944=CARTESIAN_POINT('Ctrl Pts',(3.6868665618241,120.691653376349,14.4332008412728));
#4945=CARTESIAN_POINT('Ctrl Pts',(10.4459333252909,112.706288875318,30.8277207203705));
#4946=CARTESIAN_POINT('Ctrl Pts',(18.5173315976191,96.5326671338665,31.5536179161811));
#4947=CARTESIAN_POINT('Ctrl Pts',(29.4357956367567,88.0132482644737,43.0944546671959));
#4948=CARTESIAN_POINT('Ctrl Pts',(33.8499132715765,86.4525276732847,47.2157608176928));
#4949=CARTESIAN_POINT('Ctrl Pts',(39.442074422825,81.1561240993581,55.3949634375118));
#4950=CARTESIAN_POINT('Ctrl Pts',(33.3048973391633,84.8175745571315,53.795536106903));
#4951=CARTESIAN_POINT('Ctrl Pts',(33.6069748094939,72.7124879094603,61.4990627876416));
#4952=CARTESIAN_POINT('Ctrl Pts',(33.7228697789431,69.974220120525,63.1657294543081));
#4953=CARTESIAN_POINT('Ctrl Pts',(33.8958747464285,66.8532356082765,64.9999999999761));
#4954=CARTESIAN_POINT('Ctrl Pts',(0.793780628955291,122.71210360749,0.));
#4955=CARTESIAN_POINT('Ctrl Pts',(1.84404432054286,122.114673640996,7.76653417460948));
#4956=CARTESIAN_POINT('Ctrl Pts',(3.51057508409315,120.448190587934,14.4332008412729));
#4957=CARTESIAN_POINT('Ctrl Pts',(10.2337395837006,112.391606383007,30.8277207203707));
#4958=CARTESIAN_POINT('Ctrl Pts',(18.0054956176179,95.659216728264,31.5536179161815));
#4959=CARTESIAN_POINT('Ctrl Pts',(29.0794570474564,87.3998166704162,43.0944546671963));
#4960=CARTESIAN_POINT('Ctrl Pts',(33.6073881362882,86.03198431058,47.2157608176932));
#4961=CARTESIAN_POINT('Ctrl Pts',(39.3274160291765,80.9675022070739,55.3949634375123));
#4962=CARTESIAN_POINT('Ctrl Pts',(33.180886276081,84.6155594953787,53.7955361069036));
#4963=CARTESIAN_POINT('Ctrl Pts',(33.3849145356349,72.4187997076686,61.4990627876422));
#4964=CARTESIAN_POINT('Ctrl Pts',(33.4771972956814,69.6571033004369,63.1657294543087));
#4965=CARTESIAN_POINT('Ctrl Pts',(33.6220571033192,66.5071013643095,64.9999999999767));
#4966=CARTESIAN_POINT('Ctrl Pts',(0.583230843946118,122.360815786169,0.));
#4967=CARTESIAN_POINT('Ctrl Pts',(1.64469799360888,121.792991608606,7.7665341746095));
#4968=CARTESIAN_POINT('Ctrl Pts',(3.31123432316374,120.126503886489,14.433200841273));
#4969=CARTESIAN_POINT('Ctrl Pts',(10.0014286700623,111.982708943876,30.8277207203709));
#4970=CARTESIAN_POINT('Ctrl Pts',(17.485493655841,94.5582207284004,31.5536179161817));
#4971=CARTESIAN_POINT('Ctrl Pts',(28.7193061577365,86.6279495235271,43.0944546671967));
#4972=CARTESIAN_POINT('Ctrl Pts',(33.3630888096561,85.5034998626522,47.2157608176935));
#4973=CARTESIAN_POINT('Ctrl Pts',(39.2088893168963,80.7281005470494,55.3949634375127));
#4974=CARTESIAN_POINT('Ctrl Pts',(33.0442093334903,84.3554722159326,53.795536106904));
#4975=CARTESIAN_POINT('Ctrl Pts',(33.1360812080421,72.0293542943847,61.4990627876426));
#4976=CARTESIAN_POINT('Ctrl Pts',(33.2017626197971,69.235123036122,63.1657294543091));
#4977=CARTESIAN_POINT('Ctrl Pts',(33.315245580396,66.0452248701978,64.9999999999771));
#4978=CARTESIAN_POINT('Ctrl Pts',(0.373100095761681,121.916535059656,0.));
#4979=CARTESIAN_POINT('Ctrl Pts',(1.44203940794096,121.380783098581,7.76653417460949));
#4980=CARTESIAN_POINT('Ctrl Pts',(3.10857692842954,119.714292169074,14.4332008412731));
#4981=CARTESIAN_POINT('Ctrl Pts',(9.77677031821027,111.476028781344,30.827720720371));
#4982=CARTESIAN_POINT('Ctrl Pts',(17.0457304606511,93.2805808327321,31.5536179161821));
#4983=CARTESIAN_POINT('Ctrl Pts',(28.4178726570292,85.7358479628571,43.0944546671971));
#4984=CARTESIAN_POINT('Ctrl Pts',(33.1599330116061,84.8942390122258,47.215760817694));
#4985=CARTESIAN_POINT('Ctrl Pts',(39.1053321683332,80.4464167639441,55.3949634375132));
#4986=CARTESIAN_POINT('Ctrl Pts',(32.9087384111338,84.0328163320381,53.7955361069046));
#4987=CARTESIAN_POINT('Ctrl Pts',(32.8884379912504,71.533312317027,61.4990627876433));
#4988=CARTESIAN_POINT('Ctrl Pts',(32.9281179793079,68.6964993035378,63.1657294543098));
#4989=CARTESIAN_POINT('Ctrl Pts',(33.0114250571585,65.4551778597775,64.9999999999778));
#4990=CARTESIAN_POINT('Ctrl Pts',(0.20754568368589,121.453795437163,0.));
#4991=CARTESIAN_POINT('Ctrl Pts',(1.27918982681046,120.94428943478,7.76653417460948));
#4992=CARTESIAN_POINT('Ctrl Pts',(2.94573655700176,119.277791180345,14.4332008412731));
#4993=CARTESIAN_POINT('Ctrl Pts',(9.60600473252812,110.962200521619,30.8277207203713));
#4994=CARTESIAN_POINT('Ctrl Pts',(16.767371236967,92.1027935147583,31.5536179161825));
#4995=CARTESIAN_POINT('Ctrl Pts',(28.2302876251598,84.9186771523434,43.0944546671976));
#4996=CARTESIAN_POINT('Ctrl Pts',(33.0348322082717,84.3382213899761,47.2157608176945));
#4997=CARTESIAN_POINT('Ctrl Pts',(39.0365562395073,80.1813847787905,55.3949634375137));
#4998=CARTESIAN_POINT('Ctrl Pts',(32.8013327645103,83.7004056892103,53.7955361069053));
#4999=CARTESIAN_POINT('Ctrl Pts',(32.6952817646107,71.0164562083711,61.499062787644));
#5000=CARTESIAN_POINT('Ctrl Pts',(32.7156164237212,68.1355461097491,63.1657294543105));
#5001=CARTESIAN_POINT('Ctrl Pts',(32.7769204520854,64.8419243770077,64.9999999999785));
#5002=CARTESIAN_POINT('Ctrl Pts',(0.0482939003337979,120.818148543325,0.));
#5003=CARTESIAN_POINT('Ctrl Pts',(1.11931013513502,120.333148064511,7.76653417460951));
#5004=CARTESIAN_POINT('Ctrl Pts',(2.78584992480654,118.666651205554,14.4332008412732));
#5005=CARTESIAN_POINT('Ctrl Pts',(9.44793614357918,110.278896001462,30.8277207203715));
#5006=CARTESIAN_POINT('Ctrl Pts',(16.5684221639507,90.7318363674327,31.5536179161829));
#5007=CARTESIAN_POINT('Ctrl Pts',(28.1002086102616,83.9770380119178,43.094454667198));
#5008=CARTESIAN_POINT('Ctrl Pts',(32.9496806834123,83.7012088997355,47.2157608176949));
#5009=CARTESIAN_POINT('Ctrl Pts',(38.9833164917051,79.8635325733115,55.3949634375142));
#5010=CARTESIAN_POINT('Ctrl Pts',(32.6962572547854,83.2451847437213,53.7955361069058));
#5011=CARTESIAN_POINT('Ctrl Pts',(32.5126049855474,70.3107888331241,61.4990627876446));
#5012=CARTESIAN_POINT('Ctrl Pts',(32.5160052263537,67.3718699330685,63.1657294543111));
#5013=CARTESIAN_POINT('Ctrl Pts',(32.5585381373372,64.0109647286917,64.9999999999791));
#5014=CARTESIAN_POINT('Ctrl Pts',(-8.20245331074006E-5,120.32728849534,
0.));
#5015=CARTESIAN_POINT('Ctrl Pts',(1.06868097313302,119.846133073697,7.76653417460948));
#5016=CARTESIAN_POINT('Ctrl Pts',(2.73523234053037,118.179626041798,14.4332008412733));
#5017=CARTESIAN_POINT('Ctrl Pts',(9.40400596786788,109.780503280755,30.8277207203715));
#5018=CARTESIAN_POINT('Ctrl Pts',(16.5522451901768,89.9952471750069,31.5536179161831));
#5019=CARTESIAN_POINT('Ctrl Pts',(28.0931359139671,83.485747113928,43.0944546671982));
#5020=CARTESIAN_POINT('Ctrl Pts',(32.9464799819821,83.3743544132748,47.2157608176952));
#5021=CARTESIAN_POINT('Ctrl Pts',(38.975651902104,79.6785031690677,55.3949634375145));
#5022=CARTESIAN_POINT('Ctrl Pts',(32.6617824090018,82.8906243125814,53.7955361069061));
#5023=CARTESIAN_POINT('Ctrl Pts',(32.4605113806719,69.7758978065545,61.4990627876449));
#5024=CARTESIAN_POINT('Ctrl Pts',(32.4605102927951,66.7977136400868,63.1657294543114));
#5025=CARTESIAN_POINT('Ctrl Pts',(32.4996720139366,63.3933717378096,64.9999999999794));
#5026=CARTESIAN_POINT('Ctrl Pts',(1.32684866909048E-5,117.620405554227,
0.));
#5027=CARTESIAN_POINT('Ctrl Pts',(1.06879210933654,117.092060759977,7.76653417460949));
#5028=CARTESIAN_POINT('Ctrl Pts',(2.73534354456005,115.425539673604,14.433200841274));
#5029=CARTESIAN_POINT('Ctrl Pts',(9.40406844356824,107.165329637314,30.8277207203731));
#5030=CARTESIAN_POINT('Ctrl Pts',(16.5520128681063,87.3954137487165,31.5536179161861));
#5031=CARTESIAN_POINT('Ctrl Pts',(28.092983776851,81.8474564168209,43.0944546672018));
#5032=CARTESIAN_POINT('Ctrl Pts',(32.9463921298642,82.3207972168475,47.2157608176989));
#5033=CARTESIAN_POINT('Ctrl Pts',(38.9756998259326,78.9346997496092,55.3949634375186));
#5034=CARTESIAN_POINT('Ctrl Pts',(32.6619222497438,80.8993489056524,53.795536106911));
#5035=CARTESIAN_POINT('Ctrl Pts',(32.4609200523848,66.8961134631227,61.4990627876501));
#5036=CARTESIAN_POINT('Ctrl Pts',(32.4609753258765,63.7374790480913,63.1657294543166));
#5037=CARTESIAN_POINT('Ctrl Pts',(32.5001874551791,60.1451353216147,64.9999999999846));
#5038=CARTESIAN_POINT('Ctrl Pts',(-6.39098945604302E-5,102.055576234225,
0.));
#5039=CARTESIAN_POINT('Ctrl Pts',(1.06870125773359,101.446334315918,7.76653417460949));
#5040=CARTESIAN_POINT('Ctrl Pts',(2.73535366475457,100.196362024182,14.4332008412756));
#5041=CARTESIAN_POINT('Ctrl Pts',(9.40456570275443,94.6281006391351,30.8277207203767));
#5042=CARTESIAN_POINT('Ctrl Pts',(16.5535059044232,81.9697687034989,31.5536179161927));
#5043=CARTESIAN_POINT('Ctrl Pts',(28.0943297854463,79.2792236667784,43.0944546672097));
#5044=CARTESIAN_POINT('Ctrl Pts',(32.9476128556855,80.5880461327866,47.215760817707));
#5045=CARTESIAN_POINT('Ctrl Pts',(38.9764650481297,77.3929995073106,55.3949634375276));
#5046=CARTESIAN_POINT('Ctrl Pts',(32.6621071921514,73.293318553245,53.7955361069217));
#5047=CARTESIAN_POINT('Ctrl Pts',(32.4605549805987,60.2717651567132,61.4990627876614));
#5048=CARTESIAN_POINT('Ctrl Pts',(32.4605059137413,57.4504786942132,63.165729454328));
#5049=CARTESIAN_POINT('Ctrl Pts',(32.4996321584346,54.3418229744379,64.9999999999961));
#5050=CARTESIAN_POINT('Ctrl Pts',(7.95072076545611E-5,62.500011838996,0.));
#5051=CARTESIAN_POINT('Ctrl Pts',(1.0688574124193,61.7726570352062,7.7665341746095));
#5052=CARTESIAN_POINT('Ctrl Pts',(2.73550824012855,61.7726572934852,14.433200841276));
#5053=CARTESIAN_POINT('Ctrl Pts',(9.40467214187006,63.9147608427835,30.8277207203774));
#5054=CARTESIAN_POINT('Ctrl Pts',(16.5533803239326,72.550451391683,31.5536179161941));
#5055=CARTESIAN_POINT('Ctrl Pts',(28.0942527025732,75.8967981600813,43.0944546672115));
#5056=CARTESIAN_POINT('Ctrl Pts',(32.9475721499511,78.1703386273742,47.2157608177088));
#5057=CARTESIAN_POINT('Ctrl Pts',(38.9765541484779,74.731567380925,55.3949634375296));
#5058=CARTESIAN_POINT('Ctrl Pts',(32.6622198858224,55.7284698845083,53.7955361069241));
#5059=CARTESIAN_POINT('Ctrl Pts',(32.461217221721,47.995149879414,61.4990627876639));
#5060=CARTESIAN_POINT('Ctrl Pts',(32.4612892319959,46.6618040908366,63.1657294543306));
#5061=CARTESIAN_POINT('Ctrl Pts',(32.5005356951037,45.4999715975528,64.9999999999986));
#5062=CARTESIAN_POINT('Ctrl Pts',(-0.000116582947767128,22.9444087496214,
0.));
#5063=CARTESIAN_POINT('Ctrl Pts',(1.06864517583829,22.0988135834877,7.76653417460949));
#5064=CARTESIAN_POINT('Ctrl Pts',(2.73531559742271,23.3488279640026,14.4332008412761));
#5065=CARTESIAN_POINT('Ctrl Pts',(9.40461728808865,33.2018519749106,30.8277207203778));
#5066=CARTESIAN_POINT('Ctrl Pts',(16.5537394387069,63.1343263109917,31.5536179161946));
#5067=CARTESIAN_POINT('Ctrl Pts',(28.0945516943815,72.5168241995928,43.0944546672121));
#5068=CARTESIAN_POINT('Ctrl Pts',(32.9478254701503,75.7544653389759,47.2157608177095));
#5069=CARTESIAN_POINT('Ctrl Pts',(38.9765887401873,72.0709676578871,55.3949634375304));
#5070=CARTESIAN_POINT('Ctrl Pts',(32.662237690975,38.1636411009803,53.795536106925));
#5071=CARTESIAN_POINT('Ctrl Pts',(32.4603369979587,35.7187122252107,61.4990627876648));
#5072=CARTESIAN_POINT('Ctrl Pts',(32.4602105992745,35.8733725827862,63.1657294543315));
#5073=CARTESIAN_POINT('Ctrl Pts',(32.4992526674122,36.6584616821183,64.9999999999995));
#5074=CARTESIAN_POINT('Ctrl Pts',(0.000479414695155771,7.37968561916013,
0.));
#5075=CARTESIAN_POINT('Ctrl Pts',(1.06926707420875,6.45336683659537,7.76653417460949));
#5076=CARTESIAN_POINT('Ctrl Pts',(2.73591623976338,8.11984314748371,14.4332008412762));
#5077=CARTESIAN_POINT('Ctrl Pts',(9.40502224730396,20.6639229198359,30.8277207203778));
#5078=CARTESIAN_POINT('Ctrl Pts',(16.5535675310178,57.7039433683165,31.5536179161948));
#5079=CARTESIAN_POINT('Ctrl Pts',(28.0945149319998,69.9449071021769,43.0944546672124));
#5080=CARTESIAN_POINT('Ctrl Pts',(32.9478827101651,74.0189123949999,47.2157608177098));
#5081=CARTESIAN_POINT('Ctrl Pts',(38.9771119503946,70.5279522015223,55.3949634375307));
#5082=CARTESIAN_POINT('Ctrl Pts',(32.6634421957029,30.5576161032593,53.7955361069253));
#5083=CARTESIAN_POINT('Ctrl Pts',(32.4635506725224,29.0942124220764,61.4990627876652));
#5084=CARTESIAN_POINT('Ctrl Pts',(32.4638531799729,29.586138032237,63.1657294543319));
#5085=CARTESIAN_POINT('Ctrl Pts',(32.5032589404477,30.8547767409976,64.9999999999999));
#5086=CARTESIAN_POINT('Ctrl Pts',(-0.000312947839735793,4.34542901144488,
0.));
#5087=CARTESIAN_POINT('Ctrl Pts',(1.06843118418884,3.36596991121903,7.7665341746095));
#5088=CARTESIAN_POINT('Ctrl Pts',(2.73511347123547,5.03266354354414,14.4332008412761));
#5089=CARTESIAN_POINT('Ctrl Pts',(9.40452099450938,17.7341852991032,30.8277207203779));
#5090=CARTESIAN_POINT('Ctrl Pts',(16.5540287590126,54.7978727140635,31.5536179161949));
#5091=CARTESIAN_POINT('Ctrl Pts',(28.094787620605,68.1150943388766,43.0944546672124));
#5092=CARTESIAN_POINT('Ctrl Pts',(32.9480191640179,72.8432264353939,47.2157608177098));
#5093=CARTESIAN_POINT('Ctrl Pts',(38.9765937432391,69.6970633364262,55.3949634375307));
#5094=CARTESIAN_POINT('Ctrl Pts',(32.6623277404343,28.3261988179382,53.7955361069253));
#5095=CARTESIAN_POINT('Ctrl Pts',(32.4595710466348,25.867075589243,61.4990627876653));
#5096=CARTESIAN_POINT('Ctrl Pts',(32.4592529126349,26.1568624556226,63.1657294543319));
#5097=CARTESIAN_POINT('Ctrl Pts',(32.4980895994115,27.2149654108752,65.));
#5098=CARTESIAN_POINT('Ctrl Pts',(0.195402342382408,3.3641267060512,0.));
#5099=CARTESIAN_POINT('Ctrl Pts',(1.27343293151602,2.41845517210652,7.76653417460949));
#5100=CARTESIAN_POINT('Ctrl Pts',(2.94005931515472,4.08503036380016,14.4332008412762));
#5101=CARTESIAN_POINT('Ctrl Pts',(9.58185786335855,16.6865328811409,30.8277207203779));
#5102=CARTESIAN_POINT('Ctrl Pts',(16.6156437258708,52.7662496515429,31.5536179161949));
#5103=CARTESIAN_POINT('Ctrl Pts',(28.1206755339623,66.7232262333592,43.0944546672124));
#5104=CARTESIAN_POINT('Ctrl Pts',(32.9589322048528,71.9030814085145,47.2157608177098));
#5105=CARTESIAN_POINT('Ctrl Pts',(39.0075093667537,69.2209769183449,55.3949634375307));
#5106=CARTESIAN_POINT('Ctrl Pts',(32.7973007744857,27.6312674358818,53.7955361069254));
#5107=CARTESIAN_POINT('Ctrl Pts',(32.6766648045751,24.7707004299192,61.4990627876653));
#5108=CARTESIAN_POINT('Ctrl Pts',(32.6926147018547,24.9680848582548,63.165729454332));
#5109=CARTESIAN_POINT('Ctrl Pts',(32.7479437041627,25.919517067083,65.));
#5110=CARTESIAN_POINT('Ctrl Pts',(0.815939679709017,2.20425995116452,0.));
#5111=CARTESIAN_POINT('Ctrl Pts',(1.8674038456289,1.35247425736248,7.76653417460949));
#5112=CARTESIAN_POINT('Ctrl Pts',(3.53411674980123,3.01917667660954,14.4332008412761));
#5113=CARTESIAN_POINT('Ctrl Pts',(10.2545511207818,15.3447289952666,30.8277207203779));
#5114=CARTESIAN_POINT('Ctrl Pts',(18.0117496764533,49.2154779945509,31.5536179161949));
#5115=CARTESIAN_POINT('Ctrl Pts',(29.0823014926122,64.236932310227,43.0944546672124));
#5116=CARTESIAN_POINT('Ctrl Pts',(33.6089504230242,70.2025182934735,47.2157608177098));
#5117=CARTESIAN_POINT('Ctrl Pts',(39.3318811489868,68.4464112529227,55.3949634375307));
#5118=CARTESIAN_POINT('Ctrl Pts',(33.1933799990498,26.7845934012973,53.7955361069254));
#5119=CARTESIAN_POINT('Ctrl Pts',(33.4119295600197,23.4763821933298,61.4990627876653));
#5120=CARTESIAN_POINT('Ctrl Pts',(33.5073045123019,23.5621485065702,63.165729454332));
#5121=CARTESIAN_POINT('Ctrl Pts',(33.6555505578209,24.3774342617266,65.));
#5122=CARTESIAN_POINT('Ctrl Pts',(1.44155398909063,1.44157566659738,0.));
#5123=CARTESIAN_POINT('Ctrl Pts',(2.44615472587915,0.663606029634997,7.76653417460949));
#5124=CARTESIAN_POINT('Ctrl Pts',(4.11280643037088,2.33028484585198,14.4332008412762));
#5125=CARTESIAN_POINT('Ctrl Pts',(10.9709857594446,14.4383450434985,30.8277207203779));
#5126=CARTESIAN_POINT('Ctrl Pts',(19.8463255926161,46.6210345056969,31.5536179161949));
#5127=CARTESIAN_POINT('Ctrl Pts',(30.3643733327627,62.4116694572466,43.0944546672124));
#5128=CARTESIAN_POINT('Ctrl Pts',(34.4836026901143,68.9496170713835,47.2157608177098));
#5129=CARTESIAN_POINT('Ctrl Pts',(39.7373930643333,67.89003265455,55.3949634375307));
#5130=CARTESIAN_POINT('Ctrl Pts',(33.6102054251719,26.1958356464734,53.7955361069254));
#5131=CARTESIAN_POINT('Ctrl Pts',(34.1473447819827,22.6494848330734,61.4990627876653));
#5132=CARTESIAN_POINT('Ctrl Pts',(34.3204997485438,22.6731347576458,63.165729454332));
#5133=CARTESIAN_POINT('Ctrl Pts',(34.5622861501856,23.4105346178495,65.));
#5134=CARTESIAN_POINT('Ctrl Pts',(2.20424137325901,0.815935763735617,0.));
#5135=CARTESIAN_POINT('Ctrl Pts',(3.14064485145181,0.0969626205318824,7.76653417460949));
#5136=CARTESIAN_POINT('Ctrl Pts',(4.80741760117545,1.76358508975767,14.4332008412761));
#5137=CARTESIAN_POINT('Ctrl Pts',(11.8669657335322,13.6976469448061,30.8277207203778));
#5138=CARTESIAN_POINT('Ctrl Pts',(22.3219529061347,44.5256552220125,31.5536179161949));
#5139=CARTESIAN_POINT('Ctrl Pts',(32.1028836826649,60.9382823753896,43.0944546672124));
#5140=CARTESIAN_POINT('Ctrl Pts',(35.6745413880664,67.9370250152574,47.2157608177098));
#5141=CARTESIAN_POINT('Ctrl Pts',(40.2749916287905,67.4420337933593,55.3949634375307));
#5142=CARTESIAN_POINT('Ctrl Pts',(34.1539384336933,25.6768809710537,53.7955361069254));
#5143=CARTESIAN_POINT('Ctrl Pts',(35.014249248221,22.0095174806935,61.4990627876653));
#5144=CARTESIAN_POINT('Ctrl Pts',(35.2686900314567,21.9999614886163,63.1657294543319));
#5145=CARTESIAN_POINT('Ctrl Pts',(35.6101568732098,22.6944940318483,65.));
#5146=CARTESIAN_POINT('Ctrl Pts',(3.3641311942304,0.195384004882069,0.));
#5147=CARTESIAN_POINT('Ctrl Pts',(4.20035819236906,-0.478452351845001,7.7665341746095));
#5148=CARTESIAN_POINT('Ctrl Pts',(5.86699658512886,1.18827047444731,14.4332008412762));
#5149=CARTESIAN_POINT('Ctrl Pts',(13.2209929380374,12.9898455092599,30.8277207203779));
#5150=CARTESIAN_POINT('Ctrl Pts',(26.007099269022,42.7351117407361,31.5536179161949));
#5151=CARTESIAN_POINT('Ctrl Pts',(34.6875698853487,59.688192444352,43.0944546672124));
#5152=CARTESIAN_POINT('Ctrl Pts',(37.4459431862686,67.0795267406176,47.2157608177098));
#5153=CARTESIAN_POINT('Ctrl Pts',(41.0709002707509,67.0560816915949,55.3949634375307));
#5154=CARTESIAN_POINT('Ctrl Pts',(35.0536020092544,25.1202577537102,53.7955361069253));
#5155=CARTESIAN_POINT('Ctrl Pts',(36.2575875837179,21.4283912277906,61.4990627876653));
#5156=CARTESIAN_POINT('Ctrl Pts',(36.6001759870909,21.410567238251,63.165729454332));
#5157=CARTESIAN_POINT('Ctrl Pts',(37.0510731741657,22.0933330047905,65.));
#5158=CARTESIAN_POINT('Ctrl Pts',(4.34543010442678,-0.0003038907418252,
0.));
#5159=CARTESIAN_POINT('Ctrl Pts',(5.12856140104723,-0.67713378607768,7.76653417460949));
#5160=CARTESIAN_POINT('Ctrl Pts',(6.79530105265795,0.989538123807253,14.4332008412761));
#5161=CARTESIAN_POINT('Ctrl Pts',(14.3061031178723,12.7997048010932,30.8277207203779));
#5162=CARTESIAN_POINT('Ctrl Pts',(28.4511233927128,42.5376523350332,31.5536179161949));
#5163=CARTESIAN_POINT('Ctrl Pts',(36.3814356429153,59.5626152040713,43.0944546672124));
#5164=CARTESIAN_POINT('Ctrl Pts',(38.6039926903329,66.9953223170165,47.2157608177098));
#5165=CARTESIAN_POINT('Ctrl Pts',(41.6116565585066,67.0056657815365,55.3949634375307));
#5166=CARTESIAN_POINT('Ctrl Pts',(35.9187599446531,24.918394370193,53.7955361069254));
#5167=CARTESIAN_POINT('Ctrl Pts',(37.185744270631,21.2942481300679,61.4990627876653));
#5168=CARTESIAN_POINT('Ctrl Pts',(37.5441788286461,21.2942386795503,63.1657294543319));
#5169=CARTESIAN_POINT('Ctrl Pts',(38.0144965397484,21.9994537456579,65.));
#5170=CARTESIAN_POINT('Ctrl Pts',(7.91526811811301,0.000581779349197941,
0.));
#5171=CARTESIAN_POINT('Ctrl Pts',(8.66882731722348,-0.676501797597115,7.76653417460949));
#5172=CARTESIAN_POINT('Ctrl Pts',(10.3352836697346,0.99032253725122,14.4332008412762));
#5173=CARTESIAN_POINT('Ctrl Pts',(17.9319651489173,12.8019138643757,30.8277207203779));
#5174=CARTESIAN_POINT('Ctrl Pts',(33.8378617403336,42.5461368480557,31.5536179161949));
#5175=CARTESIAN_POINT('Ctrl Pts',(39.9752267020826,59.5692439507278,43.0944546672124));
#5176=CARTESIAN_POINT('Ctrl Pts',(41.0282197744645,67.0004468172016,47.2157608177098));
#5177=CARTESIAN_POINT('Ctrl Pts',(42.8954906300687,67.0084970355683,55.3949634375307));
#5178=CARTESIAN_POINT('Ctrl Pts',(39.366125118729,24.9203802691458,53.7955361069253));
#5179=CARTESIAN_POINT('Ctrl Pts',(40.1513992611607,21.2960883236079,61.4990627876653));
#5180=CARTESIAN_POINT('Ctrl Pts',(40.3735300178099,21.296090524442,63.1657294543319));
#5181=CARTESIAN_POINT('Ctrl Pts',(40.6650277975515,22.0013627702574,65.));
#5182=CARTESIAN_POINT('Ctrl Pts',(44.9999973504311,-0.000413483065811124,
0.));
#5183=CARTESIAN_POINT('Ctrl Pts',(44.9999959198987,-0.677135018419962,7.76653417460952));
#5184=CARTESIAN_POINT('Ctrl Pts',(44.9999861334842,0.989538662863048,14.4332008412762));
#5185=CARTESIAN_POINT('Ctrl Pts',(44.9999588912739,12.7994366910691,30.8277207203779));
#5186=CARTESIAN_POINT('Ctrl Pts',(45.0000345761299,42.5357502742239,31.5536179161949));
#5187=CARTESIAN_POINT('Ctrl Pts',(44.9999760565512,59.5611580606903,43.0944546672125));
#5188=CARTESIAN_POINT('Ctrl Pts',(44.9999327036097,66.9942417013065,47.2157608177098));
#5189=CARTESIAN_POINT('Ctrl Pts',(44.9999016084567,67.0051419313892,55.3949634375308));
#5190=CARTESIAN_POINT('Ctrl Pts',(44.9998923336571,24.9180561632889,53.7955361069254));
#5191=CARTESIAN_POINT('Ctrl Pts',(44.9999381916977,21.2939114954891,61.4990627876654));
#5192=CARTESIAN_POINT('Ctrl Pts',(44.9999489133903,21.2938908865973,63.165729454332));
#5193=CARTESIAN_POINT('Ctrl Pts',(44.9999643015264,21.9990875437192,65.));
#5194=CARTESIAN_POINT('Ctrl Pts',(82.0847455787215,0.000592507480143443,
0.));
#5195=CARTESIAN_POINT('Ctrl Pts',(81.3312189945086,-0.676413526209285,7.76653417460947));
#5196=CARTESIAN_POINT('Ctrl Pts',(79.6648121556366,0.99044964972291,14.4332008412761));
#5197=CARTESIAN_POINT('Ctrl Pts',(72.0682645668804,12.802057921435,30.8277207203779));
#5198=CARTESIAN_POINT('Ctrl Pts',(56.1622969880469,42.5459605242393,31.5536179161949));
#5199=CARTESIAN_POINT('Ctrl Pts',(50.0250003826617,59.569075136837,43.0944546672124));
#5200=CARTESIAN_POINT('Ctrl Pts',(48.9720623492108,67.0003058094086,47.2157608177098));
#5201=CARTESIAN_POINT('Ctrl Pts',(47.1047948392104,67.0084107674395,55.3949634375307));
#5202=CARTESIAN_POINT('Ctrl Pts',(50.6341273863962,24.9203380592199,53.7955361069254));
#5203=CARTESIAN_POINT('Ctrl Pts',(49.8487840021981,21.2960478557789,61.4990627876653));
#5204=CARTESIAN_POINT('Ctrl Pts',(49.6266386321864,21.2960483887706,63.165729454332));
#5205=CARTESIAN_POINT('Ctrl Pts',(49.3351184780268,22.0013199371938,65.));
#5206=CARTESIAN_POINT('Ctrl Pts',(85.6545846961082,-0.00031329892951156,
0.));
#5207=CARTESIAN_POINT('Ctrl Pts',(84.8714518368018,-0.677067281895669,7.7665341746095));
#5208=CARTESIAN_POINT('Ctrl Pts',(83.2047118350768,0.989638983767767,14.4332008412762));
#5209=CARTESIAN_POINT('Ctrl Pts',(75.6939243376046,12.7998151597529,30.8277207203779));
#5210=CARTESIAN_POINT('Ctrl Pts',(61.549058943557,42.5375480699179,31.5536179161949));
#5211=CARTESIAN_POINT('Ctrl Pts',(53.6186779220778,59.5624625167698,43.0944546672125));
#5212=CARTESIAN_POINT('Ctrl Pts',(51.3960684248723,66.995153384394,47.2157608177098));
#5213=CARTESIAN_POINT('Ctrl Pts',(48.3883448685927,67.0055099399616,55.3949634375308));
#5214=CARTESIAN_POINT('Ctrl Pts',(54.0812078440956,24.9183144991864,53.7955361069254));
#5215=CARTESIAN_POINT('Ctrl Pts',(52.8142751815076,21.294183361621,61.4990627876653));
#5216=CARTESIAN_POINT('Ctrl Pts',(52.4558534640334,21.2941754640355,63.165729454332));
#5217=CARTESIAN_POINT('Ctrl Pts',(51.9855522459324,21.9993921088843,65.));
#5218=CARTESIAN_POINT('Ctrl Pts',(86.6358935294935,0.19539911203485,0.));
#5219=CARTESIAN_POINT('Ctrl Pts',(85.79971133275,-0.478328039463038,7.76653417460948));
#5220=CARTESIAN_POINT('Ctrl Pts',(84.1331466678869,1.18843991063538,14.4332008412762));
#5221=CARTESIAN_POINT('Ctrl Pts',(76.7793449303923,12.9899774675893,30.8277207203779));
#5222=CARTESIAN_POINT('Ctrl Pts',(63.9930257813566,42.7344614631643,31.5536179161949));
#5223=CARTESIAN_POINT('Ctrl Pts',(55.3127194527676,59.6876839422342,43.0944546672125));
#5224=CARTESIAN_POINT('Ctrl Pts',(52.5544748990675,67.079160076679,47.2157608177098));
#5225=CARTESIAN_POINT('Ctrl Pts',(48.9295706100051,67.0559271597658,55.3949634375308));
#5226=CARTESIAN_POINT('Ctrl Pts',(54.9468609262514,25.120174280907,53.7955361069254));
#5227=CARTESIAN_POINT('Ctrl Pts',(53.7427174481044,21.4282970564449,61.4990627876653));
#5228=CARTESIAN_POINT('Ctrl Pts',(53.4000935685991,21.410465425441,63.165729454332));
#5229=CARTESIAN_POINT('Ctrl Pts',(52.9491439834565,22.0932245746729,65.));
#5230=CARTESIAN_POINT('Ctrl Pts',(87.7957516981122,0.815941200839321,0.));
#5231=CARTESIAN_POINT('Ctrl Pts',(86.8593761132643,0.0970608686715192,7.7665341746095));
#5232=CARTESIAN_POINT('Ctrl Pts',(85.1926162274472,1.76377251288686,14.4332008412762));
#5233=CARTESIAN_POINT('Ctrl Pts',(78.1330468895959,13.6980365626471,30.8277207203779));
#5234=CARTESIAN_POINT('Ctrl Pts',(67.677691244986,44.5259277875033,31.5536179161949));
#5235=CARTESIAN_POINT('Ctrl Pts',(57.8968765350497,60.9385623730534,43.0944546672125));
#5236=CARTESIAN_POINT('Ctrl Pts',(54.3253142011265,67.9373302857817,47.2157608177099));
#5237=CARTESIAN_POINT('Ctrl Pts',(49.7249869180334,67.4422936592023,55.3949634375308));
#5238=CARTESIAN_POINT('Ctrl Pts',(55.8461046146466,25.6769890319351,53.7955361069254));
#5239=CARTESIAN_POINT('Ctrl Pts',(54.9857699348608,22.0096130195204,61.4990627876654));
#5240=CARTESIAN_POINT('Ctrl Pts',(54.7313212046081,22.0000581314281,63.165729454332));
#5241=CARTESIAN_POINT('Ctrl Pts',(54.3898409162227,22.694593027296,65.0000000000001));
#5242=CARTESIAN_POINT('Ctrl Pts',(88.5584542588158,1.44155071976065,0.));
#5243=CARTESIAN_POINT('Ctrl Pts',(87.5538440434978,0.663658105108579,7.76653417460948));
#5244=CARTESIAN_POINT('Ctrl Pts',(85.8871609074795,2.33039023525734,14.4332008412762));
#5245=CARTESIAN_POINT('Ctrl Pts',(79.0288778478891,14.4385411277531,30.8277207203779));
#5246=CARTESIAN_POINT('Ctrl Pts',(70.1535356277624,46.6211700291817,31.5536179161949));
#5247=CARTESIAN_POINT('Ctrl Pts',(59.6354308476684,62.4117356465469,43.0944546672125));
#5248=CARTESIAN_POINT('Ctrl Pts',(55.5161607692791,68.9496474405675,47.2157608177098));
#5249=CARTESIAN_POINT('Ctrl Pts',(50.2623802929963,67.8900108796433,55.3949634375308));
#5250=CARTESIAN_POINT('Ctrl Pts',(56.3896333287753,26.1958202998521,53.7955361069254));
#5251=CARTESIAN_POINT('Ctrl Pts',(55.8525688872604,22.6494771077985,61.4990627876653));
#5252=CARTESIAN_POINT('Ctrl Pts',(55.6794288273036,22.6731297788648,63.165729454332));
#5253=CARTESIAN_POINT('Ctrl Pts',(55.4376607001757,23.4105311033594,65.));
#5254=CARTESIAN_POINT('Ctrl Pts',(89.1840618471574,2.20425191310904,0.));
#5255=CARTESIAN_POINT('Ctrl Pts',(88.1326043378241,1.35255949272026,7.7665341746095));
#5256=CARTESIAN_POINT('Ctrl Pts',(86.4658843765184,3.0193366700595,14.4332008412762));
#5257=CARTESIAN_POINT('Ctrl Pts',(79.745400897394,15.345025712885,30.8277207203779));
#5258=CARTESIAN_POINT('Ctrl Pts',(71.9880463490379,49.2155438047405,31.5536179161949));
#5259=CARTESIAN_POINT('Ctrl Pts',(60.9175321962769,64.2370150478436,43.0944546672125));
#5260=CARTESIAN_POINT('Ctrl Pts',(56.3909159711008,70.2026347151183,47.2157608177098));
#5261=CARTESIAN_POINT('Ctrl Pts',(50.6680474557842,68.446528038122,55.3949634375308));
#5262=CARTESIAN_POINT('Ctrl Pts',(56.8066761604535,26.7846583969258,53.7955361069254));
#5263=CARTESIAN_POINT('Ctrl Pts',(56.588087333045,23.4764263253317,61.4990627876654));
#5264=CARTESIAN_POINT('Ctrl Pts',(56.4926999018603,23.5621894014881,63.165729454332));
#5265=CARTESIAN_POINT('Ctrl Pts',(56.3444325902294,24.3774704084343,65.0000000000001));
#5266=CARTESIAN_POINT('Ctrl Pts',(89.8046099224377,3.36411038041044,0.));
#5267=CARTESIAN_POINT('Ctrl Pts',(88.726578728436,2.41850543524065,7.76653417460949));
#5268=CARTESIAN_POINT('Ctrl Pts',(87.0599345092469,4.08513199830904,14.4332008412762));
#5269=CARTESIAN_POINT('Ctrl Pts',(80.418062386171,16.6867463675644,30.8277207203779));
#5270=CARTESIAN_POINT('Ctrl Pts',(73.3841705405239,52.7665636855898,31.5536179161949));
#5271=CARTESIAN_POINT('Ctrl Pts',(61.8791276393987,66.7234264174266,43.0944546672125));
#5272=CARTESIAN_POINT('Ctrl Pts',(57.0408646987247,71.9032093732514,47.2157608177099));
#5273=CARTESIAN_POINT('Ctrl Pts',(50.9923263610234,69.220998459255,55.3949634375308));
#5274=CARTESIAN_POINT('Ctrl Pts',(57.2024847632364,27.6312344632618,53.7955361069254));
#5275=CARTESIAN_POINT('Ctrl Pts',(57.323272792333,24.7707004065434,61.4990627876654));
#5276=CARTESIAN_POINT('Ctrl Pts',(57.3073576704505,24.9680948884278,63.165729454332));
#5277=CARTESIAN_POINT('Ctrl Pts',(57.2520748920213,25.919539554168,65.0000000000001));
#5278=CARTESIAN_POINT('Ctrl Pts',(90.0003091742651,4.34541936043781,0.));
#5279=CARTESIAN_POINT('Ctrl Pts',(88.9315615142915,3.36606369097812,7.76653417460949));
#5280=CARTESIAN_POINT('Ctrl Pts',(87.2648649992946,5.03283367344067,14.4332008412762));
#5281=CARTESIAN_POINT('Ctrl Pts',(80.5954035033697,17.7344660931039,30.8277207203779));
#5282=CARTESIAN_POINT('Ctrl Pts',(73.445845853508,54.7977075088312,31.5536179161949));
#5283=CARTESIAN_POINT('Ctrl Pts',(61.9051016017499,68.1150151426495,43.0944546672125));
#5284=CARTESIAN_POINT('Ctrl Pts',(57.0518840343777,72.8432365187029,47.2157608177098));
#5285=CARTESIAN_POINT('Ctrl Pts',(51.0233447036768,69.6971503547653,55.3949634375308));
#5286=CARTESIAN_POINT('Ctrl Pts',(57.3378551471994,28.3262918820386,53.7955361069254));
#5287=CARTESIAN_POINT('Ctrl Pts',(57.5404616008365,25.8671163942153,61.4990627876654));
#5288=CARTESIAN_POINT('Ctrl Pts',(57.5407398223966,26.1568910078323,63.165729454332));
#5289=CARTESIAN_POINT('Ctrl Pts',(57.5018433187152,27.2149766653187,65.0000000000001));
#5290=CARTESIAN_POINT('Ctrl Pts',(89.9990895864196,9.75937179854862,0.));
#5291=CARTESIAN_POINT('Ctrl Pts',(88.9303049302608,8.87463967893374,7.76653417460948));
#5292=CARTESIAN_POINT('Ctrl Pts',(87.263678091325,10.5409570220262,14.4332008412762));
#5293=CARTESIAN_POINT('Ctrl Pts',(80.5946931799247,22.961949273249,30.8277207203779));
#5294=CARTESIAN_POINT('Ctrl Pts',(73.4462582821044,59.9861375719575,31.5536179161949));
#5295=CARTESIAN_POINT('Ctrl Pts',(61.9052031315364,71.3820884305106,43.0944546672125));
#5296=CARTESIAN_POINT('Ctrl Pts',(57.0517586666056,74.9423359794681,47.2157608177098));
#5297=CARTESIAN_POINT('Ctrl Pts',(51.0222302749975,71.1799425113777,55.3949634375308));
#5298=CARTESIAN_POINT('Ctrl Pts',(57.3344312637926,32.3073817066233,53.7955361069254));
#5299=CARTESIAN_POINT('Ctrl Pts',(57.533672295947,31.6252378206994,61.4990627876653));
#5300=CARTESIAN_POINT('Ctrl Pts',(57.5332624242297,32.2757975721714,63.165729454332));
#5301=CARTESIAN_POINT('Ctrl Pts',(57.4938962822407,33.7096938802216,65.));
#5302=CARTESIAN_POINT('Ctrl Pts',(90.0003162635511,49.3147572487522,0.));
#5303=CARTESIAN_POINT('Ctrl Pts',(88.931549642267,48.5479385853922,7.76653417460951));
#5304=CARTESIAN_POINT('Ctrl Pts',(87.2648686331124,48.9647404032831,14.4332008412761));
#5305=CARTESIAN_POINT('Ctrl Pts',(80.5955179370271,53.6779098728011,30.8277207203779));
#5306=CARTESIAN_POINT('Ctrl Pts',(73.4464047510191,69.4150046962002,31.5536179161949));
#5307=CARTESIAN_POINT('Ctrl Pts',(61.9056373841213,74.7727918492795,43.0944546672125));
#5308=CARTESIAN_POINT('Ctrl Pts',(57.0523940410215,77.3671919133179,47.2157608177098));
#5309=CARTESIAN_POINT('Ctrl Pts',(51.0237593663196,73.8458841125835,55.3949634375307));
#5310=CARTESIAN_POINT('Ctrl Pts',(57.3388938565532,49.8737904567531,53.7955361069254));
#5311=CARTESIAN_POINT('Ctrl Pts',(57.5410395450662,43.9033486736218,61.4990627876653));
#5312=CARTESIAN_POINT('Ctrl Pts',(57.5412007489715,43.0660559877211,63.165729454332));
#5313=CARTESIAN_POINT('Ctrl Pts',(57.5021141317511,42.5532757508252,65.));
#5314=CARTESIAN_POINT('Ctrl Pts',(89.9999072821979,95.4629951042496,0.));
#5315=CARTESIAN_POINT('Ctrl Pts',(88.9311349020486,94.8341479263404,7.76653417460948));
#5316=CARTESIAN_POINT('Ctrl Pts',(87.2644733318107,93.792474857007,14.4332008412762));
#5317=CARTESIAN_POINT('Ctrl Pts',(80.5952488644493,89.5089225947854,30.8277207203779));
#5318=CARTESIAN_POINT('Ctrl Pts',(73.4463637279471,80.3979765955481,31.5536179161949));
#5319=CARTESIAN_POINT('Ctrl Pts',(61.9055088638898,78.7139814292578,43.0944546672125));
#5320=CARTESIAN_POINT('Ctrl Pts',(57.052205129562,80.1839298023238,47.2157608177098));
#5321=CARTESIAN_POINT('Ctrl Pts',(51.0232758890283,76.9488410084174,55.3949634375308));
#5322=CARTESIAN_POINT('Ctrl Pts',(57.3374938993975,70.3657449139201,53.7955361069254));
#5323=CARTESIAN_POINT('Ctrl Pts',(57.5386197662174,58.2254738768442,61.4990627876653));
#5324=CARTESIAN_POINT('Ctrl Pts',(57.5385775631352,55.6521394534506,63.165729454332));
#5325=CARTESIAN_POINT('Ctrl Pts',(57.4993780856092,52.8679000768322,65.));
#5326=CARTESIAN_POINT('Ctrl Pts',(89.9999880044688,111.445898246268,0.));
#5327=CARTESIAN_POINT('Ctrl Pts',(88.9312119021326,110.887239158757,7.7665341746095));
#5328=CARTESIAN_POINT('Ctrl Pts',(87.2645455658998,109.389819927084,14.4332008412761));
#5329=CARTESIAN_POINT('Ctrl Pts',(80.5953042537336,102.215182132892,30.8277207203779));
#5330=CARTESIAN_POINT('Ctrl Pts',(73.4464516837211,85.3334599315823,31.5536179161949));
#5331=CARTESIAN_POINT('Ctrl Pts',(61.905607533718,80.8933197210868,43.0944546672125));
#5332=CARTESIAN_POINT('Ctrl Pts',(57.0523100112402,81.6738192815447,47.2157608177098));
#5333=CARTESIAN_POINT('Ctrl Pts',(51.0234237498954,78.3483777166226,55.3949634375308));
#5334=CARTESIAN_POINT('Ctrl Pts',(57.3379676856401,77.9181897124742,53.7955361069254));
#5335=CARTESIAN_POINT('Ctrl Pts',(57.5391822514186,64.3627224910838,61.4990627876653));
#5336=CARTESIAN_POINT('Ctrl Pts',(57.5391516622323,61.3510738527858,63.165729454332));
#5337=CARTESIAN_POINT('Ctrl Pts',(57.4999306280068,57.9655960525805,65.));
#5338=CARTESIAN_POINT('Ctrl Pts',(90.0000190049618,117.539943287114,0.));
#5339=CARTESIAN_POINT('Ctrl Pts',(88.931257998766,117.022168205643,7.76653417460949));
#5340=CARTESIAN_POINT('Ctrl Pts',(87.2645980845703,115.381582397982,14.4332008412762));
#5341=CARTESIAN_POINT('Ctrl Pts',(80.595345978969,107.243172238328,30.8277207203779));
#5342=CARTESIAN_POINT('Ctrl Pts',(73.4462846169738,87.910570262801,31.5536179161949));
#5343=CARTESIAN_POINT('Ctrl Pts',(61.9054539080582,82.2246677403447,43.0944546672125));
#5344=CARTESIAN_POINT('Ctrl Pts',(57.0521666795432,82.5578472231716,47.2157608177098));
#5345=CARTESIAN_POINT('Ctrl Pts',(51.0233267639866,79.0823540284203,55.3949634375308));
#5346=CARTESIAN_POINT('Ctrl Pts',(57.3374019026674,81.0799341034749,53.7955361069254));
#5347=CARTESIAN_POINT('Ctrl Pts',(57.539097142065,67.4308608470638,61.4990627876653));
#5348=CARTESIAN_POINT('Ctrl Pts',(57.5391850010441,64.3527497441843,63.165729454332));
#5349=CARTESIAN_POINT('Ctrl Pts',(57.5001297498994,60.8525563410304,65.));
#5350=CARTESIAN_POINT('Ctrl Pts',(89.9999298839164,119.405080856989,0.));
#5351=CARTESIAN_POINT('Ctrl Pts',(88.9311325697651,118.907712471735,7.7665341746095));
#5352=CARTESIAN_POINT('Ctrl Pts',(87.2644591835468,117.240969545197,14.4332008412762));
#5353=CARTESIAN_POINT('Ctrl Pts',(80.5952418457136,108.888570713351,30.8277207203779));
#5354=CARTESIAN_POINT('Ctrl Pts',(73.4466941160678,89.1094613179668,31.5536179161949));
#5355=CARTESIAN_POINT('Ctrl Pts',(61.9058335036964,82.9269236692487,43.0944546672125));
#5356=CARTESIAN_POINT('Ctrl Pts',(57.0525237452474,83.0142598928933,47.2157608177098));
#5357=CARTESIAN_POINT('Ctrl Pts',(51.0235630655155,79.4237023070203,55.3949634375308));
#5358=CARTESIAN_POINT('Ctrl Pts',(57.3387733294053,82.2110838871402,53.7955361069254));
#5359=CARTESIAN_POINT('Ctrl Pts',(57.5392397578008,68.7940538380282,61.4990627876653));
#5360=CARTESIAN_POINT('Ctrl Pts',(57.5390263704087,65.7544757470487,63.165729454332));
#5361=CARTESIAN_POINT('Ctrl Pts',(57.4995547489151,62.2862044377008,65.));
#5362=CARTESIAN_POINT('Ctrl Pts',(90.0002804607813,120.654548627287,0.));
#5363=CARTESIAN_POINT('Ctrl Pts',(88.9315688153849,120.179360045363,7.76653417460949));
#5364=CARTESIAN_POINT('Ctrl Pts',(87.2649199084316,118.512760448879,14.4332008412762));
#5365=CARTESIAN_POINT('Ctrl Pts',(80.5955755067538,110.095662552711,30.8277207203779));
#5366=CARTESIAN_POINT('Ctrl Pts',(73.4457478044675,90.3027898564105,31.5536179161949));
#5367=CARTESIAN_POINT('Ctrl Pts',(61.905023980645,83.6785736411857,43.0944546672125));
#5368=CARTESIAN_POINT('Ctrl Pts',(57.051817679601,83.4977630973316,47.2157608177099));
#5369=CARTESIAN_POINT('Ctrl Pts',(51.0232647570368,79.7665383785042,55.3949634375308));
#5370=CARTESIAN_POINT('Ctrl Pts',(57.3364819605502,83.1311136285723,53.7955361069254));
#5371=CARTESIAN_POINT('Ctrl Pts',(57.5399036567047,70.1233517641072,61.4990627876653));
#5372=CARTESIAN_POINT('Ctrl Pts',(57.5403959129635,67.1668207579841,63.165729454332));
#5373=CARTESIAN_POINT('Ctrl Pts',(57.5018331006954,63.7849884201489,65.));
#5374=CARTESIAN_POINT('Ctrl Pts',(89.8045609055648,121.635829443237,0.));
#5375=CARTESIAN_POINT('Ctrl Pts',(88.7264843234701,121.126664260877,7.76653417460949));
#5376=CARTESIAN_POINT('Ctrl Pts',(87.0598499236956,119.460019317017,14.4332008412762));
#5377=CARTESIAN_POINT('Ctrl Pts',(80.4181437502282,111.142786763526,30.8277207203779));
#5378=CARTESIAN_POINT('Ctrl Pts',(73.3851497490619,92.3362875143642,31.5536179161949));
#5379=CARTESIAN_POINT('Ctrl Pts',(61.8799489640034,85.0713946885021,43.0944546672125));
#5380=CARTESIAN_POINT('Ctrl Pts',(57.0415503577644,84.4381218824043,47.2157608177098));
#5381=CARTESIAN_POINT('Ctrl Pts',(50.9927419671561,80.2420659393544,55.3949634375308));
#5382=CARTESIAN_POINT('Ctrl Pts',(57.2034181511594,83.825173553109,53.7955361069254));
#5383=CARTESIAN_POINT('Ctrl Pts',(57.3236038617427,71.2193801357872,61.4990627876653));
#5384=CARTESIAN_POINT('Ctrl Pts',(57.3075443186959,68.355381644356,63.165729454332));
#5385=CARTESIAN_POINT('Ctrl Pts',(57.2520518173343,65.0803946608586,65.));
#5386=CARTESIAN_POINT('Ctrl Pts',(89.1840331433187,122.795732246408,0.));
#5387=CARTESIAN_POINT('Ctrl Pts',(88.1326128878249,122.192760598359,7.7665341746095));
#5388=CARTESIAN_POINT('Ctrl Pts',(86.4659380008056,120.526063614605,14.4332008412762));
#5389=CARTESIAN_POINT('Ctrl Pts',(79.745543418118,112.484871482257,30.8277207203779));
#5390=CARTESIAN_POINT('Ctrl Pts',(71.9878111370685,95.8863937033371,31.5536179161949));
#5391=CARTESIAN_POINT('Ctrl Pts',(60.9174421829914,87.5573821286909,43.0944546672125));
#5392=CARTESIAN_POINT('Ctrl Pts',(56.3909396489668,86.1386652507606,47.2157608177099));
#5393=CARTESIAN_POINT('Ctrl Pts',(50.6681563297888,81.0169086902403,55.3949634375308));
#5394=CARTESIAN_POINT('Ctrl Pts',(56.8064186550661,84.6723561875501,53.7955361069254));
#5395=CARTESIAN_POINT('Ctrl Pts',(56.5879203425359,72.5139222649891,61.4990627876654));
#5396=CARTESIAN_POINT('Ctrl Pts',(56.4925614220242,69.7614718273151,63.165729454332));
#5397=CARTESIAN_POINT('Ctrl Pts',(56.3443506634732,66.6225370308504,65.0000000000001));
#5398=CARTESIAN_POINT('Ctrl Pts',(88.5584091478286,123.558339980853,0.));
#5399=CARTESIAN_POINT('Ctrl Pts',(87.5537136245437,122.88158436241,7.76653417460949));
#5400=CARTESIAN_POINT('Ctrl Pts',(85.8870353229594,121.214906168216,14.4332008412762));
#5401=CARTESIAN_POINT('Ctrl Pts',(79.0290216519259,113.391093538067,30.8277207203779));
#5402=CARTESIAN_POINT('Ctrl Pts',(70.1553316582272,98.4799483507232,31.5536179161949));
#5403=CARTESIAN_POINT('Ctrl Pts',(59.6367721625128,89.3820165903067,43.0944546672125));
#5404=CARTESIAN_POINT('Ctrl Pts',(55.5171189990724,87.3911513263997,47.2157608177099));
#5405=CARTESIAN_POINT('Ctrl Pts',(50.2627700885499,81.5731392961166,55.3949634375308));
#5406=CARTESIAN_POINT('Ctrl Pts',(56.3896632379832,85.2608139159266,53.7955361069254));
#5407=CARTESIAN_POINT('Ctrl Pts',(55.8527213539616,73.3406120849363,61.4990627876654));
#5408=CARTESIAN_POINT('Ctrl Pts',(55.6796232800697,70.6502970760312,63.165729454332));
#5409=CARTESIAN_POINT('Ctrl Pts',(55.4379124014166,67.5892735747956,65.0000000000001));
#5410=CARTESIAN_POINT('Ctrl Pts',(87.7957439121651,124.184142732326,0.));
#5411=CARTESIAN_POINT('Ctrl Pts',(86.8595230151097,123.448235576491,7.76653417460949));
#5412=CARTESIAN_POINT('Ctrl Pts',(85.1928491520791,121.781542053237,14.4332008412762));
#5413=CARTESIAN_POINT('Ctrl Pts',(78.1331915435519,114.131867004156,30.8277207203779));
#5414=CARTESIAN_POINT('Ctrl Pts',(67.6754541131982,100.578007797735,31.553617916195));
#5415=CARTESIAN_POINT('Ctrl Pts',(57.8954731147117,90.8571037693662,43.0944546672125));
#5416=CARTESIAN_POINT('Ctrl Pts',(54.3245918551874,88.404649186641,47.2157608177099));
#5417=CARTESIAN_POINT('Ctrl Pts',(49.7250562042384,82.0211390687796,55.3949634375308));
#5418=CARTESIAN_POINT('Ctrl Pts',(55.8466372992538,85.780013479182,53.7955361069254));
#5419=CARTESIAN_POINT('Ctrl Pts',(54.9857229336651,73.9808555214938,61.4990627876654));
#5420=CARTESIAN_POINT('Ctrl Pts',(54.7311257830633,71.3237612084012,63.1657294543321));
#5421=CARTESIAN_POINT('Ctrl Pts',(54.3894524828679,68.3056252946964,65.0000000000001));
#5422=CARTESIAN_POINT('Ctrl Pts',(86.9257921899734,124.649205397972,0.));
#5423=CARTESIAN_POINT('Ctrl Pts',(86.0642896828069,123.879726222826,7.76653417460949));
#5424=CARTESIAN_POINT('Ctrl Pts',(84.3976198107983,122.213086248208,14.4332008412762));
#5425=CARTESIAN_POINT('Ctrl Pts',(77.1179332522892,114.662516016368,30.8277207203779));
#5426=CARTESIAN_POINT('Ctrl Pts',(64.9191460949684,101.916037677664,31.5536179161949));
#5427=CARTESIAN_POINT('Ctrl Pts',(55.9622286058468,91.7915362458276,43.0944546672125));
#5428=CARTESIAN_POINT('Ctrl Pts',(52.9994200054219,89.0460456323387,47.2157608177099));
#5429=CARTESIAN_POINT('Ctrl Pts',(49.1290158986534,82.3104934119472,55.3949634375308));
#5430=CARTESIAN_POINT('Ctrl Pts',(55.1709317857114,86.1971200921884,53.7955361069254));
#5431=CARTESIAN_POINT('Ctrl Pts',(54.053696896149,74.4162146552278,61.4990627876654));
#5432=CARTESIAN_POINT('Ctrl Pts',(53.7333794431678,71.7652777465625,63.1657294543321));
#5433=CARTESIAN_POINT('Ctrl Pts',(53.3101538153492,68.7558999460615,65.0000000000001));
#5434=CARTESIAN_POINT('Ctrl Pts',(85.9817470513722,124.935551371863,0.));
#5435=CARTESIAN_POINT('Ctrl Pts',(85.1812798801967,124.156353470789,7.76653417460949));
#5436=CARTESIAN_POINT('Ctrl Pts',(83.5146066336553,122.489681407005,14.4332008412762));
#5437=CARTESIAN_POINT('Ctrl Pts',(76.0551507184378,114.967593498577,30.8277207203779));
#5438=CARTESIAN_POINT('Ctrl Pts',(62.3563849648332,102.505007353027,31.5536179161949));
#5439=CARTESIAN_POINT('Ctrl Pts',(54.1780151395496,92.1946771990267,43.0944546672125));
#5440=CARTESIAN_POINT('Ctrl Pts',(51.7785249576762,89.3211914622166,47.2157608177098));
#5441=CARTESIAN_POINT('Ctrl Pts',(48.5673856810846,82.4422744929141,55.3949634375308));
#5442=CARTESIAN_POINT('Ctrl Pts',(54.3702427259553,86.4721857160446,53.7955361069254));
#5443=CARTESIAN_POINT('Ctrl Pts',(53.1228743077205,74.6523645475451,61.4990627876654));
#5444=CARTESIAN_POINT('Ctrl Pts',(52.7693445771363,71.9916864358778,63.165729454332));
#5445=CARTESIAN_POINT('Ctrl Pts',(52.3050103631891,68.9704018866308,65.0000000000001));
#5446=CARTESIAN_POINT('Ctrl Pts',(85.3272663087709,125.000019932357,0.));
#5447=CARTESIAN_POINT('Ctrl Pts',(84.5467205349362,124.222209574276,7.76653417460949));
#5448=CARTESIAN_POINT('Ctrl Pts',(82.8800480915086,122.55554636318,14.4332008412762));
#5449=CARTESIAN_POINT('Ctrl Pts',(75.3619273087554,115.029410690592,30.8277207203779));
#5450=CARTESIAN_POINT('Ctrl Pts',(61.0582839515699,102.561398794453,31.5536179161949));
#5451=CARTESIAN_POINT('Ctrl Pts',(53.2915749276311,92.2296724335792,43.0944546672125));
#5452=CARTESIAN_POINT('Ctrl Pts',(51.1755904933638,89.3444769354283,47.2157608177099));
#5453=CARTESIAN_POINT('Ctrl Pts',(48.2714886680209,82.4571022901266,55.3949634375308));
#5454=CARTESIAN_POINT('Ctrl Pts',(53.7651644871939,86.5379981509058,53.7955361069254));
#5455=CARTESIAN_POINT('Ctrl Pts',(52.5428105266127,74.6955500975007,61.4990627876653));
#5456=CARTESIAN_POINT('Ctrl Pts',(52.1970082014259,72.0288762784323,63.165729454332));
#5457=CARTESIAN_POINT('Ctrl Pts',(51.7432647871933,69.0000027094501,65.));
#5458=CARTESIAN_POINT('Ctrl Pts',(82.0848156864399,125.000010272658,0.));
#5459=CARTESIAN_POINT('Ctrl Pts',(81.331327091403,124.222186909663,7.76653417460951));
#5460=CARTESIAN_POINT('Ctrl Pts',(79.6646497966527,122.555525285827,14.4332008412762));
#5461=CARTESIAN_POINT('Ctrl Pts',(72.0668233945869,115.029434893286,30.8277207203779));
#5462=CARTESIAN_POINT('Ctrl Pts',(56.1579987753245,102.561682937574,31.5536179161949));
#5463=CARTESIAN_POINT('Ctrl Pts',(50.0210903224937,92.2298868327664,43.0944546672125));
#5464=CARTESIAN_POINT('Ctrl Pts',(48.9685335122186,89.3446334311168,47.2157608177098));
#5465=CARTESIAN_POINT('Ctrl Pts',(47.102287811836,82.4571658802837,55.3949634375308));
#5466=CARTESIAN_POINT('Ctrl Pts',(50.632660665271,86.5379674573771,53.7955361069254));
#5467=CARTESIAN_POINT('Ctrl Pts',(49.8471461028899,74.6955515305871,61.4990627876653));
#5468=CARTESIAN_POINT('Ctrl Pts',(49.6249248657531,72.02888797425,63.165729454332));
#5469=CARTESIAN_POINT('Ctrl Pts',(49.333338514887,69.0000287709569,65.));
#5470=CARTESIAN_POINT('Ctrl Pts',(44.9999994578476,124.999999689853,0.));
#5471=CARTESIAN_POINT('Ctrl Pts',(45.000001788731,124.222186916359,7.76653417460947));
#5472=CARTESIAN_POINT('Ctrl Pts',(45.0000050870673,122.555521478805,14.4332008412761));
#5473=CARTESIAN_POINT('Ctrl Pts',(45.0000125300275,115.029382573724,30.8277207203778));
#5474=CARTESIAN_POINT('Ctrl Pts',(44.9999925311543,102.561400675885,31.5536179161949));
#5475=CARTESIAN_POINT('Ctrl Pts',(45.0000028902267,92.229665784203,43.0944546672125));
#5476=CARTESIAN_POINT('Ctrl Pts',(45.0000111000857,89.3444622277593,47.2157608177098));
#5477=CARTESIAN_POINT('Ctrl Pts',(45.0000161342341,82.45707846308,55.3949634375307));
#5478=CARTESIAN_POINT('Ctrl Pts',(45.0000013966797,86.5379692837131,53.7955361069254));
#5479=CARTESIAN_POINT('Ctrl Pts',(45.0000027388977,74.6955332707132,61.4990627876653));
#5480=CARTESIAN_POINT('Ctrl Pts',(45.0000033316426,72.0288625275794,63.165729454332));
#5481=CARTESIAN_POINT('Ctrl Pts',(45.0000043413074,68.9999917802383,65.));
#5482=CARTESIAN_POINT('Ctrl Pts',(7.91519403862344,125.,0.));
#5483=CARTESIAN_POINT('Ctrl Pts',(8.66867911704569,124.222179024436,7.76653417460951));
#5484=CARTESIAN_POINT('Ctrl Pts',(10.335344778238,122.555510023842,14.4332008412762));
#5485=CARTESIAN_POINT('Ctrl Pts',(17.9331308698533,115.029379987944,30.8277207203779));
#5486=CARTESIAN_POINT('Ctrl Pts',(33.8419359116956,102.561527927917,31.5536179161949));
#5487=CARTESIAN_POINT('Ctrl Pts',(39.9788336391218,92.2297514905827,43.0944546672124));
#5488=CARTESIAN_POINT('Ctrl Pts',(41.03138323172,89.3445143574391,47.2157608177098));
#5489=CARTESIAN_POINT('Ctrl Pts',(42.8976438496463,82.4570863861375,55.3949634375308));
#5490=CARTESIAN_POINT('Ctrl Pts',(39.367334445886,86.5379391841142,53.7955361069254));
#5491=CARTESIAN_POINT('Ctrl Pts',(40.1528598584555,74.6955262380562,61.4990627876653));
#5492=CARTESIAN_POINT('Ctrl Pts',(40.3750817899581,72.0288618216407,63.165729454332));
#5493=CARTESIAN_POINT('Ctrl Pts',(40.6666666666666,69.,65.));
#5494=CARTESIAN_POINT('Ctrl Pts',(5.,125.,0.));
#5495=CARTESIAN_POINT('Ctrl Pts',(5.77781814626052,124.222181853739,7.76653417460949));
#5496=CARTESIAN_POINT('Ctrl Pts',(7.44448481292719,122.555515187073,14.4332008412762));
#5497=CARTESIAN_POINT('Ctrl Pts',(14.9706130854292,115.029386914571,30.8277207203779));
#5498=CARTESIAN_POINT('Ctrl Pts',(29.4361545783621,102.561498294885,31.5536179161949));
#5499=CARTESIAN_POINT('Ctrl Pts',(37.0383955238832,92.2297353520638,43.0944546672124));
#5500=CARTESIAN_POINT('Ctrl Pts',(39.0470715969989,89.3445089960038,47.2157608177098));
#5501=CARTESIAN_POINT('Ctrl Pts',(41.8464699173389,82.457092769595,55.3949634375307));
#5502=CARTESIAN_POINT('Ctrl Pts',(36.5509987503804,86.5379535235923,53.7955361069254));
#5503=CARTESIAN_POINT('Ctrl Pts',(37.7292885385859,74.6955315649983,61.4990627876653));
#5504=CARTESIAN_POINT('Ctrl Pts',(38.0626218719193,72.0288648983316,63.165729454332));
#5505=CARTESIAN_POINT('Ctrl Pts',(38.5,69.,65.));
#5506=CARTESIAN_POINT('Ctrl Pts',(5.,125.,0.));
#5507=CARTESIAN_POINT('Ctrl Pts',(5.77781814626052,124.222181853739,7.76653417460949));
#5508=CARTESIAN_POINT('Ctrl Pts',(7.44448481292719,122.555515187073,14.4332008412762));
#5509=CARTESIAN_POINT('Ctrl Pts',(14.9706130854292,115.029386914571,30.8277207203779));
#5510=CARTESIAN_POINT('Ctrl Pts',(29.4361545783621,102.561498294885,31.5536179161949));
#5511=CARTESIAN_POINT('Ctrl Pts',(37.0383955238832,92.2297353520638,43.0944546672124));
#5512=CARTESIAN_POINT('Ctrl Pts',(39.0470715969989,89.3445089960038,47.2157608177098));
#5513=CARTESIAN_POINT('Ctrl Pts',(41.8464699173389,82.457092769595,55.3949634375307));
#5514=CARTESIAN_POINT('Ctrl Pts',(36.5509987503804,86.5379535235923,53.7955361069254));
#5515=CARTESIAN_POINT('Ctrl Pts',(37.7292885385859,74.6955315649983,61.4990627876653));
#5516=CARTESIAN_POINT('Ctrl Pts',(38.0626218719193,72.0288648983316,63.165729454332));
#5517=CARTESIAN_POINT('Ctrl Pts',(38.5,69.,65.));
#5518=UNCERTAINTY_MEASURE_WITH_UNIT(LENGTH_MEASURE(0.01),#5522,
'DISTANCE_ACCURACY_VALUE',
'Maximum model space distance between geometric entities at asserted c
onnectivities');
#5519=UNCERTAINTY_MEASURE_WITH_UNIT(LENGTH_MEASURE(0.01),#5522,
'DISTANCE_ACCURACY_VALUE',
'Maximum model space distance between geometric entities at asserted c
onnectivities');
#5520=(
GEOMETRIC_REPRESENTATION_CONTEXT(3)
GLOBAL_UNCERTAINTY_ASSIGNED_CONTEXT((#5518))
GLOBAL_UNIT_ASSIGNED_CONTEXT((#5522,#5524,#5525))
REPRESENTATION_CONTEXT('','3D')
);
#5521=(
GEOMETRIC_REPRESENTATION_CONTEXT(3)
GLOBAL_UNCERTAINTY_ASSIGNED_CONTEXT((#5519))
GLOBAL_UNIT_ASSIGNED_CONTEXT((#5522,#5524,#5525))
REPRESENTATION_CONTEXT('','3D')
);
#5522=(
LENGTH_UNIT()
NAMED_UNIT(*)
SI_UNIT(.MILLI.,.METRE.)
);
#5523=(
LENGTH_UNIT()
NAMED_UNIT(*)
SI_UNIT($,.METRE.)
);
#5524=(
NAMED_UNIT(*)
PLANE_ANGLE_UNIT()
SI_UNIT($,.RADIAN.)
);
#5525=(
NAMED_UNIT(*)
SI_UNIT($,.STERADIAN.)
SOLID_ANGLE_UNIT()
);
#5526=SHAPE_DEFINITION_REPRESENTATION(#5527,#5528);
#5527=PRODUCT_DEFINITION_SHAPE('',$,#5530);
#5528=SHAPE_REPRESENTATION('',(#1328),#5520);
#5529=PRODUCT_DEFINITION_CONTEXT('part definition',#5534,'design');
#5530=PRODUCT_DEFINITION('Cache station','Cache station v23',#5531,#5529);
#5531=PRODUCT_DEFINITION_FORMATION('',$,#5536);
#5532=PRODUCT_RELATED_PRODUCT_CATEGORY('Cache station v23',
'Cache station v23',(#5536));
#5533=APPLICATION_PROTOCOL_DEFINITION('international standard',
'automotive_design',2009,#5534);
#5534=APPLICATION_CONTEXT(
'Core Data for Automotive Mechanical Design Process');
#5535=PRODUCT_CONTEXT('part definition',#5534,'mechanical');
#5536=PRODUCT('Cache station','Cache station v23',$,(#5535));
#5537=PRESENTATION_STYLE_ASSIGNMENT((#5538));
#5538=SURFACE_STYLE_USAGE(.BOTH.,#5539);
#5539=SURFACE_SIDE_STYLE('',(#5540));
#5540=SURFACE_STYLE_FILL_AREA(#5541);
#5541=FILL_AREA_STYLE('Acier - Satin\X\E9',(#5542));
#5542=FILL_AREA_STYLE_COLOUR('Acier - Satin\X\E9',#5543);
#5543=COLOUR_RGB('Acier - Satin\X\E9',0.627450980392157,0.627450980392157,
0.627450980392157);
ENDSEC;
END-ISO-10303-21;
